run_id,variant,entity_id,entity_profile,sequence_no,scheduled_at,datm_start_at,datm_end_at,datm_processing_ms,submit_at,tx_hash,receipt_at,tx_status,gas_used,effective_gas_price,block_number,block_hash,block_timestamp,confirmation_latency_ms,block_inclusion_latency_ms,end_to_end_latency_ms,ats,trust_state,calc_timestamp,input_hash,error_code,error_message
datm-live-2026-07-13T11-41-10-179Z,A,entity-01-normal,normal,1,2026-07-13T11:41:10.524Z,2026-07-13T11:41:10.524Z,2026-07-13T11:41:10.524Z,0,2026-07-13T11:41:10.642Z,0xecc77655a47af39d03b775239f8b1ed7b5a24db4062842f3dbcb102012e790a8,2026-07-13T11:41:15.255Z,success,37763,1000,6378766,0x4077355dca3074a04bea1519428fad499bc654136aad07bc4a7a25e716895921,2026-07-13T11:41:15.255Z,4613,4613,4731,89,Trusted,2026-07-13T11:41:10.329Z,0xe9240d7fc6b1aa932937bf9931bbb000c23d7d33c08d62aaa3f9535e84f8ffc9,,variant-batch live execution
datm-live-2026-07-13T11-41-10-179Z,A,entity-02-normal,normal,1,2026-07-13T11:41:10.526Z,2026-07-13T11:41:10.526Z,2026-07-13T11:41:10.526Z,0,2026-07-13T11:41:10.665Z,0xd4d23ea79a62a37374f6a36d2c2fb154965ac80c0c496ef9929901e110e2a106,2026-07-13T11:41:15.254Z,success,37775,1000,6378766,0x4077355dca3074a04bea1519428fad499bc654136aad07bc4a7a25e716895921,2026-07-13T11:41:15.254Z,4589,4589,4728,90,Trusted,2026-07-13T11:41:10.329Z,0xe22d19b4a6cf04be86027fce68bfc64835d8650aec2759ebab4afe4277886815,,variant-batch live execution
datm-live-2026-07-13T11-41-10-179Z,A,entity-03-normal,normal,1,2026-07-13T11:41:10.526Z,2026-07-13T11:41:10.526Z,2026-07-13T11:41:10.526Z,0,2026-07-13T11:41:10.666Z,0xedea04efb1b19ab31bec8796b1c3fbbf6209a306489694f4dfa88e9f25c02313,2026-07-13T11:41:15.255Z,success,37775,1000,6378766,0x4077355dca3074a04bea1519428fad499bc654136aad07bc4a7a25e716895921,2026-07-13T11:41:15.255Z,4589,4589,4729,90,Trusted,2026-07-13T11:41:10.329Z,0xa4c1f5d91cfd62d15cc2267efd8cf6b8fe22272b55f1644fb5012bb828a45a47,,variant-batch live execution
datm-live-2026-07-13T11-41-10-179Z,A,entity-04-normal,normal,1,2026-07-13T11:41:10.527Z,2026-07-13T11:41:10.527Z,2026-07-13T11:41:10.527Z,0,2026-07-13T11:41:10.666Z,0xd431eacda1e02fdcc265ad62067a0ae49f7eab2373ee6f6928ce9f3aaa5110a5,2026-07-13T11:41:15.255Z,success,37775,1000,6378766,0x4077355dca3074a04bea1519428fad499bc654136aad07bc4a7a25e716895921,2026-07-13T11:41:15.255Z,4589,4589,4728,89,Trusted,2026-07-13T11:41:10.329Z,0x797646cc58509bab67fccabcfee9089bfd36aa8760e440b07fcb60bfcb3a24d9,,variant-batch live execution
datm-live-2026-07-13T11-41-10-179Z,A,entity-05-suspicious,suspicious,1,2026-07-13T11:41:10.527Z,2026-07-13T11:41:10.527Z,2026-07-13T11:41:10.527Z,0,2026-07-13T11:41:10.666Z,0xbf18a3851b998989ae11608836c53f471a0a6006b2a2edb9c5075acfc0af2312,2026-07-13T11:41:15.253Z,success,37763,1000,6378766,0x4077355dca3074a04bea1519428fad499bc654136aad07bc4a7a25e716895921,2026-07-13T11:41:15.253Z,4587,4587,4726,63,Suspicious,2026-07-13T11:41:10.329Z,0x79ef406a275d003b31b30a2363e6abecc9cd0f1a1c37ac799f605143e20b4b05,,variant-batch live execution
datm-live-2026-07-13T11-41-10-179Z,A,entity-06-suspicious,suspicious,1,2026-07-13T11:41:10.527Z,2026-07-13T11:41:10.527Z,2026-07-13T11:41:10.527Z,0,2026-07-13T11:41:10.666Z,0x39b122a4fe1afe871cb0ac00e50a0aacb4eee082a8da5a263cae577d41dc04e7,2026-07-13T11:41:15.398Z,success,37775,1000,6378766,0x4077355dca3074a04bea1519428fad499bc654136aad07bc4a7a25e716895921,2026-07-13T11:41:15.398Z,4732,4732,4871,60,Suspicious,2026-07-13T11:41:10.329Z,0x3bc3ba6502071f44adadcdf47f1dc0364636f5c52d71235997f30fa597a0e42e,,variant-batch live execution
datm-live-2026-07-13T11-41-10-179Z,A,entity-07-suspicious,suspicious,1,2026-07-13T11:41:10.527Z,2026-07-13T11:41:10.527Z,2026-07-13T11:41:10.527Z,0,2026-07-13T11:41:10.673Z,0x3a6fdcdb5f99e05175df16bd7d97aa60a9013f02a68159fde86b883dd8096b92,2026-07-13T11:41:15.985Z,success,37775,1000,6378766,0x4077355dca3074a04bea1519428fad499bc654136aad07bc4a7a25e716895921,2026-07-13T11:41:15.985Z,5312,5312,5458,61,Suspicious,2026-07-13T11:41:10.329Z,0x2c3d1eaa83a74ae34e343cf33506c2903bb883e1bec54802affcff5e7ef5c07f,,variant-batch live execution
datm-live-2026-07-13T11-41-10-179Z,A,entity-08-malicious,malicious,1,2026-07-13T11:41:10.528Z,2026-07-13T11:41:10.528Z,2026-07-13T11:41:10.528Z,0,2026-07-13T11:41:10.673Z,0x6826fa71bb00a9b135f1855ad3f40c31a51c42c73e9d9c6d23505b4e2c9befa8,2026-07-13T11:41:16.140Z,success,37775,1000,6378766,0x4077355dca3074a04bea1519428fad499bc654136aad07bc4a7a25e716895921,2026-07-13T11:41:16.140Z,5467,5467,5612,31,Untrusted,2026-07-13T11:41:10.329Z,0xd14f96b2ea414ea7e7b451162ad78ee9f9f731d939bef51c8bc3350f5d232189,,variant-batch live execution
datm-live-2026-07-13T11-41-10-179Z,A,entity-09-malicious,malicious,1,2026-07-13T11:41:10.528Z,2026-07-13T11:41:10.528Z,2026-07-13T11:41:10.528Z,0,2026-07-13T11:41:10.673Z,0x7ad7218590199f888e9762ce353e17dd550e6f74e46454f988d290e7759266f6,2026-07-13T11:41:16.553Z,success,37775,1000,6378766,0x4077355dca3074a04bea1519428fad499bc654136aad07bc4a7a25e716895921,2026-07-13T11:41:16.553Z,5880,5880,6025,29,Untrusted,2026-07-13T11:41:10.329Z,0x303ce4feea67951ecdbe77a19ad9772dbfcd21776a6639c13418f1ba21621185,,variant-batch live execution
datm-live-2026-07-13T11-41-10-179Z,A,entity-01-normal,normal,2,2026-07-13T11:41:21.857Z,2026-07-13T11:41:21.857Z,2026-07-13T11:41:21.857Z,0,2026-07-13T11:41:22.382Z,0xf0f5e8b4f3056765ef69e5e6a14af34fe15904703ac3e82b6b0ec167fbb9f79f,2026-07-13T11:41:27.216Z,success,37763,1000,6378768,0x802a74d3b169f36e640f5e234bec1989908eaa18d819c5f06c1aa4d1830f3aec,2026-07-13T11:41:27.216Z,4834,4834,5359,93,Trusted,2026-07-13T11:41:20.329Z,0x9f3a90c3796e6f4144f13ba7d6c47a7cdc3eb6584d00b01f8e9166c5e72e52f7,,variant-batch live execution
datm-live-2026-07-13T11-41-10-179Z,A,entity-02-normal,normal,2,2026-07-13T11:41:21.857Z,2026-07-13T11:41:21.857Z,2026-07-13T11:41:21.857Z,0,2026-07-13T11:41:22.383Z,0xa82201d59ace3803d8e60838cf517c078fcdd76fb4b8eac38b2b2e104ab8d7c3,2026-07-13T11:41:27.224Z,success,37775,1000,6378768,0x802a74d3b169f36e640f5e234bec1989908eaa18d819c5f06c1aa4d1830f3aec,2026-07-13T11:41:27.224Z,4841,4841,5367,93,Trusted,2026-07-13T11:41:20.329Z,0x6d57f9a54bd746c71abbbe4665bd50eab817d8f305750a6a978e590be7bcb563,,variant-batch live execution
datm-live-2026-07-13T11-41-10-179Z,A,entity-03-normal,normal,2,2026-07-13T11:41:21.858Z,2026-07-13T11:41:21.858Z,2026-07-13T11:41:21.858Z,0,2026-07-13T11:41:22.383Z,0x567908b1b086e229bb355b377ea8b5fc3a5e8e251014a80338f6ff08e1137d57,2026-07-13T11:41:27.220Z,success,37775,1000,6378768,0x802a74d3b169f36e640f5e234bec1989908eaa18d819c5f06c1aa4d1830f3aec,2026-07-13T11:41:27.220Z,4837,4837,5362,91,Trusted,2026-07-13T11:41:20.329Z,0xabffaf568653afd59b016c77019c93d8e2c2658a6ce9ecb43166874deefb34cf,,variant-batch live execution
datm-live-2026-07-13T11-41-10-179Z,A,entity-04-normal,normal,2,2026-07-13T11:41:21.858Z,2026-07-13T11:41:21.858Z,2026-07-13T11:41:21.858Z,0,2026-07-13T11:41:22.225Z,0xbf2b3d77f1174a0b8c4a018920ed1577169d3bdc07dcdf067a36afe03b138650,2026-07-13T11:41:27.224Z,success,37775,1000,6378768,0x802a74d3b169f36e640f5e234bec1989908eaa18d819c5f06c1aa4d1830f3aec,2026-07-13T11:41:27.224Z,4999,4999,5366,93,Trusted,2026-07-13T11:41:20.329Z,0x77eafcccc9d4d4517cddafe7ef38ac5a06a027277ea811d56a2bad668abceec1,,variant-batch live execution
datm-live-2026-07-13T11-41-10-179Z,A,entity-05-suspicious,suspicious,2,2026-07-13T11:41:21.858Z,2026-07-13T11:41:21.858Z,2026-07-13T11:41:21.858Z,0,2026-07-13T11:41:22.383Z,0xba6269b68c478667ec832c909195f74dbf057e250e58738ba9e03b01e4bea1b1,2026-07-13T11:41:27.222Z,success,37763,1000,6378768,0x802a74d3b169f36e640f5e234bec1989908eaa18d819c5f06c1aa4d1830f3aec,2026-07-13T11:41:27.222Z,4839,4839,5364,60,Suspicious,2026-07-13T11:41:20.329Z,0xf31d001dc1554de1ecfa1d5d9bad423ca8d37dbbad4fdaee2b082e20b5c03834,,variant-batch live execution
datm-live-2026-07-13T11-41-10-179Z,A,entity-06-suspicious,suspicious,2,2026-07-13T11:41:21.858Z,2026-07-13T11:41:21.858Z,2026-07-13T11:41:21.858Z,0,2026-07-13T11:41:22.384Z,0x056639f097c9716ee02fe2b9f37f7ea7238a92c653e9fda6264e38adc9760310,2026-07-13T11:41:27.302Z,success,37775,1000,6378768,0x802a74d3b169f36e640f5e234bec1989908eaa18d819c5f06c1aa4d1830f3aec,2026-07-13T11:41:27.302Z,4918,4918,5444,60,Suspicious,2026-07-13T11:41:20.329Z,0x0915c733cb679605492988b7612269675a0c8d6fbb14507b20bf0667255158d8,,variant-batch live execution
datm-live-2026-07-13T11-41-10-179Z,A,entity-07-suspicious,suspicious,2,2026-07-13T11:41:21.859Z,2026-07-13T11:41:21.859Z,2026-07-13T11:41:21.859Z,0,2026-07-13T11:41:22.458Z,0x884ed86e1941f9a6d15f94fe34f035b87634c730a83404b3014391c0d55a12ba,2026-07-13T11:41:28.107Z,success,37775,1000,6378768,0x802a74d3b169f36e640f5e234bec1989908eaa18d819c5f06c1aa4d1830f3aec,2026-07-13T11:41:28.107Z,5649,5649,6248,63,Suspicious,2026-07-13T11:41:20.329Z,0x5b1469aab52093aa86c5d7eca2fa2e4a06bc18d8b82c029c8f6d3e6437bb94ce,,variant-batch live execution
datm-live-2026-07-13T11-41-10-179Z,A,entity-08-malicious,malicious,2,2026-07-13T11:41:21.859Z,2026-07-13T11:41:21.859Z,2026-07-13T11:41:21.859Z,0,2026-07-13T11:41:22.459Z,0x2d68de0e689825515968d7c183432dc40bd237fd4f0525fd9d33b350f4419e51,2026-07-13T11:41:28.232Z,success,37775,1000,6378768,0x802a74d3b169f36e640f5e234bec1989908eaa18d819c5f06c1aa4d1830f3aec,2026-07-13T11:41:28.232Z,5773,5773,6373,30,Untrusted,2026-07-13T11:41:20.329Z,0xa2e1a3c4c7599595ff45f418f006cddcb63b2a5bf283c23acd95be7313d45ecb,,variant-batch live execution
datm-live-2026-07-13T11-41-10-179Z,A,entity-09-malicious,malicious,2,2026-07-13T11:41:21.859Z,2026-07-13T11:41:21.859Z,2026-07-13T11:41:21.859Z,0,2026-07-13T11:41:22.459Z,0x8103d0124f2cd4b8fc4668ff67379d80e2449cd63470e66308affc54a5fd5c21,2026-07-13T11:41:28.273Z,success,37763,1000,6378768,0x802a74d3b169f36e640f5e234bec1989908eaa18d819c5f06c1aa4d1830f3aec,2026-07-13T11:41:28.273Z,5814,5814,6414,28,Untrusted,2026-07-13T11:41:20.329Z,0x3bde3e9fb8b533e414fdad8691008ba70e80a2d5b2a60ce79f54b44c34d0d253,,variant-batch live execution
datm-live-2026-07-13T11-41-10-179Z,A,entity-01-normal,normal,3,2026-07-13T11:41:33.647Z,2026-07-13T11:41:33.647Z,2026-07-13T11:41:33.647Z,0,2026-07-13T11:41:34.566Z,0xef91f227715d68f034b03533748c9d6744b104a4b61bc12cbfca33d7f9cf7bf3,2026-07-13T11:41:39.651Z,success,37763,1000,6378771,0x08edf0e6735d895ab65bc560822c2f0877cee3168a0c58633d5701320815e903,2026-07-13T11:41:39.651Z,5085,5085,6004,93,Trusted,2026-07-13T11:41:30.329Z,0xac7bba9b56a7c121303b6543b4ba62a6b465e6e738783c62f728dc3d29097700,,variant-batch live execution
datm-live-2026-07-13T11-41-10-179Z,A,entity-02-normal,normal,3,2026-07-13T11:41:33.648Z,2026-07-13T11:41:33.648Z,2026-07-13T11:41:33.648Z,0,2026-07-13T11:41:34.926Z,0x9212f14319bd11666645e4c823218614ceb81efe91159bf6558f095058d5c884,2026-07-13T11:41:39.662Z,success,37775,1000,6378771,0x08edf0e6735d895ab65bc560822c2f0877cee3168a0c58633d5701320815e903,2026-07-13T11:41:39.662Z,4736,4736,6014,92,Trusted,2026-07-13T11:41:30.329Z,0xf615043d27f75aa48a41055a5e7c3bae1539681c32df36e7a71a88d536df85e1,,variant-batch live execution
datm-live-2026-07-13T11-41-10-179Z,A,entity-03-normal,normal,3,2026-07-13T11:41:33.648Z,2026-07-13T11:41:33.648Z,2026-07-13T11:41:33.648Z,0,2026-07-13T11:41:34.927Z,0x87e828edb141f48bba616e23fd6cd488f8d82fdfeb4a5d0b352ff176e1ef6899,2026-07-13T11:41:39.655Z,success,37775,1000,6378771,0x08edf0e6735d895ab65bc560822c2f0877cee3168a0c58633d5701320815e903,2026-07-13T11:41:39.655Z,4728,4728,6007,93,Trusted,2026-07-13T11:41:30.329Z,0xd45a4f8611368a51dd55c13c61a72e3dd64b6568a7a3151d353c755d6f14ee6a,,variant-batch live execution
datm-live-2026-07-13T11-41-10-179Z,A,entity-04-normal,normal,3,2026-07-13T11:41:33.649Z,2026-07-13T11:41:33.649Z,2026-07-13T11:41:33.649Z,0,2026-07-13T11:41:34.927Z,0xbfdd6bf238828d6917f08a509916fd223cabe79793e6c76329d787650b298577,2026-07-13T11:41:39.655Z,success,37775,1000,6378771,0x08edf0e6735d895ab65bc560822c2f0877cee3168a0c58633d5701320815e903,2026-07-13T11:41:39.655Z,4728,4728,6006,93,Trusted,2026-07-13T11:41:30.329Z,0xbf439e4ff3c103ace229cd7a69e6a1a4f95f7772e558461a8bd7c857e23df136,,variant-batch live execution
datm-live-2026-07-13T11-41-10-179Z,A,entity-05-suspicious,suspicious,3,2026-07-13T11:41:33.649Z,2026-07-13T11:41:33.649Z,2026-07-13T11:41:33.649Z,0,2026-07-13T11:41:34.927Z,0x3e90fb9afc209bc520acc1e1788d8de4a8ff4dc3250c72eadafb736fc40c0d9f,2026-07-13T11:41:39.650Z,success,37775,1000,6378771,0x08edf0e6735d895ab65bc560822c2f0877cee3168a0c58633d5701320815e903,2026-07-13T11:41:39.650Z,4723,4723,6001,60,Suspicious,2026-07-13T11:41:30.329Z,0xc23a6cc29b63476de62bb6e18722040bfc38928bed63a3820394cfaf07b5e3d0,,variant-batch live execution
datm-live-2026-07-13T11-41-10-179Z,A,entity-06-suspicious,suspicious,3,2026-07-13T11:41:33.649Z,2026-07-13T11:41:33.649Z,2026-07-13T11:41:33.649Z,0,2026-07-13T11:41:35.189Z,0x35ec1b65ea2cdb40423141280678e7a0c56bfbf72f3a133842393fd29ba0bed6,2026-07-13T11:41:39.659Z,success,37775,1000,6378771,0x08edf0e6735d895ab65bc560822c2f0877cee3168a0c58633d5701320815e903,2026-07-13T11:41:39.659Z,4470,4470,6010,64,Suspicious,2026-07-13T11:41:30.329Z,0x5027066e3be96032469140aabcc830cc25022d4461a042f68dcbb91b5966529d,,variant-batch live execution
datm-live-2026-07-13T11-41-10-179Z,A,entity-07-suspicious,suspicious,3,2026-07-13T11:41:33.649Z,2026-07-13T11:41:33.649Z,2026-07-13T11:41:33.649Z,0,2026-07-13T11:41:35.189Z,0xf96dd604991e54c8021559255aa0ad94cc3c4077b2239fcb26069fcb435f2ff4,2026-07-13T11:41:40.131Z,success,37775,1000,6378771,0x08edf0e6735d895ab65bc560822c2f0877cee3168a0c58633d5701320815e903,2026-07-13T11:41:40.131Z,4942,4942,6482,60,Suspicious,2026-07-13T11:41:30.329Z,0xe37b95ab3f55fa78d3674dfa916139e218ae3a1c3c4f891565e1d4dc836f4401,,variant-batch live execution
datm-live-2026-07-13T11-41-10-179Z,A,entity-08-malicious,malicious,3,2026-07-13T11:41:33.649Z,2026-07-13T11:41:33.649Z,2026-07-13T11:41:33.649Z,0,2026-07-13T11:41:35.190Z,0x7000d85ec6d3bf74c0e4dc752d19f2b178e9bcfbcb7f0551d0611e8e80dc0138,2026-07-13T11:41:40.201Z,success,37775,1000,6378771,0x08edf0e6735d895ab65bc560822c2f0877cee3168a0c58633d5701320815e903,2026-07-13T11:41:40.201Z,5011,5011,6552,28,Untrusted,2026-07-13T11:41:30.329Z,0x8c8be3d6e938e5f987f9d1f98a66292ed93dca28d51f35b52c1f0d24e83a6154,,variant-batch live execution
datm-live-2026-07-13T11-41-10-179Z,A,entity-09-malicious,malicious,3,2026-07-13T11:41:33.650Z,2026-07-13T11:41:33.650Z,2026-07-13T11:41:33.650Z,0,2026-07-13T11:41:35.190Z,0xe0ce4ea488b4950265bd4f1ee7c6644d9c129d509b52a584b940b6aac71017c3,2026-07-13T11:41:40.474Z,success,37775,1000,6378771,0x08edf0e6735d895ab65bc560822c2f0877cee3168a0c58633d5701320815e903,2026-07-13T11:41:40.474Z,5284,5284,6824,30,Untrusted,2026-07-13T11:41:30.329Z,0x3f51dc908aa1ede1e0c5193d94c3e5e75ddafcd187fc9fd6babaddc0d4dc4ff0,,variant-batch live execution
datm-live-2026-07-13T11-41-10-179Z,A,entity-01-normal,normal,4,2026-07-13T11:41:46.025Z,2026-07-13T11:41:46.025Z,2026-07-13T11:41:46.025Z,0,2026-07-13T11:41:46.500Z,0x2850eb3b800de972ffdb0ccbe8796465f0d34d5afe9f0caee4c6c46ae9ff2af8,2026-07-13T11:41:51.407Z,success,37775,1000,6378773,0x098a5fc8c001e2b197a7b8f35f57737b001a43628c23fc550894790bd917edb2,2026-07-13T11:41:51.407Z,4907,4907,5382,91,Trusted,2026-07-13T11:41:40.329Z,0xb55f1277b567e0dca95b195de924f92199ecb2a18968362a532ad7e1dc4edbc5,,variant-batch live execution
datm-live-2026-07-13T11-41-10-179Z,A,entity-02-normal,normal,4,2026-07-13T11:41:46.026Z,2026-07-13T11:41:46.026Z,2026-07-13T11:41:46.026Z,0,2026-07-13T11:41:46.501Z,0xa0b378d380c25979d043e496502f1c8043c5c2268862133af66c75d7753c16df,2026-07-13T11:41:51.275Z,success,37775,1000,6378773,0x098a5fc8c001e2b197a7b8f35f57737b001a43628c23fc550894790bd917edb2,2026-07-13T11:41:51.275Z,4774,4774,5249,93,Trusted,2026-07-13T11:41:40.329Z,0x7339121eb8e754fc8befba69eca0394e59089686b156f9c5ec0edb49a4bbeb23,,variant-batch live execution
datm-live-2026-07-13T11-41-10-179Z,A,entity-03-normal,normal,4,2026-07-13T11:41:46.026Z,2026-07-13T11:41:46.026Z,2026-07-13T11:41:46.026Z,0,2026-07-13T11:41:46.341Z,0xfbbf7f2c71204d76cf526f8699c32f554cf42d6b36f04e374f5b949eb6b72d74,2026-07-13T11:41:51.262Z,success,37775,1000,6378773,0x098a5fc8c001e2b197a7b8f35f57737b001a43628c23fc550894790bd917edb2,2026-07-13T11:41:51.262Z,4921,4921,5236,93,Trusted,2026-07-13T11:41:40.329Z,0xcc586edfedfe617ebc8026106d795cc75c0a01ae6101c71a6cc33845a845f0d2,,variant-batch live execution
datm-live-2026-07-13T11-41-10-179Z,A,entity-04-normal,normal,4,2026-07-13T11:41:46.026Z,2026-07-13T11:41:46.026Z,2026-07-13T11:41:46.026Z,0,2026-07-13T11:41:46.501Z,0x2226298fd8c498428fca3d9ee40698741b2b2b9d0b3750fc8acb38379825c128,2026-07-13T11:41:51.257Z,success,37775,1000,6378773,0x098a5fc8c001e2b197a7b8f35f57737b001a43628c23fc550894790bd917edb2,2026-07-13T11:41:51.257Z,4756,4756,5231,91,Trusted,2026-07-13T11:41:40.329Z,0x16ae6d33724e75a960096cf6090deba9cfc194cb4ba866a3dc4a16334b24fe56,,variant-batch live execution
datm-live-2026-07-13T11-41-10-179Z,A,entity-05-suspicious,suspicious,4,2026-07-13T11:41:46.026Z,2026-07-13T11:41:46.026Z,2026-07-13T11:41:46.026Z,0,2026-07-13T11:41:46.501Z,0xd4f9f3b964c0449d7b3e4a0b1b5c88696f0225ef4aba9c91db0c58e54d9687a5,2026-07-13T11:41:51.258Z,success,37775,1000,6378773,0x098a5fc8c001e2b197a7b8f35f57737b001a43628c23fc550894790bd917edb2,2026-07-13T11:41:51.258Z,4757,4757,5232,64,Suspicious,2026-07-13T11:41:40.329Z,0x7c36ca8ed50b5a0524da660a9ca118eea765d70242f61851aff2a576bd19610c,,variant-batch live execution
datm-live-2026-07-13T11-41-10-179Z,A,entity-06-suspicious,suspicious,4,2026-07-13T11:41:46.027Z,2026-07-13T11:41:46.027Z,2026-07-13T11:41:46.027Z,0,2026-07-13T11:41:46.501Z,0x10f80a2a4f5f485f3842d71dfab809724c32efbd0dfbbf8f56d5d846aee2bab7,2026-07-13T11:41:51.260Z,success,37775,1000,6378773,0x098a5fc8c001e2b197a7b8f35f57737b001a43628c23fc550894790bd917edb2,2026-07-13T11:41:51.260Z,4759,4759,5233,61,Suspicious,2026-07-13T11:41:40.329Z,0xfde8bae8237ba8caf6e062ccd49dd0f66f61319934c865955e77399b246bada5,,variant-batch live execution
datm-live-2026-07-13T11-41-10-179Z,A,entity-07-suspicious,suspicious,4,2026-07-13T11:41:46.027Z,2026-07-13T11:41:46.027Z,2026-07-13T11:41:46.027Z,0,2026-07-13T11:41:46.592Z,0x65f253bae614c0f5af04e016fafc7d6f91902b7052c03dab77087d10d678d64d,2026-07-13T11:41:52.071Z,success,37775,1000,6378773,0x098a5fc8c001e2b197a7b8f35f57737b001a43628c23fc550894790bd917edb2,2026-07-13T11:41:52.071Z,5479,5479,6044,60,Suspicious,2026-07-13T11:41:40.329Z,0xc2ddebf954b734b41b131e1d9ccf0f2ed33a3cf5cb17cc7ab84a1daa1e6dc520,,variant-batch live execution
datm-live-2026-07-13T11-41-10-179Z,A,entity-08-malicious,malicious,4,2026-07-13T11:41:46.027Z,2026-07-13T11:41:46.027Z,2026-07-13T11:41:46.027Z,0,2026-07-13T11:41:46.593Z,0x9cef3606b104863616fb436cbbb2de555ac66456d0dfcbca02c0ea89d910394e,2026-07-13T11:41:52.169Z,success,37775,1000,6378773,0x098a5fc8c001e2b197a7b8f35f57737b001a43628c23fc550894790bd917edb2,2026-07-13T11:41:52.169Z,5576,5576,6142,30,Untrusted,2026-07-13T11:41:40.329Z,0x9f1a4d4a6d550ad71e4d40905574926d4ad80aa8c0633fa7a6aab1cf853ff83d,,variant-batch live execution
datm-live-2026-07-13T11-41-10-179Z,A,entity-09-malicious,malicious,4,2026-07-13T11:41:46.027Z,2026-07-13T11:41:46.027Z,2026-07-13T11:41:46.027Z,0,2026-07-13T11:41:46.593Z,0x6fb9cfc5809974f99d9fff56834f263d73bf31f4ab0607c84cfdf8df2939a2e3,2026-07-13T11:41:52.301Z,success,37763,1000,6378773,0x098a5fc8c001e2b197a7b8f35f57737b001a43628c23fc550894790bd917edb2,2026-07-13T11:41:52.301Z,5708,5708,6274,29,Untrusted,2026-07-13T11:41:40.329Z,0x6e9cc5e18462a961209330dd5e005259c3bd3e034bbb0758bf9fcf6b548fdeaa,,variant-batch live execution
datm-live-2026-07-13T11-41-10-179Z,A,entity-01-normal,normal,5,2026-07-13T11:41:57.919Z,2026-07-13T11:41:57.919Z,2026-07-13T11:41:57.919Z,0,2026-07-13T11:41:58.383Z,0x270a0d8b292602ec3ba1ff51aadf0929b9225c430463208ad7f5bfc4224f5611,2026-07-13T11:42:03.105Z,success,37775,1000,6378775,0x85592e81920365d8371cc58b8b5587a6b7b16435ae49756551737d7a7cd28e8f,2026-07-13T11:42:03.105Z,4722,4722,5186,93,Trusted,2026-07-13T11:41:50.329Z,0x61d5e8741de2e0aa0beeb471139eca6c0e363210097c5b248efbb11e74aa5510,,variant-batch live execution
datm-live-2026-07-13T11-41-10-179Z,A,entity-02-normal,normal,5,2026-07-13T11:41:57.920Z,2026-07-13T11:41:57.920Z,2026-07-13T11:41:57.920Z,0,2026-07-13T11:41:58.383Z,0xfee89984a39b29c72d620bfda89fa46642c9135365c9c236257db74401352fdf,2026-07-13T11:42:03.161Z,success,37775,1000,6378775,0x85592e81920365d8371cc58b8b5587a6b7b16435ae49756551737d7a7cd28e8f,2026-07-13T11:42:03.161Z,4778,4778,5241,93,Trusted,2026-07-13T11:41:50.329Z,0x47907c736820640cf578f1c8d9ad74d0f93f0d8aaf4456d33e76adfcc4ac60c9,,variant-batch live execution
datm-live-2026-07-13T11-41-10-179Z,A,entity-03-normal,normal,5,2026-07-13T11:41:57.921Z,2026-07-13T11:41:57.921Z,2026-07-13T11:41:57.921Z,0,2026-07-13T11:41:58.383Z,0x8f5e00c3e4c5206eaf30b934971d3b398218dbadfbd310ee3a2ce289b7269951,2026-07-13T11:42:03.100Z,success,37763,1000,6378775,0x85592e81920365d8371cc58b8b5587a6b7b16435ae49756551737d7a7cd28e8f,2026-07-13T11:42:03.100Z,4717,4717,5179,92,Trusted,2026-07-13T11:41:50.329Z,0x8de5b85c3dcd5afba375b2e93d8b21a9c317c4dfad3000afdd3592205dff2e39,,variant-batch live execution
datm-live-2026-07-13T11-41-10-179Z,A,entity-04-normal,normal,5,2026-07-13T11:41:57.922Z,2026-07-13T11:41:57.922Z,2026-07-13T11:41:57.922Z,0,2026-07-13T11:41:58.383Z,0xd81a42b28ee0062a77e33bb4f7eabf4b82e96e8eeaa30c31d9a53c07c043e960,2026-07-13T11:42:03.101Z,success,37775,1000,6378775,0x85592e81920365d8371cc58b8b5587a6b7b16435ae49756551737d7a7cd28e8f,2026-07-13T11:42:03.101Z,4718,4718,5179,93,Trusted,2026-07-13T11:41:50.329Z,0x8b55a77bf8a6d9878ff13c5418d904750fd033db41b465439f9a1a568eb9682d,,variant-batch live execution
datm-live-2026-07-13T11-41-10-179Z,A,entity-05-suspicious,suspicious,5,2026-07-13T11:41:57.922Z,2026-07-13T11:41:57.922Z,2026-07-13T11:41:57.922Z,0,2026-07-13T11:41:58.550Z,0x612ea7ead54e8a7c9b42d07c7cd94952adbbdb1f00e096d2180e1792e5ce7238,2026-07-13T11:42:03.104Z,success,37775,1000,6378775,0x85592e81920365d8371cc58b8b5587a6b7b16435ae49756551737d7a7cd28e8f,2026-07-13T11:42:03.104Z,4554,4554,5182,61,Suspicious,2026-07-13T11:41:50.329Z,0x40b0726309873e4db62f2c7d75783c3d1836f6fe0720b2f8418dcac618e5a3a3,,variant-batch live execution
datm-live-2026-07-13T11-41-10-179Z,A,entity-06-suspicious,suspicious,5,2026-07-13T11:41:57.923Z,2026-07-13T11:41:57.923Z,2026-07-13T11:41:57.923Z,0,2026-07-13T11:41:58.551Z,0x839b3144d8b1f7604363321c05de8dff1287c37a09ade26903ff6fa85cebd789,2026-07-13T11:42:03.109Z,success,37775,1000,6378775,0x85592e81920365d8371cc58b8b5587a6b7b16435ae49756551737d7a7cd28e8f,2026-07-13T11:42:03.109Z,4558,4558,5186,59,Suspicious,2026-07-13T11:41:50.329Z,0x9e625ac46525377061a9beee468f4060e93bde75aaf82640cadc4641dd400dc3,,variant-batch live execution
datm-live-2026-07-13T11-41-10-179Z,A,entity-07-suspicious,suspicious,5,2026-07-13T11:41:57.923Z,2026-07-13T11:41:57.923Z,2026-07-13T11:41:57.923Z,0,2026-07-13T11:41:58.551Z,0x98d1afcddb6d9eae5f85c5859e76e014f3d9089368778c4c99a76e1c71d2a479,2026-07-13T11:42:03.823Z,success,37775,1000,6378775,0x85592e81920365d8371cc58b8b5587a6b7b16435ae49756551737d7a7cd28e8f,2026-07-13T11:42:03.823Z,5272,5272,5900,64,Suspicious,2026-07-13T11:41:50.329Z,0x48b6572094347051ff6ce35770a993f102139b644fe55807feb95fd3f8af2ae1,,variant-batch live execution
datm-live-2026-07-13T11-41-10-179Z,A,entity-08-malicious,malicious,5,2026-07-13T11:41:57.924Z,2026-07-13T11:41:57.924Z,2026-07-13T11:41:57.924Z,0,2026-07-13T11:41:58.551Z,0x95e5f4cd219674ab8961461404e4442f69c44ffa21354284f961fc4f0010a718,2026-07-13T11:42:04.020Z,success,37775,1000,6378775,0x85592e81920365d8371cc58b8b5587a6b7b16435ae49756551737d7a7cd28e8f,2026-07-13T11:42:04.020Z,5469,5469,6096,30,Untrusted,2026-07-13T11:41:50.329Z,0x2c7adf98e3bf29f80da6f7b245c6bc61eccc4dfeb909022e517b8531e19d8b5e,,variant-batch live execution
datm-live-2026-07-13T11-41-10-179Z,A,entity-09-malicious,malicious,5,2026-07-13T11:41:57.924Z,2026-07-13T11:41:57.924Z,2026-07-13T11:41:57.924Z,0,2026-07-13T11:41:58.551Z,0x6c5fca18eec5af561ddff40bc1da8407632bb73d52a8e726205fa3b721609772,2026-07-13T11:42:04.199Z,success,37775,1000,6378775,0x85592e81920365d8371cc58b8b5587a6b7b16435ae49756551737d7a7cd28e8f,2026-07-13T11:42:04.199Z,5648,5648,6275,28,Untrusted,2026-07-13T11:41:50.329Z,0x79c650a7aad26fb61d5552e95d3a83202bd3d078a7f83fad4ef4eff2ec9eaf86,,variant-batch live execution
datm-live-2026-07-13T11-41-10-179Z,A,entity-01-normal,normal,6,2026-07-13T11:42:10.169Z,2026-07-13T11:42:10.169Z,2026-07-13T11:42:10.169Z,0,2026-07-13T11:42:10.490Z,0x15600398eb5b96653c039dadbc11de27b6e397de0a8fc89b310d64f69ace310e,2026-07-13T11:42:16.993Z,success,37763,1000,6378778,0xe6b929c84b315615bd115544318738bd9c67a32c6a866619074ee63f3983fe58,2026-07-13T11:42:16.993Z,6503,6503,6824,93,Trusted,2026-07-13T11:42:00.329Z,0x87327ab7125862b9795cb2009dc06f7c09ee46b983f35117cc8c6d1626dff38d,,variant-batch live execution
datm-live-2026-07-13T11-41-10-179Z,A,entity-02-normal,normal,6,2026-07-13T11:42:10.171Z,2026-07-13T11:42:10.171Z,2026-07-13T11:42:10.171Z,0,2026-07-13T11:42:10.518Z,0x7348ee37c10656aee8557bf2e825d87973f905c365aa3105d67cedd971b16cb0,2026-07-13T11:42:16.792Z,success,37775,1000,6378778,0xe6b929c84b315615bd115544318738bd9c67a32c6a866619074ee63f3983fe58,2026-07-13T11:42:16.792Z,6274,6274,6621,92,Trusted,2026-07-13T11:42:00.329Z,0x9785f50ec21b6fbf233f5c0e0bf4756b7c199e5e38b9e7787a93babbe84769a1,,variant-batch live execution
datm-live-2026-07-13T11-41-10-179Z,A,entity-03-normal,normal,6,2026-07-13T11:42:10.172Z,2026-07-13T11:42:10.172Z,2026-07-13T11:42:10.172Z,0,2026-07-13T11:42:10.519Z,0x7fee30eea871d4e31c750a8ceec12289a32d8536f25785d764d5d183b02cf521,2026-07-13T11:42:16.791Z,success,37775,1000,6378778,0xe6b929c84b315615bd115544318738bd9c67a32c6a866619074ee63f3983fe58,2026-07-13T11:42:16.791Z,6272,6272,6619,93,Trusted,2026-07-13T11:42:00.329Z,0xa8db147f0e2c1b4320a3ef148fd3f36cc7436af45b983b977bf4abfda83577cb,,variant-batch live execution
datm-live-2026-07-13T11-41-10-179Z,A,entity-04-normal,normal,6,2026-07-13T11:42:10.172Z,2026-07-13T11:42:10.172Z,2026-07-13T11:42:10.172Z,0,2026-07-13T11:42:10.519Z,0xc4d1fb8a3b2f385a9c39ad62110b545b338eadc2657ef36878b4ff687b7c5862,2026-07-13T11:42:16.942Z,success,37775,1000,6378778,0xe6b929c84b315615bd115544318738bd9c67a32c6a866619074ee63f3983fe58,2026-07-13T11:42:16.942Z,6423,6423,6770,93,Trusted,2026-07-13T11:42:00.329Z,0xbd40f2099201ebee5cb2d1b4f79c81fb78f7fad613b2636c59dba510ba26c94d,,variant-batch live execution
datm-live-2026-07-13T11-41-10-179Z,A,entity-05-suspicious,suspicious,6,2026-07-13T11:42:10.173Z,2026-07-13T11:42:10.173Z,2026-07-13T11:42:10.173Z,0,2026-07-13T11:42:10.519Z,0xba56f4bc917a1d51e10a3893692fed87abbb517605587b0c5c7d3eacf0288cd1,2026-07-13T11:42:17.644Z,success,37775,1000,6378778,0xe6b929c84b315615bd115544318738bd9c67a32c6a866619074ee63f3983fe58,2026-07-13T11:42:17.644Z,7125,7125,7471,59,Suspicious,2026-07-13T11:42:00.329Z,0x0b7a8ea17eaff6f501895f8d9d19166dece0499601108f0505783a88d3b698eb,,variant-batch live execution
datm-live-2026-07-13T11-41-10-179Z,A,entity-06-suspicious,suspicious,6,2026-07-13T11:42:10.173Z,2026-07-13T11:42:10.173Z,2026-07-13T11:42:10.173Z,0,2026-07-13T11:42:11.127Z,0x563d20ea40124f72ebc41f24e76c1180be36dc52d14a3cb2619b97b81c7a69a6,2026-07-13T11:42:16.991Z,success,37775,1000,6378778,0xe6b929c84b315615bd115544318738bd9c67a32c6a866619074ee63f3983fe58,2026-07-13T11:42:16.991Z,5864,5864,6818,60,Suspicious,2026-07-13T11:42:00.329Z,0x99dc82dac65aad325b2ac47ec2651780230a43fe954e906940e90716fb88766b,,variant-batch live execution
datm-live-2026-07-13T11-41-10-179Z,A,entity-07-suspicious,suspicious,6,2026-07-13T11:42:10.173Z,2026-07-13T11:42:10.173Z,2026-07-13T11:42:10.173Z,0,2026-07-13T11:42:11.775Z,0xf3de40d5a04a5809f54fd22abf90ad37a3934d1bf15d25ccd91ab45efdfd73e5,2026-07-13T11:42:18.578Z,success,37775,1000,6378778,0xe6b929c84b315615bd115544318738bd9c67a32c6a866619074ee63f3983fe58,2026-07-13T11:42:18.578Z,6803,6803,8405,61,Suspicious,2026-07-13T11:42:00.329Z,0x01ac2bc81735868bf8d9122107b21d44d0c7f04fc71b651fdd9360ecf2b7ce21,,variant-batch live execution
datm-live-2026-07-13T11-41-10-179Z,A,entity-08-malicious,malicious,6,2026-07-13T11:42:10.174Z,2026-07-13T11:42:10.174Z,2026-07-13T11:42:10.174Z,0,2026-07-13T11:42:11.776Z,0xdc8bbbb4c74d9a511681f3d2290f9e40b072e2b202e49fc72460fe1c30487ebe,2026-07-13T11:42:18.631Z,success,37775,1000,6378778,0xe6b929c84b315615bd115544318738bd9c67a32c6a866619074ee63f3983fe58,2026-07-13T11:42:18.631Z,6855,6855,8457,28,Untrusted,2026-07-13T11:42:00.329Z,0xfa859462e8d93f015e876f2d1aeb50263d0b4c59440e4dcb8bf1f023a1d909dc,,variant-batch live execution
datm-live-2026-07-13T11-41-10-179Z,A,entity-09-malicious,malicious,6,2026-07-13T11:42:10.174Z,2026-07-13T11:42:10.174Z,2026-07-13T11:42:10.174Z,0,2026-07-13T11:42:11.776Z,0xf9ec8451dda105b1111d3ca0f4e6eb285f358bc31e80d01d85ad7c82ed3636e9,2026-07-13T11:42:18.581Z,success,37775,1000,6378778,0xe6b929c84b315615bd115544318738bd9c67a32c6a866619074ee63f3983fe58,2026-07-13T11:42:18.581Z,6805,6805,8407,29,Untrusted,2026-07-13T11:42:00.329Z,0x0b4db83e5bb6441032fec89af1528a263513cb70dd3c5019cc10602bd004ba42,,variant-batch live execution
datm-live-2026-07-13T11-41-10-179Z,A,entity-01-normal,normal,7,2026-07-13T11:42:23.821Z,2026-07-13T11:42:23.821Z,2026-07-13T11:42:23.821Z,0,2026-07-13T11:42:24.456Z,0x56e4c1121d5f35a4f507b122a956c46f9fa6394cc4152419d5977794f28efff4,2026-07-13T11:42:29.915Z,success,37763,1000,6378781,0x581eaed721a39bf8cfe96e27bf153b9aa3addeb0bb8a029cd79d5796f3d0a872,2026-07-13T11:42:29.915Z,5459,5459,6094,92,Trusted,2026-07-13T11:42:10.329Z,0x1f82efc2747363af83412e4e53f41f7f2e0c1549799c009807891564a1906716,,variant-batch live execution
datm-live-2026-07-13T11-41-10-179Z,A,entity-02-normal,normal,7,2026-07-13T11:42:23.822Z,2026-07-13T11:42:23.822Z,2026-07-13T11:42:23.822Z,0,2026-07-13T11:42:24.244Z,0x858a70f3375cf00c2acc984ce4e23ccd2754d8fe15716bfda42d7753bba159ca,2026-07-13T11:42:29.891Z,success,37775,1000,6378781,0x581eaed721a39bf8cfe96e27bf153b9aa3addeb0bb8a029cd79d5796f3d0a872,2026-07-13T11:42:29.891Z,5647,5647,6069,93,Trusted,2026-07-13T11:42:10.329Z,0x87fe0995a5cc167656ca2c73a1da367bad0dc8f38dd22a1ec3c5f2b40c348235,,variant-batch live execution
datm-live-2026-07-13T11-41-10-179Z,A,entity-03-normal,normal,7,2026-07-13T11:42:23.822Z,2026-07-13T11:42:23.822Z,2026-07-13T11:42:23.822Z,0,2026-07-13T11:42:24.244Z,0x6397fd3df07784cb62f5cafb2ae124c501d4ba19c965c8cfb1c411f98b3d985a,2026-07-13T11:42:29.917Z,success,37775,1000,6378781,0x581eaed721a39bf8cfe96e27bf153b9aa3addeb0bb8a029cd79d5796f3d0a872,2026-07-13T11:42:29.917Z,5673,5673,6095,93,Trusted,2026-07-13T11:42:10.329Z,0x5fd48076f44206daa5bb1eaceb13e76e80379aebcc5753a54ba2daaeadb4f8f5,,variant-batch live execution
datm-live-2026-07-13T11-41-10-179Z,A,entity-04-normal,normal,7,2026-07-13T11:42:23.822Z,2026-07-13T11:42:23.822Z,2026-07-13T11:42:23.822Z,0,2026-07-13T11:42:24.244Z,0xf1d6169275ba8f75cb72ce02dc48bbca9d991307786124107f4a9cbab6fad68b,2026-07-13T11:42:30.033Z,success,37775,1000,6378781,0x581eaed721a39bf8cfe96e27bf153b9aa3addeb0bb8a029cd79d5796f3d0a872,2026-07-13T11:42:30.033Z,5789,5789,6211,92,Trusted,2026-07-13T11:42:10.329Z,0xc8b26defeaafbdb3670d9ba4a5e90b60f4c8181bb91d7d62360450c69381b1aa,,variant-batch live execution
datm-live-2026-07-13T11-41-10-179Z,A,entity-05-suspicious,suspicious,7,2026-07-13T11:42:23.822Z,2026-07-13T11:42:23.822Z,2026-07-13T11:42:23.822Z,0,2026-07-13T11:42:24.244Z,0x37300d8d6e5e7a8498c440a8fe881f23e6070097ba625e642d0bca18b10453af,2026-07-13T11:42:30.041Z,success,37763,1000,6378781,0x581eaed721a39bf8cfe96e27bf153b9aa3addeb0bb8a029cd79d5796f3d0a872,2026-07-13T11:42:30.041Z,5797,5797,6219,60,Suspicious,2026-07-13T11:42:10.329Z,0x19dba7db353cffb3056cdb0a25540e5b96817041f8b85520a900481bea0f61e5,,variant-batch live execution
datm-live-2026-07-13T11-41-10-179Z,A,entity-06-suspicious,suspicious,7,2026-07-13T11:42:23.823Z,2026-07-13T11:42:23.823Z,2026-07-13T11:42:23.823Z,0,2026-07-13T11:42:24.456Z,0x458c699cd634c9a09ed00a4a354412728b042efe79c246fb567a1130d185a426,2026-07-13T11:42:30.035Z,success,37775,1000,6378781,0x581eaed721a39bf8cfe96e27bf153b9aa3addeb0bb8a029cd79d5796f3d0a872,2026-07-13T11:42:30.035Z,5579,5579,6212,62,Suspicious,2026-07-13T11:42:10.329Z,0xf94ec08e3db3f347aca6c870fadf6384537cea93627fdef3cf49e5db9c8152bc,,variant-batch live execution
datm-live-2026-07-13T11-41-10-179Z,A,entity-07-suspicious,suspicious,7,2026-07-13T11:42:23.823Z,2026-07-13T11:42:23.823Z,2026-07-13T11:42:23.823Z,0,2026-07-13T11:42:24.244Z,0xdbbc26db4a67fe634cb8d79ba9b777225b74e47dce321d031d552ff605a21ceb,2026-07-13T11:42:30.862Z,success,37763,1000,6378781,0x581eaed721a39bf8cfe96e27bf153b9aa3addeb0bb8a029cd79d5796f3d0a872,2026-07-13T11:42:30.862Z,6618,6618,7039,59,Suspicious,2026-07-13T11:42:10.329Z,0xcbc9ade42e00c6f3e37a126eb30a7996c20f6ab5a41f4bf6043f18dd280c2e3f,,variant-batch live execution
datm-live-2026-07-13T11-41-10-179Z,A,entity-08-malicious,malicious,7,2026-07-13T11:42:23.823Z,2026-07-13T11:42:23.823Z,2026-07-13T11:42:23.823Z,0,2026-07-13T11:42:24.245Z,0xfb707a68a2205ee18a9b34d5bc91b00c2f1235f679ec7914e13cc7627573f088,2026-07-13T11:42:31.097Z,success,37775,1000,6378781,0x581eaed721a39bf8cfe96e27bf153b9aa3addeb0bb8a029cd79d5796f3d0a872,2026-07-13T11:42:31.097Z,6852,6852,7274,29,Untrusted,2026-07-13T11:42:10.329Z,0x33e1e9f7b659ac9d11231842ee3a7a3edc6c1ae08133694e671b2347d2312561,,variant-batch live execution
datm-live-2026-07-13T11-41-10-179Z,A,entity-09-malicious,malicious,7,2026-07-13T11:42:23.823Z,2026-07-13T11:42:23.823Z,2026-07-13T11:42:23.823Z,0,2026-07-13T11:42:24.456Z,0xfa9016c943725932eb9e880c5b48abd13376f44c7b8e914feeb12480d2dcc295,2026-07-13T11:42:30.892Z,success,37775,1000,6378781,0x581eaed721a39bf8cfe96e27bf153b9aa3addeb0bb8a029cd79d5796f3d0a872,2026-07-13T11:42:30.892Z,6436,6436,7069,28,Untrusted,2026-07-13T11:42:10.329Z,0x65ec8c3df718e8a823cef8ae0adda5d094961f3543558f22b0a6538dffdbba2f,,variant-batch live execution
datm-live-2026-07-13T11-41-10-179Z,A,entity-01-normal,normal,8,2026-07-13T11:42:36.203Z,2026-07-13T11:42:36.203Z,2026-07-13T11:42:36.203Z,0,2026-07-13T11:42:37.307Z,0xb863ba3f585d91ba278ad43feebdde84826cb2eeb6214c0872a94ca31a55c04e,2026-07-13T11:42:41.713Z,success,37763,1000,6378783,0x71edd0818d95067eda00be17c5e0567c0302cb43ca3101eda3a983706ed81872,2026-07-13T11:42:41.713Z,4406,4406,5510,93,Trusted,2026-07-13T11:42:20.329Z,0xb5db0163578b7bd479402da38aa8da92dedabf9adf71e55e00d37e416bdf3aa3,,variant-batch live execution
datm-live-2026-07-13T11-41-10-179Z,A,entity-02-normal,normal,8,2026-07-13T11:42:36.204Z,2026-07-13T11:42:36.204Z,2026-07-13T11:42:36.204Z,0,2026-07-13T11:42:37.307Z,0x072de78c5ee3ac828ed4c40c456a9cfcc406d1af8a7c89f4fe126339c9b4b48f,2026-07-13T11:42:41.712Z,success,37775,1000,6378783,0x71edd0818d95067eda00be17c5e0567c0302cb43ca3101eda3a983706ed81872,2026-07-13T11:42:41.712Z,4405,4405,5508,93,Trusted,2026-07-13T11:42:20.329Z,0xe7df3e57f328ba25e5f3063120caed6f375c7960942e7c84d863499bc3b9ce77,,variant-batch live execution
datm-live-2026-07-13T11-41-10-179Z,A,entity-03-normal,normal,8,2026-07-13T11:42:36.204Z,2026-07-13T11:42:36.204Z,2026-07-13T11:42:36.204Z,0,2026-07-13T11:42:37.307Z,0x6a1df1ffbf45622ad5954f06f8405857a00e02a2ee19198cbc2ec48e984989ad,2026-07-13T11:42:41.713Z,success,37775,1000,6378783,0x71edd0818d95067eda00be17c5e0567c0302cb43ca3101eda3a983706ed81872,2026-07-13T11:42:41.713Z,4406,4406,5509,91,Trusted,2026-07-13T11:42:20.329Z,0xd75ae7a0f9b9a00a31174d4a7b70073ac226f45627ac54288942f5ad0a6b0f5a,,variant-batch live execution
datm-live-2026-07-13T11-41-10-179Z,A,entity-04-normal,normal,8,2026-07-13T11:42:36.205Z,2026-07-13T11:42:36.205Z,2026-07-13T11:42:36.205Z,0,2026-07-13T11:42:37.308Z,0xa1fcead92bba1e75a9462dea25fd644bdb7003c79b77ba756fd7e5c7e57f7e07,2026-07-13T11:42:41.747Z,success,37763,1000,6378783,0x71edd0818d95067eda00be17c5e0567c0302cb43ca3101eda3a983706ed81872,2026-07-13T11:42:41.747Z,4439,4439,5542,93,Trusted,2026-07-13T11:42:20.329Z,0x2e7232a3e70a1c201637b4e4f4427b66b5d6e3a95c6ef392090067f45f76afc0,,variant-batch live execution
datm-live-2026-07-13T11-41-10-179Z,A,entity-05-suspicious,suspicious,8,2026-07-13T11:42:36.205Z,2026-07-13T11:42:36.205Z,2026-07-13T11:42:36.205Z,0,2026-07-13T11:42:37.308Z,0x276819d8218e402f8295dee37630b890125410f390f156f958d3004571edad14,2026-07-13T11:42:41.747Z,success,37763,1000,6378783,0x71edd0818d95067eda00be17c5e0567c0302cb43ca3101eda3a983706ed81872,2026-07-13T11:42:41.747Z,4439,4439,5542,62,Suspicious,2026-07-13T11:42:20.329Z,0x73d414c93122f33c052d7878ba6984002aa912124b094d1b803e4c0568acbe6a,,variant-batch live execution
datm-live-2026-07-13T11-41-10-179Z,A,entity-06-suspicious,suspicious,8,2026-07-13T11:42:36.206Z,2026-07-13T11:42:36.206Z,2026-07-13T11:42:36.206Z,0,2026-07-13T11:42:37.308Z,0x54cb0612871bbbde0ff88dc693f34e863197451ba9c311a5c896fdffffe84dd6,2026-07-13T11:42:41.749Z,success,37775,1000,6378783,0x71edd0818d95067eda00be17c5e0567c0302cb43ca3101eda3a983706ed81872,2026-07-13T11:42:41.749Z,4441,4441,5543,63,Suspicious,2026-07-13T11:42:20.329Z,0x2de8f901db3785b43029c914735af4261d432176d0b4a8cc6b6d74b3f4386a61,,variant-batch live execution
datm-live-2026-07-13T11-41-10-179Z,A,entity-07-suspicious,suspicious,8,2026-07-13T11:42:36.206Z,2026-07-13T11:42:36.206Z,2026-07-13T11:42:36.206Z,0,2026-07-13T11:42:37.396Z,0xdec4c3111006487571245c77ffb48180a95b789328a2a40b645e3a8c8acdc62f,2026-07-13T11:42:42.351Z,success,37775,1000,6378783,0x71edd0818d95067eda00be17c5e0567c0302cb43ca3101eda3a983706ed81872,2026-07-13T11:42:42.351Z,4955,4955,6145,60,Suspicious,2026-07-13T11:42:20.329Z,0x10666d74194d6698707c3701f3011e99d8973906d87b69f4eec98ce1b3b845c4,,variant-batch live execution
datm-live-2026-07-13T11-41-10-179Z,A,entity-08-malicious,malicious,8,2026-07-13T11:42:36.206Z,2026-07-13T11:42:36.206Z,2026-07-13T11:42:36.206Z,0,2026-07-13T11:42:37.396Z,0xe189362bd3258f0eddf858fcd2f50d4492006243b9fa005f75bc97cacb314d3f,2026-07-13T11:42:42.342Z,success,37775,1000,6378783,0x71edd0818d95067eda00be17c5e0567c0302cb43ca3101eda3a983706ed81872,2026-07-13T11:42:42.342Z,4946,4946,6136,28,Untrusted,2026-07-13T11:42:20.329Z,0x22dc7ec168be143c0be0ea957bb767ee6e21319aac3d68e95410e0c57537b2c6,,variant-batch live execution
datm-live-2026-07-13T11-41-10-179Z,A,entity-09-malicious,malicious,8,2026-07-13T11:42:36.208Z,2026-07-13T11:42:36.208Z,2026-07-13T11:42:36.208Z,0,2026-07-13T11:42:37.396Z,0xa5cbc8c32371ddae3ee75342d1fcc6409e67c4f4797d5d42597f5d579ef8ef44,2026-07-13T11:42:42.558Z,success,37775,1000,6378783,0x71edd0818d95067eda00be17c5e0567c0302cb43ca3101eda3a983706ed81872,2026-07-13T11:42:42.558Z,5162,5162,6350,28,Untrusted,2026-07-13T11:42:20.329Z,0xb3a06e6caa89ef192bf6a2b4636205ccef219f71774eade59a0104a888ddbdcb,,variant-batch live execution
datm-live-2026-07-13T11-41-10-179Z,A,entity-01-normal,normal,9,2026-07-13T11:42:48.258Z,2026-07-13T11:42:48.258Z,2026-07-13T11:42:48.258Z,0,2026-07-13T11:42:48.758Z,0x3a66b60b47aea5671c27c28cc031890554f113dc5ffd2999572fea404aef5ef4,2026-07-13T11:42:48.986Z,success,37775,1000,6378785,0x5e22347879b13c5f03b7aefc4ca2fe3100fda91dcd47b0a37526cf59e046a803,2026-07-13T11:42:48.986Z,228,228,728,93,Trusted,2026-07-13T11:42:30.329Z,0xda689ce910da361a170b18c3659effe74e4d766eceef6e843b084b614c4e4a05,,variant-batch live execution
datm-live-2026-07-13T11-41-10-179Z,A,entity-02-normal,normal,9,2026-07-13T11:42:48.259Z,2026-07-13T11:42:48.259Z,2026-07-13T11:42:48.259Z,0,2026-07-13T11:42:48.758Z,0x982ff219a835b9e6256b0212a2d7c734d0c2e1c64d554642fad61b9985a8d14d,2026-07-13T11:42:49.025Z,success,37775,1000,6378785,0x5e22347879b13c5f03b7aefc4ca2fe3100fda91dcd47b0a37526cf59e046a803,2026-07-13T11:42:49.025Z,267,267,766,92,Trusted,2026-07-13T11:42:30.329Z,0x48d874571605af952df7c18a5ee6b12afdb107539db2228d11ae06d74c379eae,,variant-batch live execution
datm-live-2026-07-13T11-41-10-179Z,A,entity-03-normal,normal,9,2026-07-13T11:42:48.259Z,2026-07-13T11:42:48.259Z,2026-07-13T11:42:48.259Z,0,2026-07-13T11:42:48.796Z,0x3668245d53001064bcd0316e945d0b79c539dda3f43e7a634a05ecb126e4e176,2026-07-13T11:42:49.001Z,success,37775,1000,6378785,0x5e22347879b13c5f03b7aefc4ca2fe3100fda91dcd47b0a37526cf59e046a803,2026-07-13T11:42:49.001Z,205,205,742,93,Trusted,2026-07-13T11:42:30.329Z,0x3133a23d404bd4b075adb3b0fd9d93b97e87905acd3d4aebce4d9403638ccab1,,variant-batch live execution
datm-live-2026-07-13T11-41-10-179Z,A,entity-04-normal,normal,9,2026-07-13T11:42:48.260Z,2026-07-13T11:42:48.260Z,2026-07-13T11:42:48.260Z,0,2026-07-13T11:42:48.758Z,0x4d7d06174380f2c64485c9f0a9f0578372578acf1b9a697c47bfe85893d9cc35,2026-07-13T11:42:49.004Z,success,37775,1000,6378785,0x5e22347879b13c5f03b7aefc4ca2fe3100fda91dcd47b0a37526cf59e046a803,2026-07-13T11:42:49.004Z,246,246,744,93,Trusted,2026-07-13T11:42:30.329Z,0x67f7a9031da875573bc62b6a484393dc6c94a38f19b85f5915b0f7a7fa5991a6,,variant-batch live execution
datm-live-2026-07-13T11-41-10-179Z,A,entity-05-suspicious,suspicious,9,2026-07-13T11:42:48.260Z,2026-07-13T11:42:48.260Z,2026-07-13T11:42:48.260Z,0,2026-07-13T11:42:48.759Z,0x55aeb454d1ccc8b113b8494e62910ce646204168a0bfe6650e3bbc11af5d36c6,2026-07-13T11:42:49.033Z,success,37763,1000,6378785,0x5e22347879b13c5f03b7aefc4ca2fe3100fda91dcd47b0a37526cf59e046a803,2026-07-13T11:42:49.033Z,274,274,773,63,Suspicious,2026-07-13T11:42:30.329Z,0x411ec780917aaeea1ff300d2a09764427b45bafa0a092a1912a9e274e71db05e,,variant-batch live execution
datm-live-2026-07-13T11-41-10-179Z,A,entity-06-suspicious,suspicious,9,2026-07-13T11:42:48.260Z,2026-07-13T11:42:48.260Z,2026-07-13T11:42:48.260Z,0,2026-07-13T11:42:48.759Z,0xd4db87a40a5de177f4be9c6243e89207f989ed57c3fb89fa322f955e0816e0a9,2026-07-13T11:42:49.002Z,success,37775,1000,6378785,0x5e22347879b13c5f03b7aefc4ca2fe3100fda91dcd47b0a37526cf59e046a803,2026-07-13T11:42:49.002Z,243,243,742,61,Suspicious,2026-07-13T11:42:30.329Z,0xc8d76d92436504015c875811b68ee312cca253b26bee11af74273b1cb9c4e373,,variant-batch live execution
datm-live-2026-07-13T11-41-10-179Z,A,entity-07-suspicious,suspicious,9,2026-07-13T11:42:48.261Z,2026-07-13T11:42:48.261Z,2026-07-13T11:42:48.261Z,0,2026-07-13T11:42:48.759Z,0x9f69934963bbf2c2873c8284f086766237931ec3b71cd9906cc7b5506946c695,2026-07-13T11:42:49.209Z,success,37775,1000,6378785,0x5e22347879b13c5f03b7aefc4ca2fe3100fda91dcd47b0a37526cf59e046a803,2026-07-13T11:42:49.209Z,450,450,948,62,Suspicious,2026-07-13T11:42:30.329Z,0x12a15e7358cee9350fc8209e562416d89f607a3b9dce6607f2fc0b201e72d74e,,variant-batch live execution
datm-live-2026-07-13T11-41-10-179Z,A,entity-08-malicious,malicious,9,2026-07-13T11:42:48.261Z,2026-07-13T11:42:48.261Z,2026-07-13T11:42:48.261Z,0,2026-07-13T11:42:48.796Z,0x8fc44d4a2c1847426ab2d2045e07a27fce6a84549b497f2b1d8041dd037cec74,2026-07-13T11:42:49.225Z,success,37775,1000,6378785,0x5e22347879b13c5f03b7aefc4ca2fe3100fda91dcd47b0a37526cf59e046a803,2026-07-13T11:42:49.225Z,429,429,964,28,Untrusted,2026-07-13T11:42:30.329Z,0x9d79b6e056ad71977c91bd073a0788ce8339098a32c2144ac8177f53f7c52c34,,variant-batch live execution
datm-live-2026-07-13T11-41-10-179Z,A,entity-09-malicious,malicious,9,2026-07-13T11:42:48.262Z,2026-07-13T11:42:48.262Z,2026-07-13T11:42:48.262Z,0,2026-07-13T11:42:48.797Z,0x3169cda6d54cde43e746a6db5f73111ee3052823c3f8c8ddcbb5ea1b6c6c4c34,2026-07-13T11:42:49.241Z,success,37775,1000,6378785,0x5e22347879b13c5f03b7aefc4ca2fe3100fda91dcd47b0a37526cf59e046a803,2026-07-13T11:42:49.241Z,444,444,979,29,Untrusted,2026-07-13T11:42:30.329Z,0x408803a29be81a418c2f2a02d43a91a28145f21d9e3a6ed7ae765aa780fe5513,,variant-batch live execution
datm-live-2026-07-13T11-41-10-179Z,A,entity-01-normal,normal,10,2026-07-13T11:42:54.397Z,2026-07-13T11:42:54.397Z,2026-07-13T11:42:54.397Z,0,2026-07-13T11:42:54.990Z,0xe7f51f29ee2a54752fa5b43309b4eb4ffe038831185116e184be1bd25255c66d,2026-07-13T11:43:02.611Z,success,37775,1000,6378787,0xc6fc5fadbe5243033fdaf9739f0d862d0cbcd5085f59491be98e19c7fe8c86d7,2026-07-13T11:43:02.611Z,7621,7621,8214,91,Trusted,2026-07-13T11:42:40.329Z,0x854186181bb04513ae2268ddbf88db527fa75267934b16f8f5c9311dde0dc5d2,,variant-batch live execution
datm-live-2026-07-13T11-41-10-179Z,A,entity-02-normal,normal,10,2026-07-13T11:42:54.398Z,2026-07-13T11:42:54.398Z,2026-07-13T11:42:54.398Z,0,2026-07-13T11:42:55.115Z,0xdbea1c0af8e53c2d97ac1cd6063ec955b039ee22ed34cf702b6e802adf496d60,2026-07-13T11:43:02.852Z,success,37775,1000,6378787,0xc6fc5fadbe5243033fdaf9739f0d862d0cbcd5085f59491be98e19c7fe8c86d7,2026-07-13T11:43:02.852Z,7737,7737,8454,93,Trusted,2026-07-13T11:42:40.329Z,0x1fa557ac05204c50b9420a7a5c84941c5179c3a6cfa7b41c5dd280ed3e52c6bf,,variant-batch live execution
datm-live-2026-07-13T11-41-10-179Z,A,entity-03-normal,normal,10,2026-07-13T11:42:54.398Z,2026-07-13T11:42:54.398Z,2026-07-13T11:42:54.398Z,0,2026-07-13T11:42:55.115Z,0x0c481674d7226e0ca6056b206f43d15f38a1c90a63442627c830ae3115ec621f,2026-07-13T11:43:02.856Z,success,37775,1000,6378787,0xc6fc5fadbe5243033fdaf9739f0d862d0cbcd5085f59491be98e19c7fe8c86d7,2026-07-13T11:43:02.856Z,7741,7741,8458,93,Trusted,2026-07-13T11:42:40.329Z,0x6db81c0a6b53fd404bc2fddfce01ea4a7ba27cce360e37358d68a06acb99a9ed,,variant-batch live execution
datm-live-2026-07-13T11-41-10-179Z,A,entity-04-normal,normal,10,2026-07-13T11:42:54.398Z,2026-07-13T11:42:54.398Z,2026-07-13T11:42:54.398Z,0,2026-07-13T11:42:55.115Z,0x15a70205999b3cf95c47f6c5e4a1dd94c003fe61527a80e3f5e84262e6bc2d9c,2026-07-13T11:43:02.806Z,success,37775,1000,6378787,0xc6fc5fadbe5243033fdaf9739f0d862d0cbcd5085f59491be98e19c7fe8c86d7,2026-07-13T11:43:02.806Z,7691,7691,8408,91,Trusted,2026-07-13T11:42:40.329Z,0x2baa3507acc02cf913191828116945399383a7b3caa51df4f894b49535c3a304,,variant-batch live execution
datm-live-2026-07-13T11-41-10-179Z,A,entity-05-suspicious,suspicious,10,2026-07-13T11:42:54.398Z,2026-07-13T11:42:54.398Z,2026-07-13T11:42:54.398Z,0,2026-07-13T11:42:55.115Z,0xa986792148d10dd7740d2ed6062edaa9f14dbb17946d6a662e7da9b616bf0aa5,2026-07-13T11:43:02.805Z,success,37775,1000,6378787,0xc6fc5fadbe5243033fdaf9739f0d862d0cbcd5085f59491be98e19c7fe8c86d7,2026-07-13T11:43:02.805Z,7690,7690,8407,61,Suspicious,2026-07-13T11:42:40.329Z,0xc70621dfd3aa1f1e45f5455e6931eb587119b3dea0eeed23af68f143596ccdee,,variant-batch live execution
datm-live-2026-07-13T11-41-10-179Z,A,entity-06-suspicious,suspicious,10,2026-07-13T11:42:54.399Z,2026-07-13T11:42:54.399Z,2026-07-13T11:42:54.399Z,0,2026-07-13T11:42:55.115Z,0x617705cb6b41ebcef8be24dc3a0f825beb705447c2ce98e26c97ba7ee0a9be68,2026-07-13T11:43:02.804Z,success,37775,1000,6378787,0xc6fc5fadbe5243033fdaf9739f0d862d0cbcd5085f59491be98e19c7fe8c86d7,2026-07-13T11:43:02.804Z,7689,7689,8405,60,Suspicious,2026-07-13T11:42:40.329Z,0x82152fd64a43bdba7740e2bb498c43a7501fac6059528394961bddabbdfef776,,variant-batch live execution
datm-live-2026-07-13T11-41-10-179Z,A,entity-07-suspicious,suspicious,10,2026-07-13T11:42:54.399Z,2026-07-13T11:42:54.399Z,2026-07-13T11:42:54.399Z,0,2026-07-13T11:42:55.116Z,0xf729f73506afed6cc8f0217364e1dce04380937b001b911e232e1df39b09b53a,2026-07-13T11:43:03.891Z,success,37775,1000,6378787,0xc6fc5fadbe5243033fdaf9739f0d862d0cbcd5085f59491be98e19c7fe8c86d7,2026-07-13T11:43:03.891Z,8775,8775,9492,63,Suspicious,2026-07-13T11:42:40.329Z,0x1b1fb82cfaab9c5df4b6c0558798d1e428eb9d965759dd3a1ce0eb08528ed7f1,,variant-batch live execution
datm-live-2026-07-13T11-41-10-179Z,A,entity-08-malicious,malicious,10,2026-07-13T11:42:54.399Z,2026-07-13T11:42:54.399Z,2026-07-13T11:42:54.399Z,0,2026-07-13T11:42:55.252Z,0x3f888c51176bdf385ce6bc03b69c49e6a335bd0868808b3e8a71a220880b433a,2026-07-13T11:43:03.890Z,success,37775,1000,6378787,0xc6fc5fadbe5243033fdaf9739f0d862d0cbcd5085f59491be98e19c7fe8c86d7,2026-07-13T11:43:03.890Z,8638,8638,9491,29,Untrusted,2026-07-13T11:42:40.329Z,0xac15e00851d80974fabfa70ba4ac8c306646e9ea2f5f16b9f56d2e0c071fd4c0,,variant-batch live execution
datm-live-2026-07-13T11-41-10-179Z,A,entity-09-malicious,malicious,10,2026-07-13T11:42:54.399Z,2026-07-13T11:42:54.399Z,2026-07-13T11:42:54.399Z,0,2026-07-13T11:42:55.116Z,0xcb88d724e2452497cf84269ff7f444e54ccfccd001a8c0a1d8db722c7ccf6967,2026-07-13T11:43:04.144Z,success,37775,1000,6378787,0xc6fc5fadbe5243033fdaf9739f0d862d0cbcd5085f59491be98e19c7fe8c86d7,2026-07-13T11:43:04.144Z,9028,9028,9745,27,Untrusted,2026-07-13T11:42:40.329Z,0xcf1f6e5673ccb54a58f24b752d08982bb59e3cb65bc45aeb598c1d6de30bad2e,,variant-batch live execution
datm-live-2026-07-13T11-41-10-179Z,A,entity-01-normal,normal,11,2026-07-13T11:43:09.955Z,2026-07-13T11:43:09.955Z,2026-07-13T11:43:09.955Z,0,2026-07-13T11:43:10.517Z,0x096679569dc40f689462f769eff074ab87a21d1b9f2529d57e1b4c3a79f5349f,2026-07-13T11:43:15.398Z,success,37763,1000,6378790,0x3f537c26d55b04f5a1c231a1d5ca4c52274bde334ab7fe4855ace2de5c26a192,2026-07-13T11:43:15.398Z,4881,4881,5443,92,Trusted,2026-07-13T11:42:50.329Z,0x288905007ef2c1c578a0d43eb7428e066f9ba566db101074e3a13aa16fb1c5e2,,variant-batch live execution
datm-live-2026-07-13T11-41-10-179Z,A,entity-02-normal,normal,11,2026-07-13T11:43:09.956Z,2026-07-13T11:43:09.956Z,2026-07-13T11:43:09.956Z,0,2026-07-13T11:43:10.508Z,0xc0658e3a048bb0016877a6b59adc4cbdf8461fcb7b2167c1fa7af7d383069e18,2026-07-13T11:43:15.397Z,success,37775,1000,6378790,0x3f537c26d55b04f5a1c231a1d5ca4c52274bde334ab7fe4855ace2de5c26a192,2026-07-13T11:43:15.397Z,4889,4889,5441,92,Trusted,2026-07-13T11:42:50.329Z,0x747027186746f594eb44100e6afb67c163f8f7c5ec6ed57b5bb7e950840e33b7,,variant-batch live execution
datm-live-2026-07-13T11-41-10-179Z,A,entity-03-normal,normal,11,2026-07-13T11:43:09.957Z,2026-07-13T11:43:09.957Z,2026-07-13T11:43:09.957Z,0,2026-07-13T11:43:10.517Z,0x84365b029c470ca578855c1c451d2f1f2a4607a72a394f4df0135a6c068502e4,2026-07-13T11:43:15.495Z,success,37775,1000,6378790,0x3f537c26d55b04f5a1c231a1d5ca4c52274bde334ab7fe4855ace2de5c26a192,2026-07-13T11:43:15.495Z,4978,4978,5538,91,Trusted,2026-07-13T11:42:50.329Z,0xb939ce1491e028f5ff631ee7f5b88b1a49fd634daea447760971a27d1c88229f,,variant-batch live execution
datm-live-2026-07-13T11-41-10-179Z,A,entity-04-normal,normal,11,2026-07-13T11:43:09.957Z,2026-07-13T11:43:09.957Z,2026-07-13T11:43:09.957Z,0,2026-07-13T11:43:10.518Z,0xf44266bba5ffeae26c81b7c160b26d6f593dbedd23d1cd6babf105de592da7c1,2026-07-13T11:43:15.497Z,success,37775,1000,6378790,0x3f537c26d55b04f5a1c231a1d5ca4c52274bde334ab7fe4855ace2de5c26a192,2026-07-13T11:43:15.497Z,4979,4979,5540,92,Trusted,2026-07-13T11:42:50.329Z,0x4983ec7fbeb8f58caef3356b6d4637b5891e286d42f2390bfe403f6b960cdc66,,variant-batch live execution
datm-live-2026-07-13T11-41-10-179Z,A,entity-05-suspicious,suspicious,11,2026-07-13T11:43:09.957Z,2026-07-13T11:43:09.957Z,2026-07-13T11:43:09.957Z,0,2026-07-13T11:43:10.518Z,0x3b8f274de96c24222bd47df6e714c0c6f3356b33c8553d54d774db88db879b27,2026-07-13T11:43:15.400Z,success,37775,1000,6378790,0x3f537c26d55b04f5a1c231a1d5ca4c52274bde334ab7fe4855ace2de5c26a192,2026-07-13T11:43:15.400Z,4882,4882,5443,60,Suspicious,2026-07-13T11:42:50.329Z,0x559e242c405dd08458663f547e200eed3df2fd5eb66f2c2785bc07c1bae94168,,variant-batch live execution
datm-live-2026-07-13T11-41-10-179Z,A,entity-06-suspicious,suspicious,11,2026-07-13T11:43:09.957Z,2026-07-13T11:43:09.957Z,2026-07-13T11:43:09.957Z,0,2026-07-13T11:43:10.518Z,0x6eaf0c18502506d309860b7e6e8fca865afc92e3aae75b5a08ce7e40c7ca7a4f,2026-07-13T11:43:15.397Z,success,37763,1000,6378790,0x3f537c26d55b04f5a1c231a1d5ca4c52274bde334ab7fe4855ace2de5c26a192,2026-07-13T11:43:15.397Z,4879,4879,5440,61,Suspicious,2026-07-13T11:42:50.329Z,0x72e71f1b0206a2091ef4239b5957f8f56830ed00d6b2028fbddb4058310b2733,,variant-batch live execution
datm-live-2026-07-13T11-41-10-179Z,A,entity-07-suspicious,suspicious,11,2026-07-13T11:43:09.957Z,2026-07-13T11:43:09.957Z,2026-07-13T11:43:09.957Z,0,2026-07-13T11:43:10.721Z,0x3aec9c2629aecb1789db1ff5e403497aadb326d70dee5fd05b418c5da597df9b,2026-07-13T11:43:15.710Z,success,37775,1000,6378790,0x3f537c26d55b04f5a1c231a1d5ca4c52274bde334ab7fe4855ace2de5c26a192,2026-07-13T11:43:15.710Z,4989,4989,5753,60,Suspicious,2026-07-13T11:42:50.329Z,0x08ad0e16d3d750394a6e09d48abf988409c6c62980eb684bf4a6b95c44ba6240,,variant-batch live execution
datm-live-2026-07-13T11-41-10-179Z,A,entity-08-malicious,malicious,11,2026-07-13T11:43:09.958Z,2026-07-13T11:43:09.958Z,2026-07-13T11:43:09.958Z,0,2026-07-13T11:43:10.721Z,0xa3c90fbaf0d1fbfbc2fcada9dd35ab799aed2af2bb943a043eae2af14f29e629,2026-07-13T11:43:15.717Z,success,37775,1000,6378790,0x3f537c26d55b04f5a1c231a1d5ca4c52274bde334ab7fe4855ace2de5c26a192,2026-07-13T11:43:15.717Z,4996,4996,5759,27,Untrusted,2026-07-13T11:42:50.329Z,0x8a0e62bea46d818f0ac4ad6ae2ae582ccdd16def9ad7cd078f075707b6ea6583,,variant-batch live execution
datm-live-2026-07-13T11-41-10-179Z,A,entity-09-malicious,malicious,11,2026-07-13T11:43:09.958Z,2026-07-13T11:43:09.958Z,2026-07-13T11:43:09.958Z,0,2026-07-13T11:43:10.721Z,0x0c163cf05162c43802def145439e40ea33a4c3a45a50d0808c36bdcb8693ce93,2026-07-13T11:43:15.744Z,success,37775,1000,6378790,0x3f537c26d55b04f5a1c231a1d5ca4c52274bde334ab7fe4855ace2de5c26a192,2026-07-13T11:43:15.744Z,5023,5023,5786,27,Untrusted,2026-07-13T11:42:50.329Z,0x21263a8b91e93da12626911f0cee4720d68c61bee4dceaacae1191e53f816d2e,,variant-batch live execution
datm-live-2026-07-13T11-41-10-179Z,A,entity-01-normal,normal,12,2026-07-13T11:43:20.989Z,2026-07-13T11:43:20.989Z,2026-07-13T11:43:20.989Z,0,2026-07-13T11:43:21.517Z,0x59dc8eaafafea99367e1880dc252d88e8129547d0fb748be31103a49b4bb66cc,2026-07-13T11:43:26.047Z,success,37775,1000,6378792,0x446e49a20ff3b1e4c6f1efeea1837f830da8060a346ced56133133c8939af6ca,2026-07-13T11:43:26.047Z,4530,4530,5058,93,Trusted,2026-07-13T11:43:00.329Z,0xeb8cc030c55df678fbf8f6cec3ee07ad2224cc2eaf954a9722ea06127629c5ae,,variant-batch live execution
datm-live-2026-07-13T11-41-10-179Z,A,entity-02-normal,normal,12,2026-07-13T11:43:20.989Z,2026-07-13T11:43:20.989Z,2026-07-13T11:43:20.989Z,0,2026-07-13T11:43:21.545Z,0xb8d726c82d65c81cb2ab6d1906a21be6dd4c143d59b682621bffa70941175212,2026-07-13T11:43:26.085Z,success,37775,1000,6378792,0x446e49a20ff3b1e4c6f1efeea1837f830da8060a346ced56133133c8939af6ca,2026-07-13T11:43:26.085Z,4540,4540,5096,92,Trusted,2026-07-13T11:43:00.329Z,0xd8cf3a2dde94d302cd36496931d2ecadc4ddc2e79e81a918f1d5cfd44c06202b,,variant-batch live execution
datm-live-2026-07-13T11-41-10-179Z,A,entity-03-normal,normal,12,2026-07-13T11:43:20.990Z,2026-07-13T11:43:20.990Z,2026-07-13T11:43:20.990Z,0,2026-07-13T11:43:21.605Z,0x05379d6f33a1632e1d66bd978f8754fbb43803ab4e32e73fa458025cf7b21dbe,2026-07-13T11:43:26.047Z,success,37775,1000,6378792,0x446e49a20ff3b1e4c6f1efeea1837f830da8060a346ced56133133c8939af6ca,2026-07-13T11:43:26.047Z,4442,4442,5057,93,Trusted,2026-07-13T11:43:00.329Z,0x2f4650e420f8ec7231905c162759a5aafc43f5df01cb9c6fbaa10d2d34157ea2,,variant-batch live execution
datm-live-2026-07-13T11-41-10-179Z,A,entity-04-normal,normal,12,2026-07-13T11:43:20.990Z,2026-07-13T11:43:20.990Z,2026-07-13T11:43:20.990Z,0,2026-07-13T11:43:21.606Z,0xd2485888c4d7f6a2016f4f0747ed89babb42f7425335e2a314582e5470c304c8,2026-07-13T11:43:26.046Z,success,37775,1000,6378792,0x446e49a20ff3b1e4c6f1efeea1837f830da8060a346ced56133133c8939af6ca,2026-07-13T11:43:26.046Z,4440,4440,5056,93,Trusted,2026-07-13T11:43:00.329Z,0xf3e90d7a1cc8021c0c9f1a4ff4a47597460642092f4ee6cf785cc85e65f07d37,,variant-batch live execution
datm-live-2026-07-13T11-41-10-179Z,A,entity-05-suspicious,suspicious,12,2026-07-13T11:43:20.990Z,2026-07-13T11:43:20.990Z,2026-07-13T11:43:20.990Z,0,2026-07-13T11:43:21.546Z,0x12cce43d7d1e03e872e7d8816866cdf7e1cda98f374982e57ac16c8be44b709f,2026-07-13T11:43:26.047Z,success,37775,1000,6378792,0x446e49a20ff3b1e4c6f1efeea1837f830da8060a346ced56133133c8939af6ca,2026-07-13T11:43:26.047Z,4501,4501,5057,61,Suspicious,2026-07-13T11:43:00.329Z,0xfac4fd2cec1af0cce8740f03b0a88f609e66e08f218b061e80457dfdc9e4e63f,,variant-batch live execution
datm-live-2026-07-13T11-41-10-179Z,A,entity-06-suspicious,suspicious,12,2026-07-13T11:43:20.991Z,2026-07-13T11:43:20.991Z,2026-07-13T11:43:20.991Z,0,2026-07-13T11:43:21.606Z,0x7f612852ed20138dffbbca061838aef6dd55149954c6f05006e0cc62fd5174b9,2026-07-13T11:43:26.047Z,success,37775,1000,6378792,0x446e49a20ff3b1e4c6f1efeea1837f830da8060a346ced56133133c8939af6ca,2026-07-13T11:43:26.047Z,4441,4441,5056,62,Suspicious,2026-07-13T11:43:00.329Z,0xe62efb5e958fdbeafd6768eac955a33fcb8e417ce23a49e51ef68c1942760bc7,,variant-batch live execution
datm-live-2026-07-13T11-41-10-179Z,A,entity-07-suspicious,suspicious,12,2026-07-13T11:43:20.991Z,2026-07-13T11:43:20.991Z,2026-07-13T11:43:20.991Z,0,2026-07-13T11:43:21.546Z,0xe04d38c014094d29ed1ded05dfac7890ed232a3b5b83a2364927fe46c9ff20b8,2026-07-13T11:43:26.858Z,success,37775,1000,6378792,0x446e49a20ff3b1e4c6f1efeea1837f830da8060a346ced56133133c8939af6ca,2026-07-13T11:43:26.858Z,5312,5312,5867,60,Suspicious,2026-07-13T11:43:00.329Z,0x01dae6679e2df05cada8d1947dc4e5a4c3c5a0c74201458a361f56059e2496cb,,variant-batch live execution
datm-live-2026-07-13T11-41-10-179Z,A,entity-08-malicious,malicious,12,2026-07-13T11:43:20.991Z,2026-07-13T11:43:20.991Z,2026-07-13T11:43:20.991Z,0,2026-07-13T11:43:21.548Z,0xf8217de5d05d133979cf787dc96930a59479af4a705b07b72ce13453632fda52,2026-07-13T11:43:26.967Z,success,37775,1000,6378792,0x446e49a20ff3b1e4c6f1efeea1837f830da8060a346ced56133133c8939af6ca,2026-07-13T11:43:26.967Z,5419,5419,5976,27,Untrusted,2026-07-13T11:43:00.329Z,0x610a8563242eb8069e25aafea6c15e82f52308fa93bfc0cff6da800957468a45,,variant-batch live execution
datm-live-2026-07-13T11-41-10-179Z,A,entity-09-malicious,malicious,12,2026-07-13T11:43:20.992Z,2026-07-13T11:43:20.992Z,2026-07-13T11:43:20.992Z,0,2026-07-13T11:43:21.549Z,0xd33e28d987076c6bf0fdc1ae7f9eaa9bf1fb0f36e0d455a0e059e000fd1e25fc,2026-07-13T11:43:27.082Z,success,37775,1000,6378792,0x446e49a20ff3b1e4c6f1efeea1837f830da8060a346ced56133133c8939af6ca,2026-07-13T11:43:27.082Z,5533,5533,6090,29,Untrusted,2026-07-13T11:43:00.329Z,0xbb12aa329e75c9cc30453cd8601e06428a0dd3151f6f4896c4060db5b0e9ca26,,variant-batch live execution
datm-live-2026-07-13T11-41-10-179Z,A,entity-01-normal,normal,13,2026-07-13T11:43:32.299Z,2026-07-13T11:43:32.299Z,2026-07-13T11:43:32.299Z,0,2026-07-13T11:43:32.910Z,0x5b35c4599f877be4030c9d02774114ca33c281034de3fd161b3250b36354fcf1,2026-07-13T11:43:35.306Z,success,37775,1000,6378794,0x114887d567143c3582be3ed0f902ba44ee402834af735c0794a7534c9bbcb3ac,2026-07-13T11:43:35.306Z,2396,2396,3007,92,Trusted,2026-07-13T11:43:10.329Z,0x218df87c4cc4764ee612ecc7b365f90df772faa12f88ff0e68fe3b786eb8ce14,,variant-batch live execution
datm-live-2026-07-13T11-41-10-179Z,A,entity-02-normal,normal,13,2026-07-13T11:43:32.300Z,2026-07-13T11:43:32.300Z,2026-07-13T11:43:32.300Z,0,2026-07-13T11:43:32.911Z,0xd9f811b380d9e1b76fba38a112697fd0dd6b5357566ea88bca6a4a17852e411e,2026-07-13T11:43:35.306Z,success,37775,1000,6378794,0x114887d567143c3582be3ed0f902ba44ee402834af735c0794a7534c9bbcb3ac,2026-07-13T11:43:35.306Z,2395,2395,3006,93,Trusted,2026-07-13T11:43:10.329Z,0x78a9b6e254523cf272b4d2138b8090da0b6cecb0cb41b95917d76603e1eef710,,variant-batch live execution
datm-live-2026-07-13T11-41-10-179Z,A,entity-03-normal,normal,13,2026-07-13T11:43:32.300Z,2026-07-13T11:43:32.300Z,2026-07-13T11:43:32.300Z,0,2026-07-13T11:43:32.911Z,0x83eb80b992fa0525e4f70a31d1e62a7516f6a5feac83cb2af3caf036e6e53af2,2026-07-13T11:43:35.306Z,success,37775,1000,6378794,0x114887d567143c3582be3ed0f902ba44ee402834af735c0794a7534c9bbcb3ac,2026-07-13T11:43:35.306Z,2395,2395,3006,93,Trusted,2026-07-13T11:43:10.329Z,0xa8eb836b2cd4ac670b223626cbe063afa6e72e694cafc94c764294360e222e2c,,variant-batch live execution
datm-live-2026-07-13T11-41-10-179Z,A,entity-04-normal,normal,13,2026-07-13T11:43:32.300Z,2026-07-13T11:43:32.300Z,2026-07-13T11:43:32.300Z,0,2026-07-13T11:43:32.911Z,0x1be5a08fc77fffaeb067dfd2e687b8ba8b3d73c9b6612b225608814bfa3f78f7,2026-07-13T11:43:35.306Z,success,37775,1000,6378794,0x114887d567143c3582be3ed0f902ba44ee402834af735c0794a7534c9bbcb3ac,2026-07-13T11:43:35.306Z,2395,2395,3006,92,Trusted,2026-07-13T11:43:10.329Z,0xda8e7f589bbad4e518c4343a0d1a37e402d58a1f557a6dff4e9c7e7279723adc,,variant-batch live execution
datm-live-2026-07-13T11-41-10-179Z,A,entity-05-suspicious,suspicious,13,2026-07-13T11:43:32.301Z,2026-07-13T11:43:32.301Z,2026-07-13T11:43:32.301Z,0,2026-07-13T11:43:32.940Z,0x74379f09f680b0d42f8518921eb908a80ee84423a4cb6c991ff37ad046ab8e0b,2026-07-13T11:43:35.306Z,success,37775,1000,6378794,0x114887d567143c3582be3ed0f902ba44ee402834af735c0794a7534c9bbcb3ac,2026-07-13T11:43:35.306Z,2366,2366,3005,62,Suspicious,2026-07-13T11:43:10.329Z,0xc3951fa653b603835cacb1fc2ee34536be1f2988805ee0f48ba5a7a8a1f25f93,,variant-batch live execution
datm-live-2026-07-13T11-41-10-179Z,A,entity-06-suspicious,suspicious,13,2026-07-13T11:43:32.301Z,2026-07-13T11:43:32.301Z,2026-07-13T11:43:32.301Z,0,2026-07-13T11:43:32.911Z,0xc7d2ddad429e5de7a1462f9fdf0a5c67a0fadd86d4a19f5f99ab3a41414097b5,2026-07-13T11:43:35.305Z,success,37775,1000,6378794,0x114887d567143c3582be3ed0f902ba44ee402834af735c0794a7534c9bbcb3ac,2026-07-13T11:43:35.305Z,2394,2394,3004,61,Suspicious,2026-07-13T11:43:10.329Z,0x82779d1f4271c91cb5e08fb14a830bdfa7072a84282840084ba97223c837155d,,variant-batch live execution
datm-live-2026-07-13T11-41-10-179Z,A,entity-07-suspicious,suspicious,13,2026-07-13T11:43:32.302Z,2026-07-13T11:43:32.302Z,2026-07-13T11:43:32.302Z,0,2026-07-13T11:43:32.911Z,0x5237dff381839e54480cbbab5a7dd4ba8251e16fefe5f2a105be6869b817ebd5,2026-07-13T11:43:35.793Z,success,37775,1000,6378794,0x114887d567143c3582be3ed0f902ba44ee402834af735c0794a7534c9bbcb3ac,2026-07-13T11:43:35.793Z,2882,2882,3491,61,Suspicious,2026-07-13T11:43:10.329Z,0x02c322363022121fcb2520d35780eeeced9b7b9332567aaf76d44cc6a8326b05,,variant-batch live execution
datm-live-2026-07-13T11-41-10-179Z,A,entity-08-malicious,malicious,13,2026-07-13T11:43:32.302Z,2026-07-13T11:43:32.302Z,2026-07-13T11:43:32.302Z,0,2026-07-13T11:43:32.940Z,0x8d0742702a48e35f357d796f0c48ed269ab5690a82de3f9af1d2f6cea7f18ae5,2026-07-13T11:43:35.945Z,success,37775,1000,6378794,0x114887d567143c3582be3ed0f902ba44ee402834af735c0794a7534c9bbcb3ac,2026-07-13T11:43:35.945Z,3005,3005,3643,29,Untrusted,2026-07-13T11:43:10.329Z,0x3945e4bfc28986fbbba1e6266e6058f7cf2bc0457640c75728f2cac2a16e8581,,variant-batch live execution
datm-live-2026-07-13T11-41-10-179Z,A,entity-09-malicious,malicious,13,2026-07-13T11:43:32.303Z,2026-07-13T11:43:32.303Z,2026-07-13T11:43:32.303Z,0,2026-07-13T11:43:32.941Z,0x0fb42b19cf4ea80eb9e16a942265ed89ef18933baecc0bc87325c233d94c3eff,2026-07-13T11:43:35.800Z,success,37775,1000,6378794,0x114887d567143c3582be3ed0f902ba44ee402834af735c0794a7534c9bbcb3ac,2026-07-13T11:43:35.800Z,2859,2859,3497,27,Untrusted,2026-07-13T11:43:10.329Z,0x70ad95700cf812cb7672e8d9cf4e93eca30e2186bb542f1918297b796af15de5,,variant-batch live execution
datm-live-2026-07-13T11-41-10-179Z,A,entity-01-normal,normal,14,2026-07-13T11:43:42.052Z,2026-07-13T11:43:42.052Z,2026-07-13T11:43:42.052Z,0,2026-07-13T11:43:42.212Z,0x9c0f2b0deb6e606e5b96b41b2f817cc6023cd68e2d08279b96feb61a39041742,2026-07-13T11:43:47.439Z,success,37775,1000,6378796,0x2981de278bfd11e342773de1ce43e0e630dc5b72b189f5b116a970710265bb77,2026-07-13T11:43:47.439Z,5227,5227,5387,92,Trusted,2026-07-13T11:43:20.329Z,0x7c03f139d88e8c21aca0c8055059391be5bd7a99d8a2434e94022e173f3ce0b7,,variant-batch live execution
datm-live-2026-07-13T11-41-10-179Z,A,entity-02-normal,normal,14,2026-07-13T11:43:42.053Z,2026-07-13T11:43:42.053Z,2026-07-13T11:43:42.053Z,0,2026-07-13T11:43:42.213Z,0x4f1b0dc28b65d530c0fbb8b12e534eb32baed4e425c0148b54397482cd21ac8b,2026-07-13T11:43:47.439Z,success,37775,1000,6378796,0x2981de278bfd11e342773de1ce43e0e630dc5b72b189f5b116a970710265bb77,2026-07-13T11:43:47.439Z,5226,5226,5386,93,Trusted,2026-07-13T11:43:20.329Z,0xbb0d446a2dbbfb99fa8336d141e5b6ca9c05907f98ebe02d0ad44a2ed80da4ad,,variant-batch live execution
datm-live-2026-07-13T11-41-10-179Z,A,entity-03-normal,normal,14,2026-07-13T11:43:42.053Z,2026-07-13T11:43:42.053Z,2026-07-13T11:43:42.053Z,0,2026-07-13T11:43:42.191Z,0x4e21bfad66c2cb182dd64916f42917192dfe51f7e585078f46393db26db255cd,2026-07-13T11:43:47.440Z,success,37775,1000,6378796,0x2981de278bfd11e342773de1ce43e0e630dc5b72b189f5b116a970710265bb77,2026-07-13T11:43:47.440Z,5249,5249,5387,91,Trusted,2026-07-13T11:43:20.329Z,0x2007fa1b3a243bf39ec172fd7835ff12bfdd0e07141daf0cc8ac48da2dee83a3,,variant-batch live execution
datm-live-2026-07-13T11-41-10-179Z,A,entity-04-normal,normal,14,2026-07-13T11:43:42.055Z,2026-07-13T11:43:42.055Z,2026-07-13T11:43:42.055Z,0,2026-07-13T11:43:42.214Z,0x486b7a85dde29124f70204e86bc7ee1a5bf6beca3d052497adec789ace05dceb,2026-07-13T11:43:47.878Z,success,37775,1000,6378796,0x2981de278bfd11e342773de1ce43e0e630dc5b72b189f5b116a970710265bb77,2026-07-13T11:43:47.878Z,5664,5664,5823,92,Trusted,2026-07-13T11:43:20.329Z,0x31c41263104f32b02d6972faec830fccccba050362023089b3527c260acf86c3,,variant-batch live execution
datm-live-2026-07-13T11-41-10-179Z,A,entity-05-suspicious,suspicious,14,2026-07-13T11:43:42.055Z,2026-07-13T11:43:42.055Z,2026-07-13T11:43:42.055Z,0,2026-07-13T11:43:42.214Z,0x106f003e83771c37fafaafe7262556859e9c9f16c57e0a6a2564716e632250cc,2026-07-13T11:43:47.441Z,success,37775,1000,6378796,0x2981de278bfd11e342773de1ce43e0e630dc5b72b189f5b116a970710265bb77,2026-07-13T11:43:47.441Z,5227,5227,5386,61,Suspicious,2026-07-13T11:43:20.329Z,0x8fdc3db68830c8da854e382507a6d38b5a04d7ecc22ae1fa3bb625426757d8ff,,variant-batch live execution
datm-live-2026-07-13T11-41-10-179Z,A,entity-06-suspicious,suspicious,14,2026-07-13T11:43:42.055Z,2026-07-13T11:43:42.055Z,2026-07-13T11:43:42.055Z,0,2026-07-13T11:43:42.214Z,0x9f08f06244edb617a6f783867ac8b1906780fb8550dfad38bd9e90f8bb193d24,2026-07-13T11:43:47.426Z,success,37775,1000,6378796,0x2981de278bfd11e342773de1ce43e0e630dc5b72b189f5b116a970710265bb77,2026-07-13T11:43:47.426Z,5212,5212,5371,60,Suspicious,2026-07-13T11:43:20.329Z,0xda649a039f6ad7114333d8ab1f74744a99470bf2e78fcf087931f0c6f7eb2c6f,,variant-batch live execution
datm-live-2026-07-13T11-41-10-179Z,A,entity-07-suspicious,suspicious,14,2026-07-13T11:43:42.056Z,2026-07-13T11:43:42.056Z,2026-07-13T11:43:42.056Z,0,2026-07-13T11:43:42.218Z,0xf3a8cf38e8015373fd0577c86b6dccf1987226f0cae3e23f85544fe9454cfc15,2026-07-13T11:43:49.650Z,success,37775,1000,6378796,0x2981de278bfd11e342773de1ce43e0e630dc5b72b189f5b116a970710265bb77,2026-07-13T11:43:49.650Z,7432,7432,7594,62,Suspicious,2026-07-13T11:43:20.329Z,0x11464dff2332bfa885a58f405983959cf2cf239b5866b4e2bf5874b7738daa0e,,variant-batch live execution
datm-live-2026-07-13T11-41-10-179Z,A,entity-08-malicious,malicious,14,2026-07-13T11:43:42.056Z,2026-07-13T11:43:42.056Z,2026-07-13T11:43:42.056Z,0,2026-07-13T11:43:42.218Z,0xd3d65f1913179a9c49b4617afb329f76b12b051b826d826083f8bdfda31d41a1,2026-07-13T11:43:49.822Z,success,37775,1000,6378796,0x2981de278bfd11e342773de1ce43e0e630dc5b72b189f5b116a970710265bb77,2026-07-13T11:43:49.822Z,7604,7604,7766,28,Untrusted,2026-07-13T11:43:20.329Z,0xc38c879af71fdc44d093e0c5be5816124ba3b43a866aec18e5c6cc8194aa45c9,,variant-batch live execution
datm-live-2026-07-13T11-41-10-179Z,A,entity-09-malicious,malicious,14,2026-07-13T11:43:42.056Z,2026-07-13T11:43:42.056Z,2026-07-13T11:43:42.056Z,0,2026-07-13T11:43:42.253Z,0x8ed19051acbd5c169107a32227eff91c8c14a7917defa08fa4fef70c9a7b38c6,2026-07-13T11:43:50.259Z,success,37775,1000,6378796,0x2981de278bfd11e342773de1ce43e0e630dc5b72b189f5b116a970710265bb77,2026-07-13T11:43:50.259Z,8006,8006,8203,26,Untrusted,2026-07-13T11:43:20.329Z,0x5dd91832d82919972cd11a62bc1980374452f05ea489bf818130420a7e667652,,variant-batch live execution
datm-live-2026-07-13T11-41-10-179Z,A,entity-01-normal,normal,15,2026-07-13T11:43:55.696Z,2026-07-13T11:43:55.696Z,2026-07-13T11:43:55.696Z,0,2026-07-13T11:43:55.817Z,0xc53fe3b803ea48fb910236114137bb332d4cf0b791e5b5e576c6d42d48e1c3af,2026-07-13T11:44:00.088Z,success,37775,1000,6378799,0x03b5ae5aa0603964033d216bd72761d6858a039035c481154ec93c48cce6def7,2026-07-13T11:44:00.088Z,4271,4271,4392,93,Trusted,2026-07-13T11:43:30.329Z,0x7e4ffcc62a285e54423982b9d3d9ff77fb074852df855da268162f053355733c,,variant-batch live execution
datm-live-2026-07-13T11-41-10-179Z,A,entity-02-normal,normal,15,2026-07-13T11:43:55.697Z,2026-07-13T11:43:55.697Z,2026-07-13T11:43:55.697Z,0,2026-07-13T11:43:55.817Z,0x82bb5fb6d6ed23c172a41b6127306139e9212ac25f2e1dbceaffbf6b1142d3f3,2026-07-13T11:44:00.066Z,success,37775,1000,6378799,0x03b5ae5aa0603964033d216bd72761d6858a039035c481154ec93c48cce6def7,2026-07-13T11:44:00.066Z,4249,4249,4369,91,Trusted,2026-07-13T11:43:30.329Z,0x9e2c587d5c7cf0b0a3549baa0fa0393171d5e3ab933fb397db53c46a89d9dcbc,,variant-batch live execution
datm-live-2026-07-13T11-41-10-179Z,A,entity-03-normal,normal,15,2026-07-13T11:43:55.697Z,2026-07-13T11:43:55.697Z,2026-07-13T11:43:55.697Z,0,2026-07-13T11:43:55.836Z,0x96ba107149c1648b63b70ad24222e4990495cad57058e77694ffe43a4f09a377,2026-07-13T11:44:00.066Z,success,37763,1000,6378799,0x03b5ae5aa0603964033d216bd72761d6858a039035c481154ec93c48cce6def7,2026-07-13T11:44:00.066Z,4230,4230,4369,93,Trusted,2026-07-13T11:43:30.329Z,0x4d248b402c19c7d4a9002124f9fd94d37f8fba6bb4a0b750897132a3989cf8ef,,variant-batch live execution
datm-live-2026-07-13T11-41-10-179Z,A,entity-04-normal,normal,15,2026-07-13T11:43:55.697Z,2026-07-13T11:43:55.697Z,2026-07-13T11:43:55.697Z,0,2026-07-13T11:43:55.836Z,0x1750367de71fc8f8477b8a46fdd1603c824b22ded4352c6115b30b8c7906aa29,2026-07-13T11:44:00.064Z,success,37775,1000,6378799,0x03b5ae5aa0603964033d216bd72761d6858a039035c481154ec93c48cce6def7,2026-07-13T11:44:00.064Z,4228,4228,4367,93,Trusted,2026-07-13T11:43:30.329Z,0xac38143746bec7898102c29fdf97585bea09b1b5c0b84a31b1999544453d9a2f,,variant-batch live execution
datm-live-2026-07-13T11-41-10-179Z,A,entity-05-suspicious,suspicious,15,2026-07-13T11:43:55.698Z,2026-07-13T11:43:55.698Z,2026-07-13T11:43:55.698Z,0,2026-07-13T11:43:55.836Z,0xcb486a05168a24fb6b8e9d55e9b8ccb74592833288d4926662e35746eb85d099,2026-07-13T11:44:00.066Z,success,37763,1000,6378799,0x03b5ae5aa0603964033d216bd72761d6858a039035c481154ec93c48cce6def7,2026-07-13T11:44:00.066Z,4230,4230,4368,60,Suspicious,2026-07-13T11:43:30.329Z,0x04cd1557306e00269b83f752da0a7afc5e6e3cf4807d10df6ad62b89b18ad938,,variant-batch live execution
datm-live-2026-07-13T11-41-10-179Z,A,entity-06-suspicious,suspicious,15,2026-07-13T11:43:55.698Z,2026-07-13T11:43:55.698Z,2026-07-13T11:43:55.698Z,0,2026-07-13T11:43:55.837Z,0xbd353641f36afd7a865f535e6c52045660ae29160a67176ebe9237ef0370d41e,2026-07-13T11:44:00.060Z,success,37775,1000,6378799,0x03b5ae5aa0603964033d216bd72761d6858a039035c481154ec93c48cce6def7,2026-07-13T11:44:00.060Z,4223,4223,4362,64,Suspicious,2026-07-13T11:43:30.329Z,0xc02e3873f0427686f6dda5c1f68de435b35ea0ebe9f6f8d303eee2e0e636c4d2,,variant-batch live execution
datm-live-2026-07-13T11-41-10-179Z,A,entity-07-suspicious,suspicious,15,2026-07-13T11:43:55.698Z,2026-07-13T11:43:55.698Z,2026-07-13T11:43:55.698Z,0,2026-07-13T11:43:55.848Z,0x256d823c78eb92409e220e606390a467c8a0a8faec31f38a65566b5c8af083eb,2026-07-13T11:44:00.236Z,success,37775,1000,6378799,0x03b5ae5aa0603964033d216bd72761d6858a039035c481154ec93c48cce6def7,2026-07-13T11:44:00.236Z,4388,4388,4538,61,Suspicious,2026-07-13T11:43:30.329Z,0x43ee964a8a6a4afb8451bddf939eb1ad1608f2313e2eb5de8c0c9e8b0fb86013,,variant-batch live execution
datm-live-2026-07-13T11-41-10-179Z,A,entity-08-malicious,malicious,15,2026-07-13T11:43:55.698Z,2026-07-13T11:43:55.698Z,2026-07-13T11:43:55.698Z,0,2026-07-13T11:43:55.848Z,0x05d46d55065afc77509f29d7ad49fd6afc95b54c8fff73894cec49413d4d1353,2026-07-13T11:44:00.247Z,success,37775,1000,6378799,0x03b5ae5aa0603964033d216bd72761d6858a039035c481154ec93c48cce6def7,2026-07-13T11:44:00.247Z,4399,4399,4549,26,Untrusted,2026-07-13T11:43:30.329Z,0x5074022ed64542386576861a52bf52c1ab7d8cef8aafa6c5529dad4cc30898e5,,variant-batch live execution
datm-live-2026-07-13T11-41-10-179Z,A,entity-09-malicious,malicious,15,2026-07-13T11:43:55.699Z,2026-07-13T11:43:55.699Z,2026-07-13T11:43:55.699Z,0,2026-07-13T11:43:55.837Z,0x149a396cf49564d9bd9b8af16a66583d751532d3181ccef9bec8d95abf02789a,2026-07-13T11:44:00.280Z,success,37775,1000,6378799,0x03b5ae5aa0603964033d216bd72761d6858a039035c481154ec93c48cce6def7,2026-07-13T11:44:00.280Z,4443,4443,4581,28,Untrusted,2026-07-13T11:43:30.329Z,0x703c74bc15ce475fa28d7cdb1b1364e2185233c017a458529041093b0c165cc1,,variant-batch live execution
datm-live-2026-07-13T11-41-10-179Z,A,entity-01-normal,normal,16,2026-07-13T11:44:05.409Z,2026-07-13T11:44:05.409Z,2026-07-13T11:44:05.409Z,0,2026-07-13T11:44:05.536Z,0x6b5cb36e952a6ae6b3e458b5023d310480a401dc1ac04a52ea1057d965610880,2026-07-13T11:44:09.798Z,success,37775,1000,6378801,0x830958d65c220179192057fdc233a372fcb26dc4b2e1b58d8c2d50e79f8771e8,2026-07-13T11:44:09.798Z,4262,4262,4389,90,Trusted,2026-07-13T11:43:40.329Z,0xc671e5c245ad23057aacad52a28d4f3b249258f388374e99db32486dd09779ae,,variant-batch live execution
datm-live-2026-07-13T11-41-10-179Z,A,entity-02-normal,normal,16,2026-07-13T11:44:05.410Z,2026-07-13T11:44:05.410Z,2026-07-13T11:44:05.410Z,0,2026-07-13T11:44:05.542Z,0x40b7b1546bf94869f7156377a8a2f6ee967be84fb419cdb0877315ee378021f1,2026-07-13T11:44:09.799Z,success,37775,1000,6378801,0x830958d65c220179192057fdc233a372fcb26dc4b2e1b58d8c2d50e79f8771e8,2026-07-13T11:44:09.799Z,4257,4257,4389,92,Trusted,2026-07-13T11:43:40.329Z,0xeb4935aa1a18a6666383e45bf6f88d17f7b33d86b1cc423e200fd8b3f56a7283,,variant-batch live execution
datm-live-2026-07-13T11-41-10-179Z,A,entity-03-normal,normal,16,2026-07-13T11:44:05.410Z,2026-07-13T11:44:05.410Z,2026-07-13T11:44:05.410Z,0,2026-07-13T11:44:05.542Z,0x12c775ea403301ba10290a78dffdebeac7ee0fe2d1b14ba953ac0ba925c2b276,2026-07-13T11:44:09.800Z,success,37775,1000,6378801,0x830958d65c220179192057fdc233a372fcb26dc4b2e1b58d8c2d50e79f8771e8,2026-07-13T11:44:09.800Z,4258,4258,4390,92,Trusted,2026-07-13T11:43:40.329Z,0xad27cc9b16c88a930c31554e7043b66b67c2679be573e1d3531b64a9edbcf823,,variant-batch live execution
datm-live-2026-07-13T11-41-10-179Z,A,entity-04-normal,normal,16,2026-07-13T11:44:05.411Z,2026-07-13T11:44:05.411Z,2026-07-13T11:44:05.411Z,0,2026-07-13T11:44:05.542Z,0x75447db6f6ee198ab247eb4031a4682e0fff07f72651e62a1d29815ce1e6e2d3,2026-07-13T11:44:09.824Z,success,37763,1000,6378801,0x830958d65c220179192057fdc233a372fcb26dc4b2e1b58d8c2d50e79f8771e8,2026-07-13T11:44:09.824Z,4282,4282,4413,90,Trusted,2026-07-13T11:43:40.329Z,0xcfbd3ffecabe6ef43898e012629b3be8cc725da199f5bb17059aff96d3005aff,,variant-batch live execution
datm-live-2026-07-13T11-41-10-179Z,A,entity-05-suspicious,suspicious,16,2026-07-13T11:44:05.411Z,2026-07-13T11:44:05.411Z,2026-07-13T11:44:05.411Z,0,2026-07-13T11:44:05.542Z,0xc56a1caae503fd26e1470c9235470404951bd4f03cb66a638fb4198e55ed6ed7,2026-07-13T11:44:09.806Z,success,37775,1000,6378801,0x830958d65c220179192057fdc233a372fcb26dc4b2e1b58d8c2d50e79f8771e8,2026-07-13T11:44:09.806Z,4264,4264,4395,64,Suspicious,2026-07-13T11:43:40.329Z,0xa5c921fa1e871d8adef86acc64ec79ecce3a1da4c5254a253616cf7439dcd930,,variant-batch live execution
datm-live-2026-07-13T11-41-10-179Z,A,entity-06-suspicious,suspicious,16,2026-07-13T11:44:05.411Z,2026-07-13T11:44:05.411Z,2026-07-13T11:44:05.411Z,0,2026-07-13T11:44:05.542Z,0x7fa6748bdc19795d2ae730f9246e184abd5c0603ea64059425eb4ad87b2384cb,2026-07-13T11:44:09.808Z,success,37775,1000,6378801,0x830958d65c220179192057fdc233a372fcb26dc4b2e1b58d8c2d50e79f8771e8,2026-07-13T11:44:09.808Z,4266,4266,4397,61,Suspicious,2026-07-13T11:43:40.329Z,0x433e9bea600563eb88c68e464ff8345ec5c627d9bed56179bf58e22a445653e1,,variant-batch live execution
datm-live-2026-07-13T11-41-10-179Z,A,entity-07-suspicious,suspicious,16,2026-07-13T11:44:05.412Z,2026-07-13T11:44:05.412Z,2026-07-13T11:44:05.412Z,0,2026-07-13T11:44:05.564Z,0xc7f2d85e80798916af1b96f0d628a3c87c395c21fc2fcff7bf4494092e29b70b,2026-07-13T11:44:10.013Z,success,37763,1000,6378801,0x830958d65c220179192057fdc233a372fcb26dc4b2e1b58d8c2d50e79f8771e8,2026-07-13T11:44:10.013Z,4449,4449,4601,60,Suspicious,2026-07-13T11:43:40.329Z,0xa906ca8b8680441b83a786126cffd6875417404760b01551d93c460081d52179,,variant-batch live execution
datm-live-2026-07-13T11-41-10-179Z,A,entity-08-malicious,malicious,16,2026-07-13T11:44:05.414Z,2026-07-13T11:44:05.414Z,2026-07-13T11:44:05.414Z,0,2026-07-13T11:44:05.564Z,0x2a54819d0fd46cf1c7247ea50c2a3ba028afa6b05ddd9cbd650c8761bfe74579,2026-07-13T11:44:09.987Z,success,37763,1000,6378801,0x830958d65c220179192057fdc233a372fcb26dc4b2e1b58d8c2d50e79f8771e8,2026-07-13T11:44:09.987Z,4423,4423,4573,28,Untrusted,2026-07-13T11:43:40.329Z,0xedcdb28d8b360aee5f6942c883df97c37c040ba88a3252e6031983001f66853c,,variant-batch live execution
datm-live-2026-07-13T11-41-10-179Z,A,entity-09-malicious,malicious,16,2026-07-13T11:44:05.414Z,2026-07-13T11:44:05.414Z,2026-07-13T11:44:05.414Z,0,2026-07-13T11:44:05.564Z,0x0f254771001196a386e85cb0359886115b3b3d901d33c1383caa31be2456bc45,2026-07-13T11:44:10.045Z,success,37763,1000,6378801,0x830958d65c220179192057fdc233a372fcb26dc4b2e1b58d8c2d50e79f8771e8,2026-07-13T11:44:10.045Z,4481,4481,4631,27,Untrusted,2026-07-13T11:43:40.329Z,0x9b50ceaa730456c2036c1005610d4600810bbf443ffe2a58771d0a79dffdd3be,,variant-batch live execution
datm-live-2026-07-13T11-41-10-179Z,A,entity-01-normal,normal,17,2026-07-13T11:44:15.157Z,2026-07-13T11:44:15.157Z,2026-07-13T11:44:15.157Z,0,2026-07-13T11:44:15.413Z,0xa4190c28b1d1a422fd0b61abb0f688966dab4261f70105fa75e87f2d94bcb419,2026-07-13T11:44:19.682Z,success,37775,1000,6378803,0xafcb8e7f14e08a6bac5af92c6d6f033443217eff04b078c1724ba015ca395281,2026-07-13T11:44:19.682Z,4269,4269,4525,93,Trusted,2026-07-13T11:43:50.329Z,0x57cf6840e399f17efc67935a4768dbb9f56875406b21d7f869a928ec2dbc71b6,,variant-batch live execution
datm-live-2026-07-13T11-41-10-179Z,A,entity-02-normal,normal,17,2026-07-13T11:44:15.158Z,2026-07-13T11:44:15.158Z,2026-07-13T11:44:15.158Z,0,2026-07-13T11:44:15.417Z,0xf467778bb8a631693872a44d00680d369ff089ddcf88b5a5d03bd40c44dff3df,2026-07-13T11:44:19.684Z,success,37775,1000,6378803,0xafcb8e7f14e08a6bac5af92c6d6f033443217eff04b078c1724ba015ca395281,2026-07-13T11:44:19.684Z,4267,4267,4526,93,Trusted,2026-07-13T11:43:50.329Z,0x9569edaaf1dbbb04d926a3944520ea0b0b80afcae268da9753d4f31a0a497917,,variant-batch live execution
datm-live-2026-07-13T11-41-10-179Z,A,entity-03-normal,normal,17,2026-07-13T11:44:15.158Z,2026-07-13T11:44:15.158Z,2026-07-13T11:44:15.158Z,0,2026-07-13T11:44:15.418Z,0x4fcfb69644d16addc8972c306b2a9100b0908b8cc76707d67a357ea69d9c0bdb,2026-07-13T11:44:19.679Z,success,37775,1000,6378803,0xafcb8e7f14e08a6bac5af92c6d6f033443217eff04b078c1724ba015ca395281,2026-07-13T11:44:19.679Z,4261,4261,4521,92,Trusted,2026-07-13T11:43:50.329Z,0x6efceaf6731b649cb9a8c49d6959635e1fddaa82fc7bd4ebdb79ff409caf9f5d,,variant-batch live execution
datm-live-2026-07-13T11-41-10-179Z,A,entity-04-normal,normal,17,2026-07-13T11:44:15.158Z,2026-07-13T11:44:15.158Z,2026-07-13T11:44:15.158Z,0,2026-07-13T11:44:15.418Z,0xdf48b6762a3254a17e00e7f8d389f98ea2d2b7df85282e19395c288eb874aa1f,2026-07-13T11:44:19.681Z,success,37775,1000,6378803,0xafcb8e7f14e08a6bac5af92c6d6f033443217eff04b078c1724ba015ca395281,2026-07-13T11:44:19.681Z,4263,4263,4523,93,Trusted,2026-07-13T11:43:50.329Z,0xb3eb7696e1497cb5ec849abb0dd372e84132f0323ce1947c265da5b0e823ccfb,,variant-batch live execution
datm-live-2026-07-13T11-41-10-179Z,A,entity-05-suspicious,suspicious,17,2026-07-13T11:44:15.158Z,2026-07-13T11:44:15.158Z,2026-07-13T11:44:15.158Z,0,2026-07-13T11:44:15.418Z,0x83549dbafd4be27104cb20f4c4a704251f6f4d1b85a6b2b79eb731a36f38a5f8,2026-07-13T11:44:19.682Z,success,37775,1000,6378803,0xafcb8e7f14e08a6bac5af92c6d6f033443217eff04b078c1724ba015ca395281,2026-07-13T11:44:19.682Z,4264,4264,4524,61,Suspicious,2026-07-13T11:43:50.329Z,0x2788587c7b550f87561903b4797984b4436fbdeefaf0dc105ade6cc8f7225862,,variant-batch live execution
datm-live-2026-07-13T11-41-10-179Z,A,entity-06-suspicious,suspicious,17,2026-07-13T11:44:15.158Z,2026-07-13T11:44:15.158Z,2026-07-13T11:44:15.158Z,0,2026-07-13T11:44:15.418Z,0x93b2f9b8a57ed062a33aebc114c0b3bbad5b3de37aca28436d26ed1cd4a81b3f,2026-07-13T11:44:19.705Z,success,37775,1000,6378803,0xafcb8e7f14e08a6bac5af92c6d6f033443217eff04b078c1724ba015ca395281,2026-07-13T11:44:19.705Z,4287,4287,4547,58,Suspicious,2026-07-13T11:43:50.329Z,0x5aabc32eda8f925adb6fc5a1bf75f6dc739ce49e07468bc82495959123e55122,,variant-batch live execution
datm-live-2026-07-13T11-41-10-179Z,A,entity-07-suspicious,suspicious,17,2026-07-13T11:44:15.159Z,2026-07-13T11:44:15.159Z,2026-07-13T11:44:15.159Z,0,2026-07-13T11:44:15.451Z,0x8859012ca8d68fada25f943a2284d72412c34841aab5f8d23b5905693b2c3509,2026-07-13T11:44:19.897Z,success,37775,1000,6378803,0xafcb8e7f14e08a6bac5af92c6d6f033443217eff04b078c1724ba015ca395281,2026-07-13T11:44:19.897Z,4446,4446,4738,64,Suspicious,2026-07-13T11:43:50.329Z,0x11f840e760222dff8550141c1c42484b601305cb200e3ea46d373088cc3f0981,,variant-batch live execution
datm-live-2026-07-13T11-41-10-179Z,A,entity-08-malicious,malicious,17,2026-07-13T11:44:15.159Z,2026-07-13T11:44:15.159Z,2026-07-13T11:44:15.159Z,0,2026-07-13T11:44:15.451Z,0xd06070466a9683d6f9a718c7dd11a5bd1e9f8155a5cedabfbf106ceae3deccc5,2026-07-13T11:44:19.900Z,success,37775,1000,6378803,0xafcb8e7f14e08a6bac5af92c6d6f033443217eff04b078c1724ba015ca395281,2026-07-13T11:44:19.900Z,4449,4449,4741,27,Untrusted,2026-07-13T11:43:50.329Z,0xe4be3840d36dfcb7337ad2e8aa1926e9c01610e65830294d5b6ceb421ac896c9,,variant-batch live execution
datm-live-2026-07-13T11-41-10-179Z,A,entity-09-malicious,malicious,17,2026-07-13T11:44:15.159Z,2026-07-13T11:44:15.159Z,2026-07-13T11:44:15.159Z,0,2026-07-13T11:44:15.451Z,0xd1facfe10192ffb96065d9e04612baeba66da3ef71cab5cafc5e8159864365a4,2026-07-13T11:44:19.924Z,success,37775,1000,6378803,0xafcb8e7f14e08a6bac5af92c6d6f033443217eff04b078c1724ba015ca395281,2026-07-13T11:44:19.924Z,4473,4473,4765,26,Untrusted,2026-07-13T11:43:50.329Z,0x2b29db13f8c40e178e76578a09771f5c27215b6fa142f07409f26f2ba21d6251,,variant-batch live execution
datm-live-2026-07-13T11-41-10-179Z,A,entity-01-normal,normal,18,2026-07-13T11:44:25.052Z,2026-07-13T11:44:25.052Z,2026-07-13T11:44:25.052Z,0,2026-07-13T11:44:25.174Z,0xd56999887b18f001aff40b7cf9e96542981888808434997e674842fab889741b,2026-07-13T11:44:29.446Z,success,37763,1000,6378805,0x8797cce1ab34fc25f7033956b0939f3b6de44399d71bf1e87924100aff2af458,2026-07-13T11:44:29.446Z,4272,4272,4394,92,Trusted,2026-07-13T11:44:00.329Z,0x1ca0c85a33b6c2f5c40cfcd4ca6513dc39898e17c0009e7c67f91c4d5929ceb5,,variant-batch live execution
datm-live-2026-07-13T11-41-10-179Z,A,entity-02-normal,normal,18,2026-07-13T11:44:25.053Z,2026-07-13T11:44:25.053Z,2026-07-13T11:44:25.053Z,0,2026-07-13T11:44:25.175Z,0x7f76782aa5f18c33818fdafc3d08355abf90e9e342f6645cb45db82fbdd67341,2026-07-13T11:44:29.431Z,success,37775,1000,6378805,0x8797cce1ab34fc25f7033956b0939f3b6de44399d71bf1e87924100aff2af458,2026-07-13T11:44:29.431Z,4256,4256,4378,91,Trusted,2026-07-13T11:44:00.329Z,0xa4ff93fd3a6a2af05238548c5c18132cda62d7fd8ab13c13dae7759040d4181f,,variant-batch live execution
datm-live-2026-07-13T11-41-10-179Z,A,entity-03-normal,normal,18,2026-07-13T11:44:25.053Z,2026-07-13T11:44:25.053Z,2026-07-13T11:44:25.053Z,0,2026-07-13T11:44:25.175Z,0xaf5eb71587d52445d7cb418d132a84a586461ab052d4ea2482be9f38283f9710,2026-07-13T11:44:29.455Z,success,37763,1000,6378805,0x8797cce1ab34fc25f7033956b0939f3b6de44399d71bf1e87924100aff2af458,2026-07-13T11:44:29.455Z,4280,4280,4402,92,Trusted,2026-07-13T11:44:00.329Z,0x2fa6aa1c5cee0078c41bb1a997092e8cf0a4c64a587842212a4b9922b092d55a,,variant-batch live execution
datm-live-2026-07-13T11-41-10-179Z,A,entity-04-normal,normal,18,2026-07-13T11:44:25.054Z,2026-07-13T11:44:25.054Z,2026-07-13T11:44:25.054Z,0,2026-07-13T11:44:25.175Z,0x3a360c181d87478f9276f8395b607e2583a1d23274f00355e2813d85fa9926f6,2026-07-13T11:44:29.458Z,success,37775,1000,6378805,0x8797cce1ab34fc25f7033956b0939f3b6de44399d71bf1e87924100aff2af458,2026-07-13T11:44:29.458Z,4283,4283,4404,92,Trusted,2026-07-13T11:44:00.329Z,0x67ed26c0c159894ca6ba655c0f0f1bd50c5e8b9e3fb6492d29d79976c7a9a0a7,,variant-batch live execution
datm-live-2026-07-13T11-41-10-179Z,A,entity-05-suspicious,suspicious,18,2026-07-13T11:44:25.054Z,2026-07-13T11:44:25.054Z,2026-07-13T11:44:25.054Z,0,2026-07-13T11:44:25.175Z,0x90dca0beef2863f85fcc04f52f2dc6219e787ed0de5bf43975c198498d8d3a28,2026-07-13T11:44:29.460Z,success,37775,1000,6378805,0x8797cce1ab34fc25f7033956b0939f3b6de44399d71bf1e87924100aff2af458,2026-07-13T11:44:29.460Z,4285,4285,4406,58,Suspicious,2026-07-13T11:44:00.329Z,0xc42686e1d3b0a5ebcb2060a1f74976446e075dafc4c75233115385a9259becbd,,variant-batch live execution
datm-live-2026-07-13T11-41-10-179Z,A,entity-06-suspicious,suspicious,18,2026-07-13T11:44:25.054Z,2026-07-13T11:44:25.054Z,2026-07-13T11:44:25.054Z,0,2026-07-13T11:44:25.175Z,0x723bf625827a696dc23449880b4051f5cfb3ca3372c118b913261b97bfa09016,2026-07-13T11:44:29.469Z,success,37775,1000,6378805,0x8797cce1ab34fc25f7033956b0939f3b6de44399d71bf1e87924100aff2af458,2026-07-13T11:44:29.469Z,4294,4294,4415,60,Suspicious,2026-07-13T11:44:00.329Z,0x108c33368c1d23874ede12fdae50e0b7cdce66600cc0a9e6424ce67b64bc73a4,,variant-batch live execution
datm-live-2026-07-13T11-41-10-179Z,A,entity-07-suspicious,suspicious,18,2026-07-13T11:44:25.055Z,2026-07-13T11:44:25.055Z,2026-07-13T11:44:25.055Z,0,2026-07-13T11:44:25.202Z,0x6549b670eaf1cac1a9a72ddb9527b3835ad38e5688ba74a335790739f9219038,2026-07-13T11:44:29.665Z,success,37775,1000,6378805,0x8797cce1ab34fc25f7033956b0939f3b6de44399d71bf1e87924100aff2af458,2026-07-13T11:44:29.665Z,4463,4463,4610,61,Suspicious,2026-07-13T11:44:00.329Z,0x68abcde042f66a594b010e2b6ee49e29ce8473f711f876d6b4c856d3211cbab2,,variant-batch live execution
datm-live-2026-07-13T11-41-10-179Z,A,entity-08-malicious,malicious,18,2026-07-13T11:44:25.055Z,2026-07-13T11:44:25.055Z,2026-07-13T11:44:25.055Z,0,2026-07-13T11:44:25.203Z,0x9eb405d2007c43ab5c22a9b0af1baac5edcd20a8792fa0314c1a37c63ff14f87,2026-07-13T11:44:29.663Z,success,37775,1000,6378805,0x8797cce1ab34fc25f7033956b0939f3b6de44399d71bf1e87924100aff2af458,2026-07-13T11:44:29.663Z,4460,4460,4608,26,Untrusted,2026-07-13T11:44:00.329Z,0xa3acd166e94f9fd06ac4946554e3ee8b9c955de494fdbd7d6ef09504f4e514d2,,variant-batch live execution
datm-live-2026-07-13T11-41-10-179Z,A,entity-09-malicious,malicious,18,2026-07-13T11:44:25.055Z,2026-07-13T11:44:25.055Z,2026-07-13T11:44:25.055Z,0,2026-07-13T11:44:25.203Z,0x4a0a5d84693fe0c8bd7e13e6674e8d574845f698abc75d30d19d2a4c5305aac6,2026-07-13T11:44:29.685Z,success,37775,1000,6378805,0x8797cce1ab34fc25f7033956b0939f3b6de44399d71bf1e87924100aff2af458,2026-07-13T11:44:29.685Z,4482,4482,4630,27,Untrusted,2026-07-13T11:44:00.329Z,0x6120221eda83370f5bb1cffa055a8841de424072de29e0a0c954bba30e468f66,,variant-batch live execution
datm-live-2026-07-13T11-41-10-179Z,A,entity-01-normal,normal,19,2026-07-13T11:44:34.815Z,2026-07-13T11:44:34.815Z,2026-07-13T11:44:34.815Z,0,2026-07-13T11:44:34.938Z,0xfa9867e6f66a5795965e433fc709c189d8e4b560fc00d12084f86096b20d00a8,2026-07-13T11:44:39.226Z,success,37775,1000,6378807,0x1f658eb49cea975200a536852296c01da560f238ee3293650175955adaa40fbe,2026-07-13T11:44:39.226Z,4288,4288,4411,92,Trusted,2026-07-13T11:44:10.329Z,0x997fc6fe25fe27bc7714290db0dd5b3f211716010ecd11ffdca9b0b6b097c4bb,,variant-batch live execution
datm-live-2026-07-13T11-41-10-179Z,A,entity-02-normal,normal,19,2026-07-13T11:44:34.816Z,2026-07-13T11:44:34.816Z,2026-07-13T11:44:34.816Z,0,2026-07-13T11:44:34.938Z,0x0304e55311d791d3032fbcebfe88c9575b74bf385d4fcd3fdb243fde868801bd,2026-07-13T11:44:39.226Z,success,37775,1000,6378807,0x1f658eb49cea975200a536852296c01da560f238ee3293650175955adaa40fbe,2026-07-13T11:44:39.226Z,4288,4288,4410,93,Trusted,2026-07-13T11:44:10.329Z,0x52e87d9a3b42c1e62c994c7dafdf9e553ffa0e50d5fe0c6fe0a23724d71cd86b,,variant-batch live execution
datm-live-2026-07-13T11-41-10-179Z,A,entity-03-normal,normal,19,2026-07-13T11:44:34.817Z,2026-07-13T11:44:34.817Z,2026-07-13T11:44:34.817Z,0,2026-07-13T11:44:34.957Z,0xc74c0d0ebf74cd1c34d190aafc5b2cf1288959970db9e2474094aa45c565f7b2,2026-07-13T11:44:39.226Z,success,37775,1000,6378807,0x1f658eb49cea975200a536852296c01da560f238ee3293650175955adaa40fbe,2026-07-13T11:44:39.226Z,4269,4269,4409,93,Trusted,2026-07-13T11:44:10.329Z,0xc7be49801fd6cf5c8e46679b989c23c8081ac7ff489364b0cd4140289e493e7e,,variant-batch live execution
datm-live-2026-07-13T11-41-10-179Z,A,entity-04-normal,normal,19,2026-07-13T11:44:34.817Z,2026-07-13T11:44:34.817Z,2026-07-13T11:44:34.817Z,0,2026-07-13T11:44:34.958Z,0x33531dd95bb9003e38bb7e79983138d96b788b0add790b5ccddc4fc5be3730db,2026-07-13T11:44:39.253Z,success,37775,1000,6378807,0x1f658eb49cea975200a536852296c01da560f238ee3293650175955adaa40fbe,2026-07-13T11:44:39.253Z,4295,4295,4436,92,Trusted,2026-07-13T11:44:10.329Z,0x43cd11b153016e1a9bf2d3e608aafc5d558a0f7f058ddb6529295cf6bac3601f,,variant-batch live execution
datm-live-2026-07-13T11-41-10-179Z,A,entity-05-suspicious,suspicious,19,2026-07-13T11:44:34.817Z,2026-07-13T11:44:34.817Z,2026-07-13T11:44:34.817Z,0,2026-07-13T11:44:34.958Z,0x62e46b28f97b2de8aab40a14320ca4e89d1d65965b436f403881f425d9ec5294,2026-07-13T11:44:39.226Z,success,37775,1000,6378807,0x1f658eb49cea975200a536852296c01da560f238ee3293650175955adaa40fbe,2026-07-13T11:44:39.226Z,4268,4268,4409,60,Suspicious,2026-07-13T11:44:10.329Z,0xa95f4e1f8c3160219ea047ee7ad5608dd696d824d85c3b6397b2e278a7cfd388,,variant-batch live execution
datm-live-2026-07-13T11-41-10-179Z,A,entity-06-suspicious,suspicious,19,2026-07-13T11:44:34.818Z,2026-07-13T11:44:34.818Z,2026-07-13T11:44:34.818Z,0,2026-07-13T11:44:34.958Z,0x91830c68189b65e0a73741eeae72965fbe46f4799ef789aab0d6c6faa20cd672,2026-07-13T11:44:39.217Z,success,37775,1000,6378807,0x1f658eb49cea975200a536852296c01da560f238ee3293650175955adaa40fbe,2026-07-13T11:44:39.217Z,4259,4259,4399,62,Suspicious,2026-07-13T11:44:10.329Z,0x3f09d7bcbdf8dcac59e41906435e57349261ae791186c7f79890d00f43e9c2da,,variant-batch live execution
datm-live-2026-07-13T11-41-10-179Z,A,entity-07-suspicious,suspicious,19,2026-07-13T11:44:34.818Z,2026-07-13T11:44:34.818Z,2026-07-13T11:44:34.818Z,0,2026-07-13T11:44:34.971Z,0x8392e006058aec9ccfe088d69b8b90d39c2c818165885f152d5e0bc12508dd1e,2026-07-13T11:44:39.397Z,success,37775,1000,6378807,0x1f658eb49cea975200a536852296c01da560f238ee3293650175955adaa40fbe,2026-07-13T11:44:39.397Z,4426,4426,4579,58,Suspicious,2026-07-13T11:44:10.329Z,0x937d533fe5b5af365b9175e2718330c2c914e1d38247338618d86b1ca330e332,,variant-batch live execution
datm-live-2026-07-13T11-41-10-179Z,A,entity-08-malicious,malicious,19,2026-07-13T11:44:34.819Z,2026-07-13T11:44:34.819Z,2026-07-13T11:44:34.819Z,0,2026-07-13T11:44:34.958Z,0x6eabda15e57e6ab51890a3a0154788487e52f9895fc003eb367a7a4cab37d32b,2026-07-13T11:44:39.425Z,success,37775,1000,6378807,0x1f658eb49cea975200a536852296c01da560f238ee3293650175955adaa40fbe,2026-07-13T11:44:39.425Z,4467,4467,4606,27,Untrusted,2026-07-13T11:44:10.329Z,0x6d7cd5a9c352dc954012045551a7aae452d75f1132d52dcfd012d2f0809e170d,,variant-batch live execution
datm-live-2026-07-13T11-41-10-179Z,A,entity-09-malicious,malicious,19,2026-07-13T11:44:34.819Z,2026-07-13T11:44:34.819Z,2026-07-13T11:44:34.819Z,0,2026-07-13T11:44:34.971Z,0x25439e26206eb8d5ac2e2cffae148476bcbd409342b819633559057fd69e3e88,2026-07-13T11:44:39.471Z,success,37763,1000,6378807,0x1f658eb49cea975200a536852296c01da560f238ee3293650175955adaa40fbe,2026-07-13T11:44:39.471Z,4500,4500,4652,26,Untrusted,2026-07-13T11:44:10.329Z,0xcdadd3f91b67ea4377b0770e3b00b4778c3beebd9d9a9cae64366080a5a31fcd,,variant-batch live execution
datm-live-2026-07-13T11-41-10-179Z,A,entity-01-normal,normal,20,2026-07-13T11:44:44.593Z,2026-07-13T11:44:44.593Z,2026-07-13T11:44:44.593Z,0,2026-07-13T11:44:44.714Z,0xceebc46a865f3991fb9ae6daf36703d98129ef48ed3b79ad22ab6c3f70453811,2026-07-13T11:44:53.044Z,success,37775,1000,6378809,0x4fecd37f4aee0829f2174ba2b22683e447dba350d41be2baedfda732b6dc01da,2026-07-13T11:44:53.044Z,8330,8330,8451,92,Trusted,2026-07-13T11:44:20.329Z,0x2ebaf39e44eedfe9206f03848d968c8190b049905e4ce19fb83af385e8ec422c,,variant-batch live execution
datm-live-2026-07-13T11-41-10-179Z,A,entity-02-normal,normal,20,2026-07-13T11:44:44.594Z,2026-07-13T11:44:44.594Z,2026-07-13T11:44:44.594Z,0,2026-07-13T11:44:44.715Z,0x38e1301c4fcc03b33710ae50457c32a29f655f7c373b8287f8242d53b06c024b,2026-07-13T11:44:53.048Z,success,37775,1000,6378809,0x4fecd37f4aee0829f2174ba2b22683e447dba350d41be2baedfda732b6dc01da,2026-07-13T11:44:53.048Z,8333,8333,8454,93,Trusted,2026-07-13T11:44:20.329Z,0xc9f97c67ddecb1c99bd6ba7bd6988ea99a74da641520c911d44767e63c6dd20d,,variant-batch live execution
datm-live-2026-07-13T11-41-10-179Z,A,entity-03-normal,normal,20,2026-07-13T11:44:44.594Z,2026-07-13T11:44:44.594Z,2026-07-13T11:44:44.594Z,0,2026-07-13T11:44:44.715Z,0x369b9a5bb51c91d3934d040803d89d55aa84938a2b664b3835197e798155cd7c,2026-07-13T11:44:53.049Z,success,37763,1000,6378809,0x4fecd37f4aee0829f2174ba2b22683e447dba350d41be2baedfda732b6dc01da,2026-07-13T11:44:53.049Z,8334,8334,8455,91,Trusted,2026-07-13T11:44:20.329Z,0x66a50098429899aaef57ba7ff8edd5070d65141edf22111e1d26e26a375ffde8,,variant-batch live execution
datm-live-2026-07-13T11-41-10-179Z,A,entity-04-normal,normal,20,2026-07-13T11:44:44.594Z,2026-07-13T11:44:44.594Z,2026-07-13T11:44:44.594Z,0,2026-07-13T11:44:44.715Z,0xd80a88726fede79b437dfececbd4e55f382b4de671ce70749c2ac651b2dae3b7,2026-07-13T11:44:53.048Z,success,37775,1000,6378809,0x4fecd37f4aee0829f2174ba2b22683e447dba350d41be2baedfda732b6dc01da,2026-07-13T11:44:53.048Z,8333,8333,8454,92,Trusted,2026-07-13T11:44:20.329Z,0xfdf58ebace3be60cfca83db3597d077f29ac694240969bbb4bcfcc52529887d7,,variant-batch live execution
datm-live-2026-07-13T11-41-10-179Z,A,entity-05-suspicious,suspicious,20,2026-07-13T11:44:44.594Z,2026-07-13T11:44:44.594Z,2026-07-13T11:44:44.594Z,0,2026-07-13T11:44:44.750Z,0xb0664a61ec188838591c74f8987d2e691a83950527a8027d41ddc750665cdd2d,2026-07-13T11:44:53.019Z,success,37775,1000,6378809,0x4fecd37f4aee0829f2174ba2b22683e447dba350d41be2baedfda732b6dc01da,2026-07-13T11:44:53.019Z,8269,8269,8425,62,Suspicious,2026-07-13T11:44:20.329Z,0x52290b2d61876c067a76a56d17bccc986f5b303e4d20bbac44f911bbe1c69882,,variant-batch live execution
datm-live-2026-07-13T11-41-10-179Z,A,entity-06-suspicious,suspicious,20,2026-07-13T11:44:44.594Z,2026-07-13T11:44:44.594Z,2026-07-13T11:44:44.594Z,0,2026-07-13T11:44:44.750Z,0x9348e63ed7dd2574535883f33491b8ff20d53153988ab857699deedd86f78c03,2026-07-13T11:44:52.995Z,success,37775,1000,6378809,0x4fecd37f4aee0829f2174ba2b22683e447dba350d41be2baedfda732b6dc01da,2026-07-13T11:44:52.995Z,8245,8245,8401,63,Suspicious,2026-07-13T11:44:20.329Z,0x1b076e576582f512d3217dd68cf44c1923b259a119525da3cc925910b970b955,,variant-batch live execution
datm-live-2026-07-13T11-41-10-179Z,A,entity-07-suspicious,suspicious,20,2026-07-13T11:44:44.594Z,2026-07-13T11:44:44.594Z,2026-07-13T11:44:44.594Z,0,2026-07-13T11:44:44.750Z,0x538cfff714a313d2eab67a294409096d28153a7df316b1ce402f3ed2fbed164b,2026-07-13T11:44:53.227Z,success,37775,1000,6378809,0x4fecd37f4aee0829f2174ba2b22683e447dba350d41be2baedfda732b6dc01da,2026-07-13T11:44:53.227Z,8477,8477,8633,60,Suspicious,2026-07-13T11:44:20.329Z,0xba2ce0d9da412107f7ace177c3ba6b07fa5fed80fe53e28eb529cac5676958e4,,variant-batch live execution
datm-live-2026-07-13T11-41-10-179Z,A,entity-08-malicious,malicious,20,2026-07-13T11:44:44.595Z,2026-07-13T11:44:44.595Z,2026-07-13T11:44:44.595Z,0,2026-07-13T11:44:44.750Z,0x0ac23d3fe68337ed94a24ab218ec912c9b0c730a4303f390c7902384f9df717b,2026-07-13T11:44:53.270Z,success,37775,1000,6378809,0x4fecd37f4aee0829f2174ba2b22683e447dba350d41be2baedfda732b6dc01da,2026-07-13T11:44:53.270Z,8520,8520,8675,26,Untrusted,2026-07-13T11:44:20.329Z,0x19f0821e6d481d80c5112aeff082772247f4c5a2f6e702ca36b3893c159db8c9,,variant-batch live execution
datm-live-2026-07-13T11-41-10-179Z,A,entity-09-malicious,malicious,20,2026-07-13T11:44:44.595Z,2026-07-13T11:44:44.595Z,2026-07-13T11:44:44.595Z,0,2026-07-13T11:44:44.750Z,0xad943383f81c68470ddb5dda5cbc5d01a23832f3a9b3a27ab9cdc1505da2a5a8,2026-07-13T11:44:53.243Z,success,37775,1000,6378809,0x4fecd37f4aee0829f2174ba2b22683e447dba350d41be2baedfda732b6dc01da,2026-07-13T11:44:53.243Z,8493,8493,8648,26,Untrusted,2026-07-13T11:44:20.329Z,0xdb17a259c9420d06048efe056d559b332ac084e52865404e93f1b27ba50711c5,,variant-batch live execution
datm-live-2026-07-13T11-41-10-179Z,A,entity-01-normal,normal,21,2026-07-13T11:44:58.398Z,2026-07-13T11:44:58.398Z,2026-07-13T11:44:58.398Z,0,2026-07-13T11:44:58.520Z,0x06b68d89878c947c87a3ffe16b5d18fb44d4275a5478bc17feadee9a281d9fdb,2026-07-13T11:45:02.775Z,success,37775,1000,6378811,0xcee7ee5282a43d10a338cf63357151d909a381f4734052a89a633dfc5a7393a4,2026-07-13T11:45:02.775Z,4255,4255,4377,91,Trusted,2026-07-13T11:44:30.329Z,0x3e961f53a4dfcdc0dae333713b2c972eab1a7a4757815794f62e9e8e46ef2c6e,,variant-batch live execution
datm-live-2026-07-13T11-41-10-179Z,A,entity-02-normal,normal,21,2026-07-13T11:44:58.400Z,2026-07-13T11:44:58.400Z,2026-07-13T11:44:58.400Z,0,2026-07-13T11:44:58.520Z,0x18394f14a5514281af2d76f8952737d8aba10591a8eaf9c46c0a30b55374cfcc,2026-07-13T11:45:02.775Z,success,37775,1000,6378811,0xcee7ee5282a43d10a338cf63357151d909a381f4734052a89a633dfc5a7393a4,2026-07-13T11:45:02.775Z,4255,4255,4375,89,Trusted,2026-07-13T11:44:30.329Z,0x1e7a4be2e61c4d4944275950efb1cca3c67e83a32da9e2186ca0c086e6e1d639,,variant-batch live execution
datm-live-2026-07-13T11-41-10-179Z,A,entity-03-normal,normal,21,2026-07-13T11:44:58.400Z,2026-07-13T11:44:58.400Z,2026-07-13T11:44:58.400Z,0,2026-07-13T11:44:58.520Z,0xe5ae3ff5ba0234a9167559749d1c2dde2811eba832591bb233ec04cf8627d91a,2026-07-13T11:45:02.801Z,success,37775,1000,6378811,0xcee7ee5282a43d10a338cf63357151d909a381f4734052a89a633dfc5a7393a4,2026-07-13T11:45:02.801Z,4281,4281,4401,91,Trusted,2026-07-13T11:44:30.329Z,0x67710c9125a26222a2c5fd376cdd0ab7a0b8f0e452a8ea65c46ff0be7b156d12,,variant-batch live execution
datm-live-2026-07-13T11-41-10-179Z,A,entity-04-normal,normal,21,2026-07-13T11:44:58.401Z,2026-07-13T11:44:58.401Z,2026-07-13T11:44:58.401Z,0,2026-07-13T11:44:58.518Z,0xd51659db99bc0166e6538df86207eeaeb0b5b3e14bbeea9463d48d08b1e56248,2026-07-13T11:45:02.776Z,success,37775,1000,6378811,0xcee7ee5282a43d10a338cf63357151d909a381f4734052a89a633dfc5a7393a4,2026-07-13T11:45:02.776Z,4258,4258,4375,91,Trusted,2026-07-13T11:44:30.329Z,0x128cda6b155720d096421b46aeae17664cf2f5222ac8d0f1548a66379b220bc5,,variant-batch live execution
datm-live-2026-07-13T11-41-10-179Z,A,entity-05-suspicious,suspicious,21,2026-07-13T11:44:58.402Z,2026-07-13T11:44:58.402Z,2026-07-13T11:44:58.402Z,0,2026-07-13T11:44:58.520Z,0x2513122b74c86a2793dd68ce3e12063d012c7b290e525a5d5eb17b3478829c4a,2026-07-13T11:45:02.773Z,success,37775,1000,6378811,0xcee7ee5282a43d10a338cf63357151d909a381f4734052a89a633dfc5a7393a4,2026-07-13T11:45:02.773Z,4253,4253,4371,63,Suspicious,2026-07-13T11:44:30.329Z,0x9a90050ca28f1498486b2e3deaf2ea1d1dd5bf8fcba5a3e4c20adb4e038b80d1,,variant-batch live execution
datm-live-2026-07-13T11-41-10-179Z,A,entity-06-suspicious,suspicious,21,2026-07-13T11:44:58.403Z,2026-07-13T11:44:58.403Z,2026-07-13T11:44:58.403Z,0,2026-07-13T11:44:58.547Z,0x96bde5f4427e2bccd7ed43eefcf7591957961a1cc6169f1f639366ca6e1d6d55,2026-07-13T11:45:02.771Z,success,37775,1000,6378811,0xcee7ee5282a43d10a338cf63357151d909a381f4734052a89a633dfc5a7393a4,2026-07-13T11:45:02.771Z,4224,4224,4368,61,Suspicious,2026-07-13T11:44:30.329Z,0xd4df1c5e1258e7c86788ebdf2329847a2482e388871d8acd11025928ad7db85d,,variant-batch live execution
datm-live-2026-07-13T11-41-10-179Z,A,entity-07-suspicious,suspicious,21,2026-07-13T11:44:58.403Z,2026-07-13T11:44:58.403Z,2026-07-13T11:44:58.403Z,0,2026-07-13T11:44:58.520Z,0xe8edc78b268bdc0e0cecdcbce61d40a47fba8c37a32a4c527255164a576e1a75,2026-07-13T11:45:02.958Z,success,37775,1000,6378811,0xcee7ee5282a43d10a338cf63357151d909a381f4734052a89a633dfc5a7393a4,2026-07-13T11:45:02.958Z,4438,4438,4555,62,Suspicious,2026-07-13T11:44:30.329Z,0xf452f68080193d140903c09e5e0d23fdc3d0ce8efb3beeef10dda671603980ce,,variant-batch live execution
datm-live-2026-07-13T11-41-10-179Z,A,entity-08-malicious,malicious,21,2026-07-13T11:44:58.404Z,2026-07-13T11:44:58.404Z,2026-07-13T11:44:58.404Z,0,2026-07-13T11:44:58.547Z,0xd93299f34b4271345d37c80faba13ef3a110d80d39df3acd8aab8170c770effb,2026-07-13T11:45:02.978Z,success,37775,1000,6378811,0xcee7ee5282a43d10a338cf63357151d909a381f4734052a89a633dfc5a7393a4,2026-07-13T11:45:02.978Z,4431,4431,4574,26,Untrusted,2026-07-13T11:44:30.329Z,0x6a475e3341d68bd9bcebdac7d08c2e9d6fe4fd9a592d784293884824fd6930a5,,variant-batch live execution
datm-live-2026-07-13T11-41-10-179Z,A,entity-09-malicious,malicious,21,2026-07-13T11:44:58.404Z,2026-07-13T11:44:58.404Z,2026-07-13T11:44:58.404Z,0,2026-07-13T11:44:58.547Z,0xef28a84caaf650c2663e7be3bebaab0712e79605d4a2551300fe3e9317053e55,2026-07-13T11:45:03.006Z,success,37775,1000,6378811,0xcee7ee5282a43d10a338cf63357151d909a381f4734052a89a633dfc5a7393a4,2026-07-13T11:45:03.006Z,4459,4459,4602,27,Untrusted,2026-07-13T11:44:30.329Z,0x3bab1cd896bbc9587035c61be453c4fd203e576d061f5812622c639a9ba89187,,variant-batch live execution
datm-live-2026-07-13T11-41-10-179Z,A,entity-01-normal,normal,22,2026-07-13T11:45:08.129Z,2026-07-13T11:45:08.129Z,2026-07-13T11:45:08.129Z,0,2026-07-13T11:45:08.284Z,0x88d4fa57b5a7965d91beef3b59b2bdaef7225d94780688179256c98832820a6a,2026-07-13T11:45:12.570Z,success,37775,1000,6378813,0x8d2ec7468f50d92b23668d26ba36f9f04ac498937eed8402ae14e19f40841526,2026-07-13T11:45:12.570Z,4286,4286,4441,91,Trusted,2026-07-13T11:44:40.329Z,0x20de2809859b1fed115d7d6f894d4d1222d8e05011cf1fdc49221589f143b729,,variant-batch live execution
datm-live-2026-07-13T11-41-10-179Z,A,entity-02-normal,normal,22,2026-07-13T11:45:08.130Z,2026-07-13T11:45:08.130Z,2026-07-13T11:45:08.130Z,0,2026-07-13T11:45:08.285Z,0x5bfd5c4856fecf1650a9542fbf83c23f31d974e4124ff780ab3edfdd289d0883,2026-07-13T11:45:12.589Z,success,37775,1000,6378813,0x8d2ec7468f50d92b23668d26ba36f9f04ac498937eed8402ae14e19f40841526,2026-07-13T11:45:12.589Z,4304,4304,4459,93,Trusted,2026-07-13T11:44:40.329Z,0x09c5de08ea5623f3f9fd2bb137611a1fd26dbdad6511f01a2dcad7d783192f07,,variant-batch live execution
datm-live-2026-07-13T11-41-10-179Z,A,entity-03-normal,normal,22,2026-07-13T11:45:08.131Z,2026-07-13T11:45:08.131Z,2026-07-13T11:45:08.131Z,0,2026-07-13T11:45:08.285Z,0x03283051e5e8ccb49aad54d8b0075e4857c74565c0c13ff799489a8c912341b7,2026-07-13T11:45:12.572Z,success,37775,1000,6378813,0x8d2ec7468f50d92b23668d26ba36f9f04ac498937eed8402ae14e19f40841526,2026-07-13T11:45:12.572Z,4287,4287,4441,92,Trusted,2026-07-13T11:44:40.329Z,0x9971f413fb0dc0f824cc8c9039b65ee2659090dc8c8adac35238b80546821e22,,variant-batch live execution
datm-live-2026-07-13T11-41-10-179Z,A,entity-04-normal,normal,22,2026-07-13T11:45:08.131Z,2026-07-13T11:45:08.131Z,2026-07-13T11:45:08.131Z,0,2026-07-13T11:45:08.285Z,0x99e3a15d2d944cf079c660f2f03ee455c234ae373835f155ce4a11e157978b38,2026-07-13T11:45:12.570Z,success,37775,1000,6378813,0x8d2ec7468f50d92b23668d26ba36f9f04ac498937eed8402ae14e19f40841526,2026-07-13T11:45:12.570Z,4285,4285,4439,91,Trusted,2026-07-13T11:44:40.329Z,0x38ddb717888a77968d277fcaeb78c3142c99479b267d6c242dfc691aee608f91,,variant-batch live execution
datm-live-2026-07-13T11-41-10-179Z,A,entity-05-suspicious,suspicious,22,2026-07-13T11:45:08.131Z,2026-07-13T11:45:08.131Z,2026-07-13T11:45:08.131Z,0,2026-07-13T11:45:08.322Z,0xd311fb2fa04be3484365eb6faa3714e57ff9e602676e1548940f8ab26dc962af,2026-07-13T11:45:12.570Z,success,37775,1000,6378813,0x8d2ec7468f50d92b23668d26ba36f9f04ac498937eed8402ae14e19f40841526,2026-07-13T11:45:12.570Z,4248,4248,4439,61,Suspicious,2026-07-13T11:44:40.329Z,0x41d74794bf437bee7cc103015e61c2d96fce43105c089d2e21bc9705cc550d7a,,variant-batch live execution
datm-live-2026-07-13T11-41-10-179Z,A,entity-06-suspicious,suspicious,22,2026-07-13T11:45:08.132Z,2026-07-13T11:45:08.132Z,2026-07-13T11:45:08.132Z,0,2026-07-13T11:45:08.285Z,0xb36fda4bb05ffdc1b65cf3454ba9f27e0c5d6d6a3840890b0e87e071ba34e304,2026-07-13T11:45:12.563Z,success,37775,1000,6378813,0x8d2ec7468f50d92b23668d26ba36f9f04ac498937eed8402ae14e19f40841526,2026-07-13T11:45:12.563Z,4278,4278,4431,58,Suspicious,2026-07-13T11:44:40.329Z,0xf25f260fb38f4641dd96f2316635401b4dcc80a025d9c0854f36e3125f9992e9,,variant-batch live execution
datm-live-2026-07-13T11-41-10-179Z,A,entity-07-suspicious,suspicious,22,2026-07-13T11:45:08.132Z,2026-07-13T11:45:08.132Z,2026-07-13T11:45:08.132Z,0,2026-07-13T11:45:08.285Z,0x3a83a0bc821fdfefa5105d89a12576f3076d0c148bec8cc6834c0696df306ea3,2026-07-13T11:45:12.756Z,success,37775,1000,6378813,0x8d2ec7468f50d92b23668d26ba36f9f04ac498937eed8402ae14e19f40841526,2026-07-13T11:45:12.756Z,4471,4471,4624,63,Suspicious,2026-07-13T11:44:40.329Z,0x289ef16e2e9c8b3a1b6d96d16b8013adc2753516c296a94b66bf6c0ee65f9679,,variant-batch live execution
datm-live-2026-07-13T11-41-10-179Z,A,entity-08-malicious,malicious,22,2026-07-13T11:45:08.133Z,2026-07-13T11:45:08.133Z,2026-07-13T11:45:08.133Z,0,2026-07-13T11:45:08.323Z,0xf89fc5195c2b729d3cf9f75b8d4ce61d9913973490881caaa4481265470b8e4f,2026-07-13T11:45:12.743Z,success,37775,1000,6378813,0x8d2ec7468f50d92b23668d26ba36f9f04ac498937eed8402ae14e19f40841526,2026-07-13T11:45:12.743Z,4420,4420,4610,27,Untrusted,2026-07-13T11:44:40.329Z,0x60dec624240fd8fcf10af37dca1a4b78480d6181c57ce7fd7c961db5bf7a72f0,,variant-batch live execution
datm-live-2026-07-13T11-41-10-179Z,A,entity-09-malicious,malicious,22,2026-07-13T11:45:08.133Z,2026-07-13T11:45:08.133Z,2026-07-13T11:45:08.133Z,0,2026-07-13T11:45:08.323Z,0x1445d5df20e2d44f67aa1c440a72433960b7ed02aea86c5ef002d0964582ba47,2026-07-13T11:45:12.785Z,success,37775,1000,6378813,0x8d2ec7468f50d92b23668d26ba36f9f04ac498937eed8402ae14e19f40841526,2026-07-13T11:45:12.785Z,4462,4462,4652,25,Untrusted,2026-07-13T11:44:40.329Z,0xc8a35853c547a7a925aea8e807e05021d49f869634dbcc26c8e51a7f58226bfd,,variant-batch live execution
datm-live-2026-07-13T11-41-10-179Z,A,entity-01-normal,normal,23,2026-07-13T11:45:17.906Z,2026-07-13T11:45:17.906Z,2026-07-13T11:45:17.906Z,0,2026-07-13T11:45:18.024Z,0x5aad0efb7499e0fdfe5cebaa112ffc176f6496516244c871a66ec12507b307c3,2026-07-13T11:45:22.308Z,success,37775,1000,6378815,0xf9775aefe7762acbcf03cd77e24cf8124e430ac15f34ca99f47d8294fa2592b3,2026-07-13T11:45:22.308Z,4284,4284,4402,93,Trusted,2026-07-13T11:44:50.329Z,0x4298d8eff07b42a5c805cf4028e4d26b2c041ffdba05fe21233f6db9ec170bf7,,variant-batch live execution
datm-live-2026-07-13T11-41-10-179Z,A,entity-02-normal,normal,23,2026-07-13T11:45:17.906Z,2026-07-13T11:45:17.906Z,2026-07-13T11:45:17.906Z,0,2026-07-13T11:45:18.048Z,0x79ab9aac0ed8b3bf1e9e68c7dd1da339601d6d7baeb6ee743a5b2912496d3caf,2026-07-13T11:45:22.312Z,success,37775,1000,6378815,0xf9775aefe7762acbcf03cd77e24cf8124e430ac15f34ca99f47d8294fa2592b3,2026-07-13T11:45:22.312Z,4264,4264,4406,93,Trusted,2026-07-13T11:44:50.329Z,0x1602e1129325b85b49d77971235840495b3255b51c9b8e655347cb27685a815a,,variant-batch live execution
datm-live-2026-07-13T11-41-10-179Z,A,entity-03-normal,normal,23,2026-07-13T11:45:17.907Z,2026-07-13T11:45:17.907Z,2026-07-13T11:45:17.907Z,0,2026-07-13T11:45:18.048Z,0x64b9dda4f35d74c143c3fa70e56ac81a670fbfa24570c27a9bf0338fc8349fc3,2026-07-13T11:45:22.309Z,success,37775,1000,6378815,0xf9775aefe7762acbcf03cd77e24cf8124e430ac15f34ca99f47d8294fa2592b3,2026-07-13T11:45:22.309Z,4261,4261,4402,92,Trusted,2026-07-13T11:44:50.329Z,0x8ff26a4c50d7eb081ff575fc8ad1896ce29e0fd1b4b8a46a30926da190a82863,,variant-batch live execution
datm-live-2026-07-13T11-41-10-179Z,A,entity-04-normal,normal,23,2026-07-13T11:45:17.907Z,2026-07-13T11:45:17.907Z,2026-07-13T11:45:17.907Z,0,2026-07-13T11:45:18.049Z,0xd08c22f634e3ddebb9b5015bf74e9033b369e92574ae6862e2d37e1c529860f9,2026-07-13T11:45:22.311Z,success,37775,1000,6378815,0xf9775aefe7762acbcf03cd77e24cf8124e430ac15f34ca99f47d8294fa2592b3,2026-07-13T11:45:22.311Z,4262,4262,4404,93,Trusted,2026-07-13T11:44:50.329Z,0x860934e73651365827d5c85f209accfd3e77fc8e6c11befc269e064ff00d950b,,variant-batch live execution
datm-live-2026-07-13T11-41-10-179Z,A,entity-05-suspicious,suspicious,23,2026-07-13T11:45:17.907Z,2026-07-13T11:45:17.907Z,2026-07-13T11:45:17.907Z,0,2026-07-13T11:45:18.049Z,0x1ffa8be4596a64327a4d6b4b9188ce9ff2f735fced1cab438e2d213530be6ef9,2026-07-13T11:45:22.312Z,success,37775,1000,6378815,0xf9775aefe7762acbcf03cd77e24cf8124e430ac15f34ca99f47d8294fa2592b3,2026-07-13T11:45:22.312Z,4263,4263,4405,58,Suspicious,2026-07-13T11:44:50.329Z,0x42586e5edef30143a25b4a1f44b2210812a37030d7b284aa660ca72cea48910b,,variant-batch live execution
datm-live-2026-07-13T11-41-10-179Z,A,entity-06-suspicious,suspicious,23,2026-07-13T11:45:17.908Z,2026-07-13T11:45:17.908Z,2026-07-13T11:45:17.908Z,0,2026-07-13T11:45:18.049Z,0xbdd9d1260fa703a5d9c0c57e9b44f501458290bbd6114ef1b124e0c3aacbde53,2026-07-13T11:45:22.334Z,success,37775,1000,6378815,0xf9775aefe7762acbcf03cd77e24cf8124e430ac15f34ca99f47d8294fa2592b3,2026-07-13T11:45:22.334Z,4285,4285,4426,61,Suspicious,2026-07-13T11:44:50.329Z,0x6c58809e2c449d01f304121f5912d00ecb0b6a83248051da05fa621850330d5b,,variant-batch live execution
datm-live-2026-07-13T11-41-10-179Z,A,entity-07-suspicious,suspicious,23,2026-07-13T11:45:17.908Z,2026-07-13T11:45:17.908Z,2026-07-13T11:45:17.908Z,0,2026-07-13T11:45:18.060Z,0xc8e01e8587fe0385e7d63b93772f81baeb61320a0e8a4dadc22a222f989a6836,2026-07-13T11:45:22.493Z,success,37775,1000,6378815,0xf9775aefe7762acbcf03cd77e24cf8124e430ac15f34ca99f47d8294fa2592b3,2026-07-13T11:45:22.493Z,4433,4433,4585,61,Suspicious,2026-07-13T11:44:50.329Z,0xf9b902313b0561d291086b9a4e497653f19c788a65161c31a84cf3c36ab28d76,,variant-batch live execution
datm-live-2026-07-13T11-41-10-179Z,A,entity-08-malicious,malicious,23,2026-07-13T11:45:17.908Z,2026-07-13T11:45:17.908Z,2026-07-13T11:45:17.908Z,0,2026-07-13T11:45:18.060Z,0xf4ba2e9c34273d7b2e043ba3e8d100621ae3921016583881957847ef0f236e20,2026-07-13T11:45:22.516Z,success,37775,1000,6378815,0xf9775aefe7762acbcf03cd77e24cf8124e430ac15f34ca99f47d8294fa2592b3,2026-07-13T11:45:22.516Z,4456,4456,4608,25,Untrusted,2026-07-13T11:44:50.329Z,0x28987a9e6177c00931e537ff78a7b5f336fefc8fbd5af4b468b944ec5976a383,,variant-batch live execution
datm-live-2026-07-13T11-41-10-179Z,A,entity-09-malicious,malicious,23,2026-07-13T11:45:17.909Z,2026-07-13T11:45:17.909Z,2026-07-13T11:45:17.909Z,0,2026-07-13T11:45:18.060Z,0xd8753070884123364c3526664aad285cc65e5296c832508767ab8aa9cac4df0c,2026-07-13T11:45:22.544Z,success,37775,1000,6378815,0xf9775aefe7762acbcf03cd77e24cf8124e430ac15f34ca99f47d8294fa2592b3,2026-07-13T11:45:22.544Z,4484,4484,4635,25,Untrusted,2026-07-13T11:44:50.329Z,0x3b9f235306de50405a9ed18a3bc9bcc40816eb4e70d6627a1ccf80588af8024f,,variant-batch live execution
datm-live-2026-07-13T11-41-10-179Z,A,entity-01-normal,normal,24,2026-07-13T11:45:27.674Z,2026-07-13T11:45:27.674Z,2026-07-13T11:45:27.674Z,0,2026-07-13T11:45:27.803Z,0xfdd447ac69b533520f0fa17e4e05828caffa376bd2ce8eb6aa643e44f766eb68,2026-07-13T11:45:32.073Z,success,37775,1000,6378817,0x1a033b89e15ca8b6d52f0f7447696735f1353d8b54c0b7be91849ab802f0be4b,2026-07-13T11:45:32.073Z,4270,4270,4399,92,Trusted,2026-07-13T11:45:00.329Z,0xe55b3314dc23d44a6110285f1a05ed9b695f0fa00cd03241ec452f5d3da53515,,variant-batch live execution
datm-live-2026-07-13T11-41-10-179Z,A,entity-02-normal,normal,24,2026-07-13T11:45:27.674Z,2026-07-13T11:45:27.674Z,2026-07-13T11:45:27.674Z,0,2026-07-13T11:45:27.803Z,0xae4c1b2e1ff081422846fe203563190a15f526b225fdb3e744805a6928425e83,2026-07-13T11:45:32.069Z,success,37775,1000,6378817,0x1a033b89e15ca8b6d52f0f7447696735f1353d8b54c0b7be91849ab802f0be4b,2026-07-13T11:45:32.069Z,4266,4266,4395,91,Trusted,2026-07-13T11:45:00.329Z,0x757550be661f34715ed2915cda223e278bb558d4365de9b8df8d9dd8cc36f5e0,,variant-batch live execution
datm-live-2026-07-13T11-41-10-179Z,A,entity-03-normal,normal,24,2026-07-13T11:45:27.675Z,2026-07-13T11:45:27.675Z,2026-07-13T11:45:27.675Z,0,2026-07-13T11:45:27.804Z,0x022c37e3b20aca3305e2a9b6b6b806ab0496046c5808ba6dc9f27cab61498e6a,2026-07-13T11:45:32.076Z,success,37775,1000,6378817,0x1a033b89e15ca8b6d52f0f7447696735f1353d8b54c0b7be91849ab802f0be4b,2026-07-13T11:45:32.076Z,4272,4272,4401,92,Trusted,2026-07-13T11:45:00.329Z,0xb1c464d7ed74d5fc0550bc3055e34b7c321ede380d67cb700dc1afeab7634ff5,,variant-batch live execution
datm-live-2026-07-13T11-41-10-179Z,A,entity-04-normal,normal,24,2026-07-13T11:45:27.675Z,2026-07-13T11:45:27.675Z,2026-07-13T11:45:27.675Z,0,2026-07-13T11:45:27.804Z,0x6c47dbf51c3fe4cff4dd0d58647fb73cb4d9f3cf8b51865881e63fa6307949a9,2026-07-13T11:45:32.093Z,success,37775,1000,6378817,0x1a033b89e15ca8b6d52f0f7447696735f1353d8b54c0b7be91849ab802f0be4b,2026-07-13T11:45:32.093Z,4289,4289,4418,92,Trusted,2026-07-13T11:45:00.329Z,0x5faa759b45aa54d303bc3f12caecdd7070a00ebad2010c0793e07360d150349a,,variant-batch live execution
datm-live-2026-07-13T11-41-10-179Z,A,entity-05-suspicious,suspicious,24,2026-07-13T11:45:27.675Z,2026-07-13T11:45:27.675Z,2026-07-13T11:45:27.675Z,0,2026-07-13T11:45:27.827Z,0x710401fa2a97c52ebb7df744fc826fa58b4f941da19fab2ada228b08de11ccca,2026-07-13T11:45:32.078Z,success,37775,1000,6378817,0x1a033b89e15ca8b6d52f0f7447696735f1353d8b54c0b7be91849ab802f0be4b,2026-07-13T11:45:32.078Z,4251,4251,4403,61,Suspicious,2026-07-13T11:45:00.329Z,0x4aa374e00122b1127de4be96c1380c23581766cfb1b05de53219ee81f57885ba,,variant-batch live execution
datm-live-2026-07-13T11-41-10-179Z,A,entity-06-suspicious,suspicious,24,2026-07-13T11:45:27.676Z,2026-07-13T11:45:27.676Z,2026-07-13T11:45:27.676Z,0,2026-07-13T11:45:27.827Z,0x745da538ff5a16446d6cf1b89d1894c1a795f3f351c237c325d6d13c4043f8bb,2026-07-13T11:45:32.065Z,success,37775,1000,6378817,0x1a033b89e15ca8b6d52f0f7447696735f1353d8b54c0b7be91849ab802f0be4b,2026-07-13T11:45:32.065Z,4238,4238,4389,61,Suspicious,2026-07-13T11:45:00.329Z,0x11a63f86e8886b3fcea8d473720bda4ada247fa3bc9dd81495e0f80a38b89312,,variant-batch live execution
datm-live-2026-07-13T11-41-10-179Z,A,entity-07-suspicious,suspicious,24,2026-07-13T11:45:27.676Z,2026-07-13T11:45:27.676Z,2026-07-13T11:45:27.676Z,0,2026-07-13T11:45:27.827Z,0x90ff64647204e734c3c9dbc09b4809416c29f8cf0bd3ac304f4b1463112e7b4d,2026-07-13T11:45:32.252Z,success,37775,1000,6378817,0x1a033b89e15ca8b6d52f0f7447696735f1353d8b54c0b7be91849ab802f0be4b,2026-07-13T11:45:32.252Z,4425,4425,4576,58,Suspicious,2026-07-13T11:45:00.329Z,0x4d9e326fa30e7925244bac068e7303dc6fac4a3699d01be5f85cd312cde80281,,variant-batch live execution
datm-live-2026-07-13T11-41-10-179Z,A,entity-08-malicious,malicious,24,2026-07-13T11:45:27.676Z,2026-07-13T11:45:27.676Z,2026-07-13T11:45:27.676Z,0,2026-07-13T11:45:27.827Z,0x7de9ba578290c1673631ae206ca1a06874d7b3486d18667f0dd5e0b0c21efaef,2026-07-13T11:45:32.273Z,success,37775,1000,6378817,0x1a033b89e15ca8b6d52f0f7447696735f1353d8b54c0b7be91849ab802f0be4b,2026-07-13T11:45:32.273Z,4446,4446,4597,25,Untrusted,2026-07-13T11:45:00.329Z,0xe0256d35eb2182d392034edd1b1e39158ca2e0090cc250029f3208b4f3a6c902,,variant-batch live execution
datm-live-2026-07-13T11-41-10-179Z,A,entity-09-malicious,malicious,24,2026-07-13T11:45:27.677Z,2026-07-13T11:45:27.677Z,2026-07-13T11:45:27.677Z,0,2026-07-13T11:45:27.827Z,0x35df83ac15a7740eb32013ceed4d4ae68dd582f6eb7d69b173a5c9d39d92bb87,2026-07-13T11:45:32.303Z,success,37775,1000,6378817,0x1a033b89e15ca8b6d52f0f7447696735f1353d8b54c0b7be91849ab802f0be4b,2026-07-13T11:45:32.303Z,4476,4476,4626,27,Untrusted,2026-07-13T11:45:00.329Z,0xd4d0b3435ba841baad91ba1ef7f43c68d496146a618327bb77d21c1e3afa618d,,variant-batch live execution
datm-live-2026-07-13T11-41-10-179Z,A,entity-01-normal,normal,25,2026-07-13T11:45:37.434Z,2026-07-13T11:45:37.434Z,2026-07-13T11:45:37.434Z,0,2026-07-13T11:45:37.572Z,0xc9589dec6f7d29ef2ccbfebf0490bd8ebe5d83202a8e2ae45baa7fc5469709a1,2026-07-13T11:45:41.878Z,success,37775,1000,6378819,0x236071af2c5a30f588faa91b2b67cfdf573a303106ac0be3476ec34310e30195,2026-07-13T11:45:41.878Z,4306,4306,4444,92,Trusted,2026-07-13T11:45:10.329Z,0x4d8db7610d483df00d0af650bab393aa26959667dc2889ff98778ee59ed4503c,,variant-batch live execution
datm-live-2026-07-13T11-41-10-179Z,A,entity-02-normal,normal,25,2026-07-13T11:45:37.435Z,2026-07-13T11:45:37.435Z,2026-07-13T11:45:37.435Z,0,2026-07-13T11:45:37.572Z,0xec29c7c16c5d6677d33e74273b37a8136be501d91254f6460c3ecd621503e25b,2026-07-13T11:45:41.852Z,success,37775,1000,6378819,0x236071af2c5a30f588faa91b2b67cfdf573a303106ac0be3476ec34310e30195,2026-07-13T11:45:41.852Z,4280,4280,4417,92,Trusted,2026-07-13T11:45:10.329Z,0x01e0ffd607e58518582db1bf59b31922a23e776f646d6ea99d1fd09552706e4b,,variant-batch live execution
datm-live-2026-07-13T11-41-10-179Z,A,entity-03-normal,normal,25,2026-07-13T11:45:37.435Z,2026-07-13T11:45:37.435Z,2026-07-13T11:45:37.435Z,0,2026-07-13T11:45:37.605Z,0x55f6799a07326f3ce26039c145636eb7a10e9253b50829143dac02b5e90a9bae,2026-07-13T11:45:41.852Z,success,37775,1000,6378819,0x236071af2c5a30f588faa91b2b67cfdf573a303106ac0be3476ec34310e30195,2026-07-13T11:45:41.852Z,4247,4247,4417,93,Trusted,2026-07-13T11:45:10.329Z,0xe3d8de7aa1f1195b7f17178e318b727f47f9eb08563316a99db95f2a12f0344f,,variant-batch live execution
datm-live-2026-07-13T11-41-10-179Z,A,entity-04-normal,normal,25,2026-07-13T11:45:37.435Z,2026-07-13T11:45:37.435Z,2026-07-13T11:45:37.435Z,0,2026-07-13T11:45:37.605Z,0x92a967c1edf0fe1b3189c33bd1caf009a5574a83e6537c51bda80c058ef8e7ce,2026-07-13T11:45:41.856Z,success,37775,1000,6378819,0x236071af2c5a30f588faa91b2b67cfdf573a303106ac0be3476ec34310e30195,2026-07-13T11:45:41.856Z,4251,4251,4421,92,Trusted,2026-07-13T11:45:10.329Z,0x5537ada6b90d02fbc8b6482a4a5fe2c503725e9512266d26b202221c9cb8d1f3,,variant-batch live execution
datm-live-2026-07-13T11-41-10-179Z,A,entity-05-suspicious,suspicious,25,2026-07-13T11:45:37.436Z,2026-07-13T11:45:37.436Z,2026-07-13T11:45:37.436Z,0,2026-07-13T11:45:37.605Z,0xa4569783fe9ad529458c49ad01dce58498bc3f20e2a6691bc321897d66242a51,2026-07-13T11:45:41.854Z,success,37763,1000,6378819,0x236071af2c5a30f588faa91b2b67cfdf573a303106ac0be3476ec34310e30195,2026-07-13T11:45:41.854Z,4249,4249,4418,61,Suspicious,2026-07-13T11:45:10.329Z,0x1573dee7c68ab9aeba650069df5e9b37daf898bba3357b0f707eca8305bd15b3,,variant-batch live execution
datm-live-2026-07-13T11-41-10-179Z,A,entity-06-suspicious,suspicious,25,2026-07-13T11:45:37.436Z,2026-07-13T11:45:37.436Z,2026-07-13T11:45:37.436Z,0,2026-07-13T11:45:37.606Z,0xf13e0ae2b5a2ecb854425b704569430f1c0f765d7334a9e5b96ae8f594ec5931,2026-07-13T11:45:41.858Z,success,37775,1000,6378819,0x236071af2c5a30f588faa91b2b67cfdf573a303106ac0be3476ec34310e30195,2026-07-13T11:45:41.858Z,4252,4252,4422,61,Suspicious,2026-07-13T11:45:10.329Z,0x1ca11bbe6eb3b22456960dca88e421ba4420556754a0133799109b5d5540968b,,variant-batch live execution
datm-live-2026-07-13T11-41-10-179Z,A,entity-07-suspicious,suspicious,25,2026-07-13T11:45:37.436Z,2026-07-13T11:45:37.436Z,2026-07-13T11:45:37.436Z,0,2026-07-13T11:45:37.606Z,0x32821366e0a2cd3453ae6c07e70634d16b9b02fb9301f09b7e2886193b138f61,2026-07-13T11:45:42.061Z,success,37775,1000,6378819,0x236071af2c5a30f588faa91b2b67cfdf573a303106ac0be3476ec34310e30195,2026-07-13T11:45:42.061Z,4455,4455,4625,61,Suspicious,2026-07-13T11:45:10.329Z,0x96aae2f4acea10a3f9a74cf0d479cf6787c9278ee3d0e553655c16536bb532f2,,variant-batch live execution
datm-live-2026-07-13T11-41-10-179Z,A,entity-08-malicious,malicious,25,2026-07-13T11:45:37.437Z,2026-07-13T11:45:37.437Z,2026-07-13T11:45:37.437Z,0,2026-07-13T11:45:37.606Z,0xa00b4131832174b1c81019691d471537909c647ff94cd32adb68ebd587465c4e,2026-07-13T11:45:42.067Z,success,37775,1000,6378819,0x236071af2c5a30f588faa91b2b67cfdf573a303106ac0be3476ec34310e30195,2026-07-13T11:45:42.067Z,4461,4461,4630,27,Untrusted,2026-07-13T11:45:10.329Z,0xed5e4979db933b2cbc5ae77d42ab9dbb6e4a586a95d3d3ff9fbf50c5e4b93dbe,,variant-batch live execution
datm-live-2026-07-13T11-41-10-179Z,A,entity-09-malicious,malicious,25,2026-07-13T11:45:37.437Z,2026-07-13T11:45:37.437Z,2026-07-13T11:45:37.437Z,0,2026-07-13T11:45:37.606Z,0xcb766dd08683b99159994bb64108d0b2710312df6972b54a9c74ddec5ee91971,2026-07-13T11:45:42.087Z,success,37775,1000,6378819,0x236071af2c5a30f588faa91b2b67cfdf573a303106ac0be3476ec34310e30195,2026-07-13T11:45:42.087Z,4481,4481,4650,25,Untrusted,2026-07-13T11:45:10.329Z,0x7c58cfd9611cf2053f4624080333c77d0a36aff91cddd0fd4e0fa73a40cfc7eb,,variant-batch live execution
datm-live-2026-07-13T11-41-10-179Z,A,entity-01-normal,normal,26,2026-07-13T11:45:47.216Z,2026-07-13T11:45:47.216Z,2026-07-13T11:45:47.216Z,0,2026-07-13T11:45:47.406Z,0xb2db8abbbf61a40f18337c600fb96c81868fe95835f84eca01907be84d6e3e35,2026-07-13T11:45:51.673Z,success,37775,1000,6378821,0xa3bb5ddb6d3c322c9c3067dd88b270488be9a1166c650db0a0e78b5343a7b4c3,2026-07-13T11:45:51.673Z,4267,4267,4457,92,Trusted,2026-07-13T11:45:20.329Z,0x6f2ae0aa4bf92ce78d7dbe67e380e2f95527ea739f7e4083b3b53b0ed7a7725d,,variant-batch live execution
datm-live-2026-07-13T11-41-10-179Z,A,entity-02-normal,normal,26,2026-07-13T11:45:47.217Z,2026-07-13T11:45:47.217Z,2026-07-13T11:45:47.217Z,0,2026-07-13T11:45:47.406Z,0xe7afc286ce59a442f88d82b545a650596c41c12ebfd9e26b9db553c8cc2f695f,2026-07-13T11:45:51.687Z,success,37775,1000,6378821,0xa3bb5ddb6d3c322c9c3067dd88b270488be9a1166c650db0a0e78b5343a7b4c3,2026-07-13T11:45:51.687Z,4281,4281,4470,92,Trusted,2026-07-13T11:45:20.329Z,0x3416e7031014b7493eafb487e0ccdb05b339121fbd32e8874d8d3a600c09d05e,,variant-batch live execution
datm-live-2026-07-13T11-41-10-179Z,A,entity-03-normal,normal,26,2026-07-13T11:45:47.217Z,2026-07-13T11:45:47.217Z,2026-07-13T11:45:47.217Z,0,2026-07-13T11:45:47.406Z,0x7b714fa53a1f89ce13d217bb36218a0a141432e6cdbae472c1d5c80adfc88350,2026-07-13T11:45:51.705Z,success,37775,1000,6378821,0xa3bb5ddb6d3c322c9c3067dd88b270488be9a1166c650db0a0e78b5343a7b4c3,2026-07-13T11:45:51.705Z,4299,4299,4488,91,Trusted,2026-07-13T11:45:20.329Z,0xbfdfe247d6b1688e5f113fb015ca7d9f0556bf0e5ba3bdffb3632d3e27533e0e,,variant-batch live execution
datm-live-2026-07-13T11-41-10-179Z,A,entity-04-normal,normal,26,2026-07-13T11:45:47.217Z,2026-07-13T11:45:47.217Z,2026-07-13T11:45:47.217Z,0,2026-07-13T11:45:47.406Z,0x00b9f333ce8bcbfa2814f6415338713f24b5480700d7d37f6dd070ccbc516075,2026-07-13T11:45:51.673Z,success,37775,1000,6378821,0xa3bb5ddb6d3c322c9c3067dd88b270488be9a1166c650db0a0e78b5343a7b4c3,2026-07-13T11:45:51.673Z,4267,4267,4456,92,Trusted,2026-07-13T11:45:20.329Z,0x442ae89bc332ace358d70ea35cd3ea1b2614a357672f159edf62d7fecf6e2b80,,variant-batch live execution
datm-live-2026-07-13T11-41-10-179Z,A,entity-05-suspicious,suspicious,26,2026-07-13T11:45:47.217Z,2026-07-13T11:45:47.217Z,2026-07-13T11:45:47.217Z,0,2026-07-13T11:45:47.397Z,0x9134357981f4d5a51d31331b55b7bc51aeffaa5ec4f1b7cd0f9c83eff2fe6e33,2026-07-13T11:45:51.673Z,success,37775,1000,6378821,0xa3bb5ddb6d3c322c9c3067dd88b270488be9a1166c650db0a0e78b5343a7b4c3,2026-07-13T11:45:51.673Z,4276,4276,4456,61,Suspicious,2026-07-13T11:45:20.329Z,0x9b2c6295699901065c6f45b85d61f51e747e6475ecd264b89470d24991c63d2d,,variant-batch live execution
datm-live-2026-07-13T11-41-10-179Z,A,entity-06-suspicious,suspicious,26,2026-07-13T11:45:47.217Z,2026-07-13T11:45:47.217Z,2026-07-13T11:45:47.217Z,0,2026-07-13T11:45:47.407Z,0xd98091cec2d26e13b52483347335f59db60a44f5ccfa8ab1b7e78a6cce71ecc4,2026-07-13T11:45:51.684Z,success,37775,1000,6378821,0xa3bb5ddb6d3c322c9c3067dd88b270488be9a1166c650db0a0e78b5343a7b4c3,2026-07-13T11:45:51.684Z,4277,4277,4467,60,Suspicious,2026-07-13T11:45:20.329Z,0x80378d15383b2f6883889e5281c744fcf6fb47378785a7ecb1cec28407c6c520,,variant-batch live execution
datm-live-2026-07-13T11-41-10-179Z,A,entity-07-suspicious,suspicious,26,2026-07-13T11:45:47.217Z,2026-07-13T11:45:47.217Z,2026-07-13T11:45:47.217Z,0,2026-07-13T11:45:47.425Z,0x7af7db8ab5dbec6cd925b209efa310d7e2da6671b3c31e77b9144c0f6f44da03,2026-07-13T11:45:51.872Z,success,37775,1000,6378821,0xa3bb5ddb6d3c322c9c3067dd88b270488be9a1166c650db0a0e78b5343a7b4c3,2026-07-13T11:45:51.872Z,4447,4447,4655,61,Suspicious,2026-07-13T11:45:20.329Z,0xca79d1c74ffe9eb03bf0ef3b12e122c564ced93857633aa4318ffdf3c89fde45,,variant-batch live execution
datm-live-2026-07-13T11-41-10-179Z,A,entity-08-malicious,malicious,26,2026-07-13T11:45:47.217Z,2026-07-13T11:45:47.217Z,2026-07-13T11:45:47.217Z,0,2026-07-13T11:45:47.425Z,0x4c8af80098d8ce8d8c324e04b5ea4e95da70721a6bc7a186305002d9eee31674,2026-07-13T11:45:51.900Z,success,37775,1000,6378821,0xa3bb5ddb6d3c322c9c3067dd88b270488be9a1166c650db0a0e78b5343a7b4c3,2026-07-13T11:45:51.900Z,4475,4475,4683,25,Untrusted,2026-07-13T11:45:20.329Z,0xef4a5baf109d209946fefdc6ad8cd8cc7c0cefd9739a1ecce3f2dd50d7145443,,variant-batch live execution
datm-live-2026-07-13T11-41-10-179Z,A,entity-09-malicious,malicious,26,2026-07-13T11:45:47.218Z,2026-07-13T11:45:47.218Z,2026-07-13T11:45:47.218Z,0,2026-07-13T11:45:47.425Z,0xabb880f0222015c0a07d25355d266e574151b7335edda01fd4d037bd68c81f39,2026-07-13T11:45:51.937Z,success,37775,1000,6378821,0xa3bb5ddb6d3c322c9c3067dd88b270488be9a1166c650db0a0e78b5343a7b4c3,2026-07-13T11:45:51.937Z,4512,4512,4719,24,Untrusted,2026-07-13T11:45:20.329Z,0x495037853a9df1eb63428d0959d6306b4b73e7add57e20b7bd4416ca0d965c8e,,variant-batch live execution
datm-live-2026-07-13T11-41-10-179Z,A,entity-01-normal,normal,27,2026-07-13T11:45:57.076Z,2026-07-13T11:45:57.076Z,2026-07-13T11:45:57.076Z,0,2026-07-13T11:45:57.209Z,0xbcb0a9ddf89c36e05227f1e2257e9fdb48463edb6abec16c757fb9df2097a38e,2026-07-13T11:46:01.494Z,success,37775,1000,6378823,0xfb9ce003102c0fc9f22e893eef8c5f8acf2e60fa5453f845d70b50ecb094874c,2026-07-13T11:46:01.494Z,4285,4285,4418,93,Trusted,2026-07-13T11:45:30.329Z,0x06946abf57854182363f7a21c2719304090decc21354bd362d265057165cccdb,,variant-batch live execution
datm-live-2026-07-13T11-41-10-179Z,A,entity-02-normal,normal,27,2026-07-13T11:45:57.077Z,2026-07-13T11:45:57.077Z,2026-07-13T11:45:57.077Z,0,2026-07-13T11:45:57.209Z,0xcb5be55c5c48ad15a06b9050f8896de09d8a2490a1db916c6bb63f784795af43,2026-07-13T11:46:01.493Z,success,37763,1000,6378823,0xfb9ce003102c0fc9f22e893eef8c5f8acf2e60fa5453f845d70b50ecb094874c,2026-07-13T11:46:01.493Z,4284,4284,4416,91,Trusted,2026-07-13T11:45:30.329Z,0xdf570fc54eb41900680629163f5c701b83fe86abeb19d2fbe4f31240e60997f3,,variant-batch live execution
datm-live-2026-07-13T11-41-10-179Z,A,entity-03-normal,normal,27,2026-07-13T11:45:57.077Z,2026-07-13T11:45:57.077Z,2026-07-13T11:45:57.077Z,0,2026-07-13T11:45:57.211Z,0xfda7f42612855a7be7017545aeae03013d0865a9ba3be97efc89fbd1e0be2b99,2026-07-13T11:46:01.492Z,success,37775,1000,6378823,0xfb9ce003102c0fc9f22e893eef8c5f8acf2e60fa5453f845d70b50ecb094874c,2026-07-13T11:46:01.492Z,4281,4281,4415,93,Trusted,2026-07-13T11:45:30.329Z,0xea91bf43dfde36806cc070afb9b6ad0825c5d8adc3b2e01e37a661ed53fddb72,,variant-batch live execution
datm-live-2026-07-13T11-41-10-179Z,A,entity-04-normal,normal,27,2026-07-13T11:45:57.078Z,2026-07-13T11:45:57.078Z,2026-07-13T11:45:57.078Z,0,2026-07-13T11:45:57.211Z,0x5a77e863ea5b8db26aa782c0a8f516d6a6585e1c170c2139750b93d38887da6b,2026-07-13T11:46:01.515Z,success,37775,1000,6378823,0xfb9ce003102c0fc9f22e893eef8c5f8acf2e60fa5453f845d70b50ecb094874c,2026-07-13T11:46:01.515Z,4304,4304,4437,93,Trusted,2026-07-13T11:45:30.329Z,0xb28ec7b49e9a56af616337ecc3a107153fc1e491fd52aef0f2dc515c035d424e,,variant-batch live execution
datm-live-2026-07-13T11-41-10-179Z,A,entity-05-suspicious,suspicious,27,2026-07-13T11:45:57.078Z,2026-07-13T11:45:57.078Z,2026-07-13T11:45:57.078Z,0,2026-07-13T11:45:57.211Z,0x439559a43fccf39f1870c2b2b4df6f58ed38e75ba3a094c791d23a1a1ef91583,2026-07-13T11:46:01.493Z,success,37763,1000,6378823,0xfb9ce003102c0fc9f22e893eef8c5f8acf2e60fa5453f845d70b50ecb094874c,2026-07-13T11:46:01.493Z,4282,4282,4415,60,Suspicious,2026-07-13T11:45:30.329Z,0xbffe0316fa8419e87222f6120a9600fbab4ec9cab26b7877c7d0abb71537b470,,variant-batch live execution
datm-live-2026-07-13T11-41-10-179Z,A,entity-06-suspicious,suspicious,27,2026-07-13T11:45:57.078Z,2026-07-13T11:45:57.078Z,2026-07-13T11:45:57.078Z,0,2026-07-13T11:45:57.236Z,0x6bc50be6598a0d890099515004c9fe78b6f5cea07aeeb18b88691341e75802e2,2026-07-13T11:46:01.495Z,success,37763,1000,6378823,0xfb9ce003102c0fc9f22e893eef8c5f8acf2e60fa5453f845d70b50ecb094874c,2026-07-13T11:46:01.495Z,4259,4259,4417,63,Suspicious,2026-07-13T11:45:30.329Z,0xd000a284fce40f74d36ec82d461307ee4bbd0f35ec820dced29996cbffe63539,,variant-batch live execution
datm-live-2026-07-13T11-41-10-179Z,A,entity-07-suspicious,suspicious,27,2026-07-13T11:45:57.079Z,2026-07-13T11:45:57.079Z,2026-07-13T11:45:57.079Z,0,2026-07-13T11:45:57.211Z,0xea09a7291a03d1fe5ff91d8db896dbb75e7297b7ca733511bea73c7d673bbd65,2026-07-13T11:46:01.684Z,success,37775,1000,6378823,0xfb9ce003102c0fc9f22e893eef8c5f8acf2e60fa5453f845d70b50ecb094874c,2026-07-13T11:46:01.684Z,4473,4473,4605,61,Suspicious,2026-07-13T11:45:30.329Z,0x0cac673a3f6422187c37ec935e1e04d533b986fdb352285a29f50d0796f89082,,variant-batch live execution
datm-live-2026-07-13T11-41-10-179Z,A,entity-08-malicious,malicious,27,2026-07-13T11:45:57.079Z,2026-07-13T11:45:57.079Z,2026-07-13T11:45:57.079Z,0,2026-07-13T11:45:57.211Z,0xd2fc0be2abd1dbde2910b24a1633ac797f5675a7c8203411af8af0254eca6426,2026-07-13T11:46:01.697Z,success,37775,1000,6378823,0xfb9ce003102c0fc9f22e893eef8c5f8acf2e60fa5453f845d70b50ecb094874c,2026-07-13T11:46:01.697Z,4486,4486,4618,24,Untrusted,2026-07-13T11:45:30.329Z,0xe443edfc4bf6825246c05b25c76b5e0b13e63373c22ff73558d9821107e8f7c4,,variant-batch live execution
datm-live-2026-07-13T11-41-10-179Z,A,entity-09-malicious,malicious,27,2026-07-13T11:45:57.079Z,2026-07-13T11:45:57.079Z,2026-07-13T11:45:57.079Z,0,2026-07-13T11:45:57.236Z,0xa6ee9f988dfa7d295e17913f199bd3456262f685f72b0dd3f656f27f2ed15de8,2026-07-13T11:46:01.725Z,success,37775,1000,6378823,0xfb9ce003102c0fc9f22e893eef8c5f8acf2e60fa5453f845d70b50ecb094874c,2026-07-13T11:46:01.725Z,4489,4489,4646,26,Untrusted,2026-07-13T11:45:30.329Z,0x8eb2941c8059494db9b3673d93bae5fe49f4f5d2b30f80418e852660e9f8e543,,variant-batch live execution
datm-live-2026-07-13T11-41-10-179Z,A,entity-01-normal,normal,28,2026-07-13T11:46:06.854Z,2026-07-13T11:46:06.854Z,2026-07-13T11:46:06.854Z,0,2026-07-13T11:46:06.980Z,0xc4e03d322132e4ce04a0c2973568375a3ab27783e985654da1b1c8f000adc2e8,2026-07-13T11:46:11.258Z,success,37775,1000,6378825,0x24b4e328419e684203c3a226fbf6c783ee1d754aba1970f490d1b610a3c063fd,2026-07-13T11:46:11.258Z,4278,4278,4404,91,Trusted,2026-07-13T11:45:40.329Z,0xfc966108c45a0624bbdc5c327f1215de3476e23773880a3f8ff048efabbeab46,,variant-batch live execution
datm-live-2026-07-13T11-41-10-179Z,A,entity-02-normal,normal,28,2026-07-13T11:46:06.855Z,2026-07-13T11:46:06.855Z,2026-07-13T11:46:06.855Z,0,2026-07-13T11:46:06.980Z,0xfd01988e04acd9f0dca8e64988785db0506f0d77af0f35251aec5f2105efa23c,2026-07-13T11:46:11.258Z,success,37775,1000,6378825,0x24b4e328419e684203c3a226fbf6c783ee1d754aba1970f490d1b610a3c063fd,2026-07-13T11:46:11.258Z,4278,4278,4403,92,Trusted,2026-07-13T11:45:40.329Z,0xd6c9fedf06ae994c8f0dddc94b9e7b9b9301b60ffb15fd6d7e07c0ccda3411ad,,variant-batch live execution
datm-live-2026-07-13T11-41-10-179Z,A,entity-03-normal,normal,28,2026-07-13T11:46:06.856Z,2026-07-13T11:46:06.856Z,2026-07-13T11:46:06.856Z,0,2026-07-13T11:46:06.980Z,0x1cd47b64565226838e681e36ad85ab2bfb4b6174184b5944ae8b1a1ca9aad8d9,2026-07-13T11:46:11.259Z,success,37775,1000,6378825,0x24b4e328419e684203c3a226fbf6c783ee1d754aba1970f490d1b610a3c063fd,2026-07-13T11:46:11.259Z,4279,4279,4403,92,Trusted,2026-07-13T11:45:40.329Z,0xaa133fa1078ed516f2a72da9dd7ba1ef5da4c215a5586a94605aa8586f9d2db3,,variant-batch live execution
datm-live-2026-07-13T11-41-10-179Z,A,entity-04-normal,normal,28,2026-07-13T11:46:06.856Z,2026-07-13T11:46:06.856Z,2026-07-13T11:46:06.856Z,0,2026-07-13T11:46:06.981Z,0xa34fdafa072fa63430fc11030fc1d66195c7c102dbe8dd0b885c156c8969d4e4,2026-07-13T11:46:11.254Z,success,37775,1000,6378825,0x24b4e328419e684203c3a226fbf6c783ee1d754aba1970f490d1b610a3c063fd,2026-07-13T11:46:11.254Z,4273,4273,4398,91,Trusted,2026-07-13T11:45:40.329Z,0x0ea423ba59dc7c4fc6aeb2cb6642faaae684cede5676ac384f608ac48657a226,,variant-batch live execution
datm-live-2026-07-13T11-41-10-179Z,A,entity-05-suspicious,suspicious,28,2026-07-13T11:46:06.856Z,2026-07-13T11:46:06.856Z,2026-07-13T11:46:06.856Z,0,2026-07-13T11:46:06.981Z,0xea0284c0a58dadcc2847d5ad02eeefd06e0a3fcd8e3206e044b4dfd88dad593d,2026-07-13T11:46:11.285Z,success,37775,1000,6378825,0x24b4e328419e684203c3a226fbf6c783ee1d754aba1970f490d1b610a3c063fd,2026-07-13T11:46:11.285Z,4304,4304,4429,63,Suspicious,2026-07-13T11:45:40.329Z,0xe62da7cff8a047095937101af95824a2c21df2c48c4bb6e6c5533eb8f418c01d,,variant-batch live execution
datm-live-2026-07-13T11-41-10-179Z,A,entity-06-suspicious,suspicious,28,2026-07-13T11:46:06.856Z,2026-07-13T11:46:06.856Z,2026-07-13T11:46:06.856Z,0,2026-07-13T11:46:07.005Z,0xb32da95294c8acc1c0fa39f36126e20592943bfba3e8df8c26f06db3d07859af,2026-07-13T11:46:11.249Z,success,37775,1000,6378825,0x24b4e328419e684203c3a226fbf6c783ee1d754aba1970f490d1b610a3c063fd,2026-07-13T11:46:11.249Z,4244,4244,4393,62,Suspicious,2026-07-13T11:45:40.329Z,0x98a0b2f2d381edd09e5c53541796fc350824923e29fc6340dd13b617a393c351,,variant-batch live execution
datm-live-2026-07-13T11-41-10-179Z,A,entity-07-suspicious,suspicious,28,2026-07-13T11:46:06.857Z,2026-07-13T11:46:06.857Z,2026-07-13T11:46:06.857Z,0,2026-07-13T11:46:07.005Z,0xbbead609c8b32137fe61c7a0b298d773806264a2ccd1ba6e1c03c6d88b962a4e,2026-07-13T11:46:11.462Z,success,37775,1000,6378825,0x24b4e328419e684203c3a226fbf6c783ee1d754aba1970f490d1b610a3c063fd,2026-07-13T11:46:11.462Z,4457,4457,4605,60,Suspicious,2026-07-13T11:45:40.329Z,0x2c9a6dbcb3bc0bc5a5592bb47dcc8aaa7c493bd92a0ce4afdfd6fa6b8fade3a7,,variant-batch live execution
datm-live-2026-07-13T11-41-10-179Z,A,entity-08-malicious,malicious,28,2026-07-13T11:46:06.857Z,2026-07-13T11:46:06.857Z,2026-07-13T11:46:06.857Z,0,2026-07-13T11:46:06.981Z,0x46e2d10ec2cf265fc3266b921d253bf35b0794e3f47aa059c29c0ffe8a5e8399,2026-07-13T11:46:11.490Z,success,37775,1000,6378825,0x24b4e328419e684203c3a226fbf6c783ee1d754aba1970f490d1b610a3c063fd,2026-07-13T11:46:11.490Z,4509,4509,4633,26,Untrusted,2026-07-13T11:45:40.329Z,0xf33c3fd3d24d9de4c36ccb0795ecc3b2877bb06362ea7b07bde6ffb3bf784174,,variant-batch live execution
datm-live-2026-07-13T11-41-10-179Z,A,entity-09-malicious,malicious,28,2026-07-13T11:46:06.857Z,2026-07-13T11:46:06.857Z,2026-07-13T11:46:06.857Z,0,2026-07-13T11:46:07.005Z,0xa5ee21413c35b1d3254756709390c7422616161de1eddc44d1b981c4af2b5579,2026-07-13T11:46:11.464Z,success,37775,1000,6378825,0x24b4e328419e684203c3a226fbf6c783ee1d754aba1970f490d1b610a3c063fd,2026-07-13T11:46:11.464Z,4459,4459,4607,25,Untrusted,2026-07-13T11:45:40.329Z,0x74f0aaf0b4cbbc3e984bd2f0421b55cb7402f68c79119fcadcd3c9c1ef0bde7e,,variant-batch live execution
datm-live-2026-07-13T11-41-10-179Z,A,entity-01-normal,normal,29,2026-07-13T11:46:16.627Z,2026-07-13T11:46:16.627Z,2026-07-13T11:46:16.627Z,0,2026-07-13T11:46:16.803Z,0xe4d4665b6cd7ed2efa2a0fe1c49ad00b8b1ea6c629f09a2885dae10e351fde5d,2026-07-13T11:46:21.043Z,success,37775,1000,6378827,0xfc5c72874b917c53aba75fa8a0952a52a2f14fa680e368c8df5aadd0b497e049,2026-07-13T11:46:21.043Z,4240,4240,4416,93,Trusted,2026-07-13T11:45:50.329Z,0xdbf502e65b251a881abb1730066ad01bbd371932f0ae337be561a7424a0e1c4c,,variant-batch live execution
datm-live-2026-07-13T11-41-10-179Z,A,entity-02-normal,normal,29,2026-07-13T11:46:16.628Z,2026-07-13T11:46:16.628Z,2026-07-13T11:46:16.628Z,0,2026-07-13T11:46:16.769Z,0xcd91b68995513fef82da0c9cb411260eeeb74c436d890be34d021aba5a076ad2,2026-07-13T11:46:21.040Z,success,37775,1000,6378827,0xfc5c72874b917c53aba75fa8a0952a52a2f14fa680e368c8df5aadd0b497e049,2026-07-13T11:46:21.040Z,4271,4271,4412,92,Trusted,2026-07-13T11:45:50.329Z,0xa7aa7414adc037211bdb1b4611ef607f3791622b347240564da5c1832f19b992,,variant-batch live execution
datm-live-2026-07-13T11-41-10-179Z,A,entity-03-normal,normal,29,2026-07-13T11:46:16.628Z,2026-07-13T11:46:16.628Z,2026-07-13T11:46:16.628Z,0,2026-07-13T11:46:16.803Z,0x5af4f8bb56c0b676001a89094cb42da073eb478da1b9200fbb593268c3ec8aef,2026-07-13T11:46:21.039Z,success,37775,1000,6378827,0xfc5c72874b917c53aba75fa8a0952a52a2f14fa680e368c8df5aadd0b497e049,2026-07-13T11:46:21.039Z,4236,4236,4411,92,Trusted,2026-07-13T11:45:50.329Z,0x0f9125cc3434bdb85219e3e8897b972146c25d1a5812500c2543791a520e3e2d,,variant-batch live execution
datm-live-2026-07-13T11-41-10-179Z,A,entity-04-normal,normal,29,2026-07-13T11:46:16.629Z,2026-07-13T11:46:16.629Z,2026-07-13T11:46:16.629Z,0,2026-07-13T11:46:16.770Z,0x2df5943687ca6c89cdefee68b099a75f565a268b3b3cb24f3001fb11ebf5dd94,2026-07-13T11:46:21.043Z,success,37775,1000,6378827,0xfc5c72874b917c53aba75fa8a0952a52a2f14fa680e368c8df5aadd0b497e049,2026-07-13T11:46:21.043Z,4273,4273,4414,93,Trusted,2026-07-13T11:45:50.329Z,0xb67377a8a86cb414898024f78711940aceb7575bd1e6c04230815ee1327aa9c1,,variant-batch live execution
datm-live-2026-07-13T11-41-10-179Z,A,entity-05-suspicious,suspicious,29,2026-07-13T11:46:16.629Z,2026-07-13T11:46:16.629Z,2026-07-13T11:46:16.629Z,0,2026-07-13T11:46:16.770Z,0xb00e235a6b7527de227a3b09fe60a90c249a397e8842566965f9bb61dce56038,2026-07-13T11:46:21.064Z,success,37775,1000,6378827,0xfc5c72874b917c53aba75fa8a0952a52a2f14fa680e368c8df5aadd0b497e049,2026-07-13T11:46:21.064Z,4294,4294,4435,62,Suspicious,2026-07-13T11:45:50.329Z,0x89bb531ac081a28e3fa3cec3785a45c3c03d8cd47cb78a41bbdfac9a9f055201,,variant-batch live execution
datm-live-2026-07-13T11-41-10-179Z,A,entity-06-suspicious,suspicious,29,2026-07-13T11:46:16.629Z,2026-07-13T11:46:16.629Z,2026-07-13T11:46:16.629Z,0,2026-07-13T11:46:16.770Z,0x3866a024703cc7a779cfcd9b5097cf758ab0bf100db343248a122536c540361a,2026-07-13T11:46:21.036Z,success,37763,1000,6378827,0xfc5c72874b917c53aba75fa8a0952a52a2f14fa680e368c8df5aadd0b497e049,2026-07-13T11:46:21.036Z,4266,4266,4407,58,Suspicious,2026-07-13T11:45:50.329Z,0x690adb07f4c4fffa74007b58e4b7204b2369685cecccdbf696cd38edbec85dd8,,variant-batch live execution
datm-live-2026-07-13T11-41-10-179Z,A,entity-07-suspicious,suspicious,29,2026-07-13T11:46:16.630Z,2026-07-13T11:46:16.630Z,2026-07-13T11:46:16.630Z,0,2026-07-13T11:46:16.770Z,0x21626ebb3d4572f8f88c31171e37e12fd089c912c85a7e36ee28ae348241461e,2026-07-13T11:46:21.244Z,success,37775,1000,6378827,0xfc5c72874b917c53aba75fa8a0952a52a2f14fa680e368c8df5aadd0b497e049,2026-07-13T11:46:21.244Z,4474,4474,4614,63,Suspicious,2026-07-13T11:45:50.329Z,0xfab5ae5ed8039d36db97d25b98c0303008b7970b387b588e552c8482b15205e4,,variant-batch live execution
datm-live-2026-07-13T11-41-10-179Z,A,entity-08-malicious,malicious,29,2026-07-13T11:46:16.630Z,2026-07-13T11:46:16.630Z,2026-07-13T11:46:16.630Z,0,2026-07-13T11:46:16.771Z,0xcff52896a6f89226a7a045a2827427994965b97cd0fe6da3319642008ec77f7b,2026-07-13T11:46:21.225Z,success,37775,1000,6378827,0xfc5c72874b917c53aba75fa8a0952a52a2f14fa680e368c8df5aadd0b497e049,2026-07-13T11:46:21.225Z,4454,4454,4595,25,Untrusted,2026-07-13T11:45:50.329Z,0x9e44ee6d3124f67e800501bf51e334d79b0ad589e034a85b6ba9fca7843d8dc5,,variant-batch live execution
datm-live-2026-07-13T11-41-10-179Z,A,entity-09-malicious,malicious,29,2026-07-13T11:46:16.631Z,2026-07-13T11:46:16.631Z,2026-07-13T11:46:16.631Z,0,2026-07-13T11:46:16.804Z,0x637143dbb270f9f6fcd8d859a23a58ed85cda577bad5432c72b33009000ac455,2026-07-13T11:46:21.272Z,success,37775,1000,6378827,0xfc5c72874b917c53aba75fa8a0952a52a2f14fa680e368c8df5aadd0b497e049,2026-07-13T11:46:21.272Z,4468,4468,4641,24,Untrusted,2026-07-13T11:45:50.329Z,0xa2a4203d61acba2e70c42c53d0d72581b84c3d09148a9a8d5bb35fa21c0a7c06,,variant-batch live execution
datm-live-2026-07-13T11-41-10-179Z,A,entity-01-normal,normal,30,2026-07-13T11:46:26.398Z,2026-07-13T11:46:26.398Z,2026-07-13T11:46:26.398Z,0,2026-07-13T11:46:26.507Z,0xba65bb55e7edab7baa31debd73fb6a2cbdc9e7e4cf3c027a94f571d052b0ed1c,2026-07-13T11:46:30.770Z,success,37775,1000,6378829,0x5cb9381ce010ec4821f824403fb34c7e431bf8452a5b4fca6e410f4d8591103f,2026-07-13T11:46:30.770Z,4263,4263,4372,92,Trusted,2026-07-13T11:46:00.329Z,0x2331bf4d8f7ed35c6be5ef8c716e4106f1a7588f12c5f0f2a6f8d1c45a785294,,variant-batch live execution
datm-live-2026-07-13T11-41-10-179Z,A,entity-02-normal,normal,30,2026-07-13T11:46:26.399Z,2026-07-13T11:46:26.399Z,2026-07-13T11:46:26.399Z,0,2026-07-13T11:46:26.507Z,0xa0c993108fae7e0e2dd7240bd4cc9b6d2c5bb287c10a2be2caf857f979029193,2026-07-13T11:46:30.772Z,success,37775,1000,6378829,0x5cb9381ce010ec4821f824403fb34c7e431bf8452a5b4fca6e410f4d8591103f,2026-07-13T11:46:30.772Z,4265,4265,4373,91,Trusted,2026-07-13T11:46:00.329Z,0xeed55865a8775a9025907c7e5455f113c1fe3a49ef71362cf7cbb790afb38d15,,variant-batch live execution
datm-live-2026-07-13T11-41-10-179Z,A,entity-03-normal,normal,30,2026-07-13T11:46:26.399Z,2026-07-13T11:46:26.399Z,2026-07-13T11:46:26.399Z,0,2026-07-13T11:46:26.507Z,0x1c55fbfb39c187da4096edef9ae8481b4c5850d75ef5457b1f70d10c8a5f617c,2026-07-13T11:46:30.773Z,success,37763,1000,6378829,0x5cb9381ce010ec4821f824403fb34c7e431bf8452a5b4fca6e410f4d8591103f,2026-07-13T11:46:30.773Z,4266,4266,4374,92,Trusted,2026-07-13T11:46:00.329Z,0x27a36bc7b2a5b0a4d139056ad7bf483c5e7664e664f400f644e4025f4b1e6002,,variant-batch live execution
datm-live-2026-07-13T11-41-10-179Z,A,entity-04-normal,normal,30,2026-07-13T11:46:26.400Z,2026-07-13T11:46:26.400Z,2026-07-13T11:46:26.400Z,0,2026-07-13T11:46:26.507Z,0x2762dd8c1e1d23b40289e23c46e7a17d9613a79defbcb0c9ac53e32e78a28a9a,2026-07-13T11:46:30.775Z,success,37775,1000,6378829,0x5cb9381ce010ec4821f824403fb34c7e431bf8452a5b4fca6e410f4d8591103f,2026-07-13T11:46:30.775Z,4268,4268,4375,92,Trusted,2026-07-13T11:46:00.329Z,0xd7de401d10a9ba194b7ef52d17aa39d00a5ba34b57c7caaa0b8045f09ca9f837,,variant-batch live execution
datm-live-2026-07-13T11-41-10-179Z,A,entity-05-suspicious,suspicious,30,2026-07-13T11:46:26.400Z,2026-07-13T11:46:26.400Z,2026-07-13T11:46:26.400Z,0,2026-07-13T11:46:26.507Z,0x8d38f91be1e659fd736cb2b14dbe2a99f69ede3044584ec3e6c0b9976f37c848,2026-07-13T11:46:30.777Z,success,37775,1000,6378829,0x5cb9381ce010ec4821f824403fb34c7e431bf8452a5b4fca6e410f4d8591103f,2026-07-13T11:46:30.777Z,4270,4270,4377,58,Suspicious,2026-07-13T11:46:00.329Z,0x1d2238f767c4a8fd727dae4bca050940aeb725c3f8b61d662093d853d6651754,,variant-batch live execution
datm-live-2026-07-13T11-41-10-179Z,A,entity-06-suspicious,suspicious,30,2026-07-13T11:46:26.400Z,2026-07-13T11:46:26.400Z,2026-07-13T11:46:26.400Z,0,2026-07-13T11:46:26.507Z,0xc7800bda8a971a15eb14f2af22001c8d9460baafdaf8a20294a0d0887392a11e,2026-07-13T11:46:30.809Z,success,37775,1000,6378829,0x5cb9381ce010ec4821f824403fb34c7e431bf8452a5b4fca6e410f4d8591103f,2026-07-13T11:46:30.809Z,4302,4302,4409,60,Suspicious,2026-07-13T11:46:00.329Z,0xbd4f74b03a63c84c0c9497d9e5fbbafe81e7f0f2473fb5dc337bee89192e05c7,,variant-batch live execution
datm-live-2026-07-13T11-41-10-179Z,A,entity-07-suspicious,suspicious,30,2026-07-13T11:46:26.400Z,2026-07-13T11:46:26.400Z,2026-07-13T11:46:26.400Z,0,2026-07-13T11:46:26.533Z,0x80897bfcbe29464a9440a7557081fbe33726d5237085a1cd842285ecda63ed30,2026-07-13T11:46:30.957Z,success,37775,1000,6378829,0x5cb9381ce010ec4821f824403fb34c7e431bf8452a5b4fca6e410f4d8591103f,2026-07-13T11:46:30.957Z,4424,4424,4557,62,Suspicious,2026-07-13T11:46:00.329Z,0x1c0e7b5552a4c393c17f80c28be195beace970fdbeb77df2687e7cc2f3205db7,,variant-batch live execution
datm-live-2026-07-13T11-41-10-179Z,A,entity-08-malicious,malicious,30,2026-07-13T11:46:26.401Z,2026-07-13T11:46:26.401Z,2026-07-13T11:46:26.401Z,0,2026-07-13T11:46:26.533Z,0x4a70ae5b20fffa9990f0db633209980d984406e338936f7048da815f26de8c62,2026-07-13T11:46:30.973Z,success,37775,1000,6378829,0x5cb9381ce010ec4821f824403fb34c7e431bf8452a5b4fca6e410f4d8591103f,2026-07-13T11:46:30.973Z,4440,4440,4572,24,Untrusted,2026-07-13T11:46:00.329Z,0xb818dfaf65bde1904a4c34f07db6f0735e1990cd1ffb99cfe90cba8be6b9cc1a,,variant-batch live execution
datm-live-2026-07-13T11-41-10-179Z,A,entity-09-malicious,malicious,30,2026-07-13T11:46:26.401Z,2026-07-13T11:46:26.401Z,2026-07-13T11:46:26.401Z,0,2026-07-13T11:46:26.533Z,0x4b31e6e8708db59dd6d8f215316d170866a267551e6cd1d0a803299f0dfcfd66,2026-07-13T11:46:31.002Z,success,37775,1000,6378829,0x5cb9381ce010ec4821f824403fb34c7e431bf8452a5b4fca6e410f4d8591103f,2026-07-13T11:46:31.002Z,4469,4469,4601,25,Untrusted,2026-07-13T11:46:00.329Z,0x0b6117ecad66220ebdf744c7ee1ccfa72eb85d96148e1352cc10fe0d89626de1,,variant-batch live execution
