run_id,variant,entity_id,entity_profile,sequence_no,scheduled_at,datm_start_at,datm_end_at,datm_processing_ms,submit_at,tx_hash,receipt_at,tx_status,gas_used,effective_gas_price,block_number,block_hash,block_timestamp,confirmation_latency_ms,block_inclusion_latency_ms,end_to_end_latency_ms,ats,trust_state,calc_timestamp,input_hash,error_code,error_message
datm-live-2026-07-13T11-47-14-639Z,B,entity-01-normal,normal,1,2026-07-13T11:47:15.543Z,2026-07-13T11:47:15.543Z,2026-07-13T11:47:15.543Z,0,2026-07-13T11:47:15.673Z,0xbe94b6ded9cbd7257e2389dc2f6c8d8b214646cbc820d438ac73c1923d543236,2026-07-13T11:47:20.313Z,success,38835,1000,6378839,0x4de8747ebc757c079a110fb71412bb63716924555b346ef01ccdac37ec27d4b5,2026-07-13T11:47:20.313Z,4640,4640,4770,89,Trusted,2026-07-13T11:47:15.209Z,0xe9240d7fc6b1aa932937bf9931bbb000c23d7d33c08d62aaa3f9535e84f8ffc9,,variant-batch live execution
datm-live-2026-07-13T11-47-14-639Z,B,entity-02-normal,normal,1,2026-07-13T11:47:15.545Z,2026-07-13T11:47:15.545Z,2026-07-13T11:47:15.545Z,0,2026-07-13T11:47:15.684Z,0x89d491565461439509af7c38af9bc1e05b92c8ecf89e4106a7467fe2e0faf3b1,2026-07-13T11:47:20.404Z,success,38847,1000,6378839,0x4de8747ebc757c079a110fb71412bb63716924555b346ef01ccdac37ec27d4b5,2026-07-13T11:47:20.404Z,4720,4720,4859,90,Trusted,2026-07-13T11:47:15.209Z,0xe22d19b4a6cf04be86027fce68bfc64835d8650aec2759ebab4afe4277886815,,variant-batch live execution
datm-live-2026-07-13T11-47-14-639Z,B,entity-03-normal,normal,1,2026-07-13T11:47:15.546Z,2026-07-13T11:47:15.546Z,2026-07-13T11:47:15.546Z,0,2026-07-13T11:47:15.684Z,0xda7b978ea78a8b5d3da1614a16aa7767fa4036250e7c9dbb4f81e3e0a6964e44,2026-07-13T11:47:20.313Z,success,38847,1000,6378839,0x4de8747ebc757c079a110fb71412bb63716924555b346ef01ccdac37ec27d4b5,2026-07-13T11:47:20.313Z,4629,4629,4767,90,Trusted,2026-07-13T11:47:15.209Z,0xa4c1f5d91cfd62d15cc2267efd8cf6b8fe22272b55f1644fb5012bb828a45a47,,variant-batch live execution
datm-live-2026-07-13T11-47-14-639Z,B,entity-04-normal,normal,1,2026-07-13T11:47:15.546Z,2026-07-13T11:47:15.546Z,2026-07-13T11:47:15.546Z,0,2026-07-13T11:47:15.685Z,0xfecbdb488f1244d81261a01d17b69b1f1d03560bb10b5ffdef1554c789d70700,2026-07-13T11:47:20.310Z,success,38847,1000,6378839,0x4de8747ebc757c079a110fb71412bb63716924555b346ef01ccdac37ec27d4b5,2026-07-13T11:47:20.310Z,4625,4625,4764,89,Trusted,2026-07-13T11:47:15.209Z,0x797646cc58509bab67fccabcfee9089bfd36aa8760e440b07fcb60bfcb3a24d9,,variant-batch live execution
datm-live-2026-07-13T11-47-14-639Z,B,entity-05-suspicious,suspicious,1,2026-07-13T11:47:15.547Z,2026-07-13T11:47:15.547Z,2026-07-13T11:47:15.547Z,0,2026-07-13T11:47:15.710Z,0x376fb094538f52e4880862b9bda63eb0cef81825eb8fccf68e1c95838be13faf,2026-07-13T11:47:20.312Z,success,38855,1000,6378839,0x4de8747ebc757c079a110fb71412bb63716924555b346ef01ccdac37ec27d4b5,2026-07-13T11:47:20.312Z,4602,4602,4765,63,Suspicious,2026-07-13T11:47:15.209Z,0x79ef406a275d003b31b30a2363e6abecc9cd0f1a1c37ac799f605143e20b4b05,,variant-batch live execution
datm-live-2026-07-13T11-47-14-639Z,B,entity-06-suspicious,suspicious,1,2026-07-13T11:47:15.547Z,2026-07-13T11:47:15.547Z,2026-07-13T11:47:15.547Z,0,2026-07-13T11:47:15.685Z,0x3f5f0ee5e828378e684c46b791fc75cbafed9ee859b0fc80e28514be08e31f25,2026-07-13T11:47:20.308Z,success,38867,1000,6378839,0x4de8747ebc757c079a110fb71412bb63716924555b346ef01ccdac37ec27d4b5,2026-07-13T11:47:20.308Z,4623,4623,4761,60,Suspicious,2026-07-13T11:47:15.209Z,0x3bc3ba6502071f44adadcdf47f1dc0364636f5c52d71235997f30fa597a0e42e,,variant-batch live execution
datm-live-2026-07-13T11-47-14-639Z,B,entity-07-suspicious,suspicious,1,2026-07-13T11:47:15.547Z,2026-07-13T11:47:15.547Z,2026-07-13T11:47:15.547Z,0,2026-07-13T11:47:15.685Z,0x16c417e513576b6250d04535cfe4e7a9d1b45e0c9566fe73e6509c92bac9ca26,2026-07-13T11:47:21.701Z,success,38867,1000,6378839,0x4de8747ebc757c079a110fb71412bb63716924555b346ef01ccdac37ec27d4b5,2026-07-13T11:47:21.701Z,6016,6016,6154,61,Suspicious,2026-07-13T11:47:15.209Z,0x2c3d1eaa83a74ae34e343cf33506c2903bb883e1bec54802affcff5e7ef5c07f,,variant-batch live execution
datm-live-2026-07-13T11-47-14-639Z,B,entity-08-malicious,malicious,1,2026-07-13T11:47:15.548Z,2026-07-13T11:47:15.548Z,2026-07-13T11:47:15.548Z,0,2026-07-13T11:47:15.747Z,0x67575b62886aa9839ccd2d9abc9e31c7a4c8d89b82fafb3749b135c800e84dac,2026-07-13T11:47:21.598Z,success,38866,1000,6378839,0x4de8747ebc757c079a110fb71412bb63716924555b346ef01ccdac37ec27d4b5,2026-07-13T11:47:21.598Z,5851,5851,6050,31,Untrusted,2026-07-13T11:47:15.209Z,0xd14f96b2ea414ea7e7b451162ad78ee9f9f731d939bef51c8bc3350f5d232189,,variant-batch live execution
datm-live-2026-07-13T11-47-14-639Z,B,entity-09-malicious,malicious,1,2026-07-13T11:47:15.548Z,2026-07-13T11:47:15.548Z,2026-07-13T11:47:15.548Z,0,2026-07-13T11:47:15.748Z,0xa7daad2f2f33884dbaad67813903805ed27e519bd637f3c5904ba697b2a098c9,2026-07-13T11:47:21.811Z,success,38866,1000,6378839,0x4de8747ebc757c079a110fb71412bb63716924555b346ef01ccdac37ec27d4b5,2026-07-13T11:47:21.811Z,6063,6063,6263,29,Untrusted,2026-07-13T11:47:15.209Z,0x303ce4feea67951ecdbe77a19ad9772dbfcd21776a6639c13418f1ba21621185,,variant-batch live execution
datm-live-2026-07-13T11-47-14-639Z,B,entity-01-normal,normal,2,2026-07-13T11:47:27.056Z,2026-07-13T11:47:27.056Z,2026-07-13T11:47:27.056Z,0,2026-07-13T11:47:27.541Z,0xc6cdfe78331fc5cb2731e5ba2447a574a9605c5009d3f6f0996779a5b6775993,2026-07-13T11:47:33.228Z,success,38835,1000,6378841,0x6297394f4b4bff33259bc3d50353995213adb1a095ec2bcc6d5b0bc076093ab7,2026-07-13T11:47:33.228Z,5687,5687,6172,93,Trusted,2026-07-13T11:47:25.209Z,0x9f3a90c3796e6f4144f13ba7d6c47a7cdc3eb6584d00b01f8e9166c5e72e52f7,,variant-batch live execution
datm-live-2026-07-13T11-47-14-639Z,B,entity-02-normal,normal,2,2026-07-13T11:47:27.057Z,2026-07-13T11:47:27.057Z,2026-07-13T11:47:27.057Z,0,2026-07-13T11:47:27.635Z,0x806396b0a8faf969593288451ae0a9277d61c877e8d08b16849d5c5b3e981b91,2026-07-13T11:47:33.148Z,success,38847,1000,6378841,0x6297394f4b4bff33259bc3d50353995213adb1a095ec2bcc6d5b0bc076093ab7,2026-07-13T11:47:33.148Z,5513,5513,6091,93,Trusted,2026-07-13T11:47:25.209Z,0x6d57f9a54bd746c71abbbe4665bd50eab817d8f305750a6a978e590be7bcb563,,variant-batch live execution
datm-live-2026-07-13T11-47-14-639Z,B,entity-03-normal,normal,2,2026-07-13T11:47:27.057Z,2026-07-13T11:47:27.057Z,2026-07-13T11:47:27.057Z,0,2026-07-13T11:47:27.541Z,0x05f9563fb834d86214b27f076cbed374f878de22f71578cd647f04e16b8cc77f,2026-07-13T11:47:33.146Z,success,38847,1000,6378841,0x6297394f4b4bff33259bc3d50353995213adb1a095ec2bcc6d5b0bc076093ab7,2026-07-13T11:47:33.146Z,5605,5605,6089,91,Trusted,2026-07-13T11:47:25.209Z,0xabffaf568653afd59b016c77019c93d8e2c2658a6ce9ecb43166874deefb34cf,,variant-batch live execution
datm-live-2026-07-13T11-47-14-639Z,B,entity-04-normal,normal,2,2026-07-13T11:47:27.058Z,2026-07-13T11:47:27.058Z,2026-07-13T11:47:27.058Z,0,2026-07-13T11:47:27.542Z,0x47cfc848f6430385f9aeacea23f7d5845470a47854925dad6d4acd815b52e615,2026-07-13T11:47:33.150Z,success,38847,1000,6378841,0x6297394f4b4bff33259bc3d50353995213adb1a095ec2bcc6d5b0bc076093ab7,2026-07-13T11:47:33.150Z,5608,5608,6092,93,Trusted,2026-07-13T11:47:25.209Z,0x77eafcccc9d4d4517cddafe7ef38ac5a06a027277ea811d56a2bad668abceec1,,variant-batch live execution
datm-live-2026-07-13T11-47-14-639Z,B,entity-05-suspicious,suspicious,2,2026-07-13T11:47:27.058Z,2026-07-13T11:47:27.058Z,2026-07-13T11:47:27.058Z,0,2026-07-13T11:47:27.542Z,0x065e80b064e941105c911413cb725ad887283c95f78786ceba2a8548b88ae139,2026-07-13T11:47:33.150Z,success,38855,1000,6378841,0x6297394f4b4bff33259bc3d50353995213adb1a095ec2bcc6d5b0bc076093ab7,2026-07-13T11:47:33.150Z,5608,5608,6092,60,Suspicious,2026-07-13T11:47:25.209Z,0xf31d001dc1554de1ecfa1d5d9bad423ca8d37dbbad4fdaee2b082e20b5c03834,,variant-batch live execution
datm-live-2026-07-13T11-47-14-639Z,B,entity-06-suspicious,suspicious,2,2026-07-13T11:47:27.058Z,2026-07-13T11:47:27.058Z,2026-07-13T11:47:27.058Z,0,2026-07-13T11:47:27.542Z,0x938e656688fe9634ce93da1bd700123ef9c66788aff546ad7c6718a7a0c168d1,2026-07-13T11:47:33.150Z,success,38867,1000,6378841,0x6297394f4b4bff33259bc3d50353995213adb1a095ec2bcc6d5b0bc076093ab7,2026-07-13T11:47:33.150Z,5608,5608,6092,60,Suspicious,2026-07-13T11:47:25.209Z,0x0915c733cb679605492988b7612269675a0c8d6fbb14507b20bf0667255158d8,,variant-batch live execution
datm-live-2026-07-13T11-47-14-639Z,B,entity-07-suspicious,suspicious,2,2026-07-13T11:47:27.059Z,2026-07-13T11:47:27.059Z,2026-07-13T11:47:27.059Z,0,2026-07-13T11:47:27.542Z,0xe58ea1afec4a3615f6223e9f1b4b18b283a23bda258725dae8faca5e896c5bc5,2026-07-13T11:47:35.274Z,success,38867,1000,6378841,0x6297394f4b4bff33259bc3d50353995213adb1a095ec2bcc6d5b0bc076093ab7,2026-07-13T11:47:35.274Z,7732,7732,8215,63,Suspicious,2026-07-13T11:47:25.209Z,0x5b1469aab52093aa86c5d7eca2fa2e4a06bc18d8b82c029c8f6d3e6437bb94ce,,variant-batch live execution
datm-live-2026-07-13T11-47-14-639Z,B,entity-08-malicious,malicious,2,2026-07-13T11:47:27.059Z,2026-07-13T11:47:27.059Z,2026-07-13T11:47:27.059Z,0,2026-07-13T11:47:27.542Z,0xedc7e0cda78e93f55f44a4c9904116520b599460f61f2a7cc7288b981259c3ad,2026-07-13T11:47:35.126Z,success,38866,1000,6378841,0x6297394f4b4bff33259bc3d50353995213adb1a095ec2bcc6d5b0bc076093ab7,2026-07-13T11:47:35.126Z,7584,7584,8067,30,Untrusted,2026-07-13T11:47:25.209Z,0xa2e1a3c4c7599595ff45f418f006cddcb63b2a5bf283c23acd95be7313d45ecb,,variant-batch live execution
datm-live-2026-07-13T11-47-14-639Z,B,entity-09-malicious,malicious,2,2026-07-13T11:47:27.059Z,2026-07-13T11:47:27.059Z,2026-07-13T11:47:27.059Z,0,2026-07-13T11:47:27.543Z,0x84a4e5372fced6e5152142ca10d3c86000cc87ceedbfcf040f2ea9a0817bc75c,2026-07-13T11:47:35.127Z,success,38854,1000,6378841,0x6297394f4b4bff33259bc3d50353995213adb1a095ec2bcc6d5b0bc076093ab7,2026-07-13T11:47:35.127Z,7584,7584,8068,28,Untrusted,2026-07-13T11:47:25.209Z,0x3bde3e9fb8b533e414fdad8691008ba70e80a2d5b2a60ce79f54b44c34d0d253,,variant-batch live execution
datm-live-2026-07-13T11-47-14-639Z,B,entity-01-normal,normal,3,2026-07-13T11:47:40.477Z,2026-07-13T11:47:40.477Z,2026-07-13T11:47:40.477Z,0,2026-07-13T11:47:40.604Z,0x89ebd17dcdf84ec5feef3db0574d8e29238924654f6990f1e68d2cbb83ae2e75,2026-07-13T11:47:45.595Z,success,38835,1000,6378844,0xec780f4aeaf5e0393c0079d930b4250b947fbd019d6abfb9541988091c960c81,2026-07-13T11:47:45.595Z,4991,4991,5118,93,Trusted,2026-07-13T11:47:35.209Z,0xac7bba9b56a7c121303b6543b4ba62a6b465e6e738783c62f728dc3d29097700,,variant-batch live execution
datm-live-2026-07-13T11-47-14-639Z,B,entity-02-normal,normal,3,2026-07-13T11:47:40.479Z,2026-07-13T11:47:40.479Z,2026-07-13T11:47:40.479Z,0,2026-07-13T11:47:40.605Z,0x1b3544dfe7c5c20bedabd8d206dca40d8883eb5bb9e3302a701b48519dedd3e2,2026-07-13T11:47:45.590Z,success,38847,1000,6378844,0xec780f4aeaf5e0393c0079d930b4250b947fbd019d6abfb9541988091c960c81,2026-07-13T11:47:45.590Z,4985,4985,5111,92,Trusted,2026-07-13T11:47:35.209Z,0xf615043d27f75aa48a41055a5e7c3bae1539681c32df36e7a71a88d536df85e1,,variant-batch live execution
datm-live-2026-07-13T11-47-14-639Z,B,entity-03-normal,normal,3,2026-07-13T11:47:40.479Z,2026-07-13T11:47:40.479Z,2026-07-13T11:47:40.479Z,0,2026-07-13T11:47:40.605Z,0x37d556139aaeafd926b0d635e8fbbb3b725377ae47a3ef22909858b0fc5cf744,2026-07-13T11:47:45.592Z,success,38847,1000,6378844,0xec780f4aeaf5e0393c0079d930b4250b947fbd019d6abfb9541988091c960c81,2026-07-13T11:47:45.592Z,4987,4987,5113,93,Trusted,2026-07-13T11:47:35.209Z,0xd45a4f8611368a51dd55c13c61a72e3dd64b6568a7a3151d353c755d6f14ee6a,,variant-batch live execution
datm-live-2026-07-13T11-47-14-639Z,B,entity-04-normal,normal,3,2026-07-13T11:47:40.480Z,2026-07-13T11:47:40.480Z,2026-07-13T11:47:40.480Z,0,2026-07-13T11:47:40.605Z,0x8b08b02cbc9f03facbb98bdb5fd073d9d75a0a3ab95d803b9a7072b3a31941f5,2026-07-13T11:47:45.593Z,success,38847,1000,6378844,0xec780f4aeaf5e0393c0079d930b4250b947fbd019d6abfb9541988091c960c81,2026-07-13T11:47:45.593Z,4988,4988,5113,93,Trusted,2026-07-13T11:47:35.209Z,0xbf439e4ff3c103ace229cd7a69e6a1a4f95f7772e558461a8bd7c857e23df136,,variant-batch live execution
datm-live-2026-07-13T11-47-14-639Z,B,entity-05-suspicious,suspicious,3,2026-07-13T11:47:40.481Z,2026-07-13T11:47:40.481Z,2026-07-13T11:47:40.481Z,0,2026-07-13T11:47:40.605Z,0xe903ccfb7e9688052c4cbc03e243da167c20292c09b82698702dfe8718a95727,2026-07-13T11:47:45.593Z,success,38867,1000,6378844,0xec780f4aeaf5e0393c0079d930b4250b947fbd019d6abfb9541988091c960c81,2026-07-13T11:47:45.593Z,4988,4988,5112,60,Suspicious,2026-07-13T11:47:35.209Z,0xc23a6cc29b63476de62bb6e18722040bfc38928bed63a3820394cfaf07b5e3d0,,variant-batch live execution
datm-live-2026-07-13T11-47-14-639Z,B,entity-06-suspicious,suspicious,3,2026-07-13T11:47:40.481Z,2026-07-13T11:47:40.481Z,2026-07-13T11:47:40.481Z,0,2026-07-13T11:47:40.606Z,0xdef4535dd0af110c05ab55c50a71f9c2cfed68bfab1592da96aa5b446c73b2d9,2026-07-13T11:47:45.833Z,success,38867,1000,6378844,0xec780f4aeaf5e0393c0079d930b4250b947fbd019d6abfb9541988091c960c81,2026-07-13T11:47:45.833Z,5227,5227,5352,64,Suspicious,2026-07-13T11:47:35.209Z,0x5027066e3be96032469140aabcc830cc25022d4461a042f68dcbb91b5966529d,,variant-batch live execution
datm-live-2026-07-13T11-47-14-639Z,B,entity-07-suspicious,suspicious,3,2026-07-13T11:47:40.482Z,2026-07-13T11:47:40.482Z,2026-07-13T11:47:40.482Z,0,2026-07-13T11:47:40.636Z,0xcbf0310f97aea659e695bab2e1b71f5f82408f3504f2d624aa99eab633ef89ad,2026-07-13T11:47:47.395Z,success,38867,1000,6378844,0xec780f4aeaf5e0393c0079d930b4250b947fbd019d6abfb9541988091c960c81,2026-07-13T11:47:47.395Z,6759,6759,6913,60,Suspicious,2026-07-13T11:47:35.209Z,0xe37b95ab3f55fa78d3674dfa916139e218ae3a1c3c4f891565e1d4dc836f4401,,variant-batch live execution
datm-live-2026-07-13T11-47-14-639Z,B,entity-08-malicious,malicious,3,2026-07-13T11:47:40.482Z,2026-07-13T11:47:40.482Z,2026-07-13T11:47:40.482Z,0,2026-07-13T11:47:40.664Z,0xa6ef958bb6e9be0747c8edad21e6459bc992bd9158323483337df33b5dfc9549,2026-07-13T11:47:47.555Z,success,38866,1000,6378844,0xec780f4aeaf5e0393c0079d930b4250b947fbd019d6abfb9541988091c960c81,2026-07-13T11:47:47.555Z,6891,6891,7073,28,Untrusted,2026-07-13T11:47:35.209Z,0x8c8be3d6e938e5f987f9d1f98a66292ed93dca28d51f35b52c1f0d24e83a6154,,variant-batch live execution
datm-live-2026-07-13T11-47-14-639Z,B,entity-09-malicious,malicious,3,2026-07-13T11:47:40.482Z,2026-07-13T11:47:40.482Z,2026-07-13T11:47:40.482Z,0,2026-07-13T11:47:40.664Z,0x74ce8c6b4d073d222923854d11978e99d6b4ce4399eb2aea28c7641c608e85b9,2026-07-13T11:47:47.781Z,success,38866,1000,6378844,0xec780f4aeaf5e0393c0079d930b4250b947fbd019d6abfb9541988091c960c81,2026-07-13T11:47:47.781Z,7117,7117,7299,30,Untrusted,2026-07-13T11:47:35.209Z,0x3f51dc908aa1ede1e0c5193d94c3e5e75ddafcd187fc9fd6babaddc0d4dc4ff0,,variant-batch live execution
datm-live-2026-07-13T11-47-14-639Z,B,entity-01-normal,normal,4,2026-07-13T11:47:53.590Z,2026-07-13T11:47:53.590Z,2026-07-13T11:47:53.590Z,0,2026-07-13T11:47:53.698Z,0x7681696246fdf4843c3884267af078c5fc4fbe6cc582bb72645263963066eb9c,2026-07-13T11:47:57.977Z,success,38847,1000,6378846,0x6c6fdd1fd7b0843efb40213bec87d1854befbd1d8363629a9e81b6f0cc3138f1,2026-07-13T11:47:57.977Z,4279,4279,4387,91,Trusted,2026-07-13T11:47:45.209Z,0xb55f1277b567e0dca95b195de924f92199ecb2a18968362a532ad7e1dc4edbc5,,variant-batch live execution
datm-live-2026-07-13T11-47-14-639Z,B,entity-02-normal,normal,4,2026-07-13T11:47:53.591Z,2026-07-13T11:47:53.591Z,2026-07-13T11:47:53.591Z,0,2026-07-13T11:47:53.698Z,0xab6b22adac62df1628c933d0e6edacc5304b310d46373b3511c343b1b5207e26,2026-07-13T11:47:57.980Z,success,38847,1000,6378846,0x6c6fdd1fd7b0843efb40213bec87d1854befbd1d8363629a9e81b6f0cc3138f1,2026-07-13T11:47:57.980Z,4282,4282,4389,93,Trusted,2026-07-13T11:47:45.209Z,0x7339121eb8e754fc8befba69eca0394e59089686b156f9c5ec0edb49a4bbeb23,,variant-batch live execution
datm-live-2026-07-13T11-47-14-639Z,B,entity-03-normal,normal,4,2026-07-13T11:47:53.591Z,2026-07-13T11:47:53.591Z,2026-07-13T11:47:53.591Z,0,2026-07-13T11:47:53.716Z,0x25cca8ef506c7814b003453e6e78e5a44d9eb50b0530f1908c64b9a52107819e,2026-07-13T11:47:57.979Z,success,38847,1000,6378846,0x6c6fdd1fd7b0843efb40213bec87d1854befbd1d8363629a9e81b6f0cc3138f1,2026-07-13T11:47:57.979Z,4263,4263,4388,93,Trusted,2026-07-13T11:47:45.209Z,0xcc586edfedfe617ebc8026106d795cc75c0a01ae6101c71a6cc33845a845f0d2,,variant-batch live execution
datm-live-2026-07-13T11-47-14-639Z,B,entity-04-normal,normal,4,2026-07-13T11:47:53.592Z,2026-07-13T11:47:53.592Z,2026-07-13T11:47:53.592Z,0,2026-07-13T11:47:53.716Z,0xb3c46def9c9d2f58ef50c6ce4e2f5646f9a9ec66d172e061f348ed7bd8106fee,2026-07-13T11:47:57.976Z,success,38847,1000,6378846,0x6c6fdd1fd7b0843efb40213bec87d1854befbd1d8363629a9e81b6f0cc3138f1,2026-07-13T11:47:57.976Z,4260,4260,4384,91,Trusted,2026-07-13T11:47:45.209Z,0x16ae6d33724e75a960096cf6090deba9cfc194cb4ba866a3dc4a16334b24fe56,,variant-batch live execution
datm-live-2026-07-13T11-47-14-639Z,B,entity-05-suspicious,suspicious,4,2026-07-13T11:47:53.592Z,2026-07-13T11:47:53.592Z,2026-07-13T11:47:53.592Z,0,2026-07-13T11:47:53.716Z,0x64f4b3a4a15067052e0410f5b64cf9c751d7cf9d25483bdc6c8e4ed60a19a250,2026-07-13T11:47:57.981Z,success,38867,1000,6378846,0x6c6fdd1fd7b0843efb40213bec87d1854befbd1d8363629a9e81b6f0cc3138f1,2026-07-13T11:47:57.981Z,4265,4265,4389,64,Suspicious,2026-07-13T11:47:45.209Z,0x7c36ca8ed50b5a0524da660a9ca118eea765d70242f61851aff2a576bd19610c,,variant-batch live execution
datm-live-2026-07-13T11-47-14-639Z,B,entity-06-suspicious,suspicious,4,2026-07-13T11:47:53.592Z,2026-07-13T11:47:53.592Z,2026-07-13T11:47:53.592Z,0,2026-07-13T11:47:53.716Z,0xd831bd9c07fcae4a91020c7325407224d32c755e9326fa245fc950c176160dd9,2026-07-13T11:47:58.006Z,success,38867,1000,6378846,0x6c6fdd1fd7b0843efb40213bec87d1854befbd1d8363629a9e81b6f0cc3138f1,2026-07-13T11:47:58.006Z,4290,4290,4414,61,Suspicious,2026-07-13T11:47:45.209Z,0xfde8bae8237ba8caf6e062ccd49dd0f66f61319934c865955e77399b246bada5,,variant-batch live execution
datm-live-2026-07-13T11-47-14-639Z,B,entity-07-suspicious,suspicious,4,2026-07-13T11:47:53.593Z,2026-07-13T11:47:53.593Z,2026-07-13T11:47:53.593Z,0,2026-07-13T11:47:53.717Z,0x36b8fcd77b3bc90412fab401caa0874911d150d33487506516ffa2391feab2a0,2026-07-13T11:47:58.174Z,success,38867,1000,6378846,0x6c6fdd1fd7b0843efb40213bec87d1854befbd1d8363629a9e81b6f0cc3138f1,2026-07-13T11:47:58.174Z,4457,4457,4581,60,Suspicious,2026-07-13T11:47:45.209Z,0xc2ddebf954b734b41b131e1d9ccf0f2ed33a3cf5cb17cc7ab84a1daa1e6dc520,,variant-batch live execution
datm-live-2026-07-13T11-47-14-639Z,B,entity-08-malicious,malicious,4,2026-07-13T11:47:53.593Z,2026-07-13T11:47:53.593Z,2026-07-13T11:47:53.593Z,0,2026-07-13T11:47:53.729Z,0x770a4597ebcdea1de80652ab3875eaa77618825b72888286723cea3dbca1eff6,2026-07-13T11:47:58.201Z,success,38866,1000,6378846,0x6c6fdd1fd7b0843efb40213bec87d1854befbd1d8363629a9e81b6f0cc3138f1,2026-07-13T11:47:58.201Z,4472,4472,4608,30,Untrusted,2026-07-13T11:47:45.209Z,0x9f1a4d4a6d550ad71e4d40905574926d4ad80aa8c0633fa7a6aab1cf853ff83d,,variant-batch live execution
datm-live-2026-07-13T11-47-14-639Z,B,entity-09-malicious,malicious,4,2026-07-13T11:47:53.593Z,2026-07-13T11:47:53.593Z,2026-07-13T11:47:53.593Z,0,2026-07-13T11:47:53.730Z,0x9c8b44c2260f9aedb48777af60171c52bb03dc64ff3f48ca8403e41e390a89f5,2026-07-13T11:47:58.251Z,success,38854,1000,6378846,0x6c6fdd1fd7b0843efb40213bec87d1854befbd1d8363629a9e81b6f0cc3138f1,2026-07-13T11:47:58.251Z,4521,4521,4658,29,Untrusted,2026-07-13T11:47:45.209Z,0x6e9cc5e18462a961209330dd5e005259c3bd3e034bbb0758bf9fcf6b548fdeaa,,variant-batch live execution
datm-live-2026-07-13T11-47-14-639Z,B,entity-01-normal,normal,5,2026-07-13T11:48:03.367Z,2026-07-13T11:48:03.367Z,2026-07-13T11:48:03.367Z,0,2026-07-13T11:48:03.484Z,0x4356b7ae844122912cbe8ced946e7da240a728172d355d0f9a0330d7e9b49526,2026-07-13T11:48:07.744Z,success,38847,1000,6378848,0xc6e1acd91329a0da73348bccca5eb66eb8a882e90a717a00599fd2da3dc7d26e,2026-07-13T11:48:07.744Z,4260,4260,4377,93,Trusted,2026-07-13T11:47:55.209Z,0x61d5e8741de2e0aa0beeb471139eca6c0e363210097c5b248efbb11e74aa5510,,variant-batch live execution
datm-live-2026-07-13T11-47-14-639Z,B,entity-02-normal,normal,5,2026-07-13T11:48:03.368Z,2026-07-13T11:48:03.368Z,2026-07-13T11:48:03.368Z,0,2026-07-13T11:48:03.484Z,0x1404e7809ef8250326a0357d3976fab4e40e5a01833e4fd324331dad28141058,2026-07-13T11:48:07.745Z,success,38847,1000,6378848,0xc6e1acd91329a0da73348bccca5eb66eb8a882e90a717a00599fd2da3dc7d26e,2026-07-13T11:48:07.745Z,4261,4261,4377,93,Trusted,2026-07-13T11:47:55.209Z,0x47907c736820640cf578f1c8d9ad74d0f93f0d8aaf4456d33e76adfcc4ac60c9,,variant-batch live execution
datm-live-2026-07-13T11-47-14-639Z,B,entity-03-normal,normal,5,2026-07-13T11:48:03.369Z,2026-07-13T11:48:03.369Z,2026-07-13T11:48:03.369Z,0,2026-07-13T11:48:03.507Z,0x48b1a9baa64c1bba39bab3f80c0536a4fb592aedd57f276128ea9dd9186b3027,2026-07-13T11:48:07.740Z,success,38835,1000,6378848,0xc6e1acd91329a0da73348bccca5eb66eb8a882e90a717a00599fd2da3dc7d26e,2026-07-13T11:48:07.740Z,4233,4233,4371,92,Trusted,2026-07-13T11:47:55.209Z,0x8de5b85c3dcd5afba375b2e93d8b21a9c317c4dfad3000afdd3592205dff2e39,,variant-batch live execution
datm-live-2026-07-13T11-47-14-639Z,B,entity-04-normal,normal,5,2026-07-13T11:48:03.369Z,2026-07-13T11:48:03.369Z,2026-07-13T11:48:03.369Z,0,2026-07-13T11:48:03.507Z,0x9973e95aeae044e6b398d45fa1dbb9e6a45556e348b2faeeece1d3a39b7596d2,2026-07-13T11:48:07.747Z,success,38847,1000,6378848,0xc6e1acd91329a0da73348bccca5eb66eb8a882e90a717a00599fd2da3dc7d26e,2026-07-13T11:48:07.747Z,4240,4240,4378,93,Trusted,2026-07-13T11:47:55.209Z,0x8b55a77bf8a6d9878ff13c5418d904750fd033db41b465439f9a1a568eb9682d,,variant-batch live execution
datm-live-2026-07-13T11-47-14-639Z,B,entity-05-suspicious,suspicious,5,2026-07-13T11:48:03.370Z,2026-07-13T11:48:03.370Z,2026-07-13T11:48:03.370Z,0,2026-07-13T11:48:03.507Z,0xf9423c003b08af01ad6f8fc7597847dd6f76f2727fc4c987e068a4f143249449,2026-07-13T11:48:07.747Z,success,38867,1000,6378848,0xc6e1acd91329a0da73348bccca5eb66eb8a882e90a717a00599fd2da3dc7d26e,2026-07-13T11:48:07.747Z,4240,4240,4377,61,Suspicious,2026-07-13T11:47:55.209Z,0x40b0726309873e4db62f2c7d75783c3d1836f6fe0720b2f8418dcac618e5a3a3,,variant-batch live execution
datm-live-2026-07-13T11-47-14-639Z,B,entity-06-suspicious,suspicious,5,2026-07-13T11:48:03.370Z,2026-07-13T11:48:03.370Z,2026-07-13T11:48:03.370Z,0,2026-07-13T11:48:03.508Z,0x1ed0e68f8f0da96653bdab50a9fa6e0b6ee84fc437cdf1df9f4dc6a47f843e33,2026-07-13T11:48:07.776Z,success,38867,1000,6378848,0xc6e1acd91329a0da73348bccca5eb66eb8a882e90a717a00599fd2da3dc7d26e,2026-07-13T11:48:07.776Z,4268,4268,4406,59,Suspicious,2026-07-13T11:47:55.209Z,0x9e625ac46525377061a9beee468f4060e93bde75aaf82640cadc4641dd400dc3,,variant-batch live execution
datm-live-2026-07-13T11-47-14-639Z,B,entity-07-suspicious,suspicious,5,2026-07-13T11:48:03.370Z,2026-07-13T11:48:03.370Z,2026-07-13T11:48:03.370Z,0,2026-07-13T11:48:03.508Z,0x00f1758e5c16eb674a3c8c1f3d6f9974f8fbb8c3ef3551c2576ddbfb45e497d1,2026-07-13T11:48:07.930Z,success,38867,1000,6378848,0xc6e1acd91329a0da73348bccca5eb66eb8a882e90a717a00599fd2da3dc7d26e,2026-07-13T11:48:07.930Z,4422,4422,4560,64,Suspicious,2026-07-13T11:47:55.209Z,0x48b6572094347051ff6ce35770a993f102139b644fe55807feb95fd3f8af2ae1,,variant-batch live execution
datm-live-2026-07-13T11-47-14-639Z,B,entity-08-malicious,malicious,5,2026-07-13T11:48:03.371Z,2026-07-13T11:48:03.371Z,2026-07-13T11:48:03.371Z,0,2026-07-13T11:48:03.515Z,0x5b30f19c907660898da997f20fd3eea4e561de034328b7b266a3cb72df1ef7d2,2026-07-13T11:48:07.953Z,success,38866,1000,6378848,0xc6e1acd91329a0da73348bccca5eb66eb8a882e90a717a00599fd2da3dc7d26e,2026-07-13T11:48:07.953Z,4438,4438,4582,30,Untrusted,2026-07-13T11:47:55.209Z,0x2c7adf98e3bf29f80da6f7b245c6bc61eccc4dfeb909022e517b8531e19d8b5e,,variant-batch live execution
datm-live-2026-07-13T11-47-14-639Z,B,entity-09-malicious,malicious,5,2026-07-13T11:48:03.371Z,2026-07-13T11:48:03.371Z,2026-07-13T11:48:03.371Z,0,2026-07-13T11:48:03.515Z,0xe5a89aa37ee979372fbbc46eb67ebf4331f36213c2fd497d95bbc02c9752d551,2026-07-13T11:48:07.986Z,success,38866,1000,6378848,0xc6e1acd91329a0da73348bccca5eb66eb8a882e90a717a00599fd2da3dc7d26e,2026-07-13T11:48:07.986Z,4471,4471,4615,28,Untrusted,2026-07-13T11:47:55.209Z,0x79c650a7aad26fb61d5552e95d3a83202bd3d078a7f83fad4ef4eff2ec9eaf86,,variant-batch live execution
datm-live-2026-07-13T11-47-14-639Z,B,entity-01-normal,normal,6,2026-07-13T11:48:13.102Z,2026-07-13T11:48:13.102Z,2026-07-13T11:48:13.102Z,0,2026-07-13T11:48:13.222Z,0x3175db9b6ae739511ff67d53a3aeeb1844185821c614216884ab18d588c08fef,2026-07-13T11:48:17.476Z,success,38835,1000,6378850,0x2881db3108279929fee6d16bc9a9465473cb5c8eb56b9e3b4be2ec8e6d74c1c3,2026-07-13T11:48:17.476Z,4254,4254,4374,93,Trusted,2026-07-13T11:48:05.209Z,0x87327ab7125862b9795cb2009dc06f7c09ee46b983f35117cc8c6d1626dff38d,,variant-batch live execution
datm-live-2026-07-13T11-47-14-639Z,B,entity-02-normal,normal,6,2026-07-13T11:48:13.103Z,2026-07-13T11:48:13.103Z,2026-07-13T11:48:13.103Z,0,2026-07-13T11:48:13.222Z,0x32d598a343d5da196a7cb80f4e81d96338d82623eeffd1ee42269f0a8d15112c,2026-07-13T11:48:17.478Z,success,38847,1000,6378850,0x2881db3108279929fee6d16bc9a9465473cb5c8eb56b9e3b4be2ec8e6d74c1c3,2026-07-13T11:48:17.478Z,4256,4256,4375,92,Trusted,2026-07-13T11:48:05.209Z,0x9785f50ec21b6fbf233f5c0e0bf4756b7c199e5e38b9e7787a93babbe84769a1,,variant-batch live execution
datm-live-2026-07-13T11-47-14-639Z,B,entity-03-normal,normal,6,2026-07-13T11:48:13.104Z,2026-07-13T11:48:13.104Z,2026-07-13T11:48:13.104Z,0,2026-07-13T11:48:13.232Z,0xb5dde4be1255677ae3428ba26a798ea4c55864043602e622baf23d14876ca906,2026-07-13T11:48:17.499Z,success,38847,1000,6378850,0x2881db3108279929fee6d16bc9a9465473cb5c8eb56b9e3b4be2ec8e6d74c1c3,2026-07-13T11:48:17.499Z,4267,4267,4395,93,Trusted,2026-07-13T11:48:05.209Z,0xa8db147f0e2c1b4320a3ef148fd3f36cc7436af45b983b977bf4abfda83577cb,,variant-batch live execution
datm-live-2026-07-13T11-47-14-639Z,B,entity-04-normal,normal,6,2026-07-13T11:48:13.104Z,2026-07-13T11:48:13.104Z,2026-07-13T11:48:13.104Z,0,2026-07-13T11:48:13.233Z,0x9b855da110deaf1f00eb2137e376bdf19e43b43c605ab41ba1fea55077c42011,2026-07-13T11:48:17.477Z,success,38847,1000,6378850,0x2881db3108279929fee6d16bc9a9465473cb5c8eb56b9e3b4be2ec8e6d74c1c3,2026-07-13T11:48:17.477Z,4244,4244,4373,93,Trusted,2026-07-13T11:48:05.209Z,0xbd40f2099201ebee5cb2d1b4f79c81fb78f7fad613b2636c59dba510ba26c94d,,variant-batch live execution
datm-live-2026-07-13T11-47-14-639Z,B,entity-05-suspicious,suspicious,6,2026-07-13T11:48:13.105Z,2026-07-13T11:48:13.105Z,2026-07-13T11:48:13.105Z,0,2026-07-13T11:48:13.251Z,0x4d3e6d436fedcd21a855030b431743cca4065c9e9afcb7a5c1d55fe1eb57801c,2026-07-13T11:48:17.478Z,success,38867,1000,6378850,0x2881db3108279929fee6d16bc9a9465473cb5c8eb56b9e3b4be2ec8e6d74c1c3,2026-07-13T11:48:17.478Z,4227,4227,4373,59,Suspicious,2026-07-13T11:48:05.209Z,0x0b7a8ea17eaff6f501895f8d9d19166dece0499601108f0505783a88d3b698eb,,variant-batch live execution
datm-live-2026-07-13T11-47-14-639Z,B,entity-06-suspicious,suspicious,6,2026-07-13T11:48:13.105Z,2026-07-13T11:48:13.105Z,2026-07-13T11:48:13.105Z,0,2026-07-13T11:48:13.233Z,0x524f15333ad7521eeb30208bbf187e14925fb6e29ebc9637e3d01b99a3b2d4d3,2026-07-13T11:48:17.471Z,success,38867,1000,6378850,0x2881db3108279929fee6d16bc9a9465473cb5c8eb56b9e3b4be2ec8e6d74c1c3,2026-07-13T11:48:17.471Z,4238,4238,4366,60,Suspicious,2026-07-13T11:48:05.209Z,0x99dc82dac65aad325b2ac47ec2651780230a43fe954e906940e90716fb88766b,,variant-batch live execution
datm-live-2026-07-13T11-47-14-639Z,B,entity-07-suspicious,suspicious,6,2026-07-13T11:48:13.106Z,2026-07-13T11:48:13.106Z,2026-07-13T11:48:13.106Z,0,2026-07-13T11:48:13.233Z,0x54599e8e7516e34ee14081cb0fad58636922606122835b07b9261fbc6950670b,2026-07-13T11:48:17.676Z,success,38867,1000,6378850,0x2881db3108279929fee6d16bc9a9465473cb5c8eb56b9e3b4be2ec8e6d74c1c3,2026-07-13T11:48:17.676Z,4443,4443,4570,61,Suspicious,2026-07-13T11:48:05.209Z,0x01ac2bc81735868bf8d9122107b21d44d0c7f04fc71b651fdd9360ecf2b7ce21,,variant-batch live execution
datm-live-2026-07-13T11-47-14-639Z,B,entity-08-malicious,malicious,6,2026-07-13T11:48:13.106Z,2026-07-13T11:48:13.106Z,2026-07-13T11:48:13.106Z,0,2026-07-13T11:48:13.233Z,0x6d33d99207949a16630be2a477fe5c392929826f6b776d6b8edbeb5b85f3fbf2,2026-07-13T11:48:17.659Z,success,38866,1000,6378850,0x2881db3108279929fee6d16bc9a9465473cb5c8eb56b9e3b4be2ec8e6d74c1c3,2026-07-13T11:48:17.659Z,4426,4426,4553,28,Untrusted,2026-07-13T11:48:05.209Z,0xfa859462e8d93f015e876f2d1aeb50263d0b4c59440e4dcb8bf1f023a1d909dc,,variant-batch live execution
datm-live-2026-07-13T11-47-14-639Z,B,entity-09-malicious,malicious,6,2026-07-13T11:48:13.106Z,2026-07-13T11:48:13.106Z,2026-07-13T11:48:13.106Z,0,2026-07-13T11:48:13.252Z,0x01cabdeb5fff125a007057b974d0c8737ab0e1d3d02c5d1b8346a3f297a3e1d7,2026-07-13T11:48:17.706Z,success,38866,1000,6378850,0x2881db3108279929fee6d16bc9a9465473cb5c8eb56b9e3b4be2ec8e6d74c1c3,2026-07-13T11:48:17.706Z,4454,4454,4600,29,Untrusted,2026-07-13T11:48:05.209Z,0x0b4db83e5bb6441032fec89af1528a263513cb70dd3c5019cc10602bd004ba42,,variant-batch live execution
datm-live-2026-07-13T11-47-14-639Z,B,entity-01-normal,normal,7,2026-07-13T11:48:22.822Z,2026-07-13T11:48:22.822Z,2026-07-13T11:48:22.822Z,0,2026-07-13T11:48:22.952Z,0x49127c782c592e9ea03b1ed0631e9d1df073b75a365e0ece9bf78cafc8ff8c36,2026-07-13T11:48:27.266Z,success,38835,1000,6378852,0x88b4bb906fc47978146cdd42290902c315731ce972e9173890a8c08410a7e05b,2026-07-13T11:48:27.266Z,4314,4314,4444,92,Trusted,2026-07-13T11:48:15.209Z,0x1f82efc2747363af83412e4e53f41f7f2e0c1549799c009807891564a1906716,,variant-batch live execution
datm-live-2026-07-13T11-47-14-639Z,B,entity-02-normal,normal,7,2026-07-13T11:48:22.823Z,2026-07-13T11:48:22.823Z,2026-07-13T11:48:22.823Z,0,2026-07-13T11:48:22.980Z,0x3782619c0c2aa403490c52eead7b764c9bc709292cad7c1c0488d89e94c39d67,2026-07-13T11:48:27.252Z,success,38847,1000,6378852,0x88b4bb906fc47978146cdd42290902c315731ce972e9173890a8c08410a7e05b,2026-07-13T11:48:27.252Z,4272,4272,4429,93,Trusted,2026-07-13T11:48:15.209Z,0x87fe0995a5cc167656ca2c73a1da367bad0dc8f38dd22a1ec3c5f2b40c348235,,variant-batch live execution
datm-live-2026-07-13T11-47-14-639Z,B,entity-03-normal,normal,7,2026-07-13T11:48:22.824Z,2026-07-13T11:48:22.824Z,2026-07-13T11:48:22.824Z,0,2026-07-13T11:48:22.980Z,0x6a47801896a291da4cc90075a592a336a907a21a8d410856594a0a467e56b415,2026-07-13T11:48:27.253Z,success,38847,1000,6378852,0x88b4bb906fc47978146cdd42290902c315731ce972e9173890a8c08410a7e05b,2026-07-13T11:48:27.253Z,4273,4273,4429,93,Trusted,2026-07-13T11:48:15.209Z,0x5fd48076f44206daa5bb1eaceb13e76e80379aebcc5753a54ba2daaeadb4f8f5,,variant-batch live execution
datm-live-2026-07-13T11-47-14-639Z,B,entity-04-normal,normal,7,2026-07-13T11:48:22.824Z,2026-07-13T11:48:22.824Z,2026-07-13T11:48:22.824Z,0,2026-07-13T11:48:22.980Z,0x2f32782039d2bf8d2bd300d38542955072ef80aade3adb975e9150bdb97036e5,2026-07-13T11:48:27.254Z,success,38847,1000,6378852,0x88b4bb906fc47978146cdd42290902c315731ce972e9173890a8c08410a7e05b,2026-07-13T11:48:27.254Z,4274,4274,4430,92,Trusted,2026-07-13T11:48:15.209Z,0xc8b26defeaafbdb3670d9ba4a5e90b60f4c8181bb91d7d62360450c69381b1aa,,variant-batch live execution
datm-live-2026-07-13T11-47-14-639Z,B,entity-05-suspicious,suspicious,7,2026-07-13T11:48:22.825Z,2026-07-13T11:48:22.825Z,2026-07-13T11:48:22.825Z,0,2026-07-13T11:48:22.981Z,0x545db2c87feed191f3afd247d9def435f209e1ab678a79aa786ba839540bbfad,2026-07-13T11:48:27.254Z,success,38855,1000,6378852,0x88b4bb906fc47978146cdd42290902c315731ce972e9173890a8c08410a7e05b,2026-07-13T11:48:27.254Z,4273,4273,4429,60,Suspicious,2026-07-13T11:48:15.209Z,0x19dba7db353cffb3056cdb0a25540e5b96817041f8b85520a900481bea0f61e5,,variant-batch live execution
datm-live-2026-07-13T11-47-14-639Z,B,entity-06-suspicious,suspicious,7,2026-07-13T11:48:22.826Z,2026-07-13T11:48:22.826Z,2026-07-13T11:48:22.826Z,0,2026-07-13T11:48:22.981Z,0x4f9458d78917f26b57e13470bec624d5dc59abf248f224ac2dd0f725a3d4730e,2026-07-13T11:48:27.242Z,success,38867,1000,6378852,0x88b4bb906fc47978146cdd42290902c315731ce972e9173890a8c08410a7e05b,2026-07-13T11:48:27.242Z,4261,4261,4416,62,Suspicious,2026-07-13T11:48:15.209Z,0xf94ec08e3db3f347aca6c870fadf6384537cea93627fdef3cf49e5db9c8152bc,,variant-batch live execution
datm-live-2026-07-13T11-47-14-639Z,B,entity-07-suspicious,suspicious,7,2026-07-13T11:48:22.826Z,2026-07-13T11:48:22.826Z,2026-07-13T11:48:22.826Z,0,2026-07-13T11:48:23.007Z,0x16f4f2d238613463399d70d2f2dc470618124938ecb36c1f57a8a086edefb879,2026-07-13T11:48:27.422Z,success,38855,1000,6378852,0x88b4bb906fc47978146cdd42290902c315731ce972e9173890a8c08410a7e05b,2026-07-13T11:48:27.422Z,4415,4415,4596,59,Suspicious,2026-07-13T11:48:15.209Z,0xcbc9ade42e00c6f3e37a126eb30a7996c20f6ab5a41f4bf6043f18dd280c2e3f,,variant-batch live execution
datm-live-2026-07-13T11-47-14-639Z,B,entity-08-malicious,malicious,7,2026-07-13T11:48:22.826Z,2026-07-13T11:48:22.826Z,2026-07-13T11:48:22.826Z,0,2026-07-13T11:48:23.007Z,0xf71515082384eb84cead45da34c539a00d95d2313c5c3417b8c1b045b646e04e,2026-07-13T11:48:27.432Z,success,38866,1000,6378852,0x88b4bb906fc47978146cdd42290902c315731ce972e9173890a8c08410a7e05b,2026-07-13T11:48:27.432Z,4425,4425,4606,29,Untrusted,2026-07-13T11:48:15.209Z,0x33e1e9f7b659ac9d11231842ee3a7a3edc6c1ae08133694e671b2347d2312561,,variant-batch live execution
datm-live-2026-07-13T11-47-14-639Z,B,entity-09-malicious,malicious,7,2026-07-13T11:48:22.826Z,2026-07-13T11:48:22.826Z,2026-07-13T11:48:22.826Z,0,2026-07-13T11:48:23.007Z,0x68a44874917df6a824b1bb4cd99368f35f79a1bdd749c025a6ca3c808689bb26,2026-07-13T11:48:27.465Z,success,38866,1000,6378852,0x88b4bb906fc47978146cdd42290902c315731ce972e9173890a8c08410a7e05b,2026-07-13T11:48:27.465Z,4458,4458,4639,28,Untrusted,2026-07-13T11:48:15.209Z,0x65ec8c3df718e8a823cef8ae0adda5d094961f3543558f22b0a6538dffdbba2f,,variant-batch live execution
datm-live-2026-07-13T11-47-14-639Z,B,entity-01-normal,normal,8,2026-07-13T11:48:32.567Z,2026-07-13T11:48:32.567Z,2026-07-13T11:48:32.567Z,0,2026-07-13T11:48:32.674Z,0x9192a37ff38fe81eed6704f20ff7a362a55210d66c1216bee1b4887c54a1b1a9,2026-07-13T11:48:36.947Z,success,38835,1000,6378854,0x2ce474622cb8ef38687ce115aec6bbf8be8caf5373d276bca3c22659485e1f95,2026-07-13T11:48:36.947Z,4273,4273,4380,93,Trusted,2026-07-13T11:48:25.209Z,0xb5db0163578b7bd479402da38aa8da92dedabf9adf71e55e00d37e416bdf3aa3,,variant-batch live execution
datm-live-2026-07-13T11-47-14-639Z,B,entity-02-normal,normal,8,2026-07-13T11:48:32.569Z,2026-07-13T11:48:32.569Z,2026-07-13T11:48:32.569Z,0,2026-07-13T11:48:32.674Z,0xdf383ff8bafe85d127c1195eb3980cfe1d6eb51959feb23a886ec2dd7bc3aeb4,2026-07-13T11:48:36.928Z,success,38847,1000,6378854,0x2ce474622cb8ef38687ce115aec6bbf8be8caf5373d276bca3c22659485e1f95,2026-07-13T11:48:36.928Z,4254,4254,4359,93,Trusted,2026-07-13T11:48:25.209Z,0xe7df3e57f328ba25e5f3063120caed6f375c7960942e7c84d863499bc3b9ce77,,variant-batch live execution
datm-live-2026-07-13T11-47-14-639Z,B,entity-03-normal,normal,8,2026-07-13T11:48:32.569Z,2026-07-13T11:48:32.569Z,2026-07-13T11:48:32.569Z,0,2026-07-13T11:48:32.673Z,0x54dd1f21dd8521b3ce23a9a43025276a2eb7a2e83f3030a02fe6c66a2a3d028e,2026-07-13T11:48:36.920Z,success,38847,1000,6378854,0x2ce474622cb8ef38687ce115aec6bbf8be8caf5373d276bca3c22659485e1f95,2026-07-13T11:48:36.920Z,4247,4247,4351,91,Trusted,2026-07-13T11:48:25.209Z,0xd75ae7a0f9b9a00a31174d4a7b70073ac226f45627ac54288942f5ad0a6b0f5a,,variant-batch live execution
datm-live-2026-07-13T11-47-14-639Z,B,entity-04-normal,normal,8,2026-07-13T11:48:32.570Z,2026-07-13T11:48:32.570Z,2026-07-13T11:48:32.570Z,0,2026-07-13T11:48:32.674Z,0xe7bcbb22347ed757d613409cd80b12113e4f55bd618404485b22e81cc06353a6,2026-07-13T11:48:36.920Z,success,38835,1000,6378854,0x2ce474622cb8ef38687ce115aec6bbf8be8caf5373d276bca3c22659485e1f95,2026-07-13T11:48:36.920Z,4246,4246,4350,93,Trusted,2026-07-13T11:48:25.209Z,0x2e7232a3e70a1c201637b4e4f4427b66b5d6e3a95c6ef392090067f45f76afc0,,variant-batch live execution
datm-live-2026-07-13T11-47-14-639Z,B,entity-05-suspicious,suspicious,8,2026-07-13T11:48:32.570Z,2026-07-13T11:48:32.570Z,2026-07-13T11:48:32.570Z,0,2026-07-13T11:48:32.675Z,0x43ef658bd1a8e9261b14190fcc58b223b2a3aab1fac1809e7a7743d46382fdf6,2026-07-13T11:48:36.923Z,success,38855,1000,6378854,0x2ce474622cb8ef38687ce115aec6bbf8be8caf5373d276bca3c22659485e1f95,2026-07-13T11:48:36.923Z,4248,4248,4353,62,Suspicious,2026-07-13T11:48:25.209Z,0x73d414c93122f33c052d7878ba6984002aa912124b094d1b803e4c0568acbe6a,,variant-batch live execution
datm-live-2026-07-13T11-47-14-639Z,B,entity-06-suspicious,suspicious,8,2026-07-13T11:48:32.570Z,2026-07-13T11:48:32.570Z,2026-07-13T11:48:32.570Z,0,2026-07-13T11:48:32.675Z,0x1e4d3ccc5dfdd552fbd36a3e5aeb8f1b75ba30dbe4909a17eed202eeb3869f2c,2026-07-13T11:48:36.920Z,success,38867,1000,6378854,0x2ce474622cb8ef38687ce115aec6bbf8be8caf5373d276bca3c22659485e1f95,2026-07-13T11:48:36.920Z,4245,4245,4350,63,Suspicious,2026-07-13T11:48:25.209Z,0x2de8f901db3785b43029c914735af4261d432176d0b4a8cc6b6d74b3f4386a61,,variant-batch live execution
datm-live-2026-07-13T11-47-14-639Z,B,entity-07-suspicious,suspicious,8,2026-07-13T11:48:32.570Z,2026-07-13T11:48:32.570Z,2026-07-13T11:48:32.570Z,0,2026-07-13T11:48:32.703Z,0x38f0914001081c468e009cc66184fd55840973c77f26d3cb0f4efb0c3cd283a6,2026-07-13T11:48:37.130Z,success,38867,1000,6378854,0x2ce474622cb8ef38687ce115aec6bbf8be8caf5373d276bca3c22659485e1f95,2026-07-13T11:48:37.130Z,4427,4427,4560,60,Suspicious,2026-07-13T11:48:25.209Z,0x10666d74194d6698707c3701f3011e99d8973906d87b69f4eec98ce1b3b845c4,,variant-batch live execution
datm-live-2026-07-13T11-47-14-639Z,B,entity-08-malicious,malicious,8,2026-07-13T11:48:32.571Z,2026-07-13T11:48:32.571Z,2026-07-13T11:48:32.571Z,0,2026-07-13T11:48:32.703Z,0x30242aff264f1d5f0462800f2a977dbaeb59a528855b3c99cceb7241228682c3,2026-07-13T11:48:37.128Z,success,38866,1000,6378854,0x2ce474622cb8ef38687ce115aec6bbf8be8caf5373d276bca3c22659485e1f95,2026-07-13T11:48:37.128Z,4425,4425,4557,28,Untrusted,2026-07-13T11:48:25.209Z,0x22dc7ec168be143c0be0ea957bb767ee6e21319aac3d68e95410e0c57537b2c6,,variant-batch live execution
datm-live-2026-07-13T11-47-14-639Z,B,entity-09-malicious,malicious,8,2026-07-13T11:48:32.571Z,2026-07-13T11:48:32.571Z,2026-07-13T11:48:32.571Z,0,2026-07-13T11:48:32.703Z,0xe738788cc8c76468f172eddc2718a2ff3d16024e498f4ab0ab1ada83f78575b5,2026-07-13T11:48:37.157Z,success,38866,1000,6378854,0x2ce474622cb8ef38687ce115aec6bbf8be8caf5373d276bca3c22659485e1f95,2026-07-13T11:48:37.157Z,4454,4454,4586,28,Untrusted,2026-07-13T11:48:25.209Z,0xb3a06e6caa89ef192bf6a2b4636205ccef219f71774eade59a0104a888ddbdcb,,variant-batch live execution
datm-live-2026-07-13T11-47-14-639Z,B,entity-01-normal,normal,9,2026-07-13T11:48:42.279Z,2026-07-13T11:48:42.279Z,2026-07-13T11:48:42.279Z,0,2026-07-13T11:48:42.531Z,0x4f831e904705bcbadab3a35822664aace78e0c1b1b11c1095ef176e8a87b6dbb,2026-07-13T11:48:46.821Z,success,38847,1000,6378856,0x643a0a601eca5cd802ae6e43f5a7fbd5caaf9fb70c5e6540e79b9ae9a984e2be,2026-07-13T11:48:46.821Z,4290,4290,4542,93,Trusted,2026-07-13T11:48:35.209Z,0xda689ce910da361a170b18c3659effe74e4d766eceef6e843b084b614c4e4a05,,variant-batch live execution
datm-live-2026-07-13T11-47-14-639Z,B,entity-02-normal,normal,9,2026-07-13T11:48:42.279Z,2026-07-13T11:48:42.279Z,2026-07-13T11:48:42.279Z,0,2026-07-13T11:48:42.497Z,0xf59f6fd615f3f1e45373666e088e4ab32838976d1933e2c5710baa8095b2b031,2026-07-13T11:48:46.852Z,success,38847,1000,6378856,0x643a0a601eca5cd802ae6e43f5a7fbd5caaf9fb70c5e6540e79b9ae9a984e2be,2026-07-13T11:48:46.852Z,4355,4355,4573,92,Trusted,2026-07-13T11:48:35.209Z,0x48d874571605af952df7c18a5ee6b12afdb107539db2228d11ae06d74c379eae,,variant-batch live execution
datm-live-2026-07-13T11-47-14-639Z,B,entity-03-normal,normal,9,2026-07-13T11:48:42.280Z,2026-07-13T11:48:42.280Z,2026-07-13T11:48:42.280Z,0,2026-07-13T11:48:42.541Z,0x4fa259a59d8e886e3094f33e981e056cef2415e1f5f038438faa88eee2856244,2026-07-13T11:48:46.817Z,success,38847,1000,6378856,0x643a0a601eca5cd802ae6e43f5a7fbd5caaf9fb70c5e6540e79b9ae9a984e2be,2026-07-13T11:48:46.817Z,4276,4276,4537,93,Trusted,2026-07-13T11:48:35.209Z,0x3133a23d404bd4b075adb3b0fd9d93b97e87905acd3d4aebce4d9403638ccab1,,variant-batch live execution
datm-live-2026-07-13T11-47-14-639Z,B,entity-04-normal,normal,9,2026-07-13T11:48:42.280Z,2026-07-13T11:48:42.280Z,2026-07-13T11:48:42.280Z,0,2026-07-13T11:48:42.541Z,0xce6a524d99bf15cc87d4052ed763d67a5400dde59027450f2a69ccb30093bac5,2026-07-13T11:48:46.804Z,success,38847,1000,6378856,0x643a0a601eca5cd802ae6e43f5a7fbd5caaf9fb70c5e6540e79b9ae9a984e2be,2026-07-13T11:48:46.804Z,4263,4263,4524,93,Trusted,2026-07-13T11:48:35.209Z,0x67f7a9031da875573bc62b6a484393dc6c94a38f19b85f5915b0f7a7fa5991a6,,variant-batch live execution
datm-live-2026-07-13T11-47-14-639Z,B,entity-05-suspicious,suspicious,9,2026-07-13T11:48:42.281Z,2026-07-13T11:48:42.281Z,2026-07-13T11:48:42.281Z,0,2026-07-13T11:48:42.541Z,0x51deebdc3900daa5393f3be6b35342b97b79a2102abea7a02ce3c9df1204d54e,2026-07-13T11:48:46.819Z,success,38855,1000,6378856,0x643a0a601eca5cd802ae6e43f5a7fbd5caaf9fb70c5e6540e79b9ae9a984e2be,2026-07-13T11:48:46.819Z,4278,4278,4538,63,Suspicious,2026-07-13T11:48:35.209Z,0x411ec780917aaeea1ff300d2a09764427b45bafa0a092a1912a9e274e71db05e,,variant-batch live execution
datm-live-2026-07-13T11-47-14-639Z,B,entity-06-suspicious,suspicious,9,2026-07-13T11:48:42.281Z,2026-07-13T11:48:42.281Z,2026-07-13T11:48:42.281Z,0,2026-07-13T11:48:42.541Z,0x456466fb3d5c352974c74ad6b993faa39ed9fe95a72b16bd1d03973d4bf6cfbd,2026-07-13T11:48:46.821Z,success,38867,1000,6378856,0x643a0a601eca5cd802ae6e43f5a7fbd5caaf9fb70c5e6540e79b9ae9a984e2be,2026-07-13T11:48:46.821Z,4280,4280,4540,61,Suspicious,2026-07-13T11:48:35.209Z,0xc8d76d92436504015c875811b68ee312cca253b26bee11af74273b1cb9c4e373,,variant-batch live execution
datm-live-2026-07-13T11-47-14-639Z,B,entity-07-suspicious,suspicious,9,2026-07-13T11:48:42.281Z,2026-07-13T11:48:42.281Z,2026-07-13T11:48:42.281Z,0,2026-07-13T11:48:42.542Z,0xe01d33aaa412cb6b5086fa03ee955bd1067b5a977e738bb8adaa57147f8d5d5c,2026-07-13T11:48:47.057Z,success,38867,1000,6378856,0x643a0a601eca5cd802ae6e43f5a7fbd5caaf9fb70c5e6540e79b9ae9a984e2be,2026-07-13T11:48:47.057Z,4515,4515,4776,62,Suspicious,2026-07-13T11:48:35.209Z,0x12a15e7358cee9350fc8209e562416d89f607a3b9dce6607f2fc0b201e72d74e,,variant-batch live execution
datm-live-2026-07-13T11-47-14-639Z,B,entity-08-malicious,malicious,9,2026-07-13T11:48:42.282Z,2026-07-13T11:48:42.282Z,2026-07-13T11:48:42.282Z,0,2026-07-13T11:48:42.565Z,0x468e7f8f70c5d80c1681495e764c3c99f4d94432e05be6f5e72d3882e329fad9,2026-07-13T11:48:47.075Z,success,38866,1000,6378856,0x643a0a601eca5cd802ae6e43f5a7fbd5caaf9fb70c5e6540e79b9ae9a984e2be,2026-07-13T11:48:47.075Z,4510,4510,4793,28,Untrusted,2026-07-13T11:48:35.209Z,0x9d79b6e056ad71977c91bd073a0788ce8339098a32c2144ac8177f53f7c52c34,,variant-batch live execution
datm-live-2026-07-13T11-47-14-639Z,B,entity-09-malicious,malicious,9,2026-07-13T11:48:42.282Z,2026-07-13T11:48:42.282Z,2026-07-13T11:48:42.282Z,0,2026-07-13T11:48:42.592Z,0x09214b72d1d31c54e4f8c031e864902b0bbbc230863b842d0757bbe4dda294a1,2026-07-13T11:48:47.045Z,success,38866,1000,6378856,0x643a0a601eca5cd802ae6e43f5a7fbd5caaf9fb70c5e6540e79b9ae9a984e2be,2026-07-13T11:48:47.045Z,4453,4453,4763,29,Untrusted,2026-07-13T11:48:35.209Z,0x408803a29be81a418c2f2a02d43a91a28145f21d9e3a6ed7ae765aa780fe5513,,variant-batch live execution
datm-live-2026-07-13T11-47-14-639Z,B,entity-01-normal,normal,10,2026-07-13T11:48:52.195Z,2026-07-13T11:48:52.195Z,2026-07-13T11:48:52.195Z,0,2026-07-13T11:48:52.301Z,0x9717d95e60dc953927be11c1bbc0a4f66a754ee6405cd35b2b7e0b5075fe4481,2026-07-13T11:48:56.573Z,success,38847,1000,6378858,0x2e783efe53137331975199d582635eb59ee7b1687095118a8c4366e285ea80cf,2026-07-13T11:48:56.573Z,4272,4272,4378,91,Trusted,2026-07-13T11:48:45.209Z,0x854186181bb04513ae2268ddbf88db527fa75267934b16f8f5c9311dde0dc5d2,,variant-batch live execution
datm-live-2026-07-13T11-47-14-639Z,B,entity-02-normal,normal,10,2026-07-13T11:48:52.196Z,2026-07-13T11:48:52.196Z,2026-07-13T11:48:52.196Z,0,2026-07-13T11:48:52.301Z,0xfe2d62314ba03ca0c5f9ce5d44836fd14126729da0339f921d3a2c55023db65b,2026-07-13T11:48:56.609Z,success,38847,1000,6378858,0x2e783efe53137331975199d582635eb59ee7b1687095118a8c4366e285ea80cf,2026-07-13T11:48:56.609Z,4308,4308,4413,93,Trusted,2026-07-13T11:48:45.209Z,0x1fa557ac05204c50b9420a7a5c84941c5179c3a6cfa7b41c5dd280ed3e52c6bf,,variant-batch live execution
datm-live-2026-07-13T11-47-14-639Z,B,entity-03-normal,normal,10,2026-07-13T11:48:52.197Z,2026-07-13T11:48:52.197Z,2026-07-13T11:48:52.197Z,0,2026-07-13T11:48:52.301Z,0x6c696c499e360dfffc9c551c0b3625f681c244cccd2a27ff7e2db4f7ba1094b2,2026-07-13T11:48:56.575Z,success,38847,1000,6378858,0x2e783efe53137331975199d582635eb59ee7b1687095118a8c4366e285ea80cf,2026-07-13T11:48:56.575Z,4274,4274,4378,93,Trusted,2026-07-13T11:48:45.209Z,0x6db81c0a6b53fd404bc2fddfce01ea4a7ba27cce360e37358d68a06acb99a9ed,,variant-batch live execution
datm-live-2026-07-13T11-47-14-639Z,B,entity-04-normal,normal,10,2026-07-13T11:48:52.197Z,2026-07-13T11:48:52.197Z,2026-07-13T11:48:52.197Z,0,2026-07-13T11:48:52.301Z,0x6dc58d9d1b951dc75216b145da7fa63204290ae06ca069fac840f83535accc1f,2026-07-13T11:48:56.576Z,success,38847,1000,6378858,0x2e783efe53137331975199d582635eb59ee7b1687095118a8c4366e285ea80cf,2026-07-13T11:48:56.576Z,4275,4275,4379,91,Trusted,2026-07-13T11:48:45.209Z,0x2baa3507acc02cf913191828116945399383a7b3caa51df4f894b49535c3a304,,variant-batch live execution
datm-live-2026-07-13T11-47-14-639Z,B,entity-05-suspicious,suspicious,10,2026-07-13T11:48:52.197Z,2026-07-13T11:48:52.197Z,2026-07-13T11:48:52.197Z,0,2026-07-13T11:48:52.301Z,0xa78daa8961abdaf0ef43c61196d05383cd791c125e1d8ee8f499fb3555c46394,2026-07-13T11:48:56.577Z,success,38867,1000,6378858,0x2e783efe53137331975199d582635eb59ee7b1687095118a8c4366e285ea80cf,2026-07-13T11:48:56.577Z,4276,4276,4380,61,Suspicious,2026-07-13T11:48:45.209Z,0xc70621dfd3aa1f1e45f5455e6931eb587119b3dea0eeed23af68f143596ccdee,,variant-batch live execution
datm-live-2026-07-13T11-47-14-639Z,B,entity-06-suspicious,suspicious,10,2026-07-13T11:48:52.198Z,2026-07-13T11:48:52.198Z,2026-07-13T11:48:52.198Z,0,2026-07-13T11:48:52.320Z,0xd09ee694b0fdcebedb2c72f978d03cc9172e1f475d8f4b90b20113260a68b79f,2026-07-13T11:48:56.577Z,success,38867,1000,6378858,0x2e783efe53137331975199d582635eb59ee7b1687095118a8c4366e285ea80cf,2026-07-13T11:48:56.577Z,4257,4257,4379,60,Suspicious,2026-07-13T11:48:45.209Z,0x82152fd64a43bdba7740e2bb498c43a7501fac6059528394961bddabbdfef776,,variant-batch live execution
datm-live-2026-07-13T11-47-14-639Z,B,entity-07-suspicious,suspicious,10,2026-07-13T11:48:52.199Z,2026-07-13T11:48:52.199Z,2026-07-13T11:48:52.199Z,0,2026-07-13T11:48:52.350Z,0x395ad449c14509418c40409148a78883b3efeedc101be51cfb67d95b7345caee,2026-07-13T11:48:56.760Z,success,38867,1000,6378858,0x2e783efe53137331975199d582635eb59ee7b1687095118a8c4366e285ea80cf,2026-07-13T11:48:56.760Z,4410,4410,4561,63,Suspicious,2026-07-13T11:48:45.209Z,0x1b1fb82cfaab9c5df4b6c0558798d1e428eb9d965759dd3a1ce0eb08528ed7f1,,variant-batch live execution
datm-live-2026-07-13T11-47-14-639Z,B,entity-08-malicious,malicious,10,2026-07-13T11:48:52.199Z,2026-07-13T11:48:52.199Z,2026-07-13T11:48:52.199Z,0,2026-07-13T11:48:52.350Z,0x85ff65a866bd8fdc4dd35c045c2cc0a571bfc0d0766e88e13b517c3191d2482d,2026-07-13T11:48:56.785Z,success,38866,1000,6378858,0x2e783efe53137331975199d582635eb59ee7b1687095118a8c4366e285ea80cf,2026-07-13T11:48:56.785Z,4435,4435,4586,29,Untrusted,2026-07-13T11:48:45.209Z,0xac15e00851d80974fabfa70ba4ac8c306646e9ea2f5f16b9f56d2e0c071fd4c0,,variant-batch live execution
datm-live-2026-07-13T11-47-14-639Z,B,entity-09-malicious,malicious,10,2026-07-13T11:48:52.200Z,2026-07-13T11:48:52.200Z,2026-07-13T11:48:52.200Z,0,2026-07-13T11:48:52.350Z,0x75997f885160fbcf8a26e4797d6a5e72d638e841d0b9d75283cf1f496cb60a57,2026-07-13T11:48:56.815Z,success,38866,1000,6378858,0x2e783efe53137331975199d582635eb59ee7b1687095118a8c4366e285ea80cf,2026-07-13T11:48:56.815Z,4465,4465,4615,27,Untrusted,2026-07-13T11:48:45.209Z,0xcf1f6e5673ccb54a58f24b752d08982bb59e3cb65bc45aeb598c1d6de30bad2e,,variant-batch live execution
datm-live-2026-07-13T11-47-14-639Z,B,entity-01-normal,normal,11,2026-07-13T11:49:01.935Z,2026-07-13T11:49:01.935Z,2026-07-13T11:49:01.935Z,0,2026-07-13T11:49:02.046Z,0x7bb61283d6fc6e6ecb0d2117d25dedcf7b7543043446f88b219c12f32e429d2c,2026-07-13T11:49:06.328Z,success,38835,1000,6378860,0x6068f72b3697002b0a141c43919fd2216c5bb4254bce43c9571eee9628fec9ce,2026-07-13T11:49:06.328Z,4282,4282,4393,92,Trusted,2026-07-13T11:48:55.209Z,0x288905007ef2c1c578a0d43eb7428e066f9ba566db101074e3a13aa16fb1c5e2,,variant-batch live execution
datm-live-2026-07-13T11-47-14-639Z,B,entity-02-normal,normal,11,2026-07-13T11:49:01.936Z,2026-07-13T11:49:01.936Z,2026-07-13T11:49:01.936Z,0,2026-07-13T11:49:02.046Z,0x924cbb8b63b07d0a0deaddd2e187eca1aafa459f833979e4b1a04fc598f5eec4,2026-07-13T11:49:06.330Z,success,38847,1000,6378860,0x6068f72b3697002b0a141c43919fd2216c5bb4254bce43c9571eee9628fec9ce,2026-07-13T11:49:06.330Z,4284,4284,4394,92,Trusted,2026-07-13T11:48:55.209Z,0x747027186746f594eb44100e6afb67c163f8f7c5ec6ed57b5bb7e950840e33b7,,variant-batch live execution
datm-live-2026-07-13T11-47-14-639Z,B,entity-03-normal,normal,11,2026-07-13T11:49:01.937Z,2026-07-13T11:49:01.937Z,2026-07-13T11:49:01.937Z,0,2026-07-13T11:49:02.067Z,0x30f6a1854bc5f9cbc1ddef88e2edd108976530a14bd12f999a4c68b1b99d7b7f,2026-07-13T11:49:06.330Z,success,38847,1000,6378860,0x6068f72b3697002b0a141c43919fd2216c5bb4254bce43c9571eee9628fec9ce,2026-07-13T11:49:06.330Z,4263,4263,4393,91,Trusted,2026-07-13T11:48:55.209Z,0xb939ce1491e028f5ff631ee7f5b88b1a49fd634daea447760971a27d1c88229f,,variant-batch live execution
datm-live-2026-07-13T11-47-14-639Z,B,entity-04-normal,normal,11,2026-07-13T11:49:01.937Z,2026-07-13T11:49:01.937Z,2026-07-13T11:49:01.937Z,0,2026-07-13T11:49:02.067Z,0xaf6bdd0de0659738db9319dc658ed164e62c4fd16a1abf51ce24714a9c7a4962,2026-07-13T11:49:06.330Z,success,38847,1000,6378860,0x6068f72b3697002b0a141c43919fd2216c5bb4254bce43c9571eee9628fec9ce,2026-07-13T11:49:06.330Z,4263,4263,4393,92,Trusted,2026-07-13T11:48:55.209Z,0x4983ec7fbeb8f58caef3356b6d4637b5891e286d42f2390bfe403f6b960cdc66,,variant-batch live execution
datm-live-2026-07-13T11-47-14-639Z,B,entity-05-suspicious,suspicious,11,2026-07-13T11:49:01.938Z,2026-07-13T11:49:01.938Z,2026-07-13T11:49:01.938Z,0,2026-07-13T11:49:02.067Z,0x82ffe86abd1231f3129a91a626883e6e0afba680f1307a177512ec02cdf3c757,2026-07-13T11:49:06.352Z,success,38867,1000,6378860,0x6068f72b3697002b0a141c43919fd2216c5bb4254bce43c9571eee9628fec9ce,2026-07-13T11:49:06.352Z,4285,4285,4414,60,Suspicious,2026-07-13T11:48:55.209Z,0x559e242c405dd08458663f547e200eed3df2fd5eb66f2c2785bc07c1bae94168,,variant-batch live execution
datm-live-2026-07-13T11-47-14-639Z,B,entity-06-suspicious,suspicious,11,2026-07-13T11:49:01.938Z,2026-07-13T11:49:01.938Z,2026-07-13T11:49:01.938Z,0,2026-07-13T11:49:02.067Z,0x33f56162ecbd92d66aca51e99c4656ed6131b04de92c7743a64c144c0ebda250,2026-07-13T11:49:06.331Z,success,38855,1000,6378860,0x6068f72b3697002b0a141c43919fd2216c5bb4254bce43c9571eee9628fec9ce,2026-07-13T11:49:06.331Z,4264,4264,4393,61,Suspicious,2026-07-13T11:48:55.209Z,0x72e71f1b0206a2091ef4239b5957f8f56830ed00d6b2028fbddb4058310b2733,,variant-batch live execution
datm-live-2026-07-13T11-47-14-639Z,B,entity-07-suspicious,suspicious,11,2026-07-13T11:49:01.939Z,2026-07-13T11:49:01.939Z,2026-07-13T11:49:01.939Z,0,2026-07-13T11:49:02.078Z,0xb6027220e60aaeab412872a7ee8dd4c91ffa431ef6ac0948f048a0e2bd9dd12f,2026-07-13T11:49:06.507Z,success,38867,1000,6378860,0x6068f72b3697002b0a141c43919fd2216c5bb4254bce43c9571eee9628fec9ce,2026-07-13T11:49:06.507Z,4429,4429,4568,60,Suspicious,2026-07-13T11:48:55.209Z,0x08ad0e16d3d750394a6e09d48abf988409c6c62980eb684bf4a6b95c44ba6240,,variant-batch live execution
datm-live-2026-07-13T11-47-14-639Z,B,entity-08-malicious,malicious,11,2026-07-13T11:49:01.939Z,2026-07-13T11:49:01.939Z,2026-07-13T11:49:01.939Z,0,2026-07-13T11:49:02.067Z,0x371071e2dedcf78a9cd37ea376ede741e04cbbbc7ea65ba75d7fa835c044e601,2026-07-13T11:49:06.522Z,success,38866,1000,6378860,0x6068f72b3697002b0a141c43919fd2216c5bb4254bce43c9571eee9628fec9ce,2026-07-13T11:49:06.522Z,4455,4455,4583,27,Untrusted,2026-07-13T11:48:55.209Z,0x8a0e62bea46d818f0ac4ad6ae2ae582ccdd16def9ad7cd078f075707b6ea6583,,variant-batch live execution
datm-live-2026-07-13T11-47-14-639Z,B,entity-09-malicious,malicious,11,2026-07-13T11:49:01.939Z,2026-07-13T11:49:01.939Z,2026-07-13T11:49:01.939Z,0,2026-07-13T11:49:02.079Z,0xd240e388983426380a1cdce6f46b2f5e28466fb9e83a06bbf187cad9e77e6af2,2026-07-13T11:49:06.562Z,success,38866,1000,6378860,0x6068f72b3697002b0a141c43919fd2216c5bb4254bce43c9571eee9628fec9ce,2026-07-13T11:49:06.562Z,4483,4483,4623,27,Untrusted,2026-07-13T11:48:55.209Z,0x21263a8b91e93da12626911f0cee4720d68c61bee4dceaacae1191e53f816d2e,,variant-batch live execution
datm-live-2026-07-13T11-47-14-639Z,B,entity-01-normal,normal,12,2026-07-13T11:49:11.674Z,2026-07-13T11:49:11.674Z,2026-07-13T11:49:11.674Z,0,2026-07-13T11:49:11.805Z,0xd7ada75e6542e1c9aebe15b4305591d9cbe1ec3a70a3356f47c753248af87b4c,2026-07-13T11:49:16.211Z,success,38847,1000,6378862,0x118ac937d35109722bfb7b0b069215d481d5a375e633c9e40a111e7bbcf88a1a,2026-07-13T11:49:16.211Z,4406,4406,4537,93,Trusted,2026-07-13T11:49:05.209Z,0xeb8cc030c55df678fbf8f6cec3ee07ad2224cc2eaf954a9722ea06127629c5ae,,variant-batch live execution
datm-live-2026-07-13T11-47-14-639Z,B,entity-02-normal,normal,12,2026-07-13T11:49:11.674Z,2026-07-13T11:49:11.674Z,2026-07-13T11:49:11.674Z,0,2026-07-13T11:49:11.802Z,0x71b2527a95a2490b4f11ea360f5a1acbaf6496c0cf4cbe1671715fcaa7b59df9,2026-07-13T11:49:16.207Z,success,38847,1000,6378862,0x118ac937d35109722bfb7b0b069215d481d5a375e633c9e40a111e7bbcf88a1a,2026-07-13T11:49:16.207Z,4405,4405,4533,92,Trusted,2026-07-13T11:49:05.209Z,0xd8cf3a2dde94d302cd36496931d2ecadc4ddc2e79e81a918f1d5cfd44c06202b,,variant-batch live execution
datm-live-2026-07-13T11-47-14-639Z,B,entity-03-normal,normal,12,2026-07-13T11:49:11.675Z,2026-07-13T11:49:11.675Z,2026-07-13T11:49:11.675Z,0,2026-07-13T11:49:11.805Z,0x76b0e50c98d08996bc58fa0bb722fb1c2a8df3ba3b9b3aef9d64f374a5599849,2026-07-13T11:49:16.205Z,success,38847,1000,6378862,0x118ac937d35109722bfb7b0b069215d481d5a375e633c9e40a111e7bbcf88a1a,2026-07-13T11:49:16.205Z,4400,4400,4530,93,Trusted,2026-07-13T11:49:05.209Z,0x2f4650e420f8ec7231905c162759a5aafc43f5df01cb9c6fbaa10d2d34157ea2,,variant-batch live execution
datm-live-2026-07-13T11-47-14-639Z,B,entity-04-normal,normal,12,2026-07-13T11:49:11.676Z,2026-07-13T11:49:11.676Z,2026-07-13T11:49:11.676Z,0,2026-07-13T11:49:11.805Z,0x519a6677ebea265268b62ba8c2ebf09b220d112048ad142b05ce8bd13df82369,2026-07-13T11:49:16.212Z,success,38847,1000,6378862,0x118ac937d35109722bfb7b0b069215d481d5a375e633c9e40a111e7bbcf88a1a,2026-07-13T11:49:16.212Z,4407,4407,4536,93,Trusted,2026-07-13T11:49:05.209Z,0xf3e90d7a1cc8021c0c9f1a4ff4a47597460642092f4ee6cf785cc85e65f07d37,,variant-batch live execution
datm-live-2026-07-13T11-47-14-639Z,B,entity-05-suspicious,suspicious,12,2026-07-13T11:49:11.676Z,2026-07-13T11:49:11.676Z,2026-07-13T11:49:11.676Z,0,2026-07-13T11:49:11.805Z,0x8cc9b0abedd6edc966062f02b4cd991406d2207cdc99e8e6a0c0619d03b86bd7,2026-07-13T11:49:16.230Z,success,38867,1000,6378862,0x118ac937d35109722bfb7b0b069215d481d5a375e633c9e40a111e7bbcf88a1a,2026-07-13T11:49:16.230Z,4425,4425,4554,61,Suspicious,2026-07-13T11:49:05.209Z,0xfac4fd2cec1af0cce8740f03b0a88f609e66e08f218b061e80457dfdc9e4e63f,,variant-batch live execution
datm-live-2026-07-13T11-47-14-639Z,B,entity-06-suspicious,suspicious,12,2026-07-13T11:49:11.677Z,2026-07-13T11:49:11.677Z,2026-07-13T11:49:11.677Z,0,2026-07-13T11:49:11.805Z,0xde286e5f4b65eeac95c2a56fc629eb5f7495c6cab39be6ebb099c937a95396cd,2026-07-13T11:49:16.202Z,success,38867,1000,6378862,0x118ac937d35109722bfb7b0b069215d481d5a375e633c9e40a111e7bbcf88a1a,2026-07-13T11:49:16.202Z,4397,4397,4525,62,Suspicious,2026-07-13T11:49:05.209Z,0xe62efb5e958fdbeafd6768eac955a33fcb8e417ce23a49e51ef68c1942760bc7,,variant-batch live execution
datm-live-2026-07-13T11-47-14-639Z,B,entity-07-suspicious,suspicious,12,2026-07-13T11:49:11.677Z,2026-07-13T11:49:11.677Z,2026-07-13T11:49:11.677Z,0,2026-07-13T11:49:11.827Z,0xb763f549057b4761b24dce578b5549f7756d9a82b86fbe98f107008777f0af99,2026-07-13T11:49:16.418Z,success,38867,1000,6378862,0x118ac937d35109722bfb7b0b069215d481d5a375e633c9e40a111e7bbcf88a1a,2026-07-13T11:49:16.418Z,4591,4591,4741,60,Suspicious,2026-07-13T11:49:05.209Z,0x01dae6679e2df05cada8d1947dc4e5a4c3c5a0c74201458a361f56059e2496cb,,variant-batch live execution
datm-live-2026-07-13T11-47-14-639Z,B,entity-08-malicious,malicious,12,2026-07-13T11:49:11.677Z,2026-07-13T11:49:11.677Z,2026-07-13T11:49:11.677Z,0,2026-07-13T11:49:11.827Z,0x5d4a0bc1a6b9dbf622d6a8b82c25de97733c9671a9ba0fa96072b0c5d6b87961,2026-07-13T11:49:16.393Z,success,38866,1000,6378862,0x118ac937d35109722bfb7b0b069215d481d5a375e633c9e40a111e7bbcf88a1a,2026-07-13T11:49:16.393Z,4566,4566,4716,27,Untrusted,2026-07-13T11:49:05.209Z,0x610a8563242eb8069e25aafea6c15e82f52308fa93bfc0cff6da800957468a45,,variant-batch live execution
datm-live-2026-07-13T11-47-14-639Z,B,entity-09-malicious,malicious,12,2026-07-13T11:49:11.678Z,2026-07-13T11:49:11.678Z,2026-07-13T11:49:11.678Z,0,2026-07-13T11:49:11.827Z,0x00feb98688d40d4f97f0bdb54e53cdd727723631216cc125b9b16a243af0f79f,2026-07-13T11:49:16.449Z,success,38866,1000,6378862,0x118ac937d35109722bfb7b0b069215d481d5a375e633c9e40a111e7bbcf88a1a,2026-07-13T11:49:16.449Z,4622,4622,4771,29,Untrusted,2026-07-13T11:49:05.209Z,0xbb12aa329e75c9cc30453cd8601e06428a0dd3151f6f4896c4060db5b0e9ca26,,variant-batch live execution
datm-live-2026-07-13T11-47-14-639Z,B,entity-01-normal,normal,13,2026-07-13T11:49:21.657Z,2026-07-13T11:49:21.657Z,2026-07-13T11:49:21.657Z,0,2026-07-13T11:49:21.773Z,0x837dc1773a8bb408c88e0aed1dfcee87c40a63c9586be66d76133e52d605d35f,2026-07-13T11:49:26.120Z,success,38847,1000,6378864,0x598ab30603d337e19b735afe9ed1f229d223709ef87516c7923c58855264eab3,2026-07-13T11:49:26.120Z,4347,4347,4463,92,Trusted,2026-07-13T11:49:15.209Z,0x218df87c4cc4764ee612ecc7b365f90df772faa12f88ff0e68fe3b786eb8ce14,,variant-batch live execution
datm-live-2026-07-13T11-47-14-639Z,B,entity-02-normal,normal,13,2026-07-13T11:49:21.658Z,2026-07-13T11:49:21.658Z,2026-07-13T11:49:21.658Z,0,2026-07-13T11:49:21.812Z,0x64ed632d39bb2a861db5274d104332c8238b406070199d8b5d88420821d74fb7,2026-07-13T11:49:26.113Z,success,38847,1000,6378864,0x598ab30603d337e19b735afe9ed1f229d223709ef87516c7923c58855264eab3,2026-07-13T11:49:26.113Z,4301,4301,4455,93,Trusted,2026-07-13T11:49:15.209Z,0x78a9b6e254523cf272b4d2138b8090da0b6cecb0cb41b95917d76603e1eef710,,variant-batch live execution
datm-live-2026-07-13T11-47-14-639Z,B,entity-03-normal,normal,13,2026-07-13T11:49:21.658Z,2026-07-13T11:49:21.658Z,2026-07-13T11:49:21.658Z,0,2026-07-13T11:49:21.812Z,0xd1c71181debad32da7cbb65e377bcb3b18bb1fb9dd796fa38c126520b26ab02c,2026-07-13T11:49:26.143Z,success,38847,1000,6378864,0x598ab30603d337e19b735afe9ed1f229d223709ef87516c7923c58855264eab3,2026-07-13T11:49:26.143Z,4331,4331,4485,93,Trusted,2026-07-13T11:49:15.209Z,0xa8eb836b2cd4ac670b223626cbe063afa6e72e694cafc94c764294360e222e2c,,variant-batch live execution
datm-live-2026-07-13T11-47-14-639Z,B,entity-04-normal,normal,13,2026-07-13T11:49:21.659Z,2026-07-13T11:49:21.659Z,2026-07-13T11:49:21.659Z,0,2026-07-13T11:49:21.812Z,0xd73bacf76ef271edfb7c9b56124658c1b501e5d928870763c5c3efe46f84d0b5,2026-07-13T11:49:26.119Z,success,38847,1000,6378864,0x598ab30603d337e19b735afe9ed1f229d223709ef87516c7923c58855264eab3,2026-07-13T11:49:26.119Z,4307,4307,4460,92,Trusted,2026-07-13T11:49:15.209Z,0xda8e7f589bbad4e518c4343a0d1a37e402d58a1f557a6dff4e9c7e7279723adc,,variant-batch live execution
datm-live-2026-07-13T11-47-14-639Z,B,entity-05-suspicious,suspicious,13,2026-07-13T11:49:21.659Z,2026-07-13T11:49:21.659Z,2026-07-13T11:49:21.659Z,0,2026-07-13T11:49:21.813Z,0x89980cefd98209b2b72e1a831eaa18cc7da87918b28c6b04a685eb2ed16af9a5,2026-07-13T11:49:26.119Z,success,38867,1000,6378864,0x598ab30603d337e19b735afe9ed1f229d223709ef87516c7923c58855264eab3,2026-07-13T11:49:26.119Z,4306,4306,4460,62,Suspicious,2026-07-13T11:49:15.209Z,0xc3951fa653b603835cacb1fc2ee34536be1f2988805ee0f48ba5a7a8a1f25f93,,variant-batch live execution
datm-live-2026-07-13T11-47-14-639Z,B,entity-06-suspicious,suspicious,13,2026-07-13T11:49:21.660Z,2026-07-13T11:49:21.660Z,2026-07-13T11:49:21.660Z,0,2026-07-13T11:49:21.838Z,0xf3d1f00352632145ff29e3bce0c7b7529d1f264099204f89eb18277c9c2c330b,2026-07-13T11:49:26.121Z,success,38867,1000,6378864,0x598ab30603d337e19b735afe9ed1f229d223709ef87516c7923c58855264eab3,2026-07-13T11:49:26.121Z,4283,4283,4461,61,Suspicious,2026-07-13T11:49:15.209Z,0x82779d1f4271c91cb5e08fb14a830bdfa7072a84282840084ba97223c837155d,,variant-batch live execution
datm-live-2026-07-13T11-47-14-639Z,B,entity-07-suspicious,suspicious,13,2026-07-13T11:49:21.660Z,2026-07-13T11:49:21.660Z,2026-07-13T11:49:21.660Z,0,2026-07-13T11:49:21.838Z,0xe2e8a34f34204c16173223db908b02868e6f57a2891a16939ad45e31b1f00bf5,2026-07-13T11:49:26.309Z,success,38867,1000,6378864,0x598ab30603d337e19b735afe9ed1f229d223709ef87516c7923c58855264eab3,2026-07-13T11:49:26.309Z,4471,4471,4649,61,Suspicious,2026-07-13T11:49:15.209Z,0x02c322363022121fcb2520d35780eeeced9b7b9332567aaf76d44cc6a8326b05,,variant-batch live execution
datm-live-2026-07-13T11-47-14-639Z,B,entity-08-malicious,malicious,13,2026-07-13T11:49:21.662Z,2026-07-13T11:49:21.662Z,2026-07-13T11:49:21.662Z,0,2026-07-13T11:49:21.838Z,0xa6dbb18be8546e2ecab338bd470f68dd7060d0bc2c8fe62fadd8af68eee82a21,2026-07-13T11:49:26.316Z,success,38866,1000,6378864,0x598ab30603d337e19b735afe9ed1f229d223709ef87516c7923c58855264eab3,2026-07-13T11:49:26.316Z,4478,4478,4654,29,Untrusted,2026-07-13T11:49:15.209Z,0x3945e4bfc28986fbbba1e6266e6058f7cf2bc0457640c75728f2cac2a16e8581,,variant-batch live execution
datm-live-2026-07-13T11-47-14-639Z,B,entity-09-malicious,malicious,13,2026-07-13T11:49:21.662Z,2026-07-13T11:49:21.662Z,2026-07-13T11:49:21.662Z,0,2026-07-13T11:49:21.838Z,0x46322609706878f5adae9d44aa4d7848b480578a6952ebd416b3a9545711f20b,2026-07-13T11:49:26.347Z,success,38866,1000,6378864,0x598ab30603d337e19b735afe9ed1f229d223709ef87516c7923c58855264eab3,2026-07-13T11:49:26.347Z,4509,4509,4685,27,Untrusted,2026-07-13T11:49:15.209Z,0x70ad95700cf812cb7672e8d9cf4e93eca30e2186bb542f1918297b796af15de5,,variant-batch live execution
datm-live-2026-07-13T11-47-14-639Z,B,entity-01-normal,normal,14,2026-07-13T11:49:31.473Z,2026-07-13T11:49:31.473Z,2026-07-13T11:49:31.473Z,0,2026-07-13T11:49:31.602Z,0x230994fc3e19a3d3101f191af0f407c87ac878ebd5e5bd300c8f120a1c8818b7,2026-07-13T11:49:35.840Z,success,38847,1000,6378866,0x8632d33c60084b86d6f1fabe192789ddcef8adc32d5df31e2274ff57c04b8ed4,2026-07-13T11:49:35.840Z,4238,4238,4367,92,Trusted,2026-07-13T11:49:25.209Z,0x7c03f139d88e8c21aca0c8055059391be5bd7a99d8a2434e94022e173f3ce0b7,,variant-batch live execution
datm-live-2026-07-13T11-47-14-639Z,B,entity-02-normal,normal,14,2026-07-13T11:49:31.474Z,2026-07-13T11:49:31.474Z,2026-07-13T11:49:31.474Z,0,2026-07-13T11:49:31.592Z,0xd6d69191747d6a3ee34995583ed2f20a8fcedf8990ad074c19e69c078162f81a,2026-07-13T11:49:35.836Z,success,38847,1000,6378866,0x8632d33c60084b86d6f1fabe192789ddcef8adc32d5df31e2274ff57c04b8ed4,2026-07-13T11:49:35.836Z,4244,4244,4362,93,Trusted,2026-07-13T11:49:25.209Z,0xbb0d446a2dbbfb99fa8336d141e5b6ca9c05907f98ebe02d0ad44a2ed80da4ad,,variant-batch live execution
datm-live-2026-07-13T11-47-14-639Z,B,entity-03-normal,normal,14,2026-07-13T11:49:31.475Z,2026-07-13T11:49:31.475Z,2026-07-13T11:49:31.475Z,0,2026-07-13T11:49:31.602Z,0x95a14a16badcd14267ff4cb0e5aebbd83ffe3e7ddcaf2ed77cdca950a2a85fcc,2026-07-13T11:49:35.841Z,success,38847,1000,6378866,0x8632d33c60084b86d6f1fabe192789ddcef8adc32d5df31e2274ff57c04b8ed4,2026-07-13T11:49:35.841Z,4239,4239,4366,91,Trusted,2026-07-13T11:49:25.209Z,0x2007fa1b3a243bf39ec172fd7835ff12bfdd0e07141daf0cc8ac48da2dee83a3,,variant-batch live execution
datm-live-2026-07-13T11-47-14-639Z,B,entity-04-normal,normal,14,2026-07-13T11:49:31.475Z,2026-07-13T11:49:31.475Z,2026-07-13T11:49:31.475Z,0,2026-07-13T11:49:31.621Z,0x6f54f6394722e8eaea693c37a104e7e4a0bf9f7012bcd043099d03a318587802,2026-07-13T11:49:35.861Z,success,38847,1000,6378866,0x8632d33c60084b86d6f1fabe192789ddcef8adc32d5df31e2274ff57c04b8ed4,2026-07-13T11:49:35.861Z,4240,4240,4386,92,Trusted,2026-07-13T11:49:25.209Z,0x31c41263104f32b02d6972faec830fccccba050362023089b3527c260acf86c3,,variant-batch live execution
datm-live-2026-07-13T11-47-14-639Z,B,entity-05-suspicious,suspicious,14,2026-07-13T11:49:31.476Z,2026-07-13T11:49:31.476Z,2026-07-13T11:49:31.476Z,0,2026-07-13T11:49:31.621Z,0xff9602a09fd0f78c5a36f53bb0f5ab76db886116a145d7fdff194705df3047a3,2026-07-13T11:49:35.842Z,success,38867,1000,6378866,0x8632d33c60084b86d6f1fabe192789ddcef8adc32d5df31e2274ff57c04b8ed4,2026-07-13T11:49:35.842Z,4221,4221,4366,61,Suspicious,2026-07-13T11:49:25.209Z,0x8fdc3db68830c8da854e382507a6d38b5a04d7ecc22ae1fa3bb625426757d8ff,,variant-batch live execution
datm-live-2026-07-13T11-47-14-639Z,B,entity-06-suspicious,suspicious,14,2026-07-13T11:49:31.476Z,2026-07-13T11:49:31.476Z,2026-07-13T11:49:31.476Z,0,2026-07-13T11:49:31.602Z,0x613b34dec00961e7472329c2e76b48f09c5e5086f00dc5e1b9b8574acb4ed1f6,2026-07-13T11:49:35.844Z,success,38867,1000,6378866,0x8632d33c60084b86d6f1fabe192789ddcef8adc32d5df31e2274ff57c04b8ed4,2026-07-13T11:49:35.844Z,4242,4242,4368,60,Suspicious,2026-07-13T11:49:25.209Z,0xda649a039f6ad7114333d8ab1f74744a99470bf2e78fcf087931f0c6f7eb2c6f,,variant-batch live execution
datm-live-2026-07-13T11-47-14-639Z,B,entity-07-suspicious,suspicious,14,2026-07-13T11:49:31.476Z,2026-07-13T11:49:31.476Z,2026-07-13T11:49:31.476Z,0,2026-07-13T11:49:31.602Z,0xcd5f9c286d5c8b181a9a5065b8009eb78501590f058a6e6f2ab84cff484db0be,2026-07-13T11:49:36.037Z,success,38867,1000,6378866,0x8632d33c60084b86d6f1fabe192789ddcef8adc32d5df31e2274ff57c04b8ed4,2026-07-13T11:49:36.037Z,4435,4435,4561,62,Suspicious,2026-07-13T11:49:25.209Z,0x11464dff2332bfa885a58f405983959cf2cf239b5866b4e2bf5874b7738daa0e,,variant-batch live execution
datm-live-2026-07-13T11-47-14-639Z,B,entity-08-malicious,malicious,14,2026-07-13T11:49:31.477Z,2026-07-13T11:49:31.477Z,2026-07-13T11:49:31.477Z,0,2026-07-13T11:49:31.602Z,0x0309377c985da5b28e24e7c7e7c23123d266a129d50cfbfdd35a7616fb1f24a1,2026-07-13T11:49:36.010Z,success,38866,1000,6378866,0x8632d33c60084b86d6f1fabe192789ddcef8adc32d5df31e2274ff57c04b8ed4,2026-07-13T11:49:36.010Z,4408,4408,4533,28,Untrusted,2026-07-13T11:49:25.209Z,0xc38c879af71fdc44d093e0c5be5816124ba3b43a866aec18e5c6cc8194aa45c9,,variant-batch live execution
datm-live-2026-07-13T11-47-14-639Z,B,entity-09-malicious,malicious,14,2026-07-13T11:49:31.478Z,2026-07-13T11:49:31.478Z,2026-07-13T11:49:31.478Z,0,2026-07-13T11:49:31.622Z,0x42001e622b8224cb19915be6e16a2ada19a841d0816c32f2d85992fb25e376ff,2026-07-13T11:49:36.074Z,success,38866,1000,6378866,0x8632d33c60084b86d6f1fabe192789ddcef8adc32d5df31e2274ff57c04b8ed4,2026-07-13T11:49:36.074Z,4452,4452,4596,26,Untrusted,2026-07-13T11:49:25.209Z,0x5dd91832d82919972cd11a62bc1980374452f05ea489bf818130420a7e667652,,variant-batch live execution
datm-live-2026-07-13T11-47-14-639Z,B,entity-01-normal,normal,15,2026-07-13T11:49:41.202Z,2026-07-13T11:49:41.202Z,2026-07-13T11:49:41.202Z,0,2026-07-13T11:49:41.305Z,0x3c6fbaae45ea744bb8c83a04de998ffa56857a9087b2afd03b5c571943235b58,2026-07-13T11:49:45.580Z,success,38847,1000,6378868,0x0b49f51e7ce0cf07c7a2d7e9a215d2651b14fa87c9657fc97c04a9f9a6fc6657,2026-07-13T11:49:45.580Z,4275,4275,4378,93,Trusted,2026-07-13T11:49:35.209Z,0x7e4ffcc62a285e54423982b9d3d9ff77fb074852df855da268162f053355733c,,variant-batch live execution
datm-live-2026-07-13T11-47-14-639Z,B,entity-02-normal,normal,15,2026-07-13T11:49:41.203Z,2026-07-13T11:49:41.203Z,2026-07-13T11:49:41.203Z,0,2026-07-13T11:49:41.331Z,0x8f3e11185b3eac1072ede2c3adf502680e55d735a20480e1ae79fc1134aa36e9,2026-07-13T11:49:45.579Z,success,38847,1000,6378868,0x0b49f51e7ce0cf07c7a2d7e9a215d2651b14fa87c9657fc97c04a9f9a6fc6657,2026-07-13T11:49:45.579Z,4248,4248,4376,91,Trusted,2026-07-13T11:49:35.209Z,0x9e2c587d5c7cf0b0a3549baa0fa0393171d5e3ab933fb397db53c46a89d9dcbc,,variant-batch live execution
datm-live-2026-07-13T11-47-14-639Z,B,entity-03-normal,normal,15,2026-07-13T11:49:41.203Z,2026-07-13T11:49:41.203Z,2026-07-13T11:49:41.203Z,0,2026-07-13T11:49:41.321Z,0x4b4ac530826db65296a17d29f8d80a23deda1841f3e3145a8f27563e7368f180,2026-07-13T11:49:45.574Z,success,38835,1000,6378868,0x0b49f51e7ce0cf07c7a2d7e9a215d2651b14fa87c9657fc97c04a9f9a6fc6657,2026-07-13T11:49:45.574Z,4253,4253,4371,93,Trusted,2026-07-13T11:49:35.209Z,0x4d248b402c19c7d4a9002124f9fd94d37f8fba6bb4a0b750897132a3989cf8ef,,variant-batch live execution
datm-live-2026-07-13T11-47-14-639Z,B,entity-04-normal,normal,15,2026-07-13T11:49:41.203Z,2026-07-13T11:49:41.203Z,2026-07-13T11:49:41.204Z,1,2026-07-13T11:49:41.321Z,0x18390bb03f5973f5b2c52f0a99ac4f509b8e98104c2fc685fe7288a1f9e38527,2026-07-13T11:49:45.582Z,success,38847,1000,6378868,0x0b49f51e7ce0cf07c7a2d7e9a215d2651b14fa87c9657fc97c04a9f9a6fc6657,2026-07-13T11:49:45.582Z,4261,4261,4379,93,Trusted,2026-07-13T11:49:35.209Z,0xac38143746bec7898102c29fdf97585bea09b1b5c0b84a31b1999544453d9a2f,,variant-batch live execution
datm-live-2026-07-13T11-47-14-639Z,B,entity-05-suspicious,suspicious,15,2026-07-13T11:49:41.204Z,2026-07-13T11:49:41.204Z,2026-07-13T11:49:41.204Z,0,2026-07-13T11:49:41.321Z,0xc6d38251acfaedab7838349b6c144f91ca6beea4712fbfbc59641bf942143e48,2026-07-13T11:49:45.582Z,success,38855,1000,6378868,0x0b49f51e7ce0cf07c7a2d7e9a215d2651b14fa87c9657fc97c04a9f9a6fc6657,2026-07-13T11:49:45.582Z,4261,4261,4378,60,Suspicious,2026-07-13T11:49:35.209Z,0x04cd1557306e00269b83f752da0a7afc5e6e3cf4807d10df6ad62b89b18ad938,,variant-batch live execution
datm-live-2026-07-13T11-47-14-639Z,B,entity-06-suspicious,suspicious,15,2026-07-13T11:49:41.204Z,2026-07-13T11:49:41.204Z,2026-07-13T11:49:41.204Z,0,2026-07-13T11:49:41.321Z,0x057d8d9258e9bb7723ed962101a60c28dfde0c7924616bc9ea290341228049d0,2026-07-13T11:49:45.600Z,success,38867,1000,6378868,0x0b49f51e7ce0cf07c7a2d7e9a215d2651b14fa87c9657fc97c04a9f9a6fc6657,2026-07-13T11:49:45.600Z,4279,4279,4396,64,Suspicious,2026-07-13T11:49:35.209Z,0xc02e3873f0427686f6dda5c1f68de435b35ea0ebe9f6f8d303eee2e0e636c4d2,,variant-batch live execution
datm-live-2026-07-13T11-47-14-639Z,B,entity-07-suspicious,suspicious,15,2026-07-13T11:49:41.205Z,2026-07-13T11:49:41.205Z,2026-07-13T11:49:41.205Z,0,2026-07-13T11:49:41.321Z,0x4a4c907fd97e6921bd195ef3ccdd0e82d43c4fedfd6a80a99c7f9cecfda813f9,2026-07-13T11:49:45.772Z,success,38867,1000,6378868,0x0b49f51e7ce0cf07c7a2d7e9a215d2651b14fa87c9657fc97c04a9f9a6fc6657,2026-07-13T11:49:45.772Z,4451,4451,4567,61,Suspicious,2026-07-13T11:49:35.209Z,0x43ee964a8a6a4afb8451bddf939eb1ad1608f2313e2eb5de8c0c9e8b0fb86013,,variant-batch live execution
datm-live-2026-07-13T11-47-14-639Z,B,entity-08-malicious,malicious,15,2026-07-13T11:49:41.206Z,2026-07-13T11:49:41.206Z,2026-07-13T11:49:41.206Z,0,2026-07-13T11:49:41.331Z,0xd06f441176c00b9e6e027b216d0642bcc871fa5ee5024f0d2de127ac80584e6f,2026-07-13T11:49:45.779Z,success,38866,1000,6378868,0x0b49f51e7ce0cf07c7a2d7e9a215d2651b14fa87c9657fc97c04a9f9a6fc6657,2026-07-13T11:49:45.779Z,4448,4448,4573,26,Untrusted,2026-07-13T11:49:35.209Z,0x5074022ed64542386576861a52bf52c1ab7d8cef8aafa6c5529dad4cc30898e5,,variant-batch live execution
datm-live-2026-07-13T11-47-14-639Z,B,entity-09-malicious,malicious,15,2026-07-13T11:49:41.206Z,2026-07-13T11:49:41.206Z,2026-07-13T11:49:41.206Z,0,2026-07-13T11:49:41.331Z,0x6d46a4cbaf622739be2b264ccafde60c6e7ab89dcf112ed10977b4da0c0048a4,2026-07-13T11:49:45.806Z,success,38866,1000,6378868,0x0b49f51e7ce0cf07c7a2d7e9a215d2651b14fa87c9657fc97c04a9f9a6fc6657,2026-07-13T11:49:45.806Z,4475,4475,4600,28,Untrusted,2026-07-13T11:49:35.209Z,0x703c74bc15ce475fa28d7cdb1b1364e2185233c017a458529041093b0c165cc1,,variant-batch live execution
datm-live-2026-07-13T11-47-14-639Z,B,entity-01-normal,normal,16,2026-07-13T11:49:50.913Z,2026-07-13T11:49:50.913Z,2026-07-13T11:49:50.913Z,0,2026-07-13T11:49:51.046Z,0x6af76a531551ea27cf779f0b69ab09d4e82bc7a06d585afa7dd372d9d890dca2,2026-07-13T11:49:55.303Z,success,38847,1000,6378870,0x29105b4c80eb670f8f3bb0096b7c20bdc19a6b62f3348f0938fd5aac8051df70,2026-07-13T11:49:55.303Z,4257,4257,4390,90,Trusted,2026-07-13T11:49:45.209Z,0xc671e5c245ad23057aacad52a28d4f3b249258f388374e99db32486dd09779ae,,variant-batch live execution
datm-live-2026-07-13T11-47-14-639Z,B,entity-02-normal,normal,16,2026-07-13T11:49:50.914Z,2026-07-13T11:49:50.914Z,2026-07-13T11:49:50.914Z,0,2026-07-13T11:49:51.046Z,0xec83d631e3aaa6d8ddf9763051a759a5b2f416d0537ca6ddeb77f18f2981fcdc,2026-07-13T11:49:55.303Z,success,38847,1000,6378870,0x29105b4c80eb670f8f3bb0096b7c20bdc19a6b62f3348f0938fd5aac8051df70,2026-07-13T11:49:55.303Z,4257,4257,4389,92,Trusted,2026-07-13T11:49:45.209Z,0xeb4935aa1a18a6666383e45bf6f88d17f7b33d86b1cc423e200fd8b3f56a7283,,variant-batch live execution
datm-live-2026-07-13T11-47-14-639Z,B,entity-03-normal,normal,16,2026-07-13T11:49:50.915Z,2026-07-13T11:49:50.915Z,2026-07-13T11:49:50.915Z,0,2026-07-13T11:49:51.059Z,0x20e1f51645a8f291523f71a30826eeb9a462302bdee6cadeaa4684f5b09ad4c7,2026-07-13T11:49:55.304Z,success,38847,1000,6378870,0x29105b4c80eb670f8f3bb0096b7c20bdc19a6b62f3348f0938fd5aac8051df70,2026-07-13T11:49:55.304Z,4245,4245,4389,92,Trusted,2026-07-13T11:49:45.209Z,0xad27cc9b16c88a930c31554e7043b66b67c2679be573e1d3531b64a9edbcf823,,variant-batch live execution
datm-live-2026-07-13T11-47-14-639Z,B,entity-04-normal,normal,16,2026-07-13T11:49:50.915Z,2026-07-13T11:49:50.915Z,2026-07-13T11:49:50.915Z,0,2026-07-13T11:49:51.060Z,0xfb32fa045ac700d7784dda7dcf4c46b4326f8407439dc7fb755d435e23049c0f,2026-07-13T11:49:55.308Z,success,38835,1000,6378870,0x29105b4c80eb670f8f3bb0096b7c20bdc19a6b62f3348f0938fd5aac8051df70,2026-07-13T11:49:55.308Z,4248,4248,4393,90,Trusted,2026-07-13T11:49:45.209Z,0xcfbd3ffecabe6ef43898e012629b3be8cc725da199f5bb17059aff96d3005aff,,variant-batch live execution
datm-live-2026-07-13T11-47-14-639Z,B,entity-05-suspicious,suspicious,16,2026-07-13T11:49:50.915Z,2026-07-13T11:49:50.915Z,2026-07-13T11:49:50.915Z,0,2026-07-13T11:49:51.060Z,0xb625d14a5deb6e0a8ab51c1da220271900f46d421d9da666099116c80c36846e,2026-07-13T11:49:55.326Z,success,38867,1000,6378870,0x29105b4c80eb670f8f3bb0096b7c20bdc19a6b62f3348f0938fd5aac8051df70,2026-07-13T11:49:55.326Z,4266,4266,4411,64,Suspicious,2026-07-13T11:49:45.209Z,0xa5c921fa1e871d8adef86acc64ec79ecce3a1da4c5254a253616cf7439dcd930,,variant-batch live execution
datm-live-2026-07-13T11-47-14-639Z,B,entity-06-suspicious,suspicious,16,2026-07-13T11:49:50.916Z,2026-07-13T11:49:50.916Z,2026-07-13T11:49:50.916Z,0,2026-07-13T11:49:51.060Z,0x352971b9bf0d905979a9009de9206266d21704a83ca8e82e2cf634676a714538,2026-07-13T11:49:55.298Z,success,38867,1000,6378870,0x29105b4c80eb670f8f3bb0096b7c20bdc19a6b62f3348f0938fd5aac8051df70,2026-07-13T11:49:55.298Z,4238,4238,4382,61,Suspicious,2026-07-13T11:49:45.209Z,0x433e9bea600563eb88c68e464ff8345ec5c627d9bed56179bf58e22a445653e1,,variant-batch live execution
datm-live-2026-07-13T11-47-14-639Z,B,entity-07-suspicious,suspicious,16,2026-07-13T11:49:50.916Z,2026-07-13T11:49:50.916Z,2026-07-13T11:49:50.916Z,0,2026-07-13T11:49:51.060Z,0x1032e3391a24bb48937c86a186f8790a98c1363704f28d31fb96e128500cd552,2026-07-13T11:49:55.485Z,success,38855,1000,6378870,0x29105b4c80eb670f8f3bb0096b7c20bdc19a6b62f3348f0938fd5aac8051df70,2026-07-13T11:49:55.485Z,4425,4425,4569,60,Suspicious,2026-07-13T11:49:45.209Z,0xa906ca8b8680441b83a786126cffd6875417404760b01551d93c460081d52179,,variant-batch live execution
datm-live-2026-07-13T11-47-14-639Z,B,entity-08-malicious,malicious,16,2026-07-13T11:49:50.916Z,2026-07-13T11:49:50.916Z,2026-07-13T11:49:50.916Z,0,2026-07-13T11:49:51.075Z,0x9af717951e0da505819b4a8c8f6ac54be6ec28e065653c234bb13e2d2ac32005,2026-07-13T11:49:55.499Z,success,38854,1000,6378870,0x29105b4c80eb670f8f3bb0096b7c20bdc19a6b62f3348f0938fd5aac8051df70,2026-07-13T11:49:55.499Z,4424,4424,4583,28,Untrusted,2026-07-13T11:49:45.209Z,0xedcdb28d8b360aee5f6942c883df97c37c040ba88a3252e6031983001f66853c,,variant-batch live execution
datm-live-2026-07-13T11-47-14-639Z,B,entity-09-malicious,malicious,16,2026-07-13T11:49:50.917Z,2026-07-13T11:49:50.917Z,2026-07-13T11:49:50.917Z,0,2026-07-13T11:49:51.075Z,0xb3b4ae8ef69d45e80b1c63064faaf350b4a5c17e7db581ff35c49f6b425e6161,2026-07-13T11:49:55.526Z,success,38854,1000,6378870,0x29105b4c80eb670f8f3bb0096b7c20bdc19a6b62f3348f0938fd5aac8051df70,2026-07-13T11:49:55.526Z,4451,4451,4609,27,Untrusted,2026-07-13T11:49:45.209Z,0x9b50ceaa730456c2036c1005610d4600810bbf443ffe2a58771d0a79dffdd3be,,variant-batch live execution
datm-live-2026-07-13T11-47-14-639Z,B,entity-01-normal,normal,17,2026-07-13T11:50:00.649Z,2026-07-13T11:50:00.649Z,2026-07-13T11:50:00.649Z,0,2026-07-13T11:50:00.765Z,0x27c88a6b73843699e03da473cf955f2fb55b8e9e375d2a93f89c9133be2becbe,2026-07-13T11:50:05.032Z,success,38847,1000,6378872,0x267cb61888d4423fb16197102d2890c685eec365ca4eb9be1305488b67c7555e,2026-07-13T11:50:05.032Z,4267,4267,4383,93,Trusted,2026-07-13T11:49:55.209Z,0x57cf6840e399f17efc67935a4768dbb9f56875406b21d7f869a928ec2dbc71b6,,variant-batch live execution
datm-live-2026-07-13T11-47-14-639Z,B,entity-02-normal,normal,17,2026-07-13T11:50:00.650Z,2026-07-13T11:50:00.650Z,2026-07-13T11:50:00.650Z,0,2026-07-13T11:50:00.765Z,0x8439ee3f3b124a1997a259e30d52fac3ccad8081225d0f08387d08cbb41f38fe,2026-07-13T11:50:05.017Z,success,38847,1000,6378872,0x267cb61888d4423fb16197102d2890c685eec365ca4eb9be1305488b67c7555e,2026-07-13T11:50:05.017Z,4252,4252,4367,93,Trusted,2026-07-13T11:49:55.209Z,0x9569edaaf1dbbb04d926a3944520ea0b0b80afcae268da9753d4f31a0a497917,,variant-batch live execution
datm-live-2026-07-13T11-47-14-639Z,B,entity-03-normal,normal,17,2026-07-13T11:50:00.650Z,2026-07-13T11:50:00.650Z,2026-07-13T11:50:00.650Z,0,2026-07-13T11:50:00.781Z,0x1e679985fd899ec37be061e8193cb2eb898102a3ea740f637f1804069da866f1,2026-07-13T11:50:05.029Z,success,38847,1000,6378872,0x267cb61888d4423fb16197102d2890c685eec365ca4eb9be1305488b67c7555e,2026-07-13T11:50:05.029Z,4248,4248,4379,92,Trusted,2026-07-13T11:49:55.209Z,0x6efceaf6731b649cb9a8c49d6959635e1fddaa82fc7bd4ebdb79ff409caf9f5d,,variant-batch live execution
datm-live-2026-07-13T11-47-14-639Z,B,entity-04-normal,normal,17,2026-07-13T11:50:00.651Z,2026-07-13T11:50:00.651Z,2026-07-13T11:50:00.651Z,0,2026-07-13T11:50:00.781Z,0xf424d9581fec3d775adf201d481eacabc107b15fda737e469263ac1b4d12eb7e,2026-07-13T11:50:05.030Z,success,38847,1000,6378872,0x267cb61888d4423fb16197102d2890c685eec365ca4eb9be1305488b67c7555e,2026-07-13T11:50:05.030Z,4249,4249,4379,93,Trusted,2026-07-13T11:49:55.209Z,0xb3eb7696e1497cb5ec849abb0dd372e84132f0323ce1947c265da5b0e823ccfb,,variant-batch live execution
datm-live-2026-07-13T11-47-14-639Z,B,entity-05-suspicious,suspicious,17,2026-07-13T11:50:00.651Z,2026-07-13T11:50:00.651Z,2026-07-13T11:50:00.651Z,0,2026-07-13T11:50:00.781Z,0x962b9d2752719567ad1fff0507f983e2529b48d0806e97a6397231a9f10fdb1b,2026-07-13T11:50:05.032Z,success,38867,1000,6378872,0x267cb61888d4423fb16197102d2890c685eec365ca4eb9be1305488b67c7555e,2026-07-13T11:50:05.032Z,4251,4251,4381,61,Suspicious,2026-07-13T11:49:55.209Z,0x2788587c7b550f87561903b4797984b4436fbdeefaf0dc105ade6cc8f7225862,,variant-batch live execution
datm-live-2026-07-13T11-47-14-639Z,B,entity-06-suspicious,suspicious,17,2026-07-13T11:50:00.652Z,2026-07-13T11:50:00.652Z,2026-07-13T11:50:00.652Z,0,2026-07-13T11:50:00.781Z,0xa01bccaf22516b774ed2e6b59c72a725613ac1177169fe23480c307557be4944,2026-07-13T11:50:05.045Z,success,38867,1000,6378872,0x267cb61888d4423fb16197102d2890c685eec365ca4eb9be1305488b67c7555e,2026-07-13T11:50:05.045Z,4264,4264,4393,58,Suspicious,2026-07-13T11:49:55.209Z,0x5aabc32eda8f925adb6fc5a1bf75f6dc739ce49e07468bc82495959123e55122,,variant-batch live execution
datm-live-2026-07-13T11-47-14-639Z,B,entity-07-suspicious,suspicious,17,2026-07-13T11:50:00.652Z,2026-07-13T11:50:00.652Z,2026-07-13T11:50:00.652Z,0,2026-07-13T11:50:00.792Z,0xc225dc40ff2c2d896e4dd89295b3a7f389febae8eafcc7c1e89ad6a433a782d6,2026-07-13T11:50:05.220Z,success,38867,1000,6378872,0x267cb61888d4423fb16197102d2890c685eec365ca4eb9be1305488b67c7555e,2026-07-13T11:50:05.220Z,4428,4428,4568,64,Suspicious,2026-07-13T11:49:55.209Z,0x11f840e760222dff8550141c1c42484b601305cb200e3ea46d373088cc3f0981,,variant-batch live execution
datm-live-2026-07-13T11-47-14-639Z,B,entity-08-malicious,malicious,17,2026-07-13T11:50:00.652Z,2026-07-13T11:50:00.652Z,2026-07-13T11:50:00.652Z,0,2026-07-13T11:50:00.781Z,0xbb21650aa18dc3409c4590001a6237720566ad892a582f43035fcdea70743ee6,2026-07-13T11:50:05.199Z,success,38866,1000,6378872,0x267cb61888d4423fb16197102d2890c685eec365ca4eb9be1305488b67c7555e,2026-07-13T11:50:05.199Z,4418,4418,4547,27,Untrusted,2026-07-13T11:49:55.209Z,0xe4be3840d36dfcb7337ad2e8aa1926e9c01610e65830294d5b6ceb421ac896c9,,variant-batch live execution
datm-live-2026-07-13T11-47-14-639Z,B,entity-09-malicious,malicious,17,2026-07-13T11:50:00.652Z,2026-07-13T11:50:00.652Z,2026-07-13T11:50:00.652Z,0,2026-07-13T11:50:00.792Z,0xefb285a14dd955e0ecc19d8d5f06b09c0a21474e693211adfea10ed92c5b3f8f,2026-07-13T11:50:05.252Z,success,38866,1000,6378872,0x267cb61888d4423fb16197102d2890c685eec365ca4eb9be1305488b67c7555e,2026-07-13T11:50:05.252Z,4460,4460,4600,26,Untrusted,2026-07-13T11:49:55.209Z,0x2b29db13f8c40e178e76578a09771f5c27215b6fa142f07409f26f2ba21d6251,,variant-batch live execution
datm-live-2026-07-13T11-47-14-639Z,B,entity-01-normal,normal,18,2026-07-13T11:50:10.374Z,2026-07-13T11:50:10.374Z,2026-07-13T11:50:10.374Z,0,2026-07-13T11:50:10.482Z,0x0ffbfdff5ddd0fd621903f97e9d0aca726a4b9747742c2b4aaa8186c2e47dac8,2026-07-13T11:50:14.739Z,success,38835,1000,6378874,0x2846fd36b53e510fd18e85e885fa65de55c289f074ea2c4a1fdbfcb451f5bed7,2026-07-13T11:50:14.739Z,4257,4257,4365,92,Trusted,2026-07-13T11:50:05.209Z,0x1ca0c85a33b6c2f5c40cfcd4ca6513dc39898e17c0009e7c67f91c4d5929ceb5,,variant-batch live execution
datm-live-2026-07-13T11-47-14-639Z,B,entity-02-normal,normal,18,2026-07-13T11:50:10.375Z,2026-07-13T11:50:10.375Z,2026-07-13T11:50:10.375Z,0,2026-07-13T11:50:10.489Z,0xa6800aefbead0d6f5a69f36a1c2df72cd3641121c4896d116f36b963c19a743c,2026-07-13T11:50:14.742Z,success,38847,1000,6378874,0x2846fd36b53e510fd18e85e885fa65de55c289f074ea2c4a1fdbfcb451f5bed7,2026-07-13T11:50:14.742Z,4253,4253,4367,91,Trusted,2026-07-13T11:50:05.209Z,0xa4ff93fd3a6a2af05238548c5c18132cda62d7fd8ab13c13dae7759040d4181f,,variant-batch live execution
datm-live-2026-07-13T11-47-14-639Z,B,entity-03-normal,normal,18,2026-07-13T11:50:10.375Z,2026-07-13T11:50:10.375Z,2026-07-13T11:50:10.375Z,0,2026-07-13T11:50:10.489Z,0x20945cc305bd91a0581393fb49fe201daec323fbb2db009f44023c7d986054ad,2026-07-13T11:50:14.742Z,success,38835,1000,6378874,0x2846fd36b53e510fd18e85e885fa65de55c289f074ea2c4a1fdbfcb451f5bed7,2026-07-13T11:50:14.742Z,4253,4253,4367,92,Trusted,2026-07-13T11:50:05.209Z,0x2fa6aa1c5cee0078c41bb1a997092e8cf0a4c64a587842212a4b9922b092d55a,,variant-batch live execution
datm-live-2026-07-13T11-47-14-639Z,B,entity-04-normal,normal,18,2026-07-13T11:50:10.376Z,2026-07-13T11:50:10.376Z,2026-07-13T11:50:10.376Z,0,2026-07-13T11:50:10.489Z,0x8c9aeb1885b0fe1b70e771277a0a72f0e3b364614b60b69c43aeaf53ac1e17f9,2026-07-13T11:50:14.743Z,success,38847,1000,6378874,0x2846fd36b53e510fd18e85e885fa65de55c289f074ea2c4a1fdbfcb451f5bed7,2026-07-13T11:50:14.743Z,4254,4254,4367,92,Trusted,2026-07-13T11:50:05.209Z,0x67ed26c0c159894ca6ba655c0f0f1bd50c5e8b9e3fb6492d29d79976c7a9a0a7,,variant-batch live execution
datm-live-2026-07-13T11-47-14-639Z,B,entity-05-suspicious,suspicious,18,2026-07-13T11:50:10.376Z,2026-07-13T11:50:10.376Z,2026-07-13T11:50:10.376Z,0,2026-07-13T11:50:10.489Z,0x1c4d661f2339ba64117ee4d82899c84d7aa47ca8ef58f2d501461d2dfa701d8f,2026-07-13T11:50:14.765Z,success,38867,1000,6378874,0x2846fd36b53e510fd18e85e885fa65de55c289f074ea2c4a1fdbfcb451f5bed7,2026-07-13T11:50:14.765Z,4276,4276,4389,58,Suspicious,2026-07-13T11:50:05.209Z,0xc42686e1d3b0a5ebcb2060a1f74976446e075dafc4c75233115385a9259becbd,,variant-batch live execution
datm-live-2026-07-13T11-47-14-639Z,B,entity-06-suspicious,suspicious,18,2026-07-13T11:50:10.376Z,2026-07-13T11:50:10.376Z,2026-07-13T11:50:10.376Z,0,2026-07-13T11:50:10.489Z,0x8b02e8c2abca450b52df04a95ccb4c5f225ef0bd86376ca1a19dd51788fd31f5,2026-07-13T11:50:14.744Z,success,38867,1000,6378874,0x2846fd36b53e510fd18e85e885fa65de55c289f074ea2c4a1fdbfcb451f5bed7,2026-07-13T11:50:14.744Z,4255,4255,4368,60,Suspicious,2026-07-13T11:50:05.209Z,0x108c33368c1d23874ede12fdae50e0b7cdce66600cc0a9e6424ce67b64bc73a4,,variant-batch live execution
datm-live-2026-07-13T11-47-14-639Z,B,entity-07-suspicious,suspicious,18,2026-07-13T11:50:10.376Z,2026-07-13T11:50:10.376Z,2026-07-13T11:50:10.376Z,0,2026-07-13T11:50:10.509Z,0x1da7c7051a26b3451652c9ccdce60d4775460cb1def61448e6f1502afc567b9a,2026-07-13T11:50:14.935Z,success,38867,1000,6378874,0x2846fd36b53e510fd18e85e885fa65de55c289f074ea2c4a1fdbfcb451f5bed7,2026-07-13T11:50:14.935Z,4426,4426,4559,61,Suspicious,2026-07-13T11:50:05.209Z,0x68abcde042f66a594b010e2b6ee49e29ce8473f711f876d6b4c856d3211cbab2,,variant-batch live execution
datm-live-2026-07-13T11-47-14-639Z,B,entity-08-malicious,malicious,18,2026-07-13T11:50:10.376Z,2026-07-13T11:50:10.376Z,2026-07-13T11:50:10.376Z,0,2026-07-13T11:50:10.509Z,0x961dea2fae1ea21cd856d9ae4bef939f03e0c04d26cd21ed9865419dd21c3ab7,2026-07-13T11:50:14.921Z,success,38866,1000,6378874,0x2846fd36b53e510fd18e85e885fa65de55c289f074ea2c4a1fdbfcb451f5bed7,2026-07-13T11:50:14.921Z,4412,4412,4545,26,Untrusted,2026-07-13T11:50:05.209Z,0xa3acd166e94f9fd06ac4946554e3ee8b9c955de494fdbd7d6ef09504f4e514d2,,variant-batch live execution
datm-live-2026-07-13T11-47-14-639Z,B,entity-09-malicious,malicious,18,2026-07-13T11:50:10.377Z,2026-07-13T11:50:10.377Z,2026-07-13T11:50:10.377Z,0,2026-07-13T11:50:10.509Z,0x5d4456c4b0b295da038d0963b55d8bf0ee740147998f1cb82be542d2db01930e,2026-07-13T11:50:14.965Z,success,38866,1000,6378874,0x2846fd36b53e510fd18e85e885fa65de55c289f074ea2c4a1fdbfcb451f5bed7,2026-07-13T11:50:14.965Z,4456,4456,4588,27,Untrusted,2026-07-13T11:50:05.209Z,0x6120221eda83370f5bb1cffa055a8841de424072de29e0a0c954bba30e468f66,,variant-batch live execution
datm-live-2026-07-13T11-47-14-639Z,B,entity-01-normal,normal,19,2026-07-13T11:50:20.084Z,2026-07-13T11:50:20.084Z,2026-07-13T11:50:20.084Z,0,2026-07-13T11:50:20.207Z,0xaa30f396d08091f0c36b7c403c585159ba7e9a03eb2ec6bd18fe77882967c008,2026-07-13T11:50:24.506Z,success,38847,1000,6378876,0x3387987855626d6a01343457286c7c2b8d91a0575877e0660a12cfe14cf461f3,2026-07-13T11:50:24.506Z,4299,4299,4422,92,Trusted,2026-07-13T11:50:15.209Z,0x997fc6fe25fe27bc7714290db0dd5b3f211716010ecd11ffdca9b0b6b097c4bb,,variant-batch live execution
datm-live-2026-07-13T11-47-14-639Z,B,entity-02-normal,normal,19,2026-07-13T11:50:20.085Z,2026-07-13T11:50:20.085Z,2026-07-13T11:50:20.085Z,0,2026-07-13T11:50:20.207Z,0x8c64f0fd6c4fcc88d3f96489c3ee96fbb0a36c4d1bb06d13e36e048db069001b,2026-07-13T11:50:24.481Z,success,38847,1000,6378876,0x3387987855626d6a01343457286c7c2b8d91a0575877e0660a12cfe14cf461f3,2026-07-13T11:50:24.481Z,4274,4274,4396,93,Trusted,2026-07-13T11:50:15.209Z,0x52e87d9a3b42c1e62c994c7dafdf9e553ffa0e50d5fe0c6fe0a23724d71cd86b,,variant-batch live execution
datm-live-2026-07-13T11-47-14-639Z,B,entity-03-normal,normal,19,2026-07-13T11:50:20.085Z,2026-07-13T11:50:20.085Z,2026-07-13T11:50:20.085Z,0,2026-07-13T11:50:20.222Z,0x84847197c448180958f5ee7b66c499d20271cac761cf002d22119f3b04e21a73,2026-07-13T11:50:24.476Z,success,38847,1000,6378876,0x3387987855626d6a01343457286c7c2b8d91a0575877e0660a12cfe14cf461f3,2026-07-13T11:50:24.476Z,4254,4254,4391,93,Trusted,2026-07-13T11:50:15.209Z,0xc7be49801fd6cf5c8e46679b989c23c8081ac7ff489364b0cd4140289e493e7e,,variant-batch live execution
datm-live-2026-07-13T11-47-14-639Z,B,entity-04-normal,normal,19,2026-07-13T11:50:20.086Z,2026-07-13T11:50:20.086Z,2026-07-13T11:50:20.086Z,0,2026-07-13T11:50:20.222Z,0xe7445c4364c9aa53ca0b927bb75b98a79eeeefe3eeef0b21e5d8e002e0d28ac5,2026-07-13T11:50:24.477Z,success,38847,1000,6378876,0x3387987855626d6a01343457286c7c2b8d91a0575877e0660a12cfe14cf461f3,2026-07-13T11:50:24.477Z,4255,4255,4391,92,Trusted,2026-07-13T11:50:15.209Z,0x43cd11b153016e1a9bf2d3e608aafc5d558a0f7f058ddb6529295cf6bac3601f,,variant-batch live execution
datm-live-2026-07-13T11-47-14-639Z,B,entity-05-suspicious,suspicious,19,2026-07-13T11:50:20.086Z,2026-07-13T11:50:20.086Z,2026-07-13T11:50:20.086Z,0,2026-07-13T11:50:20.240Z,0x90d181d955ed08fd54cb4c7310213c26c11aa33e1293287800d61a6317c43ef7,2026-07-13T11:50:24.481Z,success,38867,1000,6378876,0x3387987855626d6a01343457286c7c2b8d91a0575877e0660a12cfe14cf461f3,2026-07-13T11:50:24.481Z,4241,4241,4395,60,Suspicious,2026-07-13T11:50:15.209Z,0xa95f4e1f8c3160219ea047ee7ad5608dd696d824d85c3b6397b2e278a7cfd388,,variant-batch live execution
datm-live-2026-07-13T11-47-14-639Z,B,entity-06-suspicious,suspicious,19,2026-07-13T11:50:20.087Z,2026-07-13T11:50:20.087Z,2026-07-13T11:50:20.087Z,0,2026-07-13T11:50:20.222Z,0x8a66e9a6ddc7fa62b29a442d2172d8fcd9cc87dcc35371bab753d7e7eb088f4d,2026-07-13T11:50:24.478Z,success,38867,1000,6378876,0x3387987855626d6a01343457286c7c2b8d91a0575877e0660a12cfe14cf461f3,2026-07-13T11:50:24.478Z,4256,4256,4391,62,Suspicious,2026-07-13T11:50:15.209Z,0x3f09d7bcbdf8dcac59e41906435e57349261ae791186c7f79890d00f43e9c2da,,variant-batch live execution
datm-live-2026-07-13T11-47-14-639Z,B,entity-07-suspicious,suspicious,19,2026-07-13T11:50:20.087Z,2026-07-13T11:50:20.087Z,2026-07-13T11:50:20.087Z,0,2026-07-13T11:50:20.240Z,0xe6582b7e3d7ebe8d03fa0bb724e85ae370f22a409d5f0851a2136e01702076f5,2026-07-13T11:50:24.695Z,success,38867,1000,6378876,0x3387987855626d6a01343457286c7c2b8d91a0575877e0660a12cfe14cf461f3,2026-07-13T11:50:24.695Z,4455,4455,4608,58,Suspicious,2026-07-13T11:50:15.209Z,0x937d533fe5b5af365b9175e2718330c2c914e1d38247338618d86b1ca330e332,,variant-batch live execution
datm-live-2026-07-13T11-47-14-639Z,B,entity-08-malicious,malicious,19,2026-07-13T11:50:20.087Z,2026-07-13T11:50:20.087Z,2026-07-13T11:50:20.087Z,0,2026-07-13T11:50:20.222Z,0xe2efa18460548e436cf253b0826b59d7f1a060f7cc3130303b11672d2d847e56,2026-07-13T11:50:24.722Z,success,38866,1000,6378876,0x3387987855626d6a01343457286c7c2b8d91a0575877e0660a12cfe14cf461f3,2026-07-13T11:50:24.722Z,4500,4500,4635,27,Untrusted,2026-07-13T11:50:15.209Z,0x6d7cd5a9c352dc954012045551a7aae452d75f1132d52dcfd012d2f0809e170d,,variant-batch live execution
datm-live-2026-07-13T11-47-14-639Z,B,entity-09-malicious,malicious,19,2026-07-13T11:50:20.088Z,2026-07-13T11:50:20.088Z,2026-07-13T11:50:20.088Z,0,2026-07-13T11:50:20.222Z,0x2a46cfd3dd72336826b2323f27dad8da6b135356655aaf2eaa0aaa98495e050f,2026-07-13T11:50:24.692Z,success,38854,1000,6378876,0x3387987855626d6a01343457286c7c2b8d91a0575877e0660a12cfe14cf461f3,2026-07-13T11:50:24.692Z,4470,4470,4604,26,Untrusted,2026-07-13T11:50:15.209Z,0xcdadd3f91b67ea4377b0770e3b00b4778c3beebd9d9a9cae64366080a5a31fcd,,variant-batch live execution
datm-live-2026-07-13T11-47-14-639Z,B,entity-01-normal,normal,20,2026-07-13T11:50:29.843Z,2026-07-13T11:50:29.843Z,2026-07-13T11:50:29.843Z,0,2026-07-13T11:50:29.990Z,0xe689c4f0f01066e1df204e30ab826fae4ad394351c08df452dd104c04b99fdea,2026-07-13T11:50:34.244Z,success,38847,1000,6378878,0x8035c562914d1d23d1e47d1102b1d3abffbe1f86867d5096d27594d6eb22f49e,2026-07-13T11:50:34.244Z,4254,4254,4401,92,Trusted,2026-07-13T11:50:25.209Z,0x2ebaf39e44eedfe9206f03848d968c8190b049905e4ce19fb83af385e8ec422c,,variant-batch live execution
datm-live-2026-07-13T11-47-14-639Z,B,entity-02-normal,normal,20,2026-07-13T11:50:29.844Z,2026-07-13T11:50:29.844Z,2026-07-13T11:50:29.844Z,0,2026-07-13T11:50:29.960Z,0xd7be544cf8a27497d3e1c16e4e5fc788dd5aeab0c0b2ca6b3d7e03ec0d6fbda6,2026-07-13T11:50:34.244Z,success,38847,1000,6378878,0x8035c562914d1d23d1e47d1102b1d3abffbe1f86867d5096d27594d6eb22f49e,2026-07-13T11:50:34.244Z,4284,4284,4400,93,Trusted,2026-07-13T11:50:25.209Z,0xc9f97c67ddecb1c99bd6ba7bd6988ea99a74da641520c911d44767e63c6dd20d,,variant-batch live execution
datm-live-2026-07-13T11-47-14-639Z,B,entity-03-normal,normal,20,2026-07-13T11:50:29.845Z,2026-07-13T11:50:29.845Z,2026-07-13T11:50:29.845Z,0,2026-07-13T11:50:29.961Z,0x666b1627e8fab93e9fae6648a52de306b3fce10f2b4eca40e610f48afc04d36e,2026-07-13T11:50:34.266Z,success,38835,1000,6378878,0x8035c562914d1d23d1e47d1102b1d3abffbe1f86867d5096d27594d6eb22f49e,2026-07-13T11:50:34.266Z,4305,4305,4421,91,Trusted,2026-07-13T11:50:25.209Z,0x66a50098429899aaef57ba7ff8edd5070d65141edf22111e1d26e26a375ffde8,,variant-batch live execution
datm-live-2026-07-13T11-47-14-639Z,B,entity-04-normal,normal,20,2026-07-13T11:50:29.845Z,2026-07-13T11:50:29.845Z,2026-07-13T11:50:29.845Z,0,2026-07-13T11:50:29.961Z,0xd01f3162cff144a4765b9f01822ae075a37dbb6a6ee1349e996c1d51d5125532,2026-07-13T11:50:34.241Z,success,38847,1000,6378878,0x8035c562914d1d23d1e47d1102b1d3abffbe1f86867d5096d27594d6eb22f49e,2026-07-13T11:50:34.241Z,4280,4280,4396,92,Trusted,2026-07-13T11:50:25.209Z,0xfdf58ebace3be60cfca83db3597d077f29ac694240969bbb4bcfcc52529887d7,,variant-batch live execution
datm-live-2026-07-13T11-47-14-639Z,B,entity-05-suspicious,suspicious,20,2026-07-13T11:50:29.845Z,2026-07-13T11:50:29.845Z,2026-07-13T11:50:29.845Z,0,2026-07-13T11:50:29.961Z,0xd20cc5fd763ab55b34bf33a22a6a1812cf945cc3e81e63b67df583dd2b73cef2,2026-07-13T11:50:34.241Z,success,38867,1000,6378878,0x8035c562914d1d23d1e47d1102b1d3abffbe1f86867d5096d27594d6eb22f49e,2026-07-13T11:50:34.241Z,4280,4280,4396,62,Suspicious,2026-07-13T11:50:25.209Z,0x52290b2d61876c067a76a56d17bccc986f5b303e4d20bbac44f911bbe1c69882,,variant-batch live execution
datm-live-2026-07-13T11-47-14-639Z,B,entity-06-suspicious,suspicious,20,2026-07-13T11:50:29.846Z,2026-07-13T11:50:29.846Z,2026-07-13T11:50:29.846Z,0,2026-07-13T11:50:29.990Z,0xdfd9cd2303e35ba9afe48cde99a27328476d1ed9b22c51d15b331969a3b5f2fc,2026-07-13T11:50:34.241Z,success,38867,1000,6378878,0x8035c562914d1d23d1e47d1102b1d3abffbe1f86867d5096d27594d6eb22f49e,2026-07-13T11:50:34.241Z,4251,4251,4395,63,Suspicious,2026-07-13T11:50:25.209Z,0x1b076e576582f512d3217dd68cf44c1923b259a119525da3cc925910b970b955,,variant-batch live execution
datm-live-2026-07-13T11-47-14-639Z,B,entity-07-suspicious,suspicious,20,2026-07-13T11:50:29.846Z,2026-07-13T11:50:29.846Z,2026-07-13T11:50:29.846Z,0,2026-07-13T11:50:29.990Z,0x510708f16d674b9f2d4f527a049dd404fad98e6207d978889631c1293666d5cb,2026-07-13T11:50:34.435Z,success,38867,1000,6378878,0x8035c562914d1d23d1e47d1102b1d3abffbe1f86867d5096d27594d6eb22f49e,2026-07-13T11:50:34.435Z,4445,4445,4589,60,Suspicious,2026-07-13T11:50:25.209Z,0xba2ce0d9da412107f7ace177c3ba6b07fa5fed80fe53e28eb529cac5676958e4,,variant-batch live execution
datm-live-2026-07-13T11-47-14-639Z,B,entity-08-malicious,malicious,20,2026-07-13T11:50:29.846Z,2026-07-13T11:50:29.846Z,2026-07-13T11:50:29.846Z,0,2026-07-13T11:50:29.961Z,0x5011c7ec101a0322f494975e5eb03d345aef32000200c5cccd67af06a895c29e,2026-07-13T11:50:34.440Z,success,38866,1000,6378878,0x8035c562914d1d23d1e47d1102b1d3abffbe1f86867d5096d27594d6eb22f49e,2026-07-13T11:50:34.440Z,4479,4479,4594,26,Untrusted,2026-07-13T11:50:25.209Z,0x19f0821e6d481d80c5112aeff082772247f4c5a2f6e702ca36b3893c159db8c9,,variant-batch live execution
datm-live-2026-07-13T11-47-14-639Z,B,entity-09-malicious,malicious,20,2026-07-13T11:50:29.847Z,2026-07-13T11:50:29.847Z,2026-07-13T11:50:29.847Z,0,2026-07-13T11:50:29.961Z,0x108f92b66f38966fd689b318e09003b3e4b36cdf101bd2470fe68d2e1a4cd640,2026-07-13T11:50:34.472Z,success,38866,1000,6378878,0x8035c562914d1d23d1e47d1102b1d3abffbe1f86867d5096d27594d6eb22f49e,2026-07-13T11:50:34.472Z,4511,4511,4625,26,Untrusted,2026-07-13T11:50:25.209Z,0xdb17a259c9420d06048efe056d559b332ac084e52865404e93f1b27ba50711c5,,variant-batch live execution
datm-live-2026-07-13T11-47-14-639Z,B,entity-01-normal,normal,21,2026-07-13T11:50:39.595Z,2026-07-13T11:50:39.595Z,2026-07-13T11:50:39.595Z,0,2026-07-13T11:50:39.715Z,0xe99903131ac9ac087c4854d72534a1e6f8609a984a2014022eb6984ea5ed8901,2026-07-13T11:50:48.037Z,success,38847,1000,6378880,0x5289e9ece8bc784fa7fd6fe093f8ebd96ecf7373776a816f13ca2b3ef4038fbe,2026-07-13T11:50:48.037Z,8322,8322,8442,91,Trusted,2026-07-13T11:50:35.209Z,0x3e961f53a4dfcdc0dae333713b2c972eab1a7a4757815794f62e9e8e46ef2c6e,,variant-batch live execution
datm-live-2026-07-13T11-47-14-639Z,B,entity-02-normal,normal,21,2026-07-13T11:50:39.596Z,2026-07-13T11:50:39.596Z,2026-07-13T11:50:39.596Z,0,2026-07-13T11:50:39.715Z,0x41e57647fbecd5a84e522b32493f6f00dc82459383bb859116be15a4f8669f53,2026-07-13T11:50:48.034Z,success,38847,1000,6378880,0x5289e9ece8bc784fa7fd6fe093f8ebd96ecf7373776a816f13ca2b3ef4038fbe,2026-07-13T11:50:48.034Z,8319,8319,8438,89,Trusted,2026-07-13T11:50:35.209Z,0x1e7a4be2e61c4d4944275950efb1cca3c67e83a32da9e2186ca0c086e6e1d639,,variant-batch live execution
datm-live-2026-07-13T11-47-14-639Z,B,entity-03-normal,normal,21,2026-07-13T11:50:39.597Z,2026-07-13T11:50:39.597Z,2026-07-13T11:50:39.597Z,0,2026-07-13T11:50:39.715Z,0x74f6ba79f45df58ad1f8f58ac369fb7786b5ce143a93992244eaf11fdcb8ef09,2026-07-13T11:50:48.037Z,success,38847,1000,6378880,0x5289e9ece8bc784fa7fd6fe093f8ebd96ecf7373776a816f13ca2b3ef4038fbe,2026-07-13T11:50:48.037Z,8322,8322,8440,91,Trusted,2026-07-13T11:50:35.209Z,0x67710c9125a26222a2c5fd376cdd0ab7a0b8f0e452a8ea65c46ff0be7b156d12,,variant-batch live execution
datm-live-2026-07-13T11-47-14-639Z,B,entity-04-normal,normal,21,2026-07-13T11:50:39.597Z,2026-07-13T11:50:39.597Z,2026-07-13T11:50:39.597Z,0,2026-07-13T11:50:39.715Z,0xdf32174c8599c76f24eef4b9b212fdb8ab8e1105e97b986fafa3e485db660263,2026-07-13T11:50:48.033Z,success,38847,1000,6378880,0x5289e9ece8bc784fa7fd6fe093f8ebd96ecf7373776a816f13ca2b3ef4038fbe,2026-07-13T11:50:48.033Z,8318,8318,8436,91,Trusted,2026-07-13T11:50:35.209Z,0x128cda6b155720d096421b46aeae17664cf2f5222ac8d0f1548a66379b220bc5,,variant-batch live execution
datm-live-2026-07-13T11-47-14-639Z,B,entity-05-suspicious,suspicious,21,2026-07-13T11:50:39.598Z,2026-07-13T11:50:39.598Z,2026-07-13T11:50:39.598Z,0,2026-07-13T11:50:39.752Z,0x9263b9acf92ae53333d124ea76735f0902a7db4f4a5f23a01a29ad5f6174e5fa,2026-07-13T11:50:48.006Z,success,38867,1000,6378880,0x5289e9ece8bc784fa7fd6fe093f8ebd96ecf7373776a816f13ca2b3ef4038fbe,2026-07-13T11:50:48.006Z,8254,8254,8408,63,Suspicious,2026-07-13T11:50:35.209Z,0x9a90050ca28f1498486b2e3deaf2ea1d1dd5bf8fcba5a3e4c20adb4e038b80d1,,variant-batch live execution
datm-live-2026-07-13T11-47-14-639Z,B,entity-06-suspicious,suspicious,21,2026-07-13T11:50:39.599Z,2026-07-13T11:50:39.599Z,2026-07-13T11:50:39.599Z,0,2026-07-13T11:50:39.752Z,0x8f0d5490f3e4ca24505e4681c1996e34553708c07a7181f0f54bd14df91ea51a,2026-07-13T11:50:47.978Z,success,38867,1000,6378880,0x5289e9ece8bc784fa7fd6fe093f8ebd96ecf7373776a816f13ca2b3ef4038fbe,2026-07-13T11:50:47.978Z,8226,8226,8379,61,Suspicious,2026-07-13T11:50:35.209Z,0xd4df1c5e1258e7c86788ebdf2329847a2482e388871d8acd11025928ad7db85d,,variant-batch live execution
datm-live-2026-07-13T11-47-14-639Z,B,entity-07-suspicious,suspicious,21,2026-07-13T11:50:39.599Z,2026-07-13T11:50:39.599Z,2026-07-13T11:50:39.599Z,0,2026-07-13T11:50:39.753Z,0x21e0274ec78fd6041f9dbf2b0eacd1dc80f04d7198fc6139c7ca71afb1c573ff,2026-07-13T11:50:48.248Z,success,38867,1000,6378880,0x5289e9ece8bc784fa7fd6fe093f8ebd96ecf7373776a816f13ca2b3ef4038fbe,2026-07-13T11:50:48.248Z,8495,8495,8649,62,Suspicious,2026-07-13T11:50:35.209Z,0xf452f68080193d140903c09e5e0d23fdc3d0ce8efb3beeef10dda671603980ce,,variant-batch live execution
datm-live-2026-07-13T11-47-14-639Z,B,entity-08-malicious,malicious,21,2026-07-13T11:50:39.599Z,2026-07-13T11:50:39.599Z,2026-07-13T11:50:39.599Z,0,2026-07-13T11:50:39.753Z,0x6551be3734a3f0d53ebce196580628ea0384a5efb0fda736708b856bbab54e12,2026-07-13T11:50:48.264Z,success,38866,1000,6378880,0x5289e9ece8bc784fa7fd6fe093f8ebd96ecf7373776a816f13ca2b3ef4038fbe,2026-07-13T11:50:48.264Z,8511,8511,8665,26,Untrusted,2026-07-13T11:50:35.209Z,0x6a475e3341d68bd9bcebdac7d08c2e9d6fe4fd9a592d784293884824fd6930a5,,variant-batch live execution
datm-live-2026-07-13T11-47-14-639Z,B,entity-09-malicious,malicious,21,2026-07-13T11:50:39.599Z,2026-07-13T11:50:39.599Z,2026-07-13T11:50:39.599Z,0,2026-07-13T11:50:39.753Z,0x43c5eeb9011ecbf82e862e7c6ac7767296e31d081b706a758a210379fba52d6b,2026-07-13T11:50:48.276Z,success,38866,1000,6378880,0x5289e9ece8bc784fa7fd6fe093f8ebd96ecf7373776a816f13ca2b3ef4038fbe,2026-07-13T11:50:48.276Z,8523,8523,8677,27,Untrusted,2026-07-13T11:50:35.209Z,0x3bab1cd896bbc9587035c61be453c4fd203e576d061f5812622c639a9ba89187,,variant-batch live execution
datm-live-2026-07-13T11-47-14-639Z,B,entity-01-normal,normal,22,2026-07-13T11:50:53.432Z,2026-07-13T11:50:53.432Z,2026-07-13T11:50:53.432Z,0,2026-07-13T11:50:53.596Z,0xb7dfff8c9ba355c9049baefd7dc950d19e0c747fb4b5066ff1a3ce52d39b93e2,2026-07-13T11:50:57.922Z,success,38847,1000,6378882,0xc3bd6274139ec4662906510881e12d5edf84a019164cddfa47ee7fdab636ae98,2026-07-13T11:50:57.922Z,4326,4326,4490,91,Trusted,2026-07-13T11:50:45.209Z,0x20de2809859b1fed115d7d6f894d4d1222d8e05011cf1fdc49221589f143b729,,variant-batch live execution
datm-live-2026-07-13T11-47-14-639Z,B,entity-02-normal,normal,22,2026-07-13T11:50:53.433Z,2026-07-13T11:50:53.433Z,2026-07-13T11:50:53.433Z,0,2026-07-13T11:50:53.596Z,0xfcff653a779b6d7007f562a04a6f24906e42442b65fb0257b7954afc37539a07,2026-07-13T11:50:57.951Z,success,38847,1000,6378882,0xc3bd6274139ec4662906510881e12d5edf84a019164cddfa47ee7fdab636ae98,2026-07-13T11:50:57.951Z,4355,4355,4518,93,Trusted,2026-07-13T11:50:45.209Z,0x09c5de08ea5623f3f9fd2bb137611a1fd26dbdad6511f01a2dcad7d783192f07,,variant-batch live execution
datm-live-2026-07-13T11-47-14-639Z,B,entity-03-normal,normal,22,2026-07-13T11:50:53.433Z,2026-07-13T11:50:53.433Z,2026-07-13T11:50:53.433Z,0,2026-07-13T11:50:53.601Z,0x0dd756e7e8cea373c7eb92d6986ac7216e9b42b990f4f12df0aadea612ecbc4e,2026-07-13T11:50:57.925Z,success,38847,1000,6378882,0xc3bd6274139ec4662906510881e12d5edf84a019164cddfa47ee7fdab636ae98,2026-07-13T11:50:57.925Z,4324,4324,4492,92,Trusted,2026-07-13T11:50:45.209Z,0x9971f413fb0dc0f824cc8c9039b65ee2659090dc8c8adac35238b80546821e22,,variant-batch live execution
datm-live-2026-07-13T11-47-14-639Z,B,entity-04-normal,normal,22,2026-07-13T11:50:53.434Z,2026-07-13T11:50:53.434Z,2026-07-13T11:50:53.434Z,0,2026-07-13T11:50:53.601Z,0x150b39ffa67d8292a5f5fcd84886a784b90a93389cbe16e7da8d1ce2599b8cd8,2026-07-13T11:50:57.926Z,success,38847,1000,6378882,0xc3bd6274139ec4662906510881e12d5edf84a019164cddfa47ee7fdab636ae98,2026-07-13T11:50:57.926Z,4325,4325,4492,91,Trusted,2026-07-13T11:50:45.209Z,0x38ddb717888a77968d277fcaeb78c3142c99479b267d6c242dfc691aee608f91,,variant-batch live execution
datm-live-2026-07-13T11-47-14-639Z,B,entity-05-suspicious,suspicious,22,2026-07-13T11:50:53.434Z,2026-07-13T11:50:53.434Z,2026-07-13T11:50:53.434Z,0,2026-07-13T11:50:53.601Z,0xa618a12ec3a4b687196fff47b089dbb6653366b1980a830450de2afb76a3b31f,2026-07-13T11:50:57.927Z,success,38867,1000,6378882,0xc3bd6274139ec4662906510881e12d5edf84a019164cddfa47ee7fdab636ae98,2026-07-13T11:50:57.927Z,4326,4326,4493,61,Suspicious,2026-07-13T11:50:45.209Z,0x41d74794bf437bee7cc103015e61c2d96fce43105c089d2e21bc9705cc550d7a,,variant-batch live execution
datm-live-2026-07-13T11-47-14-639Z,B,entity-06-suspicious,suspicious,22,2026-07-13T11:50:53.434Z,2026-07-13T11:50:53.434Z,2026-07-13T11:50:53.434Z,0,2026-07-13T11:50:53.601Z,0xef1c1c5391fce40dae79747d0f4827e8af8cc9f28d67fc6547d9ee2cc7b46368,2026-07-13T11:50:57.927Z,success,38867,1000,6378882,0xc3bd6274139ec4662906510881e12d5edf84a019164cddfa47ee7fdab636ae98,2026-07-13T11:50:57.927Z,4326,4326,4493,58,Suspicious,2026-07-13T11:50:45.209Z,0xf25f260fb38f4641dd96f2316635401b4dcc80a025d9c0854f36e3125f9992e9,,variant-batch live execution
datm-live-2026-07-13T11-47-14-639Z,B,entity-07-suspicious,suspicious,22,2026-07-13T11:50:53.435Z,2026-07-13T11:50:53.435Z,2026-07-13T11:50:53.435Z,0,2026-07-13T11:50:53.631Z,0x754b05b2cbc58b9ba63590c3fbfd7ac5959c00dba4912f234122f1287de93fe5,2026-07-13T11:50:58.125Z,success,38867,1000,6378882,0xc3bd6274139ec4662906510881e12d5edf84a019164cddfa47ee7fdab636ae98,2026-07-13T11:50:58.125Z,4494,4494,4690,63,Suspicious,2026-07-13T11:50:45.209Z,0x289ef16e2e9c8b3a1b6d96d16b8013adc2753516c296a94b66bf6c0ee65f9679,,variant-batch live execution
datm-live-2026-07-13T11-47-14-639Z,B,entity-08-malicious,malicious,22,2026-07-13T11:50:53.435Z,2026-07-13T11:50:53.435Z,2026-07-13T11:50:53.435Z,0,2026-07-13T11:50:53.601Z,0x6b2f06b796e036fc33f3143bf5f7d61083c0bbc5fb85c8b0ab120ccb98c80bda,2026-07-13T11:50:58.144Z,success,38866,1000,6378882,0xc3bd6274139ec4662906510881e12d5edf84a019164cddfa47ee7fdab636ae98,2026-07-13T11:50:58.144Z,4543,4543,4709,27,Untrusted,2026-07-13T11:50:45.209Z,0x60dec624240fd8fcf10af37dca1a4b78480d6181c57ce7fd7c961db5bf7a72f0,,variant-batch live execution
datm-live-2026-07-13T11-47-14-639Z,B,entity-09-malicious,malicious,22,2026-07-13T11:50:53.436Z,2026-07-13T11:50:53.436Z,2026-07-13T11:50:53.436Z,0,2026-07-13T11:50:53.631Z,0x2c0de61e92e11b8b996292c8471ae7e66a1a55ada508aea30f2412c5fa0d4d31,2026-07-13T11:50:58.173Z,success,38866,1000,6378882,0xc3bd6274139ec4662906510881e12d5edf84a019164cddfa47ee7fdab636ae98,2026-07-13T11:50:58.173Z,4542,4542,4737,25,Untrusted,2026-07-13T11:50:45.209Z,0xc8a35853c547a7a925aea8e807e05021d49f869634dbcc26c8e51a7f58226bfd,,variant-batch live execution
datm-live-2026-07-13T11-47-14-639Z,B,entity-01-normal,normal,23,2026-07-13T11:51:03.299Z,2026-07-13T11:51:03.299Z,2026-07-13T11:51:03.299Z,0,2026-07-13T11:51:03.407Z,0x5eaed4b6d0cf0da9aa0e460e1a48b58ab1b91fe64844cca2a2fa9d303e3c8d1f,2026-07-13T11:51:07.663Z,success,38847,1000,6378884,0xdbfb7458d2005f5096c94d812b350184b41156368f4d486264082484fa2e1b6a,2026-07-13T11:51:07.663Z,4256,4256,4364,93,Trusted,2026-07-13T11:50:55.209Z,0x4298d8eff07b42a5c805cf4028e4d26b2c041ffdba05fe21233f6db9ec170bf7,,variant-batch live execution
datm-live-2026-07-13T11-47-14-639Z,B,entity-02-normal,normal,23,2026-07-13T11:51:03.300Z,2026-07-13T11:51:03.300Z,2026-07-13T11:51:03.300Z,0,2026-07-13T11:51:03.407Z,0x7939b19255857622b0b9dd79f66f308155e2491223bd2f77e3a29df8b263054b,2026-07-13T11:51:07.668Z,success,38847,1000,6378884,0xdbfb7458d2005f5096c94d812b350184b41156368f4d486264082484fa2e1b6a,2026-07-13T11:51:07.668Z,4261,4261,4368,93,Trusted,2026-07-13T11:50:55.209Z,0x1602e1129325b85b49d77971235840495b3255b51c9b8e655347cb27685a815a,,variant-batch live execution
datm-live-2026-07-13T11-47-14-639Z,B,entity-03-normal,normal,23,2026-07-13T11:51:03.301Z,2026-07-13T11:51:03.301Z,2026-07-13T11:51:03.301Z,0,2026-07-13T11:51:03.430Z,0x78bb249a72c7a142834d55b9528a068533cf76f6b042c6c134bf080b3f7508cf,2026-07-13T11:51:07.666Z,success,38847,1000,6378884,0xdbfb7458d2005f5096c94d812b350184b41156368f4d486264082484fa2e1b6a,2026-07-13T11:51:07.666Z,4236,4236,4365,92,Trusted,2026-07-13T11:50:55.209Z,0x8ff26a4c50d7eb081ff575fc8ad1896ce29e0fd1b4b8a46a30926da190a82863,,variant-batch live execution
datm-live-2026-07-13T11-47-14-639Z,B,entity-04-normal,normal,23,2026-07-13T11:51:03.301Z,2026-07-13T11:51:03.301Z,2026-07-13T11:51:03.301Z,0,2026-07-13T11:51:03.431Z,0x260093795a3c8ff3590a4341f4daee9e42cfcaee3cfebe29001de7a54aecf448,2026-07-13T11:51:07.666Z,success,38847,1000,6378884,0xdbfb7458d2005f5096c94d812b350184b41156368f4d486264082484fa2e1b6a,2026-07-13T11:51:07.666Z,4235,4235,4365,93,Trusted,2026-07-13T11:50:55.209Z,0x860934e73651365827d5c85f209accfd3e77fc8e6c11befc269e064ff00d950b,,variant-batch live execution
datm-live-2026-07-13T11-47-14-639Z,B,entity-05-suspicious,suspicious,23,2026-07-13T11:51:03.301Z,2026-07-13T11:51:03.301Z,2026-07-13T11:51:03.301Z,0,2026-07-13T11:51:03.431Z,0x513d7b6c0dfdd7c4a235715ff536c00d46823d6850cff668800c398f706916f8,2026-07-13T11:51:07.668Z,success,38867,1000,6378884,0xdbfb7458d2005f5096c94d812b350184b41156368f4d486264082484fa2e1b6a,2026-07-13T11:51:07.668Z,4237,4237,4367,58,Suspicious,2026-07-13T11:50:55.209Z,0x42586e5edef30143a25b4a1f44b2210812a37030d7b284aa660ca72cea48910b,,variant-batch live execution
datm-live-2026-07-13T11-47-14-639Z,B,entity-06-suspicious,suspicious,23,2026-07-13T11:51:03.302Z,2026-07-13T11:51:03.302Z,2026-07-13T11:51:03.302Z,0,2026-07-13T11:51:03.431Z,0x3e156965d5533db04a51e4aa48f031989d201f4442561ffb62e0466f7cd6c069,2026-07-13T11:51:07.691Z,success,38867,1000,6378884,0xdbfb7458d2005f5096c94d812b350184b41156368f4d486264082484fa2e1b6a,2026-07-13T11:51:07.691Z,4260,4260,4389,61,Suspicious,2026-07-13T11:50:55.209Z,0x6c58809e2c449d01f304121f5912d00ecb0b6a83248051da05fa621850330d5b,,variant-batch live execution
datm-live-2026-07-13T11-47-14-639Z,B,entity-07-suspicious,suspicious,23,2026-07-13T11:51:03.302Z,2026-07-13T11:51:03.302Z,2026-07-13T11:51:03.302Z,0,2026-07-13T11:51:03.436Z,0x7c0187e6526e43357243fee885b3b2e7ed7d7cbb1673647a6e142448ac3f1100,2026-07-13T11:51:07.893Z,success,38867,1000,6378884,0xdbfb7458d2005f5096c94d812b350184b41156368f4d486264082484fa2e1b6a,2026-07-13T11:51:07.893Z,4457,4457,4591,61,Suspicious,2026-07-13T11:50:55.209Z,0xf9b902313b0561d291086b9a4e497653f19c788a65161c31a84cf3c36ab28d76,,variant-batch live execution
datm-live-2026-07-13T11-47-14-639Z,B,entity-08-malicious,malicious,23,2026-07-13T11:51:03.302Z,2026-07-13T11:51:03.302Z,2026-07-13T11:51:03.302Z,0,2026-07-13T11:51:03.431Z,0xee413fe11f872bddf994e3cb645e97b60e181a1569e52f71c919245a957c7f0e,2026-07-13T11:51:07.868Z,success,38866,1000,6378884,0xdbfb7458d2005f5096c94d812b350184b41156368f4d486264082484fa2e1b6a,2026-07-13T11:51:07.868Z,4437,4437,4566,25,Untrusted,2026-07-13T11:50:55.209Z,0x28987a9e6177c00931e537ff78a7b5f336fefc8fbd5af4b468b944ec5976a383,,variant-batch live execution
datm-live-2026-07-13T11-47-14-639Z,B,entity-09-malicious,malicious,23,2026-07-13T11:51:03.303Z,2026-07-13T11:51:03.303Z,2026-07-13T11:51:03.303Z,0,2026-07-13T11:51:03.436Z,0x1060354af438b20aaa74ad5824ffb46fdde9e3724a8faa8226e36fddcd593adb,2026-07-13T11:51:07.873Z,success,38866,1000,6378884,0xdbfb7458d2005f5096c94d812b350184b41156368f4d486264082484fa2e1b6a,2026-07-13T11:51:07.873Z,4437,4437,4570,25,Untrusted,2026-07-13T11:50:55.209Z,0x3b9f235306de50405a9ed18a3bc9bcc40816eb4e70d6627a1ccf80588af8024f,,variant-batch live execution
datm-live-2026-07-13T11-47-14-639Z,B,entity-01-normal,normal,24,2026-07-13T11:51:13.008Z,2026-07-13T11:51:13.008Z,2026-07-13T11:51:13.008Z,0,2026-07-13T11:51:13.124Z,0x0274c80ce87a6f6b348bed9f235f235a3ab119acc66504b385bbb383e8d134e7,2026-07-13T11:51:17.382Z,success,38847,1000,6378886,0x8a4c04faba472e6ce15a40a6e2cc1e85d44adf673085293c49aefb22fbabdd79,2026-07-13T11:51:17.382Z,4258,4258,4374,92,Trusted,2026-07-13T11:51:05.209Z,0xe55b3314dc23d44a6110285f1a05ed9b695f0fa00cd03241ec452f5d3da53515,,variant-batch live execution
datm-live-2026-07-13T11-47-14-639Z,B,entity-02-normal,normal,24,2026-07-13T11:51:13.009Z,2026-07-13T11:51:13.009Z,2026-07-13T11:51:13.009Z,0,2026-07-13T11:51:13.125Z,0x9600920e94e9cdcd752a9e18fca5b68b83815fecab201d1dc0964ee1382b6cf5,2026-07-13T11:51:17.380Z,success,38847,1000,6378886,0x8a4c04faba472e6ce15a40a6e2cc1e85d44adf673085293c49aefb22fbabdd79,2026-07-13T11:51:17.380Z,4255,4255,4371,91,Trusted,2026-07-13T11:51:05.209Z,0x757550be661f34715ed2915cda223e278bb558d4365de9b8df8d9dd8cc36f5e0,,variant-batch live execution
datm-live-2026-07-13T11-47-14-639Z,B,entity-03-normal,normal,24,2026-07-13T11:51:13.009Z,2026-07-13T11:51:13.009Z,2026-07-13T11:51:13.009Z,0,2026-07-13T11:51:13.125Z,0xdc4985b0281344daad29d3e5beb3884db785aaf446b762bf077ff6eb8237aa84,2026-07-13T11:51:17.383Z,success,38847,1000,6378886,0x8a4c04faba472e6ce15a40a6e2cc1e85d44adf673085293c49aefb22fbabdd79,2026-07-13T11:51:17.383Z,4258,4258,4374,92,Trusted,2026-07-13T11:51:05.209Z,0xb1c464d7ed74d5fc0550bc3055e34b7c321ede380d67cb700dc1afeab7634ff5,,variant-batch live execution
datm-live-2026-07-13T11-47-14-639Z,B,entity-04-normal,normal,24,2026-07-13T11:51:13.010Z,2026-07-13T11:51:13.010Z,2026-07-13T11:51:13.010Z,0,2026-07-13T11:51:13.125Z,0xb8b8712e13397cea6129b1531d84d5660d329fa95bda9ba6fd49e34ed2a9adfe,2026-07-13T11:51:17.376Z,success,38847,1000,6378886,0x8a4c04faba472e6ce15a40a6e2cc1e85d44adf673085293c49aefb22fbabdd79,2026-07-13T11:51:17.376Z,4251,4251,4366,92,Trusted,2026-07-13T11:51:05.209Z,0x5faa759b45aa54d303bc3f12caecdd7070a00ebad2010c0793e07360d150349a,,variant-batch live execution
datm-live-2026-07-13T11-47-14-639Z,B,entity-05-suspicious,suspicious,24,2026-07-13T11:51:13.010Z,2026-07-13T11:51:13.010Z,2026-07-13T11:51:13.010Z,0,2026-07-13T11:51:13.155Z,0x5f85b5c93d27ade6fdb2a29f6a249d06f532bd7d3fc30ce13ce72169ebb00266,2026-07-13T11:51:17.384Z,success,38867,1000,6378886,0x8a4c04faba472e6ce15a40a6e2cc1e85d44adf673085293c49aefb22fbabdd79,2026-07-13T11:51:17.384Z,4229,4229,4374,61,Suspicious,2026-07-13T11:51:05.209Z,0x4aa374e00122b1127de4be96c1380c23581766cfb1b05de53219ee81f57885ba,,variant-batch live execution
datm-live-2026-07-13T11-47-14-639Z,B,entity-06-suspicious,suspicious,24,2026-07-13T11:51:13.012Z,2026-07-13T11:51:13.012Z,2026-07-13T11:51:13.012Z,0,2026-07-13T11:51:13.155Z,0x9dea393466557b3aa6c553568e7a0f1ddabf68e8502fb65e7170cab61213286e,2026-07-13T11:51:17.401Z,success,38867,1000,6378886,0x8a4c04faba472e6ce15a40a6e2cc1e85d44adf673085293c49aefb22fbabdd79,2026-07-13T11:51:17.401Z,4246,4246,4389,61,Suspicious,2026-07-13T11:51:05.209Z,0x11a63f86e8886b3fcea8d473720bda4ada247fa3bc9dd81495e0f80a38b89312,,variant-batch live execution
datm-live-2026-07-13T11-47-14-639Z,B,entity-07-suspicious,suspicious,24,2026-07-13T11:51:13.012Z,2026-07-13T11:51:13.012Z,2026-07-13T11:51:13.012Z,0,2026-07-13T11:51:13.155Z,0x73850dca6cb9feb79de87df1ec0ca3c9bfc910719eff0e1243b65f637dafaf0d,2026-07-13T11:51:17.599Z,success,38867,1000,6378886,0x8a4c04faba472e6ce15a40a6e2cc1e85d44adf673085293c49aefb22fbabdd79,2026-07-13T11:51:17.599Z,4444,4444,4587,58,Suspicious,2026-07-13T11:51:05.209Z,0x4d9e326fa30e7925244bac068e7303dc6fac4a3699d01be5f85cd312cde80281,,variant-batch live execution
datm-live-2026-07-13T11-47-14-639Z,B,entity-08-malicious,malicious,24,2026-07-13T11:51:13.013Z,2026-07-13T11:51:13.013Z,2026-07-13T11:51:13.013Z,0,2026-07-13T11:51:13.155Z,0x34f740d4c6d9492fde31443bcadbc4e4bc7af10967a9b5a48dbf71fe3b8eff3a,2026-07-13T11:51:17.624Z,success,38866,1000,6378886,0x8a4c04faba472e6ce15a40a6e2cc1e85d44adf673085293c49aefb22fbabdd79,2026-07-13T11:51:17.624Z,4469,4469,4611,25,Untrusted,2026-07-13T11:51:05.209Z,0xe0256d35eb2182d392034edd1b1e39158ca2e0090cc250029f3208b4f3a6c902,,variant-batch live execution
datm-live-2026-07-13T11-47-14-639Z,B,entity-09-malicious,malicious,24,2026-07-13T11:51:13.013Z,2026-07-13T11:51:13.013Z,2026-07-13T11:51:13.013Z,0,2026-07-13T11:51:13.155Z,0xdf91c3f07ccc4143184cc555f73b32e34b8840d16702a0e2d65376766ba09e7f,2026-07-13T11:51:17.601Z,success,38866,1000,6378886,0x8a4c04faba472e6ce15a40a6e2cc1e85d44adf673085293c49aefb22fbabdd79,2026-07-13T11:51:17.601Z,4446,4446,4588,27,Untrusted,2026-07-13T11:51:05.209Z,0xd4d0b3435ba841baad91ba1ef7f43c68d496146a618327bb77d21c1e3afa618d,,variant-batch live execution
datm-live-2026-07-13T11-47-14-639Z,B,entity-01-normal,normal,25,2026-07-13T11:51:22.747Z,2026-07-13T11:51:22.747Z,2026-07-13T11:51:22.747Z,0,2026-07-13T11:51:22.877Z,0x1caea58257097b098c331b802a961bc082f8698621bc9a9e04ea8b0f6b36f50e,2026-07-13T11:51:27.144Z,success,38847,1000,6378888,0x657c16e1d10fa7e7e06724d3b73e9f14a5c5cd4950b321750301e9a6b4697a0c,2026-07-13T11:51:27.144Z,4267,4267,4397,92,Trusted,2026-07-13T11:51:15.209Z,0x4d8db7610d483df00d0af650bab393aa26959667dc2889ff98778ee59ed4503c,,variant-batch live execution
datm-live-2026-07-13T11-47-14-639Z,B,entity-02-normal,normal,25,2026-07-13T11:51:22.748Z,2026-07-13T11:51:22.748Z,2026-07-13T11:51:22.748Z,0,2026-07-13T11:51:22.877Z,0xff6608613d874e2304e3e342fffccb7e98882790fcca7608e60b057a300d6968,2026-07-13T11:51:27.146Z,success,38847,1000,6378888,0x657c16e1d10fa7e7e06724d3b73e9f14a5c5cd4950b321750301e9a6b4697a0c,2026-07-13T11:51:27.146Z,4269,4269,4398,92,Trusted,2026-07-13T11:51:15.209Z,0x01e0ffd607e58518582db1bf59b31922a23e776f646d6ea99d1fd09552706e4b,,variant-batch live execution
datm-live-2026-07-13T11-47-14-639Z,B,entity-03-normal,normal,25,2026-07-13T11:51:22.749Z,2026-07-13T11:51:22.749Z,2026-07-13T11:51:22.749Z,0,2026-07-13T11:51:22.869Z,0xda27daf3595efbe35cbd1ca99ac427c24cc4dfdf0f6e6ac7122d87ebaaca6c3c,2026-07-13T11:51:27.146Z,success,38847,1000,6378888,0x657c16e1d10fa7e7e06724d3b73e9f14a5c5cd4950b321750301e9a6b4697a0c,2026-07-13T11:51:27.146Z,4277,4277,4397,93,Trusted,2026-07-13T11:51:15.209Z,0xe3d8de7aa1f1195b7f17178e318b727f47f9eb08563316a99db95f2a12f0344f,,variant-batch live execution
datm-live-2026-07-13T11-47-14-639Z,B,entity-04-normal,normal,25,2026-07-13T11:51:22.749Z,2026-07-13T11:51:22.749Z,2026-07-13T11:51:22.749Z,0,2026-07-13T11:51:22.877Z,0xd7978a6cde3832c72059d86759a163f51411c5f0d9fbf77a2932f84376d5e2c5,2026-07-13T11:51:27.145Z,success,38847,1000,6378888,0x657c16e1d10fa7e7e06724d3b73e9f14a5c5cd4950b321750301e9a6b4697a0c,2026-07-13T11:51:27.145Z,4268,4268,4396,92,Trusted,2026-07-13T11:51:15.209Z,0x5537ada6b90d02fbc8b6482a4a5fe2c503725e9512266d26b202221c9cb8d1f3,,variant-batch live execution
datm-live-2026-07-13T11-47-14-639Z,B,entity-05-suspicious,suspicious,25,2026-07-13T11:51:22.749Z,2026-07-13T11:51:22.749Z,2026-07-13T11:51:22.749Z,0,2026-07-13T11:51:22.877Z,0x04071f30c5e752ae83f7c2f28399e3b1f2b2adec4aee682206ac3ad368699a35,2026-07-13T11:51:27.170Z,success,38855,1000,6378888,0x657c16e1d10fa7e7e06724d3b73e9f14a5c5cd4950b321750301e9a6b4697a0c,2026-07-13T11:51:27.170Z,4293,4293,4421,61,Suspicious,2026-07-13T11:51:15.209Z,0x1573dee7c68ab9aeba650069df5e9b37daf898bba3357b0f707eca8305bd15b3,,variant-batch live execution
datm-live-2026-07-13T11-47-14-639Z,B,entity-06-suspicious,suspicious,25,2026-07-13T11:51:22.750Z,2026-07-13T11:51:22.750Z,2026-07-13T11:51:22.750Z,0,2026-07-13T11:51:22.908Z,0xddb43730126833006830b52da2e3a59b1f8320a01c2584b64ad3c9c90fc0f41a,2026-07-13T11:51:27.147Z,success,38867,1000,6378888,0x657c16e1d10fa7e7e06724d3b73e9f14a5c5cd4950b321750301e9a6b4697a0c,2026-07-13T11:51:27.147Z,4239,4239,4397,61,Suspicious,2026-07-13T11:51:15.209Z,0x1ca11bbe6eb3b22456960dca88e421ba4420556754a0133799109b5d5540968b,,variant-batch live execution
datm-live-2026-07-13T11-47-14-639Z,B,entity-07-suspicious,suspicious,25,2026-07-13T11:51:22.750Z,2026-07-13T11:51:22.750Z,2026-07-13T11:51:22.750Z,0,2026-07-13T11:51:22.908Z,0xae78a207588d6bc9f653ef451897c6580c75c312fd683aab41cfd56cfcadea0e,2026-07-13T11:51:27.336Z,success,38867,1000,6378888,0x657c16e1d10fa7e7e06724d3b73e9f14a5c5cd4950b321750301e9a6b4697a0c,2026-07-13T11:51:27.336Z,4428,4428,4586,61,Suspicious,2026-07-13T11:51:15.209Z,0x96aae2f4acea10a3f9a74cf0d479cf6787c9278ee3d0e553655c16536bb532f2,,variant-batch live execution
datm-live-2026-07-13T11-47-14-639Z,B,entity-08-malicious,malicious,25,2026-07-13T11:51:22.750Z,2026-07-13T11:51:22.750Z,2026-07-13T11:51:22.750Z,0,2026-07-13T11:51:22.877Z,0x10582c2ebdb24bb3940241e7a254f1c3f76a7fc4fd059a36a96894868d30815f,2026-07-13T11:51:27.368Z,success,38866,1000,6378888,0x657c16e1d10fa7e7e06724d3b73e9f14a5c5cd4950b321750301e9a6b4697a0c,2026-07-13T11:51:27.368Z,4491,4491,4618,27,Untrusted,2026-07-13T11:51:15.209Z,0xed5e4979db933b2cbc5ae77d42ab9dbb6e4a586a95d3d3ff9fbf50c5e4b93dbe,,variant-batch live execution
datm-live-2026-07-13T11-47-14-639Z,B,entity-09-malicious,malicious,25,2026-07-13T11:51:22.750Z,2026-07-13T11:51:22.750Z,2026-07-13T11:51:22.750Z,0,2026-07-13T11:51:22.908Z,0xe1667a47aba18dba027845303acefdaa55c1093f3bdd4eb11b3f7727388cf474,2026-07-13T11:51:27.396Z,success,38866,1000,6378888,0x657c16e1d10fa7e7e06724d3b73e9f14a5c5cd4950b321750301e9a6b4697a0c,2026-07-13T11:51:27.396Z,4488,4488,4646,25,Untrusted,2026-07-13T11:51:15.209Z,0x7c58cfd9611cf2053f4624080333c77d0a36aff91cddd0fd4e0fa73a40cfc7eb,,variant-batch live execution
datm-live-2026-07-13T11-47-14-639Z,B,entity-01-normal,normal,26,2026-07-13T11:51:32.519Z,2026-07-13T11:51:32.519Z,2026-07-13T11:51:32.519Z,0,2026-07-13T11:51:32.646Z,0x19b49d5a635237c4cfe0803d6035e3e39a7f62967fff953c86bbaac79fc7f894,2026-07-13T11:51:36.905Z,success,38847,1000,6378890,0x08a6df83bb5f52ddd672e18a8ce013cf14e6844465362f0c17bd40b124f1f5b4,2026-07-13T11:51:36.905Z,4259,4259,4386,92,Trusted,2026-07-13T11:51:25.209Z,0x6f2ae0aa4bf92ce78d7dbe67e380e2f95527ea739f7e4083b3b53b0ed7a7725d,,variant-batch live execution
datm-live-2026-07-13T11-47-14-639Z,B,entity-02-normal,normal,26,2026-07-13T11:51:32.520Z,2026-07-13T11:51:32.520Z,2026-07-13T11:51:32.520Z,0,2026-07-13T11:51:32.646Z,0x62f0c499dad535b867b55a414361eaa7957b172a7e9bc4d0ab1dbd4995415434,2026-07-13T11:51:36.895Z,success,38847,1000,6378890,0x08a6df83bb5f52ddd672e18a8ce013cf14e6844465362f0c17bd40b124f1f5b4,2026-07-13T11:51:36.895Z,4249,4249,4375,92,Trusted,2026-07-13T11:51:25.209Z,0x3416e7031014b7493eafb487e0ccdb05b339121fbd32e8874d8d3a600c09d05e,,variant-batch live execution
datm-live-2026-07-13T11-47-14-639Z,B,entity-03-normal,normal,26,2026-07-13T11:51:32.521Z,2026-07-13T11:51:32.521Z,2026-07-13T11:51:32.521Z,0,2026-07-13T11:51:32.656Z,0x2a2cf4629bfe446b14b1ffbecbb59876d72a05f63254843b5a419dc99d3d512b,2026-07-13T11:51:36.906Z,success,38847,1000,6378890,0x08a6df83bb5f52ddd672e18a8ce013cf14e6844465362f0c17bd40b124f1f5b4,2026-07-13T11:51:36.906Z,4250,4250,4385,91,Trusted,2026-07-13T11:51:25.209Z,0xbfdfe247d6b1688e5f113fb015ca7d9f0556bf0e5ba3bdffb3632d3e27533e0e,,variant-batch live execution
datm-live-2026-07-13T11-47-14-639Z,B,entity-04-normal,normal,26,2026-07-13T11:51:32.522Z,2026-07-13T11:51:32.522Z,2026-07-13T11:51:32.522Z,0,2026-07-13T11:51:32.657Z,0x41e2a4dd51683b15231e0a7c2ba7b4cc08998846f8bc0f4462849ae8768c74c0,2026-07-13T11:51:36.906Z,success,38847,1000,6378890,0x08a6df83bb5f52ddd672e18a8ce013cf14e6844465362f0c17bd40b124f1f5b4,2026-07-13T11:51:36.906Z,4249,4249,4384,92,Trusted,2026-07-13T11:51:25.209Z,0x442ae89bc332ace358d70ea35cd3ea1b2614a357672f159edf62d7fecf6e2b80,,variant-batch live execution
datm-live-2026-07-13T11-47-14-639Z,B,entity-05-suspicious,suspicious,26,2026-07-13T11:51:32.522Z,2026-07-13T11:51:32.522Z,2026-07-13T11:51:32.522Z,0,2026-07-13T11:51:32.657Z,0x4f9fa5eef52912da486ee629d6f1d94e7acf86ffc20b935846e41f1358058bb7,2026-07-13T11:51:36.927Z,success,38867,1000,6378890,0x08a6df83bb5f52ddd672e18a8ce013cf14e6844465362f0c17bd40b124f1f5b4,2026-07-13T11:51:36.927Z,4270,4270,4405,61,Suspicious,2026-07-13T11:51:25.209Z,0x9b2c6295699901065c6f45b85d61f51e747e6475ecd264b89470d24991c63d2d,,variant-batch live execution
datm-live-2026-07-13T11-47-14-639Z,B,entity-06-suspicious,suspicious,26,2026-07-13T11:51:32.522Z,2026-07-13T11:51:32.522Z,2026-07-13T11:51:32.522Z,0,2026-07-13T11:51:32.657Z,0x6de1fd8cb9b5a91409417f3a79dac791d9d9f1cbba2ec18ce2154c4c5c926081,2026-07-13T11:51:36.906Z,success,38867,1000,6378890,0x08a6df83bb5f52ddd672e18a8ce013cf14e6844465362f0c17bd40b124f1f5b4,2026-07-13T11:51:36.906Z,4249,4249,4384,60,Suspicious,2026-07-13T11:51:25.209Z,0x80378d15383b2f6883889e5281c744fcf6fb47378785a7ecb1cec28407c6c520,,variant-batch live execution
datm-live-2026-07-13T11-47-14-639Z,B,entity-07-suspicious,suspicious,26,2026-07-13T11:51:32.523Z,2026-07-13T11:51:32.523Z,2026-07-13T11:51:32.523Z,0,2026-07-13T11:51:32.657Z,0x0196df77a81954bbf1da174c8f8063886e602654a6a7a342744928761e39ca2f,2026-07-13T11:51:37.111Z,success,38867,1000,6378890,0x08a6df83bb5f52ddd672e18a8ce013cf14e6844465362f0c17bd40b124f1f5b4,2026-07-13T11:51:37.111Z,4454,4454,4588,61,Suspicious,2026-07-13T11:51:25.209Z,0xca79d1c74ffe9eb03bf0ef3b12e122c564ced93857633aa4318ffdf3c89fde45,,variant-batch live execution
datm-live-2026-07-13T11-47-14-639Z,B,entity-08-malicious,malicious,26,2026-07-13T11:51:32.523Z,2026-07-13T11:51:32.523Z,2026-07-13T11:51:32.523Z,0,2026-07-13T11:51:32.674Z,0xff02a1f259af6f9106f7a54edee6f2ea46f56efd841974835972b896648b462b,2026-07-13T11:51:37.096Z,success,38866,1000,6378890,0x08a6df83bb5f52ddd672e18a8ce013cf14e6844465362f0c17bd40b124f1f5b4,2026-07-13T11:51:37.096Z,4422,4422,4573,25,Untrusted,2026-07-13T11:51:25.209Z,0xef4a5baf109d209946fefdc6ad8cd8cc7c0cefd9739a1ecce3f2dd50d7145443,,variant-batch live execution
datm-live-2026-07-13T11-47-14-639Z,B,entity-09-malicious,malicious,26,2026-07-13T11:51:32.523Z,2026-07-13T11:51:32.523Z,2026-07-13T11:51:32.523Z,0,2026-07-13T11:51:32.674Z,0x17bdd8daf53eeef652468755f003cba9092dddc4d6d220c46f7dcfceed9a7038,2026-07-13T11:51:37.141Z,success,38866,1000,6378890,0x08a6df83bb5f52ddd672e18a8ce013cf14e6844465362f0c17bd40b124f1f5b4,2026-07-13T11:51:37.141Z,4467,4467,4618,24,Untrusted,2026-07-13T11:51:25.209Z,0x495037853a9df1eb63428d0959d6306b4b73e7add57e20b7bd4416ca0d965c8e,,variant-batch live execution
datm-live-2026-07-13T11-47-14-639Z,B,entity-01-normal,normal,27,2026-07-13T11:51:42.265Z,2026-07-13T11:51:42.265Z,2026-07-13T11:51:42.265Z,0,2026-07-13T11:51:42.398Z,0xb1c18b8ae915c9ffdf61fc357ce5a33994941855189f587b528f5da89696c0ae,2026-07-13T11:51:46.650Z,success,38847,1000,6378892,0xffbf733a769e4e410e58a21915e00c132bdae6d2dab665de7adb29c26cf0c1a8,2026-07-13T11:51:46.650Z,4252,4252,4385,93,Trusted,2026-07-13T11:51:35.209Z,0x06946abf57854182363f7a21c2719304090decc21354bd362d265057165cccdb,,variant-batch live execution
datm-live-2026-07-13T11-47-14-639Z,B,entity-02-normal,normal,27,2026-07-13T11:51:42.266Z,2026-07-13T11:51:42.266Z,2026-07-13T11:51:42.266Z,0,2026-07-13T11:51:42.398Z,0x0f0fa93f04c51d8039bfb4eb8335c670abd301686aa8ca135df287f0fd36d663,2026-07-13T11:51:46.658Z,success,38835,1000,6378892,0xffbf733a769e4e410e58a21915e00c132bdae6d2dab665de7adb29c26cf0c1a8,2026-07-13T11:51:46.658Z,4260,4260,4392,91,Trusted,2026-07-13T11:51:35.209Z,0xdf570fc54eb41900680629163f5c701b83fe86abeb19d2fbe4f31240e60997f3,,variant-batch live execution
datm-live-2026-07-13T11-47-14-639Z,B,entity-03-normal,normal,27,2026-07-13T11:51:42.266Z,2026-07-13T11:51:42.266Z,2026-07-13T11:51:42.266Z,0,2026-07-13T11:51:42.398Z,0x63d564f571f338ece6007e3f2b4a93b231e5b0133f0cc25f2e146365c363846f,2026-07-13T11:51:46.655Z,success,38847,1000,6378892,0xffbf733a769e4e410e58a21915e00c132bdae6d2dab665de7adb29c26cf0c1a8,2026-07-13T11:51:46.655Z,4257,4257,4389,93,Trusted,2026-07-13T11:51:35.209Z,0xea91bf43dfde36806cc070afb9b6ad0825c5d8adc3b2e01e37a661ed53fddb72,,variant-batch live execution
datm-live-2026-07-13T11-47-14-639Z,B,entity-04-normal,normal,27,2026-07-13T11:51:42.267Z,2026-07-13T11:51:42.267Z,2026-07-13T11:51:42.267Z,0,2026-07-13T11:51:42.398Z,0x446b1ede2fd494ffbbb4ff93597358d760d49da27fd68a8dfb3c405205584291,2026-07-13T11:51:46.655Z,success,38847,1000,6378892,0xffbf733a769e4e410e58a21915e00c132bdae6d2dab665de7adb29c26cf0c1a8,2026-07-13T11:51:46.655Z,4257,4257,4388,93,Trusted,2026-07-13T11:51:35.209Z,0xb28ec7b49e9a56af616337ecc3a107153fc1e491fd52aef0f2dc515c035d424e,,variant-batch live execution
datm-live-2026-07-13T11-47-14-639Z,B,entity-05-suspicious,suspicious,27,2026-07-13T11:51:42.267Z,2026-07-13T11:51:42.267Z,2026-07-13T11:51:42.267Z,0,2026-07-13T11:51:42.424Z,0x8a82e59c441be6f69a56d91b2b90d00d80b1380c5686dc378015fc9279ad0ca9,2026-07-13T11:51:46.657Z,success,38855,1000,6378892,0xffbf733a769e4e410e58a21915e00c132bdae6d2dab665de7adb29c26cf0c1a8,2026-07-13T11:51:46.657Z,4233,4233,4390,60,Suspicious,2026-07-13T11:51:35.209Z,0xbffe0316fa8419e87222f6120a9600fbab4ec9cab26b7877c7d0abb71537b470,,variant-batch live execution
datm-live-2026-07-13T11-47-14-639Z,B,entity-06-suspicious,suspicious,27,2026-07-13T11:51:42.267Z,2026-07-13T11:51:42.267Z,2026-07-13T11:51:42.267Z,0,2026-07-13T11:51:42.424Z,0x3e680b004450248953f1bc6553fb44c4451394078050dd9147156225b88e4a64,2026-07-13T11:51:46.678Z,success,38855,1000,6378892,0xffbf733a769e4e410e58a21915e00c132bdae6d2dab665de7adb29c26cf0c1a8,2026-07-13T11:51:46.678Z,4254,4254,4411,63,Suspicious,2026-07-13T11:51:35.209Z,0xd000a284fce40f74d36ec82d461307ee4bbd0f35ec820dced29996cbffe63539,,variant-batch live execution
datm-live-2026-07-13T11-47-14-639Z,B,entity-07-suspicious,suspicious,27,2026-07-13T11:51:42.268Z,2026-07-13T11:51:42.268Z,2026-07-13T11:51:42.268Z,0,2026-07-13T11:51:42.424Z,0x5592cee8ec278cf8cd30c9a7dff37552e01817b28df0d05b4e99e411fd8a2c9c,2026-07-13T11:51:46.851Z,success,38867,1000,6378892,0xffbf733a769e4e410e58a21915e00c132bdae6d2dab665de7adb29c26cf0c1a8,2026-07-13T11:51:46.851Z,4427,4427,4583,61,Suspicious,2026-07-13T11:51:35.209Z,0x0cac673a3f6422187c37ec935e1e04d533b986fdb352285a29f50d0796f89082,,variant-batch live execution
datm-live-2026-07-13T11-47-14-639Z,B,entity-08-malicious,malicious,27,2026-07-13T11:51:42.268Z,2026-07-13T11:51:42.268Z,2026-07-13T11:51:42.268Z,0,2026-07-13T11:51:42.424Z,0xf912f9b9e23d5bee267a8a6511a8020d954493a85ad0c436fa0e9e4c2bd63ed3,2026-07-13T11:51:46.870Z,success,38866,1000,6378892,0xffbf733a769e4e410e58a21915e00c132bdae6d2dab665de7adb29c26cf0c1a8,2026-07-13T11:51:46.870Z,4446,4446,4602,24,Untrusted,2026-07-13T11:51:35.209Z,0xe443edfc4bf6825246c05b25c76b5e0b13e63373c22ff73558d9821107e8f7c4,,variant-batch live execution
datm-live-2026-07-13T11-47-14-639Z,B,entity-09-malicious,malicious,27,2026-07-13T11:51:42.268Z,2026-07-13T11:51:42.268Z,2026-07-13T11:51:42.268Z,0,2026-07-13T11:51:42.424Z,0x1aba476e23170f57d52b4e36806642eab16d875469c312f38cae2abfbd311830,2026-07-13T11:51:46.898Z,success,38866,1000,6378892,0xffbf733a769e4e410e58a21915e00c132bdae6d2dab665de7adb29c26cf0c1a8,2026-07-13T11:51:46.898Z,4474,4474,4630,26,Untrusted,2026-07-13T11:51:35.209Z,0x8eb2941c8059494db9b3673d93bae5fe49f4f5d2b30f80418e852660e9f8e543,,variant-batch live execution
datm-live-2026-07-13T11-47-14-639Z,B,entity-01-normal,normal,28,2026-07-13T11:51:52.023Z,2026-07-13T11:51:52.023Z,2026-07-13T11:51:52.023Z,0,2026-07-13T11:51:52.130Z,0x23e1f6a9404783b40fbc4bbeb3c885ca8ead77768dbfa446af3789d7da87549e,2026-07-13T11:51:56.396Z,success,38847,1000,6378894,0x6117438a57f2a4e980058f4c0cef92ed21993cc53b0aaaca001a25c1b34dd604,2026-07-13T11:51:56.396Z,4266,4266,4373,91,Trusted,2026-07-13T11:51:45.209Z,0xfc966108c45a0624bbdc5c327f1215de3476e23773880a3f8ff048efabbeab46,,variant-batch live execution
datm-live-2026-07-13T11-47-14-639Z,B,entity-02-normal,normal,28,2026-07-13T11:51:52.024Z,2026-07-13T11:51:52.024Z,2026-07-13T11:51:52.024Z,0,2026-07-13T11:51:52.160Z,0x53a76d163b77c387128e25fcd260e7ebc49bc59c372b78770b8f269028e765b6,2026-07-13T11:51:56.390Z,success,38847,1000,6378894,0x6117438a57f2a4e980058f4c0cef92ed21993cc53b0aaaca001a25c1b34dd604,2026-07-13T11:51:56.390Z,4230,4230,4366,92,Trusted,2026-07-13T11:51:45.209Z,0xd6c9fedf06ae994c8f0dddc94b9e7b9b9301b60ffb15fd6d7e07c0ccda3411ad,,variant-batch live execution
datm-live-2026-07-13T11-47-14-639Z,B,entity-03-normal,normal,28,2026-07-13T11:51:52.024Z,2026-07-13T11:51:52.024Z,2026-07-13T11:51:52.024Z,0,2026-07-13T11:51:52.130Z,0x23855d10964eae59067597405bc69a35454dd93ae1dc5f1501872d53f5cbe750,2026-07-13T11:51:56.395Z,success,38847,1000,6378894,0x6117438a57f2a4e980058f4c0cef92ed21993cc53b0aaaca001a25c1b34dd604,2026-07-13T11:51:56.395Z,4265,4265,4371,92,Trusted,2026-07-13T11:51:45.209Z,0xaa133fa1078ed516f2a72da9dd7ba1ef5da4c215a5586a94605aa8586f9d2db3,,variant-batch live execution
datm-live-2026-07-13T11-47-14-639Z,B,entity-04-normal,normal,28,2026-07-13T11:51:52.025Z,2026-07-13T11:51:52.025Z,2026-07-13T11:51:52.025Z,0,2026-07-13T11:51:52.130Z,0xdc63e33e5854042254fe51fc790af4d8c85ee2f027f039301a00a420e86e1e92,2026-07-13T11:51:56.415Z,success,38847,1000,6378894,0x6117438a57f2a4e980058f4c0cef92ed21993cc53b0aaaca001a25c1b34dd604,2026-07-13T11:51:56.415Z,4285,4285,4390,91,Trusted,2026-07-13T11:51:45.209Z,0x0ea423ba59dc7c4fc6aeb2cb6642faaae684cede5676ac384f608ac48657a226,,variant-batch live execution
datm-live-2026-07-13T11-47-14-639Z,B,entity-05-suspicious,suspicious,28,2026-07-13T11:51:52.025Z,2026-07-13T11:51:52.025Z,2026-07-13T11:51:52.025Z,0,2026-07-13T11:51:52.130Z,0x0c49087600747eb841586e042e010b60be4fdf8b6424d6bc276ee02b682e94a6,2026-07-13T11:51:56.396Z,success,38867,1000,6378894,0x6117438a57f2a4e980058f4c0cef92ed21993cc53b0aaaca001a25c1b34dd604,2026-07-13T11:51:56.396Z,4266,4266,4371,63,Suspicious,2026-07-13T11:51:45.209Z,0xe62da7cff8a047095937101af95824a2c21df2c48c4bb6e6c5533eb8f418c01d,,variant-batch live execution
datm-live-2026-07-13T11-47-14-639Z,B,entity-06-suspicious,suspicious,28,2026-07-13T11:51:52.026Z,2026-07-13T11:51:52.026Z,2026-07-13T11:51:52.026Z,0,2026-07-13T11:51:52.130Z,0xf1e21f464b755656ca3ad0d95e55f05ea4b12ecf8f14f4209b64d0f317050533,2026-07-13T11:51:56.395Z,success,38867,1000,6378894,0x6117438a57f2a4e980058f4c0cef92ed21993cc53b0aaaca001a25c1b34dd604,2026-07-13T11:51:56.395Z,4265,4265,4369,62,Suspicious,2026-07-13T11:51:45.209Z,0x98a0b2f2d381edd09e5c53541796fc350824923e29fc6340dd13b617a393c351,,variant-batch live execution
datm-live-2026-07-13T11-47-14-639Z,B,entity-07-suspicious,suspicious,28,2026-07-13T11:51:52.026Z,2026-07-13T11:51:52.026Z,2026-07-13T11:51:52.026Z,0,2026-07-13T11:51:52.130Z,0xed15d4d71ffeec5e7d8d4ed05dce46b2146ed18b74086f3dd835de5c78b41e81,2026-07-13T11:51:56.570Z,success,38867,1000,6378894,0x6117438a57f2a4e980058f4c0cef92ed21993cc53b0aaaca001a25c1b34dd604,2026-07-13T11:51:56.570Z,4440,4440,4544,60,Suspicious,2026-07-13T11:51:45.209Z,0x2c9a6dbcb3bc0bc5a5592bb47dcc8aaa7c493bd92a0ce4afdfd6fa6b8fade3a7,,variant-batch live execution
datm-live-2026-07-13T11-47-14-639Z,B,entity-08-malicious,malicious,28,2026-07-13T11:51:52.026Z,2026-07-13T11:51:52.026Z,2026-07-13T11:51:52.026Z,0,2026-07-13T11:51:52.160Z,0x48a6459375ba0e877ec18703f18fd48c6bebf67aec9daa00a40c64e985f19a7f,2026-07-13T11:51:56.588Z,success,38866,1000,6378894,0x6117438a57f2a4e980058f4c0cef92ed21993cc53b0aaaca001a25c1b34dd604,2026-07-13T11:51:56.588Z,4428,4428,4562,26,Untrusted,2026-07-13T11:51:45.209Z,0xf33c3fd3d24d9de4c36ccb0795ecc3b2877bb06362ea7b07bde6ffb3bf784174,,variant-batch live execution
datm-live-2026-07-13T11-47-14-639Z,B,entity-09-malicious,malicious,28,2026-07-13T11:51:52.026Z,2026-07-13T11:51:52.026Z,2026-07-13T11:51:52.026Z,0,2026-07-13T11:51:52.160Z,0x0f03191d10de9940a0826cd792e227f85d90a56d768a7e6be8cebbe21c0be825,2026-07-13T11:51:56.614Z,success,38866,1000,6378894,0x6117438a57f2a4e980058f4c0cef92ed21993cc53b0aaaca001a25c1b34dd604,2026-07-13T11:51:56.614Z,4454,4454,4588,25,Untrusted,2026-07-13T11:51:45.209Z,0x74f0aaf0b4cbbc3e984bd2f0421b55cb7402f68c79119fcadcd3c9c1ef0bde7e,,variant-batch live execution
datm-live-2026-07-13T11-47-14-639Z,B,entity-01-normal,normal,29,2026-07-13T11:52:01.739Z,2026-07-13T11:52:01.739Z,2026-07-13T11:52:01.739Z,0,2026-07-13T11:52:01.863Z,0x88e4aac7eae8a437fd9a0fd49068c36aa726b482c37b8e6b44a687e4a4848d5d,2026-07-13T11:52:06.157Z,success,38847,1000,6378896,0xde0cb41ccffe9a85d32775bbef4829852b2bb5e445e8a324769834056b03af36,2026-07-13T11:52:06.157Z,4294,4294,4418,93,Trusted,2026-07-13T11:51:55.209Z,0xdbf502e65b251a881abb1730066ad01bbd371932f0ae337be561a7424a0e1c4c,,variant-batch live execution
datm-live-2026-07-13T11-47-14-639Z,B,entity-02-normal,normal,29,2026-07-13T11:52:01.740Z,2026-07-13T11:52:01.740Z,2026-07-13T11:52:01.740Z,0,2026-07-13T11:52:01.863Z,0xdde56684491a4a62abfbb52d1555c2ed6e0405b5bb3ada98a71b16f848594269,2026-07-13T11:52:06.151Z,success,38847,1000,6378896,0xde0cb41ccffe9a85d32775bbef4829852b2bb5e445e8a324769834056b03af36,2026-07-13T11:52:06.151Z,4288,4288,4411,92,Trusted,2026-07-13T11:51:55.209Z,0xa7aa7414adc037211bdb1b4611ef607f3791622b347240564da5c1832f19b992,,variant-batch live execution
datm-live-2026-07-13T11-47-14-639Z,B,entity-03-normal,normal,29,2026-07-13T11:52:01.740Z,2026-07-13T11:52:01.740Z,2026-07-13T11:52:01.740Z,0,2026-07-13T11:52:01.898Z,0xf4e699dc0bb2114d5b573ae680f6b8d3a1f5905dbb07af7941ccf5d687f2e2d2,2026-07-13T11:52:06.155Z,success,38847,1000,6378896,0xde0cb41ccffe9a85d32775bbef4829852b2bb5e445e8a324769834056b03af36,2026-07-13T11:52:06.155Z,4257,4257,4415,92,Trusted,2026-07-13T11:51:55.209Z,0x0f9125cc3434bdb85219e3e8897b972146c25d1a5812500c2543791a520e3e2d,,variant-batch live execution
datm-live-2026-07-13T11-47-14-639Z,B,entity-04-normal,normal,29,2026-07-13T11:52:01.741Z,2026-07-13T11:52:01.741Z,2026-07-13T11:52:01.741Z,0,2026-07-13T11:52:01.898Z,0x30e6110ff46fed759e85a9d1362004aa56e786411dcda7dea9446ca949ed5fd2,2026-07-13T11:52:06.154Z,success,38847,1000,6378896,0xde0cb41ccffe9a85d32775bbef4829852b2bb5e445e8a324769834056b03af36,2026-07-13T11:52:06.154Z,4256,4256,4413,93,Trusted,2026-07-13T11:51:55.209Z,0xb67377a8a86cb414898024f78711940aceb7575bd1e6c04230815ee1327aa9c1,,variant-batch live execution
datm-live-2026-07-13T11-47-14-639Z,B,entity-05-suspicious,suspicious,29,2026-07-13T11:52:01.743Z,2026-07-13T11:52:01.743Z,2026-07-13T11:52:01.743Z,0,2026-07-13T11:52:01.898Z,0x3c9c01a19a07b7f24a4443dea53d0339e6573e488724ce7fde28dd4bae8c6b7d,2026-07-13T11:52:06.175Z,success,38867,1000,6378896,0xde0cb41ccffe9a85d32775bbef4829852b2bb5e445e8a324769834056b03af36,2026-07-13T11:52:06.175Z,4277,4277,4432,62,Suspicious,2026-07-13T11:51:55.209Z,0x89bb531ac081a28e3fa3cec3785a45c3c03d8cd47cb78a41bbdfac9a9f055201,,variant-batch live execution
datm-live-2026-07-13T11-47-14-639Z,B,entity-06-suspicious,suspicious,29,2026-07-13T11:52:01.743Z,2026-07-13T11:52:01.743Z,2026-07-13T11:52:01.743Z,0,2026-07-13T11:52:01.898Z,0x7b105c7a0a94798759d82f488618b155277ee1d4ba5ca1c97c2170d84abe1e06,2026-07-13T11:52:06.146Z,success,38855,1000,6378896,0xde0cb41ccffe9a85d32775bbef4829852b2bb5e445e8a324769834056b03af36,2026-07-13T11:52:06.146Z,4248,4248,4403,58,Suspicious,2026-07-13T11:51:55.209Z,0x690adb07f4c4fffa74007b58e4b7204b2369685cecccdbf696cd38edbec85dd8,,variant-batch live execution
datm-live-2026-07-13T11-47-14-639Z,B,entity-07-suspicious,suspicious,29,2026-07-13T11:52:01.744Z,2026-07-13T11:52:01.744Z,2026-07-13T11:52:01.744Z,0,2026-07-13T11:52:01.898Z,0xcd5ed73628857884a95f2c5464835476cb24a43acfad76d78cb2400fa02d4fd8,2026-07-13T11:52:06.333Z,success,38867,1000,6378896,0xde0cb41ccffe9a85d32775bbef4829852b2bb5e445e8a324769834056b03af36,2026-07-13T11:52:06.333Z,4435,4435,4589,63,Suspicious,2026-07-13T11:51:55.209Z,0xfab5ae5ed8039d36db97d25b98c0303008b7970b387b588e552c8482b15205e4,,variant-batch live execution
datm-live-2026-07-13T11-47-14-639Z,B,entity-08-malicious,malicious,29,2026-07-13T11:52:01.744Z,2026-07-13T11:52:01.744Z,2026-07-13T11:52:01.744Z,0,2026-07-13T11:52:01.898Z,0x01ba5ae07bafac624cf57e2849f939a4ee8888277d347a1adc80a5e22d2e5aa1,2026-07-13T11:52:06.349Z,success,38866,1000,6378896,0xde0cb41ccffe9a85d32775bbef4829852b2bb5e445e8a324769834056b03af36,2026-07-13T11:52:06.349Z,4451,4451,4605,25,Untrusted,2026-07-13T11:51:55.209Z,0x9e44ee6d3124f67e800501bf51e334d79b0ad589e034a85b6ba9fca7843d8dc5,,variant-batch live execution
datm-live-2026-07-13T11-47-14-639Z,B,entity-09-malicious,malicious,29,2026-07-13T11:52:01.745Z,2026-07-13T11:52:01.745Z,2026-07-13T11:52:01.745Z,0,2026-07-13T11:52:01.898Z,0x0371c0c025616580660ca1e9eee105fa0735b2a99f82a64e0e0fe7677df483f6,2026-07-13T11:52:06.379Z,success,38866,1000,6378896,0xde0cb41ccffe9a85d32775bbef4829852b2bb5e445e8a324769834056b03af36,2026-07-13T11:52:06.379Z,4481,4481,4634,24,Untrusted,2026-07-13T11:51:55.209Z,0xa2a4203d61acba2e70c42c53d0d72581b84c3d09148a9a8d5bb35fa21c0a7c06,,variant-batch live execution
datm-live-2026-07-13T11-47-14-639Z,B,entity-01-normal,normal,30,2026-07-13T11:52:11.489Z,2026-07-13T11:52:11.489Z,2026-07-13T11:52:11.489Z,0,2026-07-13T11:52:11.610Z,0x79ecea748aab5b09e9ac07ec42c4afed7cb60dd9f5dd1f8442e95907186a235c,2026-07-13T11:52:15.866Z,success,38847,1000,6378898,0x6d6bf318d18111b895294260dd81174ac6b8f70b2d6998a5d159cc3eb283d079,2026-07-13T11:52:15.866Z,4256,4256,4377,92,Trusted,2026-07-13T11:52:05.209Z,0x2331bf4d8f7ed35c6be5ef8c716e4106f1a7588f12c5f0f2a6f8d1c45a785294,,variant-batch live execution
datm-live-2026-07-13T11-47-14-639Z,B,entity-02-normal,normal,30,2026-07-13T11:52:11.490Z,2026-07-13T11:52:11.490Z,2026-07-13T11:52:11.490Z,0,2026-07-13T11:52:11.610Z,0xdcc3759161a0836011ef598c2450cc87140429cf8b14657383586f445b620074,2026-07-13T11:52:15.867Z,success,38847,1000,6378898,0x6d6bf318d18111b895294260dd81174ac6b8f70b2d6998a5d159cc3eb283d079,2026-07-13T11:52:15.867Z,4257,4257,4377,91,Trusted,2026-07-13T11:52:05.209Z,0xeed55865a8775a9025907c7e5455f113c1fe3a49ef71362cf7cbb790afb38d15,,variant-batch live execution
datm-live-2026-07-13T11-47-14-639Z,B,entity-03-normal,normal,30,2026-07-13T11:52:11.491Z,2026-07-13T11:52:11.491Z,2026-07-13T11:52:11.491Z,0,2026-07-13T11:52:11.623Z,0x5a916f8221c482d1b4698035796b96d63ca6beb90a4735a70ac77d0a2cd2f63f,2026-07-13T11:52:15.864Z,success,38835,1000,6378898,0x6d6bf318d18111b895294260dd81174ac6b8f70b2d6998a5d159cc3eb283d079,2026-07-13T11:52:15.864Z,4241,4241,4373,92,Trusted,2026-07-13T11:52:05.209Z,0x27a36bc7b2a5b0a4d139056ad7bf483c5e7664e664f400f644e4025f4b1e6002,,variant-batch live execution
datm-live-2026-07-13T11-47-14-639Z,B,entity-04-normal,normal,30,2026-07-13T11:52:11.491Z,2026-07-13T11:52:11.491Z,2026-07-13T11:52:11.491Z,0,2026-07-13T11:52:11.638Z,0xfa0e564555be44f411ac81302d408a531ac56fdd401fbe8b35b7e35ad5f55d75,2026-07-13T11:52:15.864Z,success,38847,1000,6378898,0x6d6bf318d18111b895294260dd81174ac6b8f70b2d6998a5d159cc3eb283d079,2026-07-13T11:52:15.864Z,4226,4226,4373,92,Trusted,2026-07-13T11:52:05.209Z,0xd7de401d10a9ba194b7ef52d17aa39d00a5ba34b57c7caaa0b8045f09ca9f837,,variant-batch live execution
datm-live-2026-07-13T11-47-14-639Z,B,entity-05-suspicious,suspicious,30,2026-07-13T11:52:11.491Z,2026-07-13T11:52:11.491Z,2026-07-13T11:52:11.491Z,0,2026-07-13T11:52:11.623Z,0x1a067f5264f6c94c001dbb5085f99e865a588a3c80ab46c4fc05942216a9e2e2,2026-07-13T11:52:15.867Z,success,38867,1000,6378898,0x6d6bf318d18111b895294260dd81174ac6b8f70b2d6998a5d159cc3eb283d079,2026-07-13T11:52:15.867Z,4244,4244,4376,58,Suspicious,2026-07-13T11:52:05.209Z,0x1d2238f767c4a8fd727dae4bca050940aeb725c3f8b61d662093d853d6651754,,variant-batch live execution
datm-live-2026-07-13T11-47-14-639Z,B,entity-06-suspicious,suspicious,30,2026-07-13T11:52:11.492Z,2026-07-13T11:52:11.492Z,2026-07-13T11:52:11.492Z,0,2026-07-13T11:52:11.623Z,0x718a51d963a2547334e6c3bf7e933851c26b23481595febb4d1a27d87c4933e0,2026-07-13T11:52:15.890Z,success,38867,1000,6378898,0x6d6bf318d18111b895294260dd81174ac6b8f70b2d6998a5d159cc3eb283d079,2026-07-13T11:52:15.890Z,4267,4267,4398,60,Suspicious,2026-07-13T11:52:05.209Z,0xbd4f74b03a63c84c0c9497d9e5fbbafe81e7f0f2473fb5dc337bee89192e05c7,,variant-batch live execution
datm-live-2026-07-13T11-47-14-639Z,B,entity-07-suspicious,suspicious,30,2026-07-13T11:52:11.492Z,2026-07-13T11:52:11.492Z,2026-07-13T11:52:11.492Z,0,2026-07-13T11:52:11.639Z,0x4186c295c0f950209c5081a15cc9f5ef35f99f4ea9cd95f037c4b4f7210c1626,2026-07-13T11:52:16.040Z,success,38867,1000,6378898,0x6d6bf318d18111b895294260dd81174ac6b8f70b2d6998a5d159cc3eb283d079,2026-07-13T11:52:16.040Z,4401,4401,4548,62,Suspicious,2026-07-13T11:52:05.209Z,0x1c0e7b5552a4c393c17f80c28be195beace970fdbeb77df2687e7cc2f3205db7,,variant-batch live execution
datm-live-2026-07-13T11-47-14-639Z,B,entity-08-malicious,malicious,30,2026-07-13T11:52:11.493Z,2026-07-13T11:52:11.493Z,2026-07-13T11:52:11.493Z,0,2026-07-13T11:52:11.623Z,0x643b0b0bd2b45500b6f4fac1c2492b465e771cb39450695ad373f5ebdca97ee5,2026-07-13T11:52:16.053Z,success,38866,1000,6378898,0x6d6bf318d18111b895294260dd81174ac6b8f70b2d6998a5d159cc3eb283d079,2026-07-13T11:52:16.053Z,4430,4430,4560,24,Untrusted,2026-07-13T11:52:05.209Z,0xb818dfaf65bde1904a4c34f07db6f0735e1990cd1ffb99cfe90cba8be6b9cc1a,,variant-batch live execution
datm-live-2026-07-13T11-47-14-639Z,B,entity-09-malicious,malicious,30,2026-07-13T11:52:11.493Z,2026-07-13T11:52:11.493Z,2026-07-13T11:52:11.493Z,0,2026-07-13T11:52:11.623Z,0x43ea51b4ad1d3c45e13fb8f358df24f17c3ae03bc5b5050934fb2d3d3d1219d3,2026-07-13T11:52:16.080Z,success,38866,1000,6378898,0x6d6bf318d18111b895294260dd81174ac6b8f70b2d6998a5d159cc3eb283d079,2026-07-13T11:52:16.080Z,4457,4457,4587,25,Untrusted,2026-07-13T11:52:05.209Z,0x0b6117ecad66220ebdf744c7ee1ccfa72eb85d96148e1352cc10fe0d89626de1,,variant-batch live execution
