run_id,variant,entity_id,entity_profile,sequence_no,scheduled_at,datm_start_at,datm_end_at,datm_processing_ms,submit_at,tx_hash,receipt_at,tx_status,gas_used,effective_gas_price,block_number,block_hash,block_timestamp,confirmation_latency_ms,block_inclusion_latency_ms,end_to_end_latency_ms,ats,trust_state,calc_timestamp,input_hash,error_code,error_message
datm-live-2026-07-13T12-22-03-136Z,C,entity-01-normal,normal,1,2026-07-13T12:22:03.690Z,2026-07-13T12:22:03.690Z,2026-07-13T12:22:03.690Z,0,2026-07-13T12:22:03.892Z,0x4e602b9c37335deaa32509d64d67e73c48d15cd7a5ada6eb77fba22bee903621,2026-07-13T12:22:04.144Z,success,40235,1000,6379256,0x4ae74718655f2ae411664bac5a1e5e214a0d30cc0315b128284480184b4f4288,2026-07-13T12:22:04.144Z,252,252,454,89,Trusted,2026-07-13T12:22:03.418Z,0xe9240d7fc6b1aa932937bf9931bbb000c23d7d33c08d62aaa3f9535e84f8ffc9,,variant-batch live execution
datm-live-2026-07-13T12-22-03-136Z,C,entity-02-normal,normal,1,2026-07-13T12:22:03.697Z,2026-07-13T12:22:03.697Z,2026-07-13T12:22:03.697Z,0,2026-07-13T12:22:03.892Z,0x8b2b6b6ed7ef663f98c753ef2bed942d1a32e1c37dd64cb46d954f8e1951b833,2026-07-13T12:22:04.144Z,success,40235,1000,6379256,0x4ae74718655f2ae411664bac5a1e5e214a0d30cc0315b128284480184b4f4288,2026-07-13T12:22:04.144Z,252,252,447,90,Trusted,2026-07-13T12:22:03.418Z,0xe22d19b4a6cf04be86027fce68bfc64835d8650aec2759ebab4afe4277886815,,variant-batch live execution
datm-live-2026-07-13T12-22-03-136Z,C,entity-03-normal,normal,1,2026-07-13T12:22:03.698Z,2026-07-13T12:22:03.698Z,2026-07-13T12:22:03.698Z,0,2026-07-13T12:22:03.893Z,0xd437cea313704f22714d01591b48e0e22ca2546c3bb202f6b789a8f63dd1d2a5,2026-07-13T12:22:12.296Z,success,40235,1000,6379257,0x3d6d541ef4f7fbfbd68ad07ea833aa9f1be026af1b8dd12c12bd7491349bca86,2026-07-13T12:22:12.296Z,8403,8403,8598,90,Trusted,2026-07-13T12:22:03.418Z,0xa4c1f5d91cfd62d15cc2267efd8cf6b8fe22272b55f1644fb5012bb828a45a47,,variant-batch live execution
datm-live-2026-07-13T12-22-03-136Z,C,entity-04-normal,normal,1,2026-07-13T12:22:03.699Z,2026-07-13T12:22:03.699Z,2026-07-13T12:22:03.699Z,0,2026-07-13T12:22:03.893Z,0xafa986f24a451850f7a69de73b803df03fbec5dd728488532debbfcd36523163,2026-07-13T12:22:12.289Z,success,40247,1000,6379257,0x3d6d541ef4f7fbfbd68ad07ea833aa9f1be026af1b8dd12c12bd7491349bca86,2026-07-13T12:22:12.289Z,8396,8396,8590,89,Trusted,2026-07-13T12:22:03.418Z,0x797646cc58509bab67fccabcfee9089bfd36aa8760e440b07fcb60bfcb3a24d9,,variant-batch live execution
datm-live-2026-07-13T12-22-03-136Z,C,entity-05-suspicious,suspicious,1,2026-07-13T12:22:03.699Z,2026-07-13T12:22:03.699Z,2026-07-13T12:22:03.699Z,0,2026-07-13T12:22:03.893Z,0x4c87a8b47e22ecc6ca64d9ad4189981c643887953b715e5d1cf80c81c16b23c0,2026-07-13T12:22:12.161Z,success,40279,1000,6379257,0x3d6d541ef4f7fbfbd68ad07ea833aa9f1be026af1b8dd12c12bd7491349bca86,2026-07-13T12:22:12.161Z,8268,8268,8462,63,Suspicious,2026-07-13T12:22:03.418Z,0x79ef406a275d003b31b30a2363e6abecc9cd0f1a1c37ac799f605143e20b4b05,,variant-batch live execution
datm-live-2026-07-13T12-22-03-136Z,C,entity-06-suspicious,suspicious,1,2026-07-13T12:22:03.700Z,2026-07-13T12:22:03.700Z,2026-07-13T12:22:03.700Z,0,2026-07-13T12:22:03.894Z,0xa7dd2e976194df62f40b96e59f01059d86d731826c175e2019b4dd19437934a8,2026-07-13T12:22:12.191Z,success,40291,1000,6379257,0x3d6d541ef4f7fbfbd68ad07ea833aa9f1be026af1b8dd12c12bd7491349bca86,2026-07-13T12:22:12.191Z,8297,8297,8491,60,Suspicious,2026-07-13T12:22:03.418Z,0x3bc3ba6502071f44adadcdf47f1dc0364636f5c52d71235997f30fa597a0e42e,,variant-batch live execution
datm-live-2026-07-13T12-22-03-136Z,C,entity-07-suspicious,suspicious,1,2026-07-13T12:22:03.701Z,2026-07-13T12:22:03.701Z,2026-07-13T12:22:03.701Z,0,2026-07-13T12:22:03.910Z,0xf213d8e2ae367738f0c36a2d2cc0f64f83de5f5308e26a2199e4c96b1769f242,2026-07-13T12:22:12.298Z,success,40291,1000,6379257,0x3d6d541ef4f7fbfbd68ad07ea833aa9f1be026af1b8dd12c12bd7491349bca86,2026-07-13T12:22:12.298Z,8388,8388,8597,61,Suspicious,2026-07-13T12:22:03.418Z,0x2c3d1eaa83a74ae34e343cf33506c2903bb883e1bec54802affcff5e7ef5c07f,,variant-batch live execution
datm-live-2026-07-13T12-22-03-136Z,C,entity-08-malicious,malicious,1,2026-07-13T12:22:03.701Z,2026-07-13T12:22:03.701Z,2026-07-13T12:22:03.701Z,0,2026-07-13T12:22:03.910Z,0xd93765031ffcb669d3d65392ae8fe38823383d51ec3b5eb439961b3eb9adec20,2026-07-13T12:22:12.300Z,success,40290,1000,6379257,0x3d6d541ef4f7fbfbd68ad07ea833aa9f1be026af1b8dd12c12bd7491349bca86,2026-07-13T12:22:12.300Z,8390,8390,8599,31,Untrusted,2026-07-13T12:22:03.418Z,0xd14f96b2ea414ea7e7b451162ad78ee9f9f731d939bef51c8bc3350f5d232189,,variant-batch live execution
datm-live-2026-07-13T12-22-03-136Z,C,entity-09-malicious,malicious,1,2026-07-13T12:22:03.702Z,2026-07-13T12:22:03.702Z,2026-07-13T12:22:03.702Z,0,2026-07-13T12:22:03.911Z,0x4b19ec83dc88b330315feb555ae9c9e33e8bb626f3e1708efb2df03aacda57c7,2026-07-13T12:22:12.434Z,success,40290,1000,6379257,0x3d6d541ef4f7fbfbd68ad07ea833aa9f1be026af1b8dd12c12bd7491349bca86,2026-07-13T12:22:12.434Z,8523,8523,8732,29,Untrusted,2026-07-13T12:22:03.418Z,0x303ce4feea67951ecdbe77a19ad9772dbfcd21776a6639c13418f1ba21621185,,variant-batch live execution
datm-live-2026-07-13T12-22-03-136Z,C,entity-01-normal,normal,2,2026-07-13T12:22:17.527Z,2026-07-13T12:22:17.527Z,2026-07-13T12:22:17.527Z,0,2026-07-13T12:22:17.825Z,0x2b1220c799e67c03e2a4a02fa8237bacd5a4841b7b3b8f3dd889ed5f822b2418,2026-07-13T12:22:22.231Z,success,40187,1000,6379259,0xac92aef0d801ea0ce3477645a27016535cee2aeb832fb0edc84cbf21baf24880,2026-07-13T12:22:22.231Z,4406,4406,4704,93,Trusted,2026-07-13T12:22:13.418Z,0x9f3a90c3796e6f4144f13ba7d6c47a7cdc3eb6584d00b01f8e9166c5e72e52f7,,variant-batch live execution
datm-live-2026-07-13T12-22-03-136Z,C,entity-02-normal,normal,2,2026-07-13T12:22:17.529Z,2026-07-13T12:22:17.529Z,2026-07-13T12:22:17.529Z,0,2026-07-13T12:22:17.825Z,0xd0ae19102c2d9c93444ecebb57c93d70c1a8e4d324d1491f5c712095cf5b1564,2026-07-13T12:22:22.229Z,success,40199,1000,6379259,0xac92aef0d801ea0ce3477645a27016535cee2aeb832fb0edc84cbf21baf24880,2026-07-13T12:22:22.229Z,4404,4404,4700,93,Trusted,2026-07-13T12:22:13.418Z,0x6d57f9a54bd746c71abbbe4665bd50eab817d8f305750a6a978e590be7bcb563,,variant-batch live execution
datm-live-2026-07-13T12-22-03-136Z,C,entity-03-normal,normal,2,2026-07-13T12:22:17.530Z,2026-07-13T12:22:17.530Z,2026-07-13T12:22:17.530Z,0,2026-07-13T12:22:17.826Z,0xc968c573664cbb3baf953bae1b4810368d0fc55c0801c92aeb366eef60a55b9c,2026-07-13T12:22:22.257Z,success,40211,1000,6379259,0xac92aef0d801ea0ce3477645a27016535cee2aeb832fb0edc84cbf21baf24880,2026-07-13T12:22:22.257Z,4431,4431,4727,91,Trusted,2026-07-13T12:22:13.418Z,0xabffaf568653afd59b016c77019c93d8e2c2658a6ce9ecb43166874deefb34cf,,variant-batch live execution
datm-live-2026-07-13T12-22-03-136Z,C,entity-04-normal,normal,2,2026-07-13T12:22:17.531Z,2026-07-13T12:22:17.531Z,2026-07-13T12:22:17.531Z,0,2026-07-13T12:22:17.826Z,0x96b7318f2f70abf5ef7d638b7fbaa426bb4498b3268a2dffa9695e91e29f0922,2026-07-13T12:22:22.232Z,success,40199,1000,6379259,0xac92aef0d801ea0ce3477645a27016535cee2aeb832fb0edc84cbf21baf24880,2026-07-13T12:22:22.232Z,4406,4406,4701,93,Trusted,2026-07-13T12:22:13.418Z,0x77eafcccc9d4d4517cddafe7ef38ac5a06a027277ea811d56a2bad668abceec1,,variant-batch live execution
datm-live-2026-07-13T12-22-03-136Z,C,entity-05-suspicious,suspicious,2,2026-07-13T12:22:17.532Z,2026-07-13T12:22:17.532Z,2026-07-13T12:22:17.532Z,0,2026-07-13T12:22:17.854Z,0x4b3aa5eeb6a739fbec85ceb852c167f1be664bd9261f97e5f40efca602a3ee48,2026-07-13T12:22:22.232Z,success,40279,1000,6379259,0xac92aef0d801ea0ce3477645a27016535cee2aeb832fb0edc84cbf21baf24880,2026-07-13T12:22:22.232Z,4378,4378,4700,60,Suspicious,2026-07-13T12:22:13.418Z,0xf31d001dc1554de1ecfa1d5d9bad423ca8d37dbbad4fdaee2b082e20b5c03834,,variant-batch live execution
datm-live-2026-07-13T12-22-03-136Z,C,entity-06-suspicious,suspicious,2,2026-07-13T12:22:17.532Z,2026-07-13T12:22:17.532Z,2026-07-13T12:22:17.532Z,0,2026-07-13T12:22:17.826Z,0x23aad2fc3dfcb69d78bf55af7db343b9931d20e2f622293ff63cbde164252752,2026-07-13T12:22:22.224Z,success,40291,1000,6379259,0xac92aef0d801ea0ce3477645a27016535cee2aeb832fb0edc84cbf21baf24880,2026-07-13T12:22:22.224Z,4398,4398,4692,60,Suspicious,2026-07-13T12:22:13.418Z,0x0915c733cb679605492988b7612269675a0c8d6fbb14507b20bf0667255158d8,,variant-batch live execution
datm-live-2026-07-13T12-22-03-136Z,C,entity-07-suspicious,suspicious,2,2026-07-13T12:22:17.533Z,2026-07-13T12:22:17.533Z,2026-07-13T12:22:17.533Z,0,2026-07-13T12:22:17.826Z,0x59e2d9337e3a5ce785eddd5993a2cc156e53dcd857d7e466f8a5315cb65baadc,2026-07-13T12:22:22.419Z,success,40291,1000,6379259,0xac92aef0d801ea0ce3477645a27016535cee2aeb832fb0edc84cbf21baf24880,2026-07-13T12:22:22.419Z,4593,4593,4886,63,Suspicious,2026-07-13T12:22:13.418Z,0x5b1469aab52093aa86c5d7eca2fa2e4a06bc18d8b82c029c8f6d3e6437bb94ce,,variant-batch live execution
datm-live-2026-07-13T12-22-03-136Z,C,entity-08-malicious,malicious,2,2026-07-13T12:22:17.534Z,2026-07-13T12:22:17.534Z,2026-07-13T12:22:17.534Z,0,2026-07-13T12:22:17.854Z,0x2a026e3e715a3dfc2fc52be64fde0763cf2b6867d21e3d77628e480a73c876bc,2026-07-13T12:22:22.439Z,success,40290,1000,6379259,0xac92aef0d801ea0ce3477645a27016535cee2aeb832fb0edc84cbf21baf24880,2026-07-13T12:22:22.439Z,4585,4585,4905,30,Untrusted,2026-07-13T12:22:13.418Z,0xa2e1a3c4c7599595ff45f418f006cddcb63b2a5bf283c23acd95be7313d45ecb,,variant-batch live execution
datm-live-2026-07-13T12-22-03-136Z,C,entity-09-malicious,malicious,2,2026-07-13T12:22:17.535Z,2026-07-13T12:22:17.535Z,2026-07-13T12:22:17.535Z,0,2026-07-13T12:22:17.854Z,0x9191d7a1331aa311e4bd3751ee2fadd52c1ec753ba5b805dd064fecd4a5f77fe,2026-07-13T12:22:22.469Z,success,40278,1000,6379259,0xac92aef0d801ea0ce3477645a27016535cee2aeb832fb0edc84cbf21baf24880,2026-07-13T12:22:22.469Z,4615,4615,4934,28,Untrusted,2026-07-13T12:22:13.418Z,0x3bde3e9fb8b533e414fdad8691008ba70e80a2d5b2a60ce79f54b44c34d0d253,,variant-batch live execution
datm-live-2026-07-13T12-22-03-136Z,C,entity-01-normal,normal,3,2026-07-13T12:22:27.579Z,2026-07-13T12:22:27.579Z,2026-07-13T12:22:27.579Z,0,2026-07-13T12:22:27.706Z,0xfe9d3820752b2c6aab3084e0b43521ed7d43acda7bb25519588b6fc65e995276,2026-07-13T12:22:31.956Z,success,40187,1000,6379261,0x4e3eaaa8852a4eab2873835c50c1e23d3600376de8251105726bab7dc9ec3547,2026-07-13T12:22:31.956Z,4250,4250,4377,93,Trusted,2026-07-13T12:22:23.418Z,0xac7bba9b56a7c121303b6543b4ba62a6b465e6e738783c62f728dc3d29097700,,variant-batch live execution
datm-live-2026-07-13T12-22-03-136Z,C,entity-02-normal,normal,3,2026-07-13T12:22:27.581Z,2026-07-13T12:22:27.581Z,2026-07-13T12:22:27.581Z,0,2026-07-13T12:22:27.706Z,0x498d3d34c8ec959552869054b944bd8d65ef6736f1adef16f01ce4da2b7b0b23,2026-07-13T12:22:31.985Z,success,40211,1000,6379261,0x4e3eaaa8852a4eab2873835c50c1e23d3600376de8251105726bab7dc9ec3547,2026-07-13T12:22:31.985Z,4279,4279,4404,92,Trusted,2026-07-13T12:22:23.418Z,0xf615043d27f75aa48a41055a5e7c3bae1539681c32df36e7a71a88d536df85e1,,variant-batch live execution
datm-live-2026-07-13T12-22-03-136Z,C,entity-03-normal,normal,3,2026-07-13T12:22:27.582Z,2026-07-13T12:22:27.582Z,2026-07-13T12:22:27.582Z,0,2026-07-13T12:22:27.720Z,0x1a01d833cefda2b5a8849887cfac0870ed0ece5283d4600d53e283b62b8dd873,2026-07-13T12:22:31.964Z,success,40199,1000,6379261,0x4e3eaaa8852a4eab2873835c50c1e23d3600376de8251105726bab7dc9ec3547,2026-07-13T12:22:31.964Z,4244,4244,4382,93,Trusted,2026-07-13T12:22:23.418Z,0xd45a4f8611368a51dd55c13c61a72e3dd64b6568a7a3151d353c755d6f14ee6a,,variant-batch live execution
datm-live-2026-07-13T12-22-03-136Z,C,entity-04-normal,normal,3,2026-07-13T12:22:27.583Z,2026-07-13T12:22:27.583Z,2026-07-13T12:22:27.583Z,0,2026-07-13T12:22:27.720Z,0x81a9a09c520987cfd875fb94d43f9efc3d2ee7bd195ce643da2c9752abbc0ea2,2026-07-13T12:22:31.961Z,success,40199,1000,6379261,0x4e3eaaa8852a4eab2873835c50c1e23d3600376de8251105726bab7dc9ec3547,2026-07-13T12:22:31.961Z,4241,4241,4378,93,Trusted,2026-07-13T12:22:23.418Z,0xbf439e4ff3c103ace229cd7a69e6a1a4f95f7772e558461a8bd7c857e23df136,,variant-batch live execution
datm-live-2026-07-13T12-22-03-136Z,C,entity-05-suspicious,suspicious,3,2026-07-13T12:22:27.584Z,2026-07-13T12:22:27.584Z,2026-07-13T12:22:27.584Z,0,2026-07-13T12:22:27.721Z,0x9fda1af7a68fc2f144f75914e4e747eb0196855f3bab7c553c62cb25e1557265,2026-07-13T12:22:31.966Z,success,40291,1000,6379261,0x4e3eaaa8852a4eab2873835c50c1e23d3600376de8251105726bab7dc9ec3547,2026-07-13T12:22:31.966Z,4245,4245,4382,60,Suspicious,2026-07-13T12:22:23.418Z,0xc23a6cc29b63476de62bb6e18722040bfc38928bed63a3820394cfaf07b5e3d0,,variant-batch live execution
datm-live-2026-07-13T12-22-03-136Z,C,entity-06-suspicious,suspicious,3,2026-07-13T12:22:27.584Z,2026-07-13T12:22:27.584Z,2026-07-13T12:22:27.584Z,0,2026-07-13T12:22:27.721Z,0x6c88896b371a9abb3a5a49b205cbd9d1639030562757af2b1644841b693dcfdc,2026-07-13T12:22:31.964Z,success,40291,1000,6379261,0x4e3eaaa8852a4eab2873835c50c1e23d3600376de8251105726bab7dc9ec3547,2026-07-13T12:22:31.964Z,4243,4243,4380,64,Suspicious,2026-07-13T12:22:23.418Z,0x5027066e3be96032469140aabcc830cc25022d4461a042f68dcbb91b5966529d,,variant-batch live execution
datm-live-2026-07-13T12-22-03-136Z,C,entity-07-suspicious,suspicious,3,2026-07-13T12:22:27.585Z,2026-07-13T12:22:27.585Z,2026-07-13T12:22:27.585Z,0,2026-07-13T12:22:27.721Z,0xa23018fd337ce2b7a41d8eca205e97da18a0dc04a311703b3b5cddb226869edb,2026-07-13T12:22:32.159Z,success,40291,1000,6379261,0x4e3eaaa8852a4eab2873835c50c1e23d3600376de8251105726bab7dc9ec3547,2026-07-13T12:22:32.159Z,4438,4438,4574,60,Suspicious,2026-07-13T12:22:23.418Z,0xe37b95ab3f55fa78d3674dfa916139e218ae3a1c3c4f891565e1d4dc836f4401,,variant-batch live execution
datm-live-2026-07-13T12-22-03-136Z,C,entity-08-malicious,malicious,3,2026-07-13T12:22:27.586Z,2026-07-13T12:22:27.586Z,2026-07-13T12:22:27.586Z,0,2026-07-13T12:22:27.733Z,0x08ab25c2d88a1e857f96132a258453f373342ca98aaeb902c7b3751cdeb9377f,2026-07-13T12:22:32.139Z,success,40290,1000,6379261,0x4e3eaaa8852a4eab2873835c50c1e23d3600376de8251105726bab7dc9ec3547,2026-07-13T12:22:32.139Z,4406,4406,4553,28,Untrusted,2026-07-13T12:22:23.418Z,0x8c8be3d6e938e5f987f9d1f98a66292ed93dca28d51f35b52c1f0d24e83a6154,,variant-batch live execution
datm-live-2026-07-13T12-22-03-136Z,C,entity-09-malicious,malicious,3,2026-07-13T12:22:27.586Z,2026-07-13T12:22:27.586Z,2026-07-13T12:22:27.586Z,0,2026-07-13T12:22:27.734Z,0xdca96322c33e629590fdd21f28be5b25caf25f8d73ad0084efc7051cd24eac4b,2026-07-13T12:22:32.190Z,success,40290,1000,6379261,0x4e3eaaa8852a4eab2873835c50c1e23d3600376de8251105726bab7dc9ec3547,2026-07-13T12:22:32.190Z,4456,4456,4604,30,Untrusted,2026-07-13T12:22:23.418Z,0x3f51dc908aa1ede1e0c5193d94c3e5e75ddafcd187fc9fd6babaddc0d4dc4ff0,,variant-batch live execution
datm-live-2026-07-13T12-22-03-136Z,C,entity-01-normal,normal,4,2026-07-13T12:22:37.315Z,2026-07-13T12:22:37.315Z,2026-07-13T12:22:37.315Z,0,2026-07-13T12:22:37.423Z,0xeb47bc76e609aa00cd37d65e5023eb739960ae0a519b02ef4300bce0a65b3bef,2026-07-13T12:22:41.674Z,success,40211,1000,6379263,0x88c850c6c28e0437c3cc83e76077b6f0ce17675ed2d085c265a2bdc6089314cf,2026-07-13T12:22:41.674Z,4251,4251,4359,91,Trusted,2026-07-13T12:22:33.418Z,0xb55f1277b567e0dca95b195de924f92199ecb2a18968362a532ad7e1dc4edbc5,,variant-batch live execution
datm-live-2026-07-13T12-22-03-136Z,C,entity-02-normal,normal,4,2026-07-13T12:22:37.316Z,2026-07-13T12:22:37.316Z,2026-07-13T12:22:37.316Z,0,2026-07-13T12:22:37.425Z,0x424c5cfac00890c98783726d849e47ac24bf680b83edef408f505d686c26e862,2026-07-13T12:22:41.680Z,success,40199,1000,6379263,0x88c850c6c28e0437c3cc83e76077b6f0ce17675ed2d085c265a2bdc6089314cf,2026-07-13T12:22:41.680Z,4255,4255,4364,93,Trusted,2026-07-13T12:22:33.418Z,0x7339121eb8e754fc8befba69eca0394e59089686b156f9c5ec0edb49a4bbeb23,,variant-batch live execution
datm-live-2026-07-13T12-22-03-136Z,C,entity-03-normal,normal,4,2026-07-13T12:22:37.317Z,2026-07-13T12:22:37.317Z,2026-07-13T12:22:37.317Z,0,2026-07-13T12:22:37.425Z,0x527a6a325e911506027a89d1c9a6a301eeec92c9fe630a80418c54106749b94f,2026-07-13T12:22:41.682Z,success,40199,1000,6379263,0x88c850c6c28e0437c3cc83e76077b6f0ce17675ed2d085c265a2bdc6089314cf,2026-07-13T12:22:41.682Z,4257,4257,4365,93,Trusted,2026-07-13T12:22:33.418Z,0xcc586edfedfe617ebc8026106d795cc75c0a01ae6101c71a6cc33845a845f0d2,,variant-batch live execution
datm-live-2026-07-13T12-22-03-136Z,C,entity-04-normal,normal,4,2026-07-13T12:22:37.317Z,2026-07-13T12:22:37.317Z,2026-07-13T12:22:37.317Z,0,2026-07-13T12:22:37.425Z,0x2dcb064223a9428f2389f8624f91f52484bd5f56f62d08b89c6d3667e49d5671,2026-07-13T12:22:41.681Z,success,40211,1000,6379263,0x88c850c6c28e0437c3cc83e76077b6f0ce17675ed2d085c265a2bdc6089314cf,2026-07-13T12:22:41.681Z,4256,4256,4364,91,Trusted,2026-07-13T12:22:33.418Z,0x16ae6d33724e75a960096cf6090deba9cfc194cb4ba866a3dc4a16334b24fe56,,variant-batch live execution
datm-live-2026-07-13T12-22-03-136Z,C,entity-05-suspicious,suspicious,4,2026-07-13T12:22:37.317Z,2026-07-13T12:22:37.317Z,2026-07-13T12:22:37.317Z,0,2026-07-13T12:22:37.426Z,0x337ae74a1726e65204a9503aa3bf299a0463e50eb8a196427588711b864a32f8,2026-07-13T12:22:41.682Z,success,40291,1000,6379263,0x88c850c6c28e0437c3cc83e76077b6f0ce17675ed2d085c265a2bdc6089314cf,2026-07-13T12:22:41.682Z,4256,4256,4365,64,Suspicious,2026-07-13T12:22:33.418Z,0x7c36ca8ed50b5a0524da660a9ca118eea765d70242f61851aff2a576bd19610c,,variant-batch live execution
datm-live-2026-07-13T12-22-03-136Z,C,entity-06-suspicious,suspicious,4,2026-07-13T12:22:37.318Z,2026-07-13T12:22:37.318Z,2026-07-13T12:22:37.318Z,0,2026-07-13T12:22:37.455Z,0x276f360e8c8287b2be359dac5ffb9eae3b9f68f9c63057779981b793e69898e7,2026-07-13T12:22:41.704Z,success,40291,1000,6379263,0x88c850c6c28e0437c3cc83e76077b6f0ce17675ed2d085c265a2bdc6089314cf,2026-07-13T12:22:41.704Z,4249,4249,4386,61,Suspicious,2026-07-13T12:22:33.418Z,0xfde8bae8237ba8caf6e062ccd49dd0f66f61319934c865955e77399b246bada5,,variant-batch live execution
datm-live-2026-07-13T12-22-03-136Z,C,entity-07-suspicious,suspicious,4,2026-07-13T12:22:37.318Z,2026-07-13T12:22:37.318Z,2026-07-13T12:22:37.318Z,0,2026-07-13T12:22:37.426Z,0x8e8a05d42dfb370d4b28e2ac457c8c9ab9f84795468928e52a5f209ab1a62be3,2026-07-13T12:22:41.888Z,success,40291,1000,6379263,0x88c850c6c28e0437c3cc83e76077b6f0ce17675ed2d085c265a2bdc6089314cf,2026-07-13T12:22:41.888Z,4462,4462,4570,60,Suspicious,2026-07-13T12:22:33.418Z,0xc2ddebf954b734b41b131e1d9ccf0f2ed33a3cf5cb17cc7ab84a1daa1e6dc520,,variant-batch live execution
datm-live-2026-07-13T12-22-03-136Z,C,entity-08-malicious,malicious,4,2026-07-13T12:22:37.318Z,2026-07-13T12:22:37.318Z,2026-07-13T12:22:37.318Z,0,2026-07-13T12:22:37.455Z,0x0ee7c9a38fc85384758918fffb7c953f611051d4cb829e9a8b50b1d9c10e6aa6,2026-07-13T12:22:41.896Z,success,40290,1000,6379263,0x88c850c6c28e0437c3cc83e76077b6f0ce17675ed2d085c265a2bdc6089314cf,2026-07-13T12:22:41.896Z,4441,4441,4578,30,Untrusted,2026-07-13T12:22:33.418Z,0x9f1a4d4a6d550ad71e4d40905574926d4ad80aa8c0633fa7a6aab1cf853ff83d,,variant-batch live execution
datm-live-2026-07-13T12-22-03-136Z,C,entity-09-malicious,malicious,4,2026-07-13T12:22:37.319Z,2026-07-13T12:22:37.319Z,2026-07-13T12:22:37.319Z,0,2026-07-13T12:22:37.456Z,0xc5398b1c1c5449e914e9f0be9c49f403b982bd5303513cb87e41dc07d2985782,2026-07-13T12:22:41.925Z,success,40278,1000,6379263,0x88c850c6c28e0437c3cc83e76077b6f0ce17675ed2d085c265a2bdc6089314cf,2026-07-13T12:22:41.925Z,4469,4469,4606,29,Untrusted,2026-07-13T12:22:33.418Z,0x6e9cc5e18462a961209330dd5e005259c3bd3e034bbb0758bf9fcf6b548fdeaa,,variant-batch live execution
datm-live-2026-07-13T12-22-03-136Z,C,entity-01-normal,normal,5,2026-07-13T12:22:47.061Z,2026-07-13T12:22:47.061Z,2026-07-13T12:22:47.061Z,0,2026-07-13T12:22:47.178Z,0x26d177fc7711f9b19b6a570687d7f812bbe91d3b3860987b86e5eaad519136c0,2026-07-13T12:22:51.440Z,success,40199,1000,6379265,0xb3e2d0e69290a127a7237dd57878785fe33ae6a3ada70b4204593b5f42704edb,2026-07-13T12:22:51.440Z,4262,4262,4379,93,Trusted,2026-07-13T12:22:43.418Z,0x61d5e8741de2e0aa0beeb471139eca6c0e363210097c5b248efbb11e74aa5510,,variant-batch live execution
datm-live-2026-07-13T12-22-03-136Z,C,entity-02-normal,normal,5,2026-07-13T12:22:47.062Z,2026-07-13T12:22:47.062Z,2026-07-13T12:22:47.062Z,0,2026-07-13T12:22:47.179Z,0x017001d83d09bcad1d8fc53993fc9efaa1b2ea998a32a84fd2f7fbf1e73e5cb1,2026-07-13T12:22:51.462Z,success,40199,1000,6379265,0xb3e2d0e69290a127a7237dd57878785fe33ae6a3ada70b4204593b5f42704edb,2026-07-13T12:22:51.462Z,4283,4283,4400,93,Trusted,2026-07-13T12:22:43.418Z,0x47907c736820640cf578f1c8d9ad74d0f93f0d8aaf4456d33e76adfcc4ac60c9,,variant-batch live execution
datm-live-2026-07-13T12-22-03-136Z,C,entity-03-normal,normal,5,2026-07-13T12:22:47.062Z,2026-07-13T12:22:47.062Z,2026-07-13T12:22:47.062Z,0,2026-07-13T12:22:47.195Z,0x5e4da66465be4ad8f7bbc130276f0bd19574ec2a8ad1e68116a6da0c4f85fa87,2026-07-13T12:22:51.433Z,success,40199,1000,6379265,0xb3e2d0e69290a127a7237dd57878785fe33ae6a3ada70b4204593b5f42704edb,2026-07-13T12:22:51.433Z,4238,4238,4371,92,Trusted,2026-07-13T12:22:43.418Z,0x8de5b85c3dcd5afba375b2e93d8b21a9c317c4dfad3000afdd3592205dff2e39,,variant-batch live execution
datm-live-2026-07-13T12-22-03-136Z,C,entity-04-normal,normal,5,2026-07-13T12:22:47.063Z,2026-07-13T12:22:47.063Z,2026-07-13T12:22:47.063Z,0,2026-07-13T12:22:47.196Z,0x7d278532a57d86f299503d1914f7f38f9b8837f646f7b6d499bd2c12a0761692,2026-07-13T12:22:51.439Z,success,40199,1000,6379265,0xb3e2d0e69290a127a7237dd57878785fe33ae6a3ada70b4204593b5f42704edb,2026-07-13T12:22:51.439Z,4243,4243,4376,93,Trusted,2026-07-13T12:22:43.418Z,0x8b55a77bf8a6d9878ff13c5418d904750fd033db41b465439f9a1a568eb9682d,,variant-batch live execution
datm-live-2026-07-13T12-22-03-136Z,C,entity-05-suspicious,suspicious,5,2026-07-13T12:22:47.063Z,2026-07-13T12:22:47.063Z,2026-07-13T12:22:47.063Z,0,2026-07-13T12:22:47.196Z,0x39771a69b5b0ba814677254985efdd8e82391fa9a6f86147ace3826513720c20,2026-07-13T12:22:51.438Z,success,40291,1000,6379265,0xb3e2d0e69290a127a7237dd57878785fe33ae6a3ada70b4204593b5f42704edb,2026-07-13T12:22:51.438Z,4242,4242,4375,61,Suspicious,2026-07-13T12:22:43.418Z,0x40b0726309873e4db62f2c7d75783c3d1836f6fe0720b2f8418dcac618e5a3a3,,variant-batch live execution
datm-live-2026-07-13T12-22-03-136Z,C,entity-06-suspicious,suspicious,5,2026-07-13T12:22:47.063Z,2026-07-13T12:22:47.063Z,2026-07-13T12:22:47.063Z,0,2026-07-13T12:22:47.196Z,0x79f141c6981c29a5a69b226619f64169250f5e8ea9c67b8b687a93b7e3acc236,2026-07-13T12:22:51.440Z,success,40291,1000,6379265,0xb3e2d0e69290a127a7237dd57878785fe33ae6a3ada70b4204593b5f42704edb,2026-07-13T12:22:51.440Z,4244,4244,4377,59,Suspicious,2026-07-13T12:22:43.418Z,0x9e625ac46525377061a9beee468f4060e93bde75aaf82640cadc4641dd400dc3,,variant-batch live execution
datm-live-2026-07-13T12-22-03-136Z,C,entity-07-suspicious,suspicious,5,2026-07-13T12:22:47.064Z,2026-07-13T12:22:47.064Z,2026-07-13T12:22:47.064Z,0,2026-07-13T12:22:47.197Z,0xcfca1ce1eac85962a646eac7eabda4b8cc40d1fa44780c41b1caa4294e599c22,2026-07-13T12:22:51.617Z,success,40291,1000,6379265,0xb3e2d0e69290a127a7237dd57878785fe33ae6a3ada70b4204593b5f42704edb,2026-07-13T12:22:51.617Z,4420,4420,4553,64,Suspicious,2026-07-13T12:22:43.418Z,0x48b6572094347051ff6ce35770a993f102139b644fe55807feb95fd3f8af2ae1,,variant-batch live execution
datm-live-2026-07-13T12-22-03-136Z,C,entity-08-malicious,malicious,5,2026-07-13T12:22:47.064Z,2026-07-13T12:22:47.064Z,2026-07-13T12:22:47.064Z,0,2026-07-13T12:22:47.203Z,0x2c384e5491f22cec5c8158718e8af60a00218ce998185ee9d009d904b2caaefb,2026-07-13T12:22:51.634Z,success,40290,1000,6379265,0xb3e2d0e69290a127a7237dd57878785fe33ae6a3ada70b4204593b5f42704edb,2026-07-13T12:22:51.634Z,4431,4431,4570,30,Untrusted,2026-07-13T12:22:43.418Z,0x2c7adf98e3bf29f80da6f7b245c6bc61eccc4dfeb909022e517b8531e19d8b5e,,variant-batch live execution
datm-live-2026-07-13T12-22-03-136Z,C,entity-09-malicious,malicious,5,2026-07-13T12:22:47.065Z,2026-07-13T12:22:47.065Z,2026-07-13T12:22:47.065Z,0,2026-07-13T12:22:47.204Z,0xae90047fdedc5c8bcf169ea95af966fb093ba7926152487c8a4850b65323125a,2026-07-13T12:22:51.658Z,success,40290,1000,6379265,0xb3e2d0e69290a127a7237dd57878785fe33ae6a3ada70b4204593b5f42704edb,2026-07-13T12:22:51.658Z,4454,4454,4593,28,Untrusted,2026-07-13T12:22:43.418Z,0x79c650a7aad26fb61d5552e95d3a83202bd3d078a7f83fad4ef4eff2ec9eaf86,,variant-batch live execution
datm-live-2026-07-13T12-22-03-136Z,C,entity-01-normal,normal,6,2026-07-13T12:22:56.773Z,2026-07-13T12:22:56.773Z,2026-07-13T12:22:56.773Z,0,2026-07-13T12:22:56.924Z,0xf2fd46db3885c45b916c4e1c7bb8e1444ccd51092780ad707f3093ed03154878,2026-07-13T12:23:01.170Z,success,40187,1000,6379267,0x3049eab307330ec13a1820bc3fad209ac486ec1a059d9224715a2c99daee2a67,2026-07-13T12:23:01.170Z,4246,4246,4397,93,Trusted,2026-07-13T12:22:53.418Z,0x87327ab7125862b9795cb2009dc06f7c09ee46b983f35117cc8c6d1626dff38d,,variant-batch live execution
datm-live-2026-07-13T12-22-03-136Z,C,entity-02-normal,normal,6,2026-07-13T12:22:56.774Z,2026-07-13T12:22:56.774Z,2026-07-13T12:22:56.774Z,0,2026-07-13T12:22:56.925Z,0x8a4b47a48f3375ff71642557a0e13c055eb6f7b6c383f21a57b33b19f9f92c8e,2026-07-13T12:23:01.191Z,success,40211,1000,6379267,0x3049eab307330ec13a1820bc3fad209ac486ec1a059d9224715a2c99daee2a67,2026-07-13T12:23:01.191Z,4266,4266,4417,92,Trusted,2026-07-13T12:22:53.418Z,0x9785f50ec21b6fbf233f5c0e0bf4756b7c199e5e38b9e7787a93babbe84769a1,,variant-batch live execution
datm-live-2026-07-13T12-22-03-136Z,C,entity-03-normal,normal,6,2026-07-13T12:22:56.776Z,2026-07-13T12:22:56.776Z,2026-07-13T12:22:56.776Z,0,2026-07-13T12:22:56.937Z,0x522ae27ca2021d8f8c3c25069efe18a328fe1770b196b70f30d745e5e2459845,2026-07-13T12:23:01.170Z,success,40199,1000,6379267,0x3049eab307330ec13a1820bc3fad209ac486ec1a059d9224715a2c99daee2a67,2026-07-13T12:23:01.170Z,4233,4233,4394,93,Trusted,2026-07-13T12:22:53.418Z,0xa8db147f0e2c1b4320a3ef148fd3f36cc7436af45b983b977bf4abfda83577cb,,variant-batch live execution
datm-live-2026-07-13T12-22-03-136Z,C,entity-04-normal,normal,6,2026-07-13T12:22:56.777Z,2026-07-13T12:22:56.777Z,2026-07-13T12:22:56.777Z,0,2026-07-13T12:22:56.953Z,0xea7f83d9de75c9735a0c1f2c95ed252b15b1ccd436ad6098fbd79c87238a70e0,2026-07-13T12:23:01.169Z,success,40199,1000,6379267,0x3049eab307330ec13a1820bc3fad209ac486ec1a059d9224715a2c99daee2a67,2026-07-13T12:23:01.169Z,4216,4216,4392,93,Trusted,2026-07-13T12:22:53.418Z,0xbd40f2099201ebee5cb2d1b4f79c81fb78f7fad613b2636c59dba510ba26c94d,,variant-batch live execution
datm-live-2026-07-13T12-22-03-136Z,C,entity-05-suspicious,suspicious,6,2026-07-13T12:22:56.779Z,2026-07-13T12:22:56.779Z,2026-07-13T12:22:56.779Z,0,2026-07-13T12:22:56.937Z,0x048a0efef406adba866cb28f9f6e72ee6ce69188f1301c90eaa099498d63cff0,2026-07-13T12:23:01.169Z,success,40291,1000,6379267,0x3049eab307330ec13a1820bc3fad209ac486ec1a059d9224715a2c99daee2a67,2026-07-13T12:23:01.169Z,4232,4232,4390,59,Suspicious,2026-07-13T12:22:53.418Z,0x0b7a8ea17eaff6f501895f8d9d19166dece0499601108f0505783a88d3b698eb,,variant-batch live execution
datm-live-2026-07-13T12-22-03-136Z,C,entity-06-suspicious,suspicious,6,2026-07-13T12:22:56.780Z,2026-07-13T12:22:56.780Z,2026-07-13T12:22:56.780Z,0,2026-07-13T12:22:56.938Z,0x66e4b3e3f2845892170600ad34129cbd579bc04ee3a5a345e036733fb2876b25,2026-07-13T12:23:01.170Z,success,40291,1000,6379267,0x3049eab307330ec13a1820bc3fad209ac486ec1a059d9224715a2c99daee2a67,2026-07-13T12:23:01.170Z,4232,4232,4390,60,Suspicious,2026-07-13T12:22:53.418Z,0x99dc82dac65aad325b2ac47ec2651780230a43fe954e906940e90716fb88766b,,variant-batch live execution
datm-live-2026-07-13T12-22-03-136Z,C,entity-07-suspicious,suspicious,6,2026-07-13T12:22:56.781Z,2026-07-13T12:22:56.781Z,2026-07-13T12:22:56.781Z,0,2026-07-13T12:22:56.938Z,0x149dd1c1e5e608df576183622c8d01cfb4e4eb9b9121840ae6ddbc8db1306620,2026-07-13T12:23:01.349Z,success,40291,1000,6379267,0x3049eab307330ec13a1820bc3fad209ac486ec1a059d9224715a2c99daee2a67,2026-07-13T12:23:01.349Z,4411,4411,4568,61,Suspicious,2026-07-13T12:22:53.418Z,0x01ac2bc81735868bf8d9122107b21d44d0c7f04fc71b651fdd9360ecf2b7ce21,,variant-batch live execution
datm-live-2026-07-13T12-22-03-136Z,C,entity-08-malicious,malicious,6,2026-07-13T12:22:56.783Z,2026-07-13T12:22:56.783Z,2026-07-13T12:22:56.783Z,0,2026-07-13T12:22:56.953Z,0x29390ba2ad29c20946380be569208c952396eb8628fce1499f2972226bd40b95,2026-07-13T12:23:01.366Z,success,40290,1000,6379267,0x3049eab307330ec13a1820bc3fad209ac486ec1a059d9224715a2c99daee2a67,2026-07-13T12:23:01.366Z,4413,4413,4583,28,Untrusted,2026-07-13T12:22:53.418Z,0xfa859462e8d93f015e876f2d1aeb50263d0b4c59440e4dcb8bf1f023a1d909dc,,variant-batch live execution
datm-live-2026-07-13T12-22-03-136Z,C,entity-09-malicious,malicious,6,2026-07-13T12:22:56.784Z,2026-07-13T12:22:56.784Z,2026-07-13T12:22:56.784Z,0,2026-07-13T12:22:56.938Z,0x4c8d19dbb11b55fbdb48723260c1d51636fd8709837fcafb408616685116cf20,2026-07-13T12:23:01.395Z,success,40290,1000,6379267,0x3049eab307330ec13a1820bc3fad209ac486ec1a059d9224715a2c99daee2a67,2026-07-13T12:23:01.395Z,4457,4457,4611,29,Untrusted,2026-07-13T12:22:53.418Z,0x0b4db83e5bb6441032fec89af1528a263513cb70dd3c5019cc10602bd004ba42,,variant-batch live execution
datm-live-2026-07-13T12-22-03-136Z,C,entity-01-normal,normal,7,2026-07-13T12:23:06.522Z,2026-07-13T12:23:06.522Z,2026-07-13T12:23:06.522Z,0,2026-07-13T12:23:06.660Z,0xafe052e8ef5827690cd480a54bd245a485c70d5284275fceac3e6a67995c1007,2026-07-13T12:23:10.926Z,success,40199,1000,6379269,0x429e244fc203b9140f84bf4b1d44c0da789f1e7f47fd3fad0d5028357ec6245e,2026-07-13T12:23:10.926Z,4266,4266,4404,92,Trusted,2026-07-13T12:23:03.418Z,0x1f82efc2747363af83412e4e53f41f7f2e0c1549799c009807891564a1906716,,variant-batch live execution
datm-live-2026-07-13T12-22-03-136Z,C,entity-02-normal,normal,7,2026-07-13T12:23:06.524Z,2026-07-13T12:23:06.524Z,2026-07-13T12:23:06.524Z,0,2026-07-13T12:23:06.660Z,0x5e6c180ed60f3a6d06bb40125dac8a84a3ee9178f2238d3eb8fb2b70931798cc,2026-07-13T12:23:10.951Z,success,40199,1000,6379269,0x429e244fc203b9140f84bf4b1d44c0da789f1e7f47fd3fad0d5028357ec6245e,2026-07-13T12:23:10.951Z,4291,4291,4427,93,Trusted,2026-07-13T12:23:03.418Z,0x87fe0995a5cc167656ca2c73a1da367bad0dc8f38dd22a1ec3c5f2b40c348235,,variant-batch live execution
datm-live-2026-07-13T12-22-03-136Z,C,entity-03-normal,normal,7,2026-07-13T12:23:06.525Z,2026-07-13T12:23:06.525Z,2026-07-13T12:23:06.525Z,0,2026-07-13T12:23:06.671Z,0x29eabfc859c6494fdc1250afe247c5af8ac0e896d79b32bb427652df75bc1e3e,2026-07-13T12:23:10.927Z,success,40199,1000,6379269,0x429e244fc203b9140f84bf4b1d44c0da789f1e7f47fd3fad0d5028357ec6245e,2026-07-13T12:23:10.927Z,4256,4256,4402,93,Trusted,2026-07-13T12:23:03.418Z,0x5fd48076f44206daa5bb1eaceb13e76e80379aebcc5753a54ba2daaeadb4f8f5,,variant-batch live execution
datm-live-2026-07-13T12-22-03-136Z,C,entity-04-normal,normal,7,2026-07-13T12:23:06.526Z,2026-07-13T12:23:06.526Z,2026-07-13T12:23:06.526Z,0,2026-07-13T12:23:06.671Z,0x6d5abd5b78e6b8cb3dd4e188d2e6b12954169e8b09e0ac378869af19df4f5019,2026-07-13T12:23:10.928Z,success,40211,1000,6379269,0x429e244fc203b9140f84bf4b1d44c0da789f1e7f47fd3fad0d5028357ec6245e,2026-07-13T12:23:10.928Z,4257,4257,4402,92,Trusted,2026-07-13T12:23:03.418Z,0xc8b26defeaafbdb3670d9ba4a5e90b60f4c8181bb91d7d62360450c69381b1aa,,variant-batch live execution
datm-live-2026-07-13T12-22-03-136Z,C,entity-05-suspicious,suspicious,7,2026-07-13T12:23:06.527Z,2026-07-13T12:23:06.527Z,2026-07-13T12:23:06.527Z,0,2026-07-13T12:23:06.672Z,0x19c087ce4830407e15ea06f14914aa37e6e8e86aeadbd670a7ee4ef2235b0371,2026-07-13T12:23:10.928Z,success,40279,1000,6379269,0x429e244fc203b9140f84bf4b1d44c0da789f1e7f47fd3fad0d5028357ec6245e,2026-07-13T12:23:10.928Z,4256,4256,4401,60,Suspicious,2026-07-13T12:23:03.418Z,0x19dba7db353cffb3056cdb0a25540e5b96817041f8b85520a900481bea0f61e5,,variant-batch live execution
datm-live-2026-07-13T12-22-03-136Z,C,entity-06-suspicious,suspicious,7,2026-07-13T12:23:06.527Z,2026-07-13T12:23:06.527Z,2026-07-13T12:23:06.527Z,0,2026-07-13T12:23:06.672Z,0x8746d0ca2bc4c09210846f936db60ff1a8227752526db992c88e2f6da8e73fa3,2026-07-13T12:23:10.922Z,success,40291,1000,6379269,0x429e244fc203b9140f84bf4b1d44c0da789f1e7f47fd3fad0d5028357ec6245e,2026-07-13T12:23:10.922Z,4250,4250,4395,62,Suspicious,2026-07-13T12:23:03.418Z,0xf94ec08e3db3f347aca6c870fadf6384537cea93627fdef3cf49e5db9c8152bc,,variant-batch live execution
datm-live-2026-07-13T12-22-03-136Z,C,entity-07-suspicious,suspicious,7,2026-07-13T12:23:06.529Z,2026-07-13T12:23:06.529Z,2026-07-13T12:23:06.529Z,0,2026-07-13T12:23:06.672Z,0xd793d96f500cca42ca7895803be5cc00fe6973f0d22bbb5cac1adeb9ccd6fc91,2026-07-13T12:23:11.109Z,success,40279,1000,6379269,0x429e244fc203b9140f84bf4b1d44c0da789f1e7f47fd3fad0d5028357ec6245e,2026-07-13T12:23:11.109Z,4437,4437,4580,59,Suspicious,2026-07-13T12:23:03.418Z,0xcbc9ade42e00c6f3e37a126eb30a7996c20f6ab5a41f4bf6043f18dd280c2e3f,,variant-batch live execution
datm-live-2026-07-13T12-22-03-136Z,C,entity-08-malicious,malicious,7,2026-07-13T12:23:06.530Z,2026-07-13T12:23:06.530Z,2026-07-13T12:23:06.530Z,0,2026-07-13T12:23:06.685Z,0x60092374d3f5227c2b8fca4cba5f633dd6d63306d07d8a5f439c909e24457626,2026-07-13T12:23:11.120Z,success,40290,1000,6379269,0x429e244fc203b9140f84bf4b1d44c0da789f1e7f47fd3fad0d5028357ec6245e,2026-07-13T12:23:11.120Z,4435,4435,4590,29,Untrusted,2026-07-13T12:23:03.418Z,0x33e1e9f7b659ac9d11231842ee3a7a3edc6c1ae08133694e671b2347d2312561,,variant-batch live execution
datm-live-2026-07-13T12-22-03-136Z,C,entity-09-malicious,malicious,7,2026-07-13T12:23:06.531Z,2026-07-13T12:23:06.531Z,2026-07-13T12:23:06.531Z,0,2026-07-13T12:23:06.686Z,0x786014aeac55ffe8ba3fafbab76180b4851ba718b0b3efbfe13de0abd07980d9,2026-07-13T12:23:11.149Z,success,40290,1000,6379269,0x429e244fc203b9140f84bf4b1d44c0da789f1e7f47fd3fad0d5028357ec6245e,2026-07-13T12:23:11.149Z,4463,4463,4618,28,Untrusted,2026-07-13T12:23:03.418Z,0x65ec8c3df718e8a823cef8ae0adda5d094961f3543558f22b0a6538dffdbba2f,,variant-batch live execution
datm-live-2026-07-13T12-22-03-136Z,C,entity-01-normal,normal,8,2026-07-13T12:23:16.261Z,2026-07-13T12:23:16.261Z,2026-07-13T12:23:16.261Z,0,2026-07-13T12:23:16.375Z,0x4eb4190eeec7fc3ca56c741723a62375ba2b8072feb4838d89e64234911777c6,2026-07-13T12:23:20.645Z,success,40187,1000,6379271,0x5893579d8cbc392d6cde8f2e8ae55ae491bc006dc994f3e2e61af7a0c20f277f,2026-07-13T12:23:20.645Z,4270,4270,4384,93,Trusted,2026-07-13T12:23:13.418Z,0xb5db0163578b7bd479402da38aa8da92dedabf9adf71e55e00d37e416bdf3aa3,,variant-batch live execution
datm-live-2026-07-13T12-22-03-136Z,C,entity-02-normal,normal,8,2026-07-13T12:23:16.263Z,2026-07-13T12:23:16.263Z,2026-07-13T12:23:16.263Z,0,2026-07-13T12:23:16.376Z,0x7144c9ce7edc8f097ee9c03911366b5e6143528b51b9254a067cecedc41fe6c9,2026-07-13T12:23:20.645Z,success,40199,1000,6379271,0x5893579d8cbc392d6cde8f2e8ae55ae491bc006dc994f3e2e61af7a0c20f277f,2026-07-13T12:23:20.645Z,4269,4269,4382,93,Trusted,2026-07-13T12:23:13.418Z,0xe7df3e57f328ba25e5f3063120caed6f375c7960942e7c84d863499bc3b9ce77,,variant-batch live execution
datm-live-2026-07-13T12-22-03-136Z,C,entity-03-normal,normal,8,2026-07-13T12:23:16.265Z,2026-07-13T12:23:16.265Z,2026-07-13T12:23:16.265Z,0,2026-07-13T12:23:16.376Z,0x3e0fd04edeabdda686364651333b66efa682fb1b6f9c6cd6179b7bbac6146174,2026-07-13T12:23:20.641Z,success,40211,1000,6379271,0x5893579d8cbc392d6cde8f2e8ae55ae491bc006dc994f3e2e61af7a0c20f277f,2026-07-13T12:23:20.641Z,4265,4265,4376,91,Trusted,2026-07-13T12:23:13.418Z,0xd75ae7a0f9b9a00a31174d4a7b70073ac226f45627ac54288942f5ad0a6b0f5a,,variant-batch live execution
datm-live-2026-07-13T12-22-03-136Z,C,entity-04-normal,normal,8,2026-07-13T12:23:16.266Z,2026-07-13T12:23:16.266Z,2026-07-13T12:23:16.266Z,0,2026-07-13T12:23:16.376Z,0x2ff1accc5f408b568df171405524406634dff236ab6eda2c7f23598ada299f98,2026-07-13T12:23:20.642Z,success,40187,1000,6379271,0x5893579d8cbc392d6cde8f2e8ae55ae491bc006dc994f3e2e61af7a0c20f277f,2026-07-13T12:23:20.642Z,4266,4266,4376,93,Trusted,2026-07-13T12:23:13.418Z,0x2e7232a3e70a1c201637b4e4f4427b66b5d6e3a95c6ef392090067f45f76afc0,,variant-batch live execution
datm-live-2026-07-13T12-22-03-136Z,C,entity-05-suspicious,suspicious,8,2026-07-13T12:23:16.268Z,2026-07-13T12:23:16.268Z,2026-07-13T12:23:16.268Z,0,2026-07-13T12:23:16.376Z,0x668632e7c86fd5a11bf257ebb2528b713abaf68d002a8220555e6475e9f839ba,2026-07-13T12:23:20.644Z,success,40279,1000,6379271,0x5893579d8cbc392d6cde8f2e8ae55ae491bc006dc994f3e2e61af7a0c20f277f,2026-07-13T12:23:20.644Z,4268,4268,4376,62,Suspicious,2026-07-13T12:23:13.418Z,0x73d414c93122f33c052d7878ba6984002aa912124b094d1b803e4c0568acbe6a,,variant-batch live execution
datm-live-2026-07-13T12-22-03-136Z,C,entity-06-suspicious,suspicious,8,2026-07-13T12:23:16.269Z,2026-07-13T12:23:16.269Z,2026-07-13T12:23:16.269Z,0,2026-07-13T12:23:16.377Z,0x6f2f84b88be19d1359a7d74e1f031f2c5d09e7b1c72888ddf1d04938a58a36de,2026-07-13T12:23:20.669Z,success,40291,1000,6379271,0x5893579d8cbc392d6cde8f2e8ae55ae491bc006dc994f3e2e61af7a0c20f277f,2026-07-13T12:23:20.669Z,4292,4292,4400,63,Suspicious,2026-07-13T12:23:13.418Z,0x2de8f901db3785b43029c914735af4261d432176d0b4a8cc6b6d74b3f4386a61,,variant-batch live execution
datm-live-2026-07-13T12-22-03-136Z,C,entity-07-suspicious,suspicious,8,2026-07-13T12:23:16.270Z,2026-07-13T12:23:16.270Z,2026-07-13T12:23:16.270Z,0,2026-07-13T12:23:16.403Z,0x0eba141b9de00b40f2317bf9865dad9c00288ef065e9313ee7f7a8354cba0b55,2026-07-13T12:23:20.843Z,success,40291,1000,6379271,0x5893579d8cbc392d6cde8f2e8ae55ae491bc006dc994f3e2e61af7a0c20f277f,2026-07-13T12:23:20.843Z,4440,4440,4573,60,Suspicious,2026-07-13T12:23:13.418Z,0x10666d74194d6698707c3701f3011e99d8973906d87b69f4eec98ce1b3b845c4,,variant-batch live execution
datm-live-2026-07-13T12-22-03-136Z,C,entity-08-malicious,malicious,8,2026-07-13T12:23:16.271Z,2026-07-13T12:23:16.271Z,2026-07-13T12:23:16.271Z,0,2026-07-13T12:23:16.403Z,0x98e9598fd5179f481e7f907617515f721387dce8e0955bb89ff453d981c959fe,2026-07-13T12:23:20.842Z,success,40290,1000,6379271,0x5893579d8cbc392d6cde8f2e8ae55ae491bc006dc994f3e2e61af7a0c20f277f,2026-07-13T12:23:20.842Z,4439,4439,4571,28,Untrusted,2026-07-13T12:23:13.418Z,0x22dc7ec168be143c0be0ea957bb767ee6e21319aac3d68e95410e0c57537b2c6,,variant-batch live execution
datm-live-2026-07-13T12-22-03-136Z,C,entity-09-malicious,malicious,8,2026-07-13T12:23:16.272Z,2026-07-13T12:23:16.272Z,2026-07-13T12:23:16.272Z,0,2026-07-13T12:23:16.404Z,0x77e33a072b0a730b32bcd0888f4db59585e1c13939492aa4dbf8ae42e070255b,2026-07-13T12:23:20.874Z,success,40290,1000,6379271,0x5893579d8cbc392d6cde8f2e8ae55ae491bc006dc994f3e2e61af7a0c20f277f,2026-07-13T12:23:20.874Z,4470,4470,4602,28,Untrusted,2026-07-13T12:23:13.418Z,0xb3a06e6caa89ef192bf6a2b4636205ccef219f71774eade59a0104a888ddbdcb,,variant-batch live execution
datm-live-2026-07-13T12-22-03-136Z,C,entity-01-normal,normal,9,2026-07-13T12:23:26.012Z,2026-07-13T12:23:26.012Z,2026-07-13T12:23:26.012Z,0,2026-07-13T12:23:26.135Z,0x74f0759de03aa6580eba4e08c0325f7901dda2f64a8c9148ced8c0115b96fb79,2026-07-13T12:23:30.420Z,success,40199,1000,6379273,0x19d18e7e7801c0b5650700731c9ebe20372a7de60b4f7f82b203bb9137aa397e,2026-07-13T12:23:30.420Z,4285,4285,4408,93,Trusted,2026-07-13T12:23:23.418Z,0xda689ce910da361a170b18c3659effe74e4d766eceef6e843b084b614c4e4a05,,variant-batch live execution
datm-live-2026-07-13T12-22-03-136Z,C,entity-02-normal,normal,9,2026-07-13T12:23:26.014Z,2026-07-13T12:23:26.014Z,2026-07-13T12:23:26.014Z,0,2026-07-13T12:23:26.135Z,0x556fbf2de1aee4409a01fe9768e86630f76b1e443698a530c1cbebadad08cebd,2026-07-13T12:23:30.397Z,success,40211,1000,6379273,0x19d18e7e7801c0b5650700731c9ebe20372a7de60b4f7f82b203bb9137aa397e,2026-07-13T12:23:30.397Z,4262,4262,4383,92,Trusted,2026-07-13T12:23:23.418Z,0x48d874571605af952df7c18a5ee6b12afdb107539db2228d11ae06d74c379eae,,variant-batch live execution
datm-live-2026-07-13T12-22-03-136Z,C,entity-03-normal,normal,9,2026-07-13T12:23:26.015Z,2026-07-13T12:23:26.015Z,2026-07-13T12:23:26.015Z,0,2026-07-13T12:23:26.135Z,0x54aa314d7f5e2fcba636aa31e27620a7ae2e1b9df8323c7ecf06e09247e031a8,2026-07-13T12:23:30.394Z,success,40199,1000,6379273,0x19d18e7e7801c0b5650700731c9ebe20372a7de60b4f7f82b203bb9137aa397e,2026-07-13T12:23:30.394Z,4259,4259,4379,93,Trusted,2026-07-13T12:23:23.418Z,0x3133a23d404bd4b075adb3b0fd9d93b97e87905acd3d4aebce4d9403638ccab1,,variant-batch live execution
datm-live-2026-07-13T12-22-03-136Z,C,entity-04-normal,normal,9,2026-07-13T12:23:26.016Z,2026-07-13T12:23:26.016Z,2026-07-13T12:23:26.016Z,0,2026-07-13T12:23:26.135Z,0x06a6a8ce6228c1383a97d57c8cf64f62adcdda0927534f3bfeea345f3639feab,2026-07-13T12:23:30.396Z,success,40199,1000,6379273,0x19d18e7e7801c0b5650700731c9ebe20372a7de60b4f7f82b203bb9137aa397e,2026-07-13T12:23:30.396Z,4261,4261,4380,93,Trusted,2026-07-13T12:23:23.418Z,0x67f7a9031da875573bc62b6a484393dc6c94a38f19b85f5915b0f7a7fa5991a6,,variant-batch live execution
datm-live-2026-07-13T12-22-03-136Z,C,entity-05-suspicious,suspicious,9,2026-07-13T12:23:26.018Z,2026-07-13T12:23:26.018Z,2026-07-13T12:23:26.018Z,0,2026-07-13T12:23:26.164Z,0xb4959d71f7c3ed3007f48cccf9abba7e02f9f76f8b79fba03c1790d7c2cbcbb3,2026-07-13T12:23:30.397Z,success,40279,1000,6379273,0x19d18e7e7801c0b5650700731c9ebe20372a7de60b4f7f82b203bb9137aa397e,2026-07-13T12:23:30.397Z,4233,4233,4379,63,Suspicious,2026-07-13T12:23:23.418Z,0x411ec780917aaeea1ff300d2a09764427b45bafa0a092a1912a9e274e71db05e,,variant-batch live execution
datm-live-2026-07-13T12-22-03-136Z,C,entity-06-suspicious,suspicious,9,2026-07-13T12:23:26.019Z,2026-07-13T12:23:26.019Z,2026-07-13T12:23:26.019Z,0,2026-07-13T12:23:26.164Z,0x889b294ae1cb0ddeba658bc06bd40909cd3ace85df76febc022f89b2de8573a5,2026-07-13T12:23:30.398Z,success,40291,1000,6379273,0x19d18e7e7801c0b5650700731c9ebe20372a7de60b4f7f82b203bb9137aa397e,2026-07-13T12:23:30.398Z,4234,4234,4379,61,Suspicious,2026-07-13T12:23:23.418Z,0xc8d76d92436504015c875811b68ee312cca253b26bee11af74273b1cb9c4e373,,variant-batch live execution
datm-live-2026-07-13T12-22-03-136Z,C,entity-07-suspicious,suspicious,9,2026-07-13T12:23:26.019Z,2026-07-13T12:23:26.019Z,2026-07-13T12:23:26.019Z,0,2026-07-13T12:23:26.164Z,0x7c1799c10e9be37b85508833a826eacb00c20d83962805bf437697fb4187f546,2026-07-13T12:23:30.580Z,success,40291,1000,6379273,0x19d18e7e7801c0b5650700731c9ebe20372a7de60b4f7f82b203bb9137aa397e,2026-07-13T12:23:30.580Z,4416,4416,4561,62,Suspicious,2026-07-13T12:23:23.418Z,0x12a15e7358cee9350fc8209e562416d89f607a3b9dce6607f2fc0b201e72d74e,,variant-batch live execution
datm-live-2026-07-13T12-22-03-136Z,C,entity-08-malicious,malicious,9,2026-07-13T12:23:26.020Z,2026-07-13T12:23:26.020Z,2026-07-13T12:23:26.020Z,0,2026-07-13T12:23:26.164Z,0xd4530f6de90f842dc967734916d10513293489268e9d2afb15686f81897e0446,2026-07-13T12:23:30.608Z,success,40290,1000,6379273,0x19d18e7e7801c0b5650700731c9ebe20372a7de60b4f7f82b203bb9137aa397e,2026-07-13T12:23:30.608Z,4444,4444,4588,28,Untrusted,2026-07-13T12:23:23.418Z,0x9d79b6e056ad71977c91bd073a0788ce8339098a32c2144ac8177f53f7c52c34,,variant-batch live execution
datm-live-2026-07-13T12-22-03-136Z,C,entity-09-malicious,malicious,9,2026-07-13T12:23:26.021Z,2026-07-13T12:23:26.021Z,2026-07-13T12:23:26.021Z,0,2026-07-13T12:23:26.165Z,0xfc5c8a9e29c1e58a391f3695a78e4d19a88a2cbbe7e4ab63a228a9c0d419e7b4,2026-07-13T12:23:30.654Z,success,40290,1000,6379273,0x19d18e7e7801c0b5650700731c9ebe20372a7de60b4f7f82b203bb9137aa397e,2026-07-13T12:23:30.654Z,4489,4489,4633,29,Untrusted,2026-07-13T12:23:23.418Z,0x408803a29be81a418c2f2a02d43a91a28145f21d9e3a6ed7ae765aa780fe5513,,variant-batch live execution
datm-live-2026-07-13T12-22-03-136Z,C,entity-01-normal,normal,10,2026-07-13T12:23:35.774Z,2026-07-13T12:23:35.774Z,2026-07-13T12:23:35.774Z,0,2026-07-13T12:23:35.889Z,0xf641944c42e2ddbc2b43f3eef06e9b68dd8f526fb8711f6559fa585f10a549db,2026-07-13T12:23:40.396Z,success,40211,1000,6379275,0x0adbc2c639ec43d96f8a82c213ecc199a237124ec4c162ba9e9f0b9880a81925,2026-07-13T12:23:40.396Z,4507,4507,4622,91,Trusted,2026-07-13T12:23:33.418Z,0x854186181bb04513ae2268ddbf88db527fa75267934b16f8f5c9311dde0dc5d2,,variant-batch live execution
datm-live-2026-07-13T12-22-03-136Z,C,entity-02-normal,normal,10,2026-07-13T12:23:35.775Z,2026-07-13T12:23:35.775Z,2026-07-13T12:23:35.775Z,0,2026-07-13T12:23:35.890Z,0x91e42c87b5b7e128262e88afd14ce0857d3c8cad06f081ccb5ced04e26d56b29,2026-07-13T12:23:40.401Z,success,40199,1000,6379275,0x0adbc2c639ec43d96f8a82c213ecc199a237124ec4c162ba9e9f0b9880a81925,2026-07-13T12:23:40.401Z,4511,4511,4626,93,Trusted,2026-07-13T12:23:33.418Z,0x1fa557ac05204c50b9420a7a5c84941c5179c3a6cfa7b41c5dd280ed3e52c6bf,,variant-batch live execution
datm-live-2026-07-13T12-22-03-136Z,C,entity-03-normal,normal,10,2026-07-13T12:23:35.776Z,2026-07-13T12:23:35.776Z,2026-07-13T12:23:35.776Z,0,2026-07-13T12:23:35.910Z,0x3be687c192f9c4620082377f199310b8faf10ae483e884a128139545bf567f26,2026-07-13T12:23:40.401Z,success,40199,1000,6379275,0x0adbc2c639ec43d96f8a82c213ecc199a237124ec4c162ba9e9f0b9880a81925,2026-07-13T12:23:40.401Z,4491,4491,4625,93,Trusted,2026-07-13T12:23:33.418Z,0x6db81c0a6b53fd404bc2fddfce01ea4a7ba27cce360e37358d68a06acb99a9ed,,variant-batch live execution
datm-live-2026-07-13T12-22-03-136Z,C,entity-04-normal,normal,10,2026-07-13T12:23:35.776Z,2026-07-13T12:23:35.776Z,2026-07-13T12:23:35.776Z,0,2026-07-13T12:23:35.910Z,0x62cd6da165ed4a76a954bebd21963d83879a292943339b179dad1bee82fcca02,2026-07-13T12:23:40.402Z,success,40211,1000,6379275,0x0adbc2c639ec43d96f8a82c213ecc199a237124ec4c162ba9e9f0b9880a81925,2026-07-13T12:23:40.402Z,4492,4492,4626,91,Trusted,2026-07-13T12:23:33.418Z,0x2baa3507acc02cf913191828116945399383a7b3caa51df4f894b49535c3a304,,variant-batch live execution
datm-live-2026-07-13T12-22-03-136Z,C,entity-05-suspicious,suspicious,10,2026-07-13T12:23:35.777Z,2026-07-13T12:23:35.777Z,2026-07-13T12:23:35.777Z,0,2026-07-13T12:23:35.910Z,0xc66ff4f342e17d02933d1494849fefe130e45122efb1596dfa6cb96a35e39d9e,2026-07-13T12:23:40.495Z,success,40291,1000,6379275,0x0adbc2c639ec43d96f8a82c213ecc199a237124ec4c162ba9e9f0b9880a81925,2026-07-13T12:23:40.495Z,4585,4585,4718,61,Suspicious,2026-07-13T12:23:33.418Z,0xc70621dfd3aa1f1e45f5455e6931eb587119b3dea0eeed23af68f143596ccdee,,variant-batch live execution
datm-live-2026-07-13T12-22-03-136Z,C,entity-06-suspicious,suspicious,10,2026-07-13T12:23:35.777Z,2026-07-13T12:23:35.777Z,2026-07-13T12:23:35.777Z,0,2026-07-13T12:23:35.911Z,0x19f7498c1f4ca4f4cb006abaa2d250e7122f78473e371a7bc538edbdf5d3c5ab,2026-07-13T12:23:40.400Z,success,40291,1000,6379275,0x0adbc2c639ec43d96f8a82c213ecc199a237124ec4c162ba9e9f0b9880a81925,2026-07-13T12:23:40.400Z,4489,4489,4623,60,Suspicious,2026-07-13T12:23:33.418Z,0x82152fd64a43bdba7740e2bb498c43a7501fac6059528394961bddabbdfef776,,variant-batch live execution
datm-live-2026-07-13T12-22-03-136Z,C,entity-07-suspicious,suspicious,10,2026-07-13T12:23:35.778Z,2026-07-13T12:23:35.778Z,2026-07-13T12:23:35.778Z,0,2026-07-13T12:23:35.911Z,0xdbd1bb24a1933a512d4adc7f70c4ef236ec47846274a81a861e8b03424528c31,2026-07-13T12:23:40.791Z,success,40291,1000,6379275,0x0adbc2c639ec43d96f8a82c213ecc199a237124ec4c162ba9e9f0b9880a81925,2026-07-13T12:23:40.791Z,4880,4880,5013,63,Suspicious,2026-07-13T12:23:33.418Z,0x1b1fb82cfaab9c5df4b6c0558798d1e428eb9d965759dd3a1ce0eb08528ed7f1,,variant-batch live execution
datm-live-2026-07-13T12-22-03-136Z,C,entity-08-malicious,malicious,10,2026-07-13T12:23:35.778Z,2026-07-13T12:23:35.778Z,2026-07-13T12:23:35.778Z,0,2026-07-13T12:23:35.918Z,0xd43e40acb822f922ffafac3ab76607a9353a1ce72a8a41b2d0a051a94c4a7e94,2026-07-13T12:23:40.812Z,success,40290,1000,6379275,0x0adbc2c639ec43d96f8a82c213ecc199a237124ec4c162ba9e9f0b9880a81925,2026-07-13T12:23:40.812Z,4894,4894,5034,29,Untrusted,2026-07-13T12:23:33.418Z,0xac15e00851d80974fabfa70ba4ac8c306646e9ea2f5f16b9f56d2e0c071fd4c0,,variant-batch live execution
datm-live-2026-07-13T12-22-03-136Z,C,entity-09-malicious,malicious,10,2026-07-13T12:23:35.779Z,2026-07-13T12:23:35.779Z,2026-07-13T12:23:35.779Z,0,2026-07-13T12:23:35.918Z,0xc9af4bbe0f22b62ceee9bb43e0ba17b3dc952b5afbdc31d2e6414884c76f378a,2026-07-13T12:23:40.869Z,success,40290,1000,6379275,0x0adbc2c639ec43d96f8a82c213ecc199a237124ec4c162ba9e9f0b9880a81925,2026-07-13T12:23:40.869Z,4951,4951,5090,27,Untrusted,2026-07-13T12:23:33.418Z,0xcf1f6e5673ccb54a58f24b752d08982bb59e3cb65bc45aeb598c1d6de30bad2e,,variant-batch live execution
datm-live-2026-07-13T12-22-03-136Z,C,entity-01-normal,normal,11,2026-07-13T12:23:46.325Z,2026-07-13T12:23:46.325Z,2026-07-13T12:23:46.325Z,0,2026-07-13T12:23:46.447Z,0x76d092d6deef08c1bf54046bf54871475a69854bb34206b0b6dd551384e5d058,2026-07-13T12:23:50.760Z,success,40199,1000,6379277,0x1fc11b8477bfda72457c240772412e1d3ec6901ab664b8c26b726ef9936cb1fa,2026-07-13T12:23:50.760Z,4313,4313,4435,92,Trusted,2026-07-13T12:23:43.418Z,0x288905007ef2c1c578a0d43eb7428e066f9ba566db101074e3a13aa16fb1c5e2,,variant-batch live execution
datm-live-2026-07-13T12-22-03-136Z,C,entity-02-normal,normal,11,2026-07-13T12:23:46.326Z,2026-07-13T12:23:46.326Z,2026-07-13T12:23:46.326Z,0,2026-07-13T12:23:46.482Z,0x9a83e90603a2cd5a9d52b141ef15338b121ba6b2954546be779ae2fe4479ad00,2026-07-13T12:23:50.763Z,success,40211,1000,6379277,0x1fc11b8477bfda72457c240772412e1d3ec6901ab664b8c26b726ef9936cb1fa,2026-07-13T12:23:50.763Z,4281,4281,4437,92,Trusted,2026-07-13T12:23:43.418Z,0x747027186746f594eb44100e6afb67c163f8f7c5ec6ed57b5bb7e950840e33b7,,variant-batch live execution
datm-live-2026-07-13T12-22-03-136Z,C,entity-03-normal,normal,11,2026-07-13T12:23:46.327Z,2026-07-13T12:23:46.327Z,2026-07-13T12:23:46.327Z,0,2026-07-13T12:23:46.509Z,0xbfb2bd2816bbee9c8a992c0cb87eac17a8b59727e17aa668e3dff044d054c31c,2026-07-13T12:23:50.764Z,success,40223,1000,6379277,0x1fc11b8477bfda72457c240772412e1d3ec6901ab664b8c26b726ef9936cb1fa,2026-07-13T12:23:50.764Z,4255,4255,4437,91,Trusted,2026-07-13T12:23:43.418Z,0xb939ce1491e028f5ff631ee7f5b88b1a49fd634daea447760971a27d1c88229f,,variant-batch live execution
datm-live-2026-07-13T12-22-03-136Z,C,entity-04-normal,normal,11,2026-07-13T12:23:46.329Z,2026-07-13T12:23:46.329Z,2026-07-13T12:23:46.329Z,0,2026-07-13T12:23:46.509Z,0xfb2284be6490c85803e9285c1410a896942ee0f6188f7d5e7dc8ada4b49b00f4,2026-07-13T12:23:50.764Z,success,40211,1000,6379277,0x1fc11b8477bfda72457c240772412e1d3ec6901ab664b8c26b726ef9936cb1fa,2026-07-13T12:23:50.764Z,4255,4255,4435,92,Trusted,2026-07-13T12:23:43.418Z,0x4983ec7fbeb8f58caef3356b6d4637b5891e286d42f2390bfe403f6b960cdc66,,variant-batch live execution
datm-live-2026-07-13T12-22-03-136Z,C,entity-05-suspicious,suspicious,11,2026-07-13T12:23:46.330Z,2026-07-13T12:23:46.330Z,2026-07-13T12:23:46.330Z,0,2026-07-13T12:23:46.509Z,0x64499a6c2a38335db1b845a42cea316d8beffc96a3b06590d2bdd0a985d191e7,2026-07-13T12:23:50.791Z,success,40291,1000,6379277,0x1fc11b8477bfda72457c240772412e1d3ec6901ab664b8c26b726ef9936cb1fa,2026-07-13T12:23:50.791Z,4282,4282,4461,60,Suspicious,2026-07-13T12:23:43.418Z,0x559e242c405dd08458663f547e200eed3df2fd5eb66f2c2785bc07c1bae94168,,variant-batch live execution
datm-live-2026-07-13T12-22-03-136Z,C,entity-06-suspicious,suspicious,11,2026-07-13T12:23:46.331Z,2026-07-13T12:23:46.331Z,2026-07-13T12:23:46.331Z,0,2026-07-13T12:23:46.509Z,0x34161a4b889ecdf4175075935eb263cdc1885211a65e8c5b7373c98dd0be077f,2026-07-13T12:23:50.766Z,success,40279,1000,6379277,0x1fc11b8477bfda72457c240772412e1d3ec6901ab664b8c26b726ef9936cb1fa,2026-07-13T12:23:50.766Z,4257,4257,4435,61,Suspicious,2026-07-13T12:23:43.418Z,0x72e71f1b0206a2091ef4239b5957f8f56830ed00d6b2028fbddb4058310b2733,,variant-batch live execution
datm-live-2026-07-13T12-22-03-136Z,C,entity-07-suspicious,suspicious,11,2026-07-13T12:23:46.332Z,2026-07-13T12:23:46.332Z,2026-07-13T12:23:46.332Z,0,2026-07-13T12:23:46.545Z,0xadcc106233a22cc287d6e769c868b8a0ca8f0d4e4db425875a121aea28a3a971,2026-07-13T12:23:50.978Z,success,40291,1000,6379277,0x1fc11b8477bfda72457c240772412e1d3ec6901ab664b8c26b726ef9936cb1fa,2026-07-13T12:23:50.978Z,4433,4433,4646,60,Suspicious,2026-07-13T12:23:43.418Z,0x08ad0e16d3d750394a6e09d48abf988409c6c62980eb684bf4a6b95c44ba6240,,variant-batch live execution
datm-live-2026-07-13T12-22-03-136Z,C,entity-08-malicious,malicious,11,2026-07-13T12:23:46.333Z,2026-07-13T12:23:46.333Z,2026-07-13T12:23:46.333Z,0,2026-07-13T12:23:46.545Z,0x5bfdc41bff02d46fce7a3d728100204b588bcddb705035720e36709d945889ba,2026-07-13T12:23:50.958Z,success,40290,1000,6379277,0x1fc11b8477bfda72457c240772412e1d3ec6901ab664b8c26b726ef9936cb1fa,2026-07-13T12:23:50.958Z,4413,4413,4625,27,Untrusted,2026-07-13T12:23:43.418Z,0x8a0e62bea46d818f0ac4ad6ae2ae582ccdd16def9ad7cd078f075707b6ea6583,,variant-batch live execution
datm-live-2026-07-13T12-22-03-136Z,C,entity-09-malicious,malicious,11,2026-07-13T12:23:46.334Z,2026-07-13T12:23:46.334Z,2026-07-13T12:23:46.334Z,0,2026-07-13T12:23:46.546Z,0x72d784abfbd8959342631a7dc1b270ea9b5a52b9fdd477988bb525c3924b0a3e,2026-07-13T12:23:51.006Z,success,40290,1000,6379277,0x1fc11b8477bfda72457c240772412e1d3ec6901ab664b8c26b726ef9936cb1fa,2026-07-13T12:23:51.006Z,4460,4460,4672,27,Untrusted,2026-07-13T12:23:43.418Z,0x21263a8b91e93da12626911f0cee4720d68c61bee4dceaacae1191e53f816d2e,,variant-batch live execution
datm-live-2026-07-13T12-22-03-136Z,C,entity-01-normal,normal,12,2026-07-13T12:23:56.127Z,2026-07-13T12:23:56.127Z,2026-07-13T12:23:56.127Z,0,2026-07-13T12:23:56.254Z,0x371b4b880e8d269b185d4b61624b909d7f879e68c17ba285f75252ccd182096a,2026-07-13T12:24:00.507Z,success,40199,1000,6379279,0x635a1846f8bf2090bff6bb81c8ce51e52708de409a7f749d6a7d1ce2ab6d6749,2026-07-13T12:24:00.507Z,4253,4253,4380,93,Trusted,2026-07-13T12:23:53.418Z,0xeb8cc030c55df678fbf8f6cec3ee07ad2224cc2eaf954a9722ea06127629c5ae,,variant-batch live execution
datm-live-2026-07-13T12-22-03-136Z,C,entity-02-normal,normal,12,2026-07-13T12:23:56.129Z,2026-07-13T12:23:56.129Z,2026-07-13T12:23:56.129Z,0,2026-07-13T12:23:56.264Z,0x632fff17aedc02cdaaac05bb7a809869194d54c1495e433439cff129a4830e30,2026-07-13T12:24:00.508Z,success,40211,1000,6379279,0x635a1846f8bf2090bff6bb81c8ce51e52708de409a7f749d6a7d1ce2ab6d6749,2026-07-13T12:24:00.508Z,4244,4244,4379,92,Trusted,2026-07-13T12:23:53.418Z,0xd8cf3a2dde94d302cd36496931d2ecadc4ddc2e79e81a918f1d5cfd44c06202b,,variant-batch live execution
datm-live-2026-07-13T12-22-03-136Z,C,entity-03-normal,normal,12,2026-07-13T12:23:56.129Z,2026-07-13T12:23:56.129Z,2026-07-13T12:23:56.129Z,0,2026-07-13T12:23:56.264Z,0xee750b0e71a85f86abac596d39e6f7858215afc0cdf2003ebe85d1fc838e0ef2,2026-07-13T12:24:00.509Z,success,40199,1000,6379279,0x635a1846f8bf2090bff6bb81c8ce51e52708de409a7f749d6a7d1ce2ab6d6749,2026-07-13T12:24:00.509Z,4245,4245,4380,93,Trusted,2026-07-13T12:23:53.418Z,0x2f4650e420f8ec7231905c162759a5aafc43f5df01cb9c6fbaa10d2d34157ea2,,variant-batch live execution
datm-live-2026-07-13T12-22-03-136Z,C,entity-04-normal,normal,12,2026-07-13T12:23:56.130Z,2026-07-13T12:23:56.130Z,2026-07-13T12:23:56.130Z,0,2026-07-13T12:23:56.265Z,0x593e7b418bef6da99dadd2188699592f9797fadec7280597108b5a381f8b6ef0,2026-07-13T12:24:00.511Z,success,40199,1000,6379279,0x635a1846f8bf2090bff6bb81c8ce51e52708de409a7f749d6a7d1ce2ab6d6749,2026-07-13T12:24:00.511Z,4246,4246,4381,93,Trusted,2026-07-13T12:23:53.418Z,0xf3e90d7a1cc8021c0c9f1a4ff4a47597460642092f4ee6cf785cc85e65f07d37,,variant-batch live execution
datm-live-2026-07-13T12-22-03-136Z,C,entity-05-suspicious,suspicious,12,2026-07-13T12:23:56.131Z,2026-07-13T12:23:56.131Z,2026-07-13T12:23:56.131Z,0,2026-07-13T12:23:56.265Z,0x78a3c4e546c029c9814d6453f5f1f89ff8c10c8647e2a4dfb85054576d3a4b59,2026-07-13T12:24:00.512Z,success,40291,1000,6379279,0x635a1846f8bf2090bff6bb81c8ce51e52708de409a7f749d6a7d1ce2ab6d6749,2026-07-13T12:24:00.512Z,4247,4247,4381,61,Suspicious,2026-07-13T12:23:53.418Z,0xfac4fd2cec1af0cce8740f03b0a88f609e66e08f218b061e80457dfdc9e4e63f,,variant-batch live execution
datm-live-2026-07-13T12-22-03-136Z,C,entity-06-suspicious,suspicious,12,2026-07-13T12:23:56.132Z,2026-07-13T12:23:56.132Z,2026-07-13T12:23:56.132Z,0,2026-07-13T12:23:56.265Z,0x5c9751e09cf7e86dfcf49591b0a5477703861e98528aea5659d6ef89a58d392a,2026-07-13T12:24:00.535Z,success,40291,1000,6379279,0x635a1846f8bf2090bff6bb81c8ce51e52708de409a7f749d6a7d1ce2ab6d6749,2026-07-13T12:24:00.535Z,4270,4270,4403,62,Suspicious,2026-07-13T12:23:53.418Z,0xe62efb5e958fdbeafd6768eac955a33fcb8e417ce23a49e51ef68c1942760bc7,,variant-batch live execution
datm-live-2026-07-13T12-22-03-136Z,C,entity-07-suspicious,suspicious,12,2026-07-13T12:23:56.133Z,2026-07-13T12:23:56.133Z,2026-07-13T12:23:56.133Z,0,2026-07-13T12:23:56.283Z,0x6607b3096e5ac677d7cbb14aa56b2b5499a9fe0499d29ef3ed3e4e03cff4d3b4,2026-07-13T12:24:00.703Z,success,40291,1000,6379279,0x635a1846f8bf2090bff6bb81c8ce51e52708de409a7f749d6a7d1ce2ab6d6749,2026-07-13T12:24:00.703Z,4420,4420,4570,60,Suspicious,2026-07-13T12:23:53.418Z,0x01dae6679e2df05cada8d1947dc4e5a4c3c5a0c74201458a361f56059e2496cb,,variant-batch live execution
datm-live-2026-07-13T12-22-03-136Z,C,entity-08-malicious,malicious,12,2026-07-13T12:23:56.134Z,2026-07-13T12:23:56.134Z,2026-07-13T12:23:56.134Z,0,2026-07-13T12:23:56.283Z,0x23595d74d6f34ee346a961128e48f311e673fe3b7bed388a87a06ba8e7017ff1,2026-07-13T12:24:00.689Z,success,40290,1000,6379279,0x635a1846f8bf2090bff6bb81c8ce51e52708de409a7f749d6a7d1ce2ab6d6749,2026-07-13T12:24:00.689Z,4406,4406,4555,27,Untrusted,2026-07-13T12:23:53.418Z,0x610a8563242eb8069e25aafea6c15e82f52308fa93bfc0cff6da800957468a45,,variant-batch live execution
datm-live-2026-07-13T12-22-03-136Z,C,entity-09-malicious,malicious,12,2026-07-13T12:23:56.135Z,2026-07-13T12:23:56.135Z,2026-07-13T12:23:56.135Z,0,2026-07-13T12:23:56.284Z,0xe7b82eb73e4fb022f16a87da92c164afff3534d4b617630406e5d6f19e04fe10,2026-07-13T12:24:00.735Z,success,40290,1000,6379279,0x635a1846f8bf2090bff6bb81c8ce51e52708de409a7f749d6a7d1ce2ab6d6749,2026-07-13T12:24:00.735Z,4451,4451,4600,29,Untrusted,2026-07-13T12:23:53.418Z,0xbb12aa329e75c9cc30453cd8601e06428a0dd3151f6f4896c4060db5b0e9ca26,,variant-batch live execution
datm-live-2026-07-13T12-22-03-136Z,C,entity-01-normal,normal,13,2026-07-13T12:24:05.859Z,2026-07-13T12:24:05.859Z,2026-07-13T12:24:05.859Z,0,2026-07-13T12:24:05.992Z,0xff9e34af37a595486f1e1fd12b21c6c21edb3f086a6c98ed0d015af8f30ebcc2,2026-07-13T12:24:10.258Z,success,40211,1000,6379281,0xf738260f477bae735682d060e478fd659cfe57f9a044cfb21a8f538376e23480,2026-07-13T12:24:10.258Z,4266,4266,4399,92,Trusted,2026-07-13T12:24:03.418Z,0x218df87c4cc4764ee612ecc7b365f90df772faa12f88ff0e68fe3b786eb8ce14,,variant-batch live execution
datm-live-2026-07-13T12-22-03-136Z,C,entity-02-normal,normal,13,2026-07-13T12:24:05.861Z,2026-07-13T12:24:05.861Z,2026-07-13T12:24:05.861Z,0,2026-07-13T12:24:05.993Z,0x6b117340ecc1978212fcac8f0867a4ae423441d555c8538abb2ed334c0333e2b,2026-07-13T12:24:10.284Z,success,40199,1000,6379281,0xf738260f477bae735682d060e478fd659cfe57f9a044cfb21a8f538376e23480,2026-07-13T12:24:10.284Z,4291,4291,4423,93,Trusted,2026-07-13T12:24:03.418Z,0x78a9b6e254523cf272b4d2138b8090da0b6cecb0cb41b95917d76603e1eef710,,variant-batch live execution
datm-live-2026-07-13T12-22-03-136Z,C,entity-03-normal,normal,13,2026-07-13T12:24:05.862Z,2026-07-13T12:24:05.862Z,2026-07-13T12:24:05.862Z,0,2026-07-13T12:24:06.020Z,0xd28358ad0a6ebba61fc7ef49523e5a69f7d465c4b7915634373ca4ac05f1520f,2026-07-13T12:24:10.265Z,success,40199,1000,6379281,0xf738260f477bae735682d060e478fd659cfe57f9a044cfb21a8f538376e23480,2026-07-13T12:24:10.265Z,4245,4245,4403,93,Trusted,2026-07-13T12:24:03.418Z,0xa8eb836b2cd4ac670b223626cbe063afa6e72e694cafc94c764294360e222e2c,,variant-batch live execution
datm-live-2026-07-13T12-22-03-136Z,C,entity-04-normal,normal,13,2026-07-13T12:24:05.862Z,2026-07-13T12:24:05.862Z,2026-07-13T12:24:05.862Z,0,2026-07-13T12:24:06.020Z,0x268144081be4edc2fbc8b4d9d6538bdd2a2a016b731b3e9d1f7dc9b0708a6788,2026-07-13T12:24:10.265Z,success,40211,1000,6379281,0xf738260f477bae735682d060e478fd659cfe57f9a044cfb21a8f538376e23480,2026-07-13T12:24:10.265Z,4245,4245,4403,92,Trusted,2026-07-13T12:24:03.418Z,0xda8e7f589bbad4e518c4343a0d1a37e402d58a1f557a6dff4e9c7e7279723adc,,variant-batch live execution
datm-live-2026-07-13T12-22-03-136Z,C,entity-05-suspicious,suspicious,13,2026-07-13T12:24:05.863Z,2026-07-13T12:24:05.863Z,2026-07-13T12:24:05.863Z,0,2026-07-13T12:24:06.020Z,0xd87c1fc367fc2cbe7aa05d53ce684982262a22ba3fc7e848aaa5af48c5286ac7,2026-07-13T12:24:10.266Z,success,40291,1000,6379281,0xf738260f477bae735682d060e478fd659cfe57f9a044cfb21a8f538376e23480,2026-07-13T12:24:10.266Z,4246,4246,4403,62,Suspicious,2026-07-13T12:24:03.418Z,0xc3951fa653b603835cacb1fc2ee34536be1f2988805ee0f48ba5a7a8a1f25f93,,variant-batch live execution
datm-live-2026-07-13T12-22-03-136Z,C,entity-06-suspicious,suspicious,13,2026-07-13T12:24:05.864Z,2026-07-13T12:24:05.864Z,2026-07-13T12:24:05.864Z,0,2026-07-13T12:24:06.020Z,0x7a95a4173c58461d4a23516f8b2d7209ca2c0b34c6ae62bf45c5aff780050017,2026-07-13T12:24:10.266Z,success,40291,1000,6379281,0xf738260f477bae735682d060e478fd659cfe57f9a044cfb21a8f538376e23480,2026-07-13T12:24:10.266Z,4246,4246,4402,61,Suspicious,2026-07-13T12:24:03.418Z,0x82779d1f4271c91cb5e08fb14a830bdfa7072a84282840084ba97223c837155d,,variant-batch live execution
datm-live-2026-07-13T12-22-03-136Z,C,entity-07-suspicious,suspicious,13,2026-07-13T12:24:05.865Z,2026-07-13T12:24:05.865Z,2026-07-13T12:24:05.865Z,0,2026-07-13T12:24:06.020Z,0x56a21ef88151754ddca827ee4cf9089cc2c2f445120034f9ef0ba838fae9e0fc,2026-07-13T12:24:10.442Z,success,40291,1000,6379281,0xf738260f477bae735682d060e478fd659cfe57f9a044cfb21a8f538376e23480,2026-07-13T12:24:10.442Z,4422,4422,4577,61,Suspicious,2026-07-13T12:24:03.418Z,0x02c322363022121fcb2520d35780eeeced9b7b9332567aaf76d44cc6a8326b05,,variant-batch live execution
datm-live-2026-07-13T12-22-03-136Z,C,entity-08-malicious,malicious,13,2026-07-13T12:24:05.866Z,2026-07-13T12:24:05.866Z,2026-07-13T12:24:05.866Z,0,2026-07-13T12:24:06.021Z,0xeab297296b37e2acbbf2299e666a1e9579c8ee67e731198f3fd468c45e333812,2026-07-13T12:24:10.469Z,success,40290,1000,6379281,0xf738260f477bae735682d060e478fd659cfe57f9a044cfb21a8f538376e23480,2026-07-13T12:24:10.469Z,4448,4448,4603,29,Untrusted,2026-07-13T12:24:03.418Z,0x3945e4bfc28986fbbba1e6266e6058f7cf2bc0457640c75728f2cac2a16e8581,,variant-batch live execution
datm-live-2026-07-13T12-22-03-136Z,C,entity-09-malicious,malicious,13,2026-07-13T12:24:05.867Z,2026-07-13T12:24:05.867Z,2026-07-13T12:24:05.867Z,0,2026-07-13T12:24:06.021Z,0x6d1a26eabf51d36be3736373492e7a9cdcbb194b93797ee942ac0f72bc3e4b54,2026-07-13T12:24:10.498Z,success,40290,1000,6379281,0xf738260f477bae735682d060e478fd659cfe57f9a044cfb21a8f538376e23480,2026-07-13T12:24:10.498Z,4477,4477,4631,27,Untrusted,2026-07-13T12:24:03.418Z,0x70ad95700cf812cb7672e8d9cf4e93eca30e2186bb542f1918297b796af15de5,,variant-batch live execution
datm-live-2026-07-13T12-22-03-136Z,C,entity-01-normal,normal,14,2026-07-13T12:24:15.613Z,2026-07-13T12:24:15.613Z,2026-07-13T12:24:15.613Z,0,2026-07-13T12:24:15.739Z,0x23ac35541999f291d77812ddc5106d06cdcfcd25acaeb0cc839419b2056a9df5,2026-07-13T12:24:19.996Z,success,40199,1000,6379283,0x571bfe39de20881d74338896c21c193c068769a086ffaf3cd56ee618a46dc267,2026-07-13T12:24:19.996Z,4257,4257,4383,92,Trusted,2026-07-13T12:24:13.418Z,0x7c03f139d88e8c21aca0c8055059391be5bd7a99d8a2434e94022e173f3ce0b7,,variant-batch live execution
datm-live-2026-07-13T12-22-03-136Z,C,entity-02-normal,normal,14,2026-07-13T12:24:15.614Z,2026-07-13T12:24:15.614Z,2026-07-13T12:24:15.614Z,0,2026-07-13T12:24:15.748Z,0x50309b1d30d3a42f6aadafee4968f0581c0fc9cc5af56862d6b7856f56635fde,2026-07-13T12:24:19.999Z,success,40199,1000,6379283,0x571bfe39de20881d74338896c21c193c068769a086ffaf3cd56ee618a46dc267,2026-07-13T12:24:19.999Z,4251,4251,4385,93,Trusted,2026-07-13T12:24:13.418Z,0xbb0d446a2dbbfb99fa8336d141e5b6ca9c05907f98ebe02d0ad44a2ed80da4ad,,variant-batch live execution
datm-live-2026-07-13T12-22-03-136Z,C,entity-03-normal,normal,14,2026-07-13T12:24:15.616Z,2026-07-13T12:24:15.616Z,2026-07-13T12:24:15.616Z,0,2026-07-13T12:24:15.749Z,0x58be89b2dfdffb9ec4a1839554fc3b6596853b29d02a84222f2cc5abe89c7acd,2026-07-13T12:24:20.002Z,success,40211,1000,6379283,0x571bfe39de20881d74338896c21c193c068769a086ffaf3cd56ee618a46dc267,2026-07-13T12:24:20.002Z,4253,4253,4386,91,Trusted,2026-07-13T12:24:13.418Z,0x2007fa1b3a243bf39ec172fd7835ff12bfdd0e07141daf0cc8ac48da2dee83a3,,variant-batch live execution
datm-live-2026-07-13T12-22-03-136Z,C,entity-04-normal,normal,14,2026-07-13T12:24:15.617Z,2026-07-13T12:24:15.617Z,2026-07-13T12:24:15.617Z,0,2026-07-13T12:24:15.749Z,0x44e7f4b98de703741a01c8532cdb5314f26611a34e12eed81fd40056a130c938,2026-07-13T12:24:20.000Z,success,40199,1000,6379283,0x571bfe39de20881d74338896c21c193c068769a086ffaf3cd56ee618a46dc267,2026-07-13T12:24:20.000Z,4251,4251,4383,92,Trusted,2026-07-13T12:24:13.418Z,0x31c41263104f32b02d6972faec830fccccba050362023089b3527c260acf86c3,,variant-batch live execution
datm-live-2026-07-13T12-22-03-136Z,C,entity-05-suspicious,suspicious,14,2026-07-13T12:24:15.618Z,2026-07-13T12:24:15.618Z,2026-07-13T12:24:15.618Z,0,2026-07-13T12:24:15.749Z,0x416c8164ea2bce017282f96a41ee9dfc1d84440c4fa4bb7e01c053223a73798e,2026-07-13T12:24:20.000Z,success,40291,1000,6379283,0x571bfe39de20881d74338896c21c193c068769a086ffaf3cd56ee618a46dc267,2026-07-13T12:24:20.000Z,4251,4251,4382,61,Suspicious,2026-07-13T12:24:13.418Z,0x8fdc3db68830c8da854e382507a6d38b5a04d7ecc22ae1fa3bb625426757d8ff,,variant-batch live execution
datm-live-2026-07-13T12-22-03-136Z,C,entity-06-suspicious,suspicious,14,2026-07-13T12:24:15.619Z,2026-07-13T12:24:15.619Z,2026-07-13T12:24:15.619Z,0,2026-07-13T12:24:15.767Z,0x566f2008d0554713b85737a782b72bbc29034054b659ca6a8e118291b9fbf96b,2026-07-13T12:24:20.025Z,success,40291,1000,6379283,0x571bfe39de20881d74338896c21c193c068769a086ffaf3cd56ee618a46dc267,2026-07-13T12:24:20.025Z,4258,4258,4406,60,Suspicious,2026-07-13T12:24:13.418Z,0xda649a039f6ad7114333d8ab1f74744a99470bf2e78fcf087931f0c6f7eb2c6f,,variant-batch live execution
datm-live-2026-07-13T12-22-03-136Z,C,entity-07-suspicious,suspicious,14,2026-07-13T12:24:15.619Z,2026-07-13T12:24:15.619Z,2026-07-13T12:24:15.619Z,0,2026-07-13T12:24:15.749Z,0xdcc2e1eedfa058c16181c0f9386ad6dbd8854a6ac18777306d14b48a3809cc4c,2026-07-13T12:24:20.191Z,success,40291,1000,6379283,0x571bfe39de20881d74338896c21c193c068769a086ffaf3cd56ee618a46dc267,2026-07-13T12:24:20.191Z,4442,4442,4572,62,Suspicious,2026-07-13T12:24:13.418Z,0x11464dff2332bfa885a58f405983959cf2cf239b5866b4e2bf5874b7738daa0e,,variant-batch live execution
datm-live-2026-07-13T12-22-03-136Z,C,entity-08-malicious,malicious,14,2026-07-13T12:24:15.620Z,2026-07-13T12:24:15.620Z,2026-07-13T12:24:15.620Z,0,2026-07-13T12:24:15.767Z,0xf02beef3bf1477597f065258acd8bcdaa703124590c0d4dccdd1b2a534a45c0b,2026-07-13T12:24:20.203Z,success,40290,1000,6379283,0x571bfe39de20881d74338896c21c193c068769a086ffaf3cd56ee618a46dc267,2026-07-13T12:24:20.203Z,4436,4436,4583,28,Untrusted,2026-07-13T12:24:13.418Z,0xc38c879af71fdc44d093e0c5be5816124ba3b43a866aec18e5c6cc8194aa45c9,,variant-batch live execution
datm-live-2026-07-13T12-22-03-136Z,C,entity-09-malicious,malicious,14,2026-07-13T12:24:15.621Z,2026-07-13T12:24:15.621Z,2026-07-13T12:24:15.621Z,0,2026-07-13T12:24:15.768Z,0xb59240fee1640b79311f76efa26eccf3c50416345f46070d8deb0c177aaab3e6,2026-07-13T12:24:20.230Z,success,40290,1000,6379283,0x571bfe39de20881d74338896c21c193c068769a086ffaf3cd56ee618a46dc267,2026-07-13T12:24:20.230Z,4462,4462,4609,26,Untrusted,2026-07-13T12:24:13.418Z,0x5dd91832d82919972cd11a62bc1980374452f05ea489bf818130420a7e667652,,variant-batch live execution
datm-live-2026-07-13T12-22-03-136Z,C,entity-01-normal,normal,15,2026-07-13T12:24:25.374Z,2026-07-13T12:24:25.374Z,2026-07-13T12:24:25.374Z,0,2026-07-13T12:24:25.504Z,0x0bcd4b3e4d198f4637859fe38996a69e0a699355fde1d81647334013cd558ea0,2026-07-13T12:24:29.755Z,success,40199,1000,6379285,0xacf5f3371d10385aaa4bcbce76826f181e927667f90b4ef889e6128bb1a89721,2026-07-13T12:24:29.755Z,4251,4251,4381,93,Trusted,2026-07-13T12:24:23.418Z,0x7e4ffcc62a285e54423982b9d3d9ff77fb074852df855da268162f053355733c,,variant-batch live execution
datm-live-2026-07-13T12-22-03-136Z,C,entity-02-normal,normal,15,2026-07-13T12:24:25.376Z,2026-07-13T12:24:25.376Z,2026-07-13T12:24:25.376Z,0,2026-07-13T12:24:25.505Z,0x8a2439c6b1094a13c35c32c3335562dbea80eb513d3a1626864227c7dd92350a,2026-07-13T12:24:29.759Z,success,40211,1000,6379285,0xacf5f3371d10385aaa4bcbce76826f181e927667f90b4ef889e6128bb1a89721,2026-07-13T12:24:29.759Z,4254,4254,4383,91,Trusted,2026-07-13T12:24:23.418Z,0x9e2c587d5c7cf0b0a3549baa0fa0393171d5e3ab933fb397db53c46a89d9dcbc,,variant-batch live execution
datm-live-2026-07-13T12-22-03-136Z,C,entity-03-normal,normal,15,2026-07-13T12:24:25.377Z,2026-07-13T12:24:25.377Z,2026-07-13T12:24:25.377Z,0,2026-07-13T12:24:25.520Z,0xd5037ef9066eca40946143ac9405f6aed84ca2baaabcd8f45afb7b71c064cbee,2026-07-13T12:24:29.773Z,success,40187,1000,6379285,0xacf5f3371d10385aaa4bcbce76826f181e927667f90b4ef889e6128bb1a89721,2026-07-13T12:24:29.773Z,4253,4253,4396,93,Trusted,2026-07-13T12:24:23.418Z,0x4d248b402c19c7d4a9002124f9fd94d37f8fba6bb4a0b750897132a3989cf8ef,,variant-batch live execution
datm-live-2026-07-13T12-22-03-136Z,C,entity-04-normal,normal,15,2026-07-13T12:24:25.378Z,2026-07-13T12:24:25.378Z,2026-07-13T12:24:25.378Z,0,2026-07-13T12:24:25.521Z,0x36e41346dc0be4c1321d4c1bab0c3519d809f4962a5b4e7ff2279b1049c1a69c,2026-07-13T12:24:29.758Z,success,40199,1000,6379285,0xacf5f3371d10385aaa4bcbce76826f181e927667f90b4ef889e6128bb1a89721,2026-07-13T12:24:29.758Z,4237,4237,4380,93,Trusted,2026-07-13T12:24:23.418Z,0xac38143746bec7898102c29fdf97585bea09b1b5c0b84a31b1999544453d9a2f,,variant-batch live execution
datm-live-2026-07-13T12-22-03-136Z,C,entity-05-suspicious,suspicious,15,2026-07-13T12:24:25.380Z,2026-07-13T12:24:25.380Z,2026-07-13T12:24:25.380Z,0,2026-07-13T12:24:25.522Z,0x6957598bd51714587052b59a9c1c08db904e2e7b752c109c8c07a5e92ea7b158,2026-07-13T12:24:29.759Z,success,40279,1000,6379285,0xacf5f3371d10385aaa4bcbce76826f181e927667f90b4ef889e6128bb1a89721,2026-07-13T12:24:29.759Z,4237,4237,4379,60,Suspicious,2026-07-13T12:24:23.418Z,0x04cd1557306e00269b83f752da0a7afc5e6e3cf4807d10df6ad62b89b18ad938,,variant-batch live execution
datm-live-2026-07-13T12-22-03-136Z,C,entity-06-suspicious,suspicious,15,2026-07-13T12:24:25.381Z,2026-07-13T12:24:25.381Z,2026-07-13T12:24:25.381Z,0,2026-07-13T12:24:25.522Z,0x8e8954d71144db21767ae45d8862badbf2dd3597a2a53aef5c9c68cb3085a931,2026-07-13T12:24:29.761Z,success,40291,1000,6379285,0xacf5f3371d10385aaa4bcbce76826f181e927667f90b4ef889e6128bb1a89721,2026-07-13T12:24:29.761Z,4239,4239,4380,64,Suspicious,2026-07-13T12:24:23.418Z,0xc02e3873f0427686f6dda5c1f68de435b35ea0ebe9f6f8d303eee2e0e636c4d2,,variant-batch live execution
datm-live-2026-07-13T12-22-03-136Z,C,entity-07-suspicious,suspicious,15,2026-07-13T12:24:25.382Z,2026-07-13T12:24:25.382Z,2026-07-13T12:24:25.382Z,0,2026-07-13T12:24:25.530Z,0x368ab757163dadd6f88a1e1034f8175c791f92f2810404c8a3d8a15e4648fb80,2026-07-13T12:24:29.932Z,success,40291,1000,6379285,0xacf5f3371d10385aaa4bcbce76826f181e927667f90b4ef889e6128bb1a89721,2026-07-13T12:24:29.932Z,4402,4402,4550,61,Suspicious,2026-07-13T12:24:23.418Z,0x43ee964a8a6a4afb8451bddf939eb1ad1608f2313e2eb5de8c0c9e8b0fb86013,,variant-batch live execution
datm-live-2026-07-13T12-22-03-136Z,C,entity-08-malicious,malicious,15,2026-07-13T12:24:25.383Z,2026-07-13T12:24:25.383Z,2026-07-13T12:24:25.383Z,0,2026-07-13T12:24:25.522Z,0x5c2dd7a0d448f87803f565bdb55cf104bc104015a039c7b5d59cdef839ef7f8c,2026-07-13T12:24:29.944Z,success,40290,1000,6379285,0xacf5f3371d10385aaa4bcbce76826f181e927667f90b4ef889e6128bb1a89721,2026-07-13T12:24:29.944Z,4422,4422,4561,26,Untrusted,2026-07-13T12:24:23.418Z,0x5074022ed64542386576861a52bf52c1ab7d8cef8aafa6c5529dad4cc30898e5,,variant-batch live execution
datm-live-2026-07-13T12-22-03-136Z,C,entity-09-malicious,malicious,15,2026-07-13T12:24:25.384Z,2026-07-13T12:24:25.384Z,2026-07-13T12:24:25.384Z,0,2026-07-13T12:24:25.530Z,0xc8a0c08a35d3802209451be893fcbc603286cd7bf303e13de3573bb57353c948,2026-07-13T12:24:29.975Z,success,40290,1000,6379285,0xacf5f3371d10385aaa4bcbce76826f181e927667f90b4ef889e6128bb1a89721,2026-07-13T12:24:29.975Z,4445,4445,4591,28,Untrusted,2026-07-13T12:24:23.418Z,0x703c74bc15ce475fa28d7cdb1b1364e2185233c017a458529041093b0c165cc1,,variant-batch live execution
datm-live-2026-07-13T12-22-03-136Z,C,entity-01-normal,normal,16,2026-07-13T12:24:35.093Z,2026-07-13T12:24:35.093Z,2026-07-13T12:24:35.093Z,0,2026-07-13T12:24:35.213Z,0xa5a1e538bbf6c5de687b24341e6da6dcce76f2de3e9213090fb79daa8c998b0e,2026-07-13T12:24:39.461Z,success,40223,1000,6379287,0x494822cafe2a64d5a883818d025b564cdb94d92215697d02485f57e30711a595,2026-07-13T12:24:39.461Z,4248,4248,4368,90,Trusted,2026-07-13T12:24:33.418Z,0xc671e5c245ad23057aacad52a28d4f3b249258f388374e99db32486dd09779ae,,variant-batch live execution
datm-live-2026-07-13T12-22-03-136Z,C,entity-02-normal,normal,16,2026-07-13T12:24:35.094Z,2026-07-13T12:24:35.094Z,2026-07-13T12:24:35.094Z,0,2026-07-13T12:24:35.213Z,0x960cff1dc4ebe641bab95f8a20240eb5fbbe8b97def6b00f9468003a0de99851,2026-07-13T12:24:39.484Z,success,40211,1000,6379287,0x494822cafe2a64d5a883818d025b564cdb94d92215697d02485f57e30711a595,2026-07-13T12:24:39.484Z,4271,4271,4390,92,Trusted,2026-07-13T12:24:33.418Z,0xeb4935aa1a18a6666383e45bf6f88d17f7b33d86b1cc423e200fd8b3f56a7283,,variant-batch live execution
datm-live-2026-07-13T12-22-03-136Z,C,entity-03-normal,normal,16,2026-07-13T12:24:35.095Z,2026-07-13T12:24:35.095Z,2026-07-13T12:24:35.095Z,0,2026-07-13T12:24:35.232Z,0xf6bd8f30baecedf54c9e1b07319937b9b74e421f1b4061c91ee0a3bad4884432,2026-07-13T12:24:39.456Z,success,40211,1000,6379287,0x494822cafe2a64d5a883818d025b564cdb94d92215697d02485f57e30711a595,2026-07-13T12:24:39.456Z,4224,4224,4361,92,Trusted,2026-07-13T12:24:33.418Z,0xad27cc9b16c88a930c31554e7043b66b67c2679be573e1d3531b64a9edbcf823,,variant-batch live execution
datm-live-2026-07-13T12-22-03-136Z,C,entity-04-normal,normal,16,2026-07-13T12:24:35.095Z,2026-07-13T12:24:35.095Z,2026-07-13T12:24:35.095Z,0,2026-07-13T12:24:35.232Z,0xb4e803885bf22e187c5aa0e9a5a22a6fca3378049487dd1ab973eb5c699dda4c,2026-07-13T12:24:39.458Z,success,40211,1000,6379287,0x494822cafe2a64d5a883818d025b564cdb94d92215697d02485f57e30711a595,2026-07-13T12:24:39.458Z,4226,4226,4363,90,Trusted,2026-07-13T12:24:33.418Z,0xcfbd3ffecabe6ef43898e012629b3be8cc725da199f5bb17059aff96d3005aff,,variant-batch live execution
datm-live-2026-07-13T12-22-03-136Z,C,entity-05-suspicious,suspicious,16,2026-07-13T12:24:35.096Z,2026-07-13T12:24:35.096Z,2026-07-13T12:24:35.096Z,0,2026-07-13T12:24:35.237Z,0x0fc22ce23370fe2dc22fdf8f778271a30c248df6403f0bf58b9c2ca5694879a9,2026-07-13T12:24:39.459Z,success,40291,1000,6379287,0x494822cafe2a64d5a883818d025b564cdb94d92215697d02485f57e30711a595,2026-07-13T12:24:39.459Z,4222,4222,4363,64,Suspicious,2026-07-13T12:24:33.418Z,0xa5c921fa1e871d8adef86acc64ec79ecce3a1da4c5254a253616cf7439dcd930,,variant-batch live execution
datm-live-2026-07-13T12-22-03-136Z,C,entity-06-suspicious,suspicious,16,2026-07-13T12:24:35.096Z,2026-07-13T12:24:35.096Z,2026-07-13T12:24:35.096Z,0,2026-07-13T12:24:35.237Z,0x9eb84768843eb4b711c72a28ae1f5c988fadbe4f7d8cf9f61448b528a90a57c7,2026-07-13T12:24:39.461Z,success,40291,1000,6379287,0x494822cafe2a64d5a883818d025b564cdb94d92215697d02485f57e30711a595,2026-07-13T12:24:39.461Z,4224,4224,4365,61,Suspicious,2026-07-13T12:24:33.418Z,0x433e9bea600563eb88c68e464ff8345ec5c627d9bed56179bf58e22a445653e1,,variant-batch live execution
datm-live-2026-07-13T12-22-03-136Z,C,entity-07-suspicious,suspicious,16,2026-07-13T12:24:35.096Z,2026-07-13T12:24:35.096Z,2026-07-13T12:24:35.096Z,0,2026-07-13T12:24:35.233Z,0x2f42e043dc3fe491fef0e6eb2af9f95e0d36c32eb930364adcaff0956c7f2ed4,2026-07-13T12:24:39.637Z,success,40279,1000,6379287,0x494822cafe2a64d5a883818d025b564cdb94d92215697d02485f57e30711a595,2026-07-13T12:24:39.637Z,4404,4404,4541,60,Suspicious,2026-07-13T12:24:33.418Z,0xa906ca8b8680441b83a786126cffd6875417404760b01551d93c460081d52179,,variant-batch live execution
datm-live-2026-07-13T12-22-03-136Z,C,entity-08-malicious,malicious,16,2026-07-13T12:24:35.097Z,2026-07-13T12:24:35.097Z,2026-07-13T12:24:35.097Z,0,2026-07-13T12:24:35.233Z,0x3775166db1262c269a52a16bc4846492231aa2c88b86de7ef6f21fe95bc6d009,2026-07-13T12:24:39.649Z,success,40278,1000,6379287,0x494822cafe2a64d5a883818d025b564cdb94d92215697d02485f57e30711a595,2026-07-13T12:24:39.649Z,4416,4416,4552,28,Untrusted,2026-07-13T12:24:33.418Z,0xedcdb28d8b360aee5f6942c883df97c37c040ba88a3252e6031983001f66853c,,variant-batch live execution
datm-live-2026-07-13T12-22-03-136Z,C,entity-09-malicious,malicious,16,2026-07-13T12:24:35.097Z,2026-07-13T12:24:35.097Z,2026-07-13T12:24:35.097Z,0,2026-07-13T12:24:35.233Z,0x4d73683e7d367c99ae2f8d22d4799150152eea1760d7bbf7fa9e36a6a23a0820,2026-07-13T12:24:39.690Z,success,40278,1000,6379287,0x494822cafe2a64d5a883818d025b564cdb94d92215697d02485f57e30711a595,2026-07-13T12:24:39.690Z,4457,4457,4593,27,Untrusted,2026-07-13T12:24:33.418Z,0x9b50ceaa730456c2036c1005610d4600810bbf443ffe2a58771d0a79dffdd3be,,variant-batch live execution
datm-live-2026-07-13T12-22-03-136Z,C,entity-01-normal,normal,17,2026-07-13T12:24:44.812Z,2026-07-13T12:24:44.812Z,2026-07-13T12:24:44.812Z,0,2026-07-13T12:24:44.941Z,0xb81aa8e4c0dd7e5e920d67c69e4574dc6db334f9bfa06d1fec9c8e5fc32182bc,2026-07-13T12:24:49.221Z,success,40199,1000,6379289,0x3d555b89e1c3415752e73bafaabd6b285bf65445e09b7fcf72e4b2b9568d6d0b,2026-07-13T12:24:49.221Z,4280,4280,4409,93,Trusted,2026-07-13T12:24:43.418Z,0x57cf6840e399f17efc67935a4768dbb9f56875406b21d7f869a928ec2dbc71b6,,variant-batch live execution
datm-live-2026-07-13T12-22-03-136Z,C,entity-02-normal,normal,17,2026-07-13T12:24:44.812Z,2026-07-13T12:24:44.812Z,2026-07-13T12:24:44.812Z,0,2026-07-13T12:24:44.942Z,0x9241da1a26b8c96298ac0d1af8adbbe195083b2efcaa7a3c0f14678cc2a09381,2026-07-13T12:24:49.212Z,success,40199,1000,6379289,0x3d555b89e1c3415752e73bafaabd6b285bf65445e09b7fcf72e4b2b9568d6d0b,2026-07-13T12:24:49.212Z,4270,4270,4400,93,Trusted,2026-07-13T12:24:43.418Z,0x9569edaaf1dbbb04d926a3944520ea0b0b80afcae268da9753d4f31a0a497917,,variant-batch live execution
datm-live-2026-07-13T12-22-03-136Z,C,entity-03-normal,normal,17,2026-07-13T12:24:44.813Z,2026-07-13T12:24:44.813Z,2026-07-13T12:24:44.813Z,0,2026-07-13T12:24:44.968Z,0xee3275de11c333fafe68ae3fbdb4deab55363bfcf2a7bf99adf58fee0642943a,2026-07-13T12:24:49.243Z,success,40211,1000,6379289,0x3d555b89e1c3415752e73bafaabd6b285bf65445e09b7fcf72e4b2b9568d6d0b,2026-07-13T12:24:49.243Z,4275,4275,4430,92,Trusted,2026-07-13T12:24:43.418Z,0x6efceaf6731b649cb9a8c49d6959635e1fddaa82fc7bd4ebdb79ff409caf9f5d,,variant-batch live execution
datm-live-2026-07-13T12-22-03-136Z,C,entity-04-normal,normal,17,2026-07-13T12:24:44.813Z,2026-07-13T12:24:44.813Z,2026-07-13T12:24:44.813Z,0,2026-07-13T12:24:44.968Z,0x228bf411e053a9871ab5b4bd439101bb5fa90f9140ae5aa471bb3ee026711a12,2026-07-13T12:24:49.212Z,success,40199,1000,6379289,0x3d555b89e1c3415752e73bafaabd6b285bf65445e09b7fcf72e4b2b9568d6d0b,2026-07-13T12:24:49.212Z,4244,4244,4399,93,Trusted,2026-07-13T12:24:43.418Z,0xb3eb7696e1497cb5ec849abb0dd372e84132f0323ce1947c265da5b0e823ccfb,,variant-batch live execution
datm-live-2026-07-13T12-22-03-136Z,C,entity-05-suspicious,suspicious,17,2026-07-13T12:24:44.813Z,2026-07-13T12:24:44.813Z,2026-07-13T12:24:44.813Z,0,2026-07-13T12:24:44.969Z,0x03d24dc2ea6724283c89ad6e379d26e0a664c1358544834a63346e4737fc54fa,2026-07-13T12:24:49.222Z,success,40291,1000,6379289,0x3d555b89e1c3415752e73bafaabd6b285bf65445e09b7fcf72e4b2b9568d6d0b,2026-07-13T12:24:49.222Z,4253,4253,4409,61,Suspicious,2026-07-13T12:24:43.418Z,0x2788587c7b550f87561903b4797984b4436fbdeefaf0dc105ade6cc8f7225862,,variant-batch live execution
datm-live-2026-07-13T12-22-03-136Z,C,entity-06-suspicious,suspicious,17,2026-07-13T12:24:44.814Z,2026-07-13T12:24:44.814Z,2026-07-13T12:24:44.814Z,0,2026-07-13T12:24:44.969Z,0x187f0b591458d6a294f41a9ea29cc31d61c62b2c9407702e13bce06d69d5ea5e,2026-07-13T12:24:49.223Z,success,40291,1000,6379289,0x3d555b89e1c3415752e73bafaabd6b285bf65445e09b7fcf72e4b2b9568d6d0b,2026-07-13T12:24:49.223Z,4254,4254,4409,58,Suspicious,2026-07-13T12:24:43.418Z,0x5aabc32eda8f925adb6fc5a1bf75f6dc739ce49e07468bc82495959123e55122,,variant-batch live execution
datm-live-2026-07-13T12-22-03-136Z,C,entity-07-suspicious,suspicious,17,2026-07-13T12:24:44.814Z,2026-07-13T12:24:44.814Z,2026-07-13T12:24:44.814Z,0,2026-07-13T12:24:44.969Z,0x5ffeaae01f9d3487cbe81a98957544f0cd8bb93038191d0a040b762912e5db73,2026-07-13T12:24:49.417Z,success,40291,1000,6379289,0x3d555b89e1c3415752e73bafaabd6b285bf65445e09b7fcf72e4b2b9568d6d0b,2026-07-13T12:24:49.417Z,4448,4448,4603,64,Suspicious,2026-07-13T12:24:43.418Z,0x11f840e760222dff8550141c1c42484b601305cb200e3ea46d373088cc3f0981,,variant-batch live execution
datm-live-2026-07-13T12-22-03-136Z,C,entity-08-malicious,malicious,17,2026-07-13T12:24:44.815Z,2026-07-13T12:24:44.815Z,2026-07-13T12:24:44.815Z,0,2026-07-13T12:24:44.970Z,0x04dd789bfb49dcd842dd3d009d03b96b68a3528f70446266d3855f186ad7c8e8,2026-07-13T12:24:49.402Z,success,40290,1000,6379289,0x3d555b89e1c3415752e73bafaabd6b285bf65445e09b7fcf72e4b2b9568d6d0b,2026-07-13T12:24:49.402Z,4432,4432,4587,27,Untrusted,2026-07-13T12:24:43.418Z,0xe4be3840d36dfcb7337ad2e8aa1926e9c01610e65830294d5b6ceb421ac896c9,,variant-batch live execution
datm-live-2026-07-13T12-22-03-136Z,C,entity-09-malicious,malicious,17,2026-07-13T12:24:44.815Z,2026-07-13T12:24:44.815Z,2026-07-13T12:24:44.815Z,0,2026-07-13T12:24:44.970Z,0x9957918942fe5a5d5bb7d6242eadd85d988ce181f29bc2ceeb2766a3fb99ed2d,2026-07-13T12:24:49.444Z,success,40290,1000,6379289,0x3d555b89e1c3415752e73bafaabd6b285bf65445e09b7fcf72e4b2b9568d6d0b,2026-07-13T12:24:49.444Z,4474,4474,4629,26,Untrusted,2026-07-13T12:24:43.418Z,0x2b29db13f8c40e178e76578a09771f5c27215b6fa142f07409f26f2ba21d6251,,variant-batch live execution
datm-live-2026-07-13T12-22-03-136Z,C,entity-01-normal,normal,18,2026-07-13T12:24:54.571Z,2026-07-13T12:24:54.571Z,2026-07-13T12:24:54.571Z,0,2026-07-13T12:24:54.694Z,0x7e69c14fc695aa3f6957f6b13358ff97d20a642a4614477a111c4c7bb1764b99,2026-07-13T12:25:02.945Z,success,40187,1000,6379291,0x936fed4d94b0e427414911577f6d033a105aa6435ae89c35c8e8bb52db6a9d98,2026-07-13T12:25:02.945Z,8251,8251,8374,92,Trusted,2026-07-13T12:24:53.418Z,0x1ca0c85a33b6c2f5c40cfcd4ca6513dc39898e17c0009e7c67f91c4d5929ceb5,,variant-batch live execution
datm-live-2026-07-13T12-22-03-136Z,C,entity-02-normal,normal,18,2026-07-13T12:24:54.572Z,2026-07-13T12:24:54.572Z,2026-07-13T12:24:54.572Z,0,2026-07-13T12:24:54.694Z,0x2f31fecae76d2c61683095a9f2ab67522a1caf5a1ddfd7d63be0b371067e99f9,2026-07-13T12:25:02.985Z,success,40211,1000,6379291,0x936fed4d94b0e427414911577f6d033a105aa6435ae89c35c8e8bb52db6a9d98,2026-07-13T12:25:02.985Z,8291,8291,8413,91,Trusted,2026-07-13T12:24:53.418Z,0xa4ff93fd3a6a2af05238548c5c18132cda62d7fd8ab13c13dae7759040d4181f,,variant-batch live execution
datm-live-2026-07-13T12-22-03-136Z,C,entity-03-normal,normal,18,2026-07-13T12:24:54.573Z,2026-07-13T12:24:54.573Z,2026-07-13T12:24:54.573Z,0,2026-07-13T12:24:54.704Z,0xbfaa9f26a4496cf5666d0a3e89976a3c69961af81943f98f57560ad423813a10,2026-07-13T12:25:02.999Z,success,40187,1000,6379291,0x936fed4d94b0e427414911577f6d033a105aa6435ae89c35c8e8bb52db6a9d98,2026-07-13T12:25:02.999Z,8295,8295,8426,92,Trusted,2026-07-13T12:24:53.418Z,0x2fa6aa1c5cee0078c41bb1a997092e8cf0a4c64a587842212a4b9922b092d55a,,variant-batch live execution
datm-live-2026-07-13T12-22-03-136Z,C,entity-04-normal,normal,18,2026-07-13T12:24:54.574Z,2026-07-13T12:24:54.574Z,2026-07-13T12:24:54.574Z,0,2026-07-13T12:24:54.704Z,0x04c69783a673c67180c537891da7b2cebcfdf38ee125548dad479d224f06bafb,2026-07-13T12:25:02.986Z,success,40199,1000,6379291,0x936fed4d94b0e427414911577f6d033a105aa6435ae89c35c8e8bb52db6a9d98,2026-07-13T12:25:02.986Z,8282,8282,8412,92,Trusted,2026-07-13T12:24:53.418Z,0x67ed26c0c159894ca6ba655c0f0f1bd50c5e8b9e3fb6492d29d79976c7a9a0a7,,variant-batch live execution
datm-live-2026-07-13T12-22-03-136Z,C,entity-05-suspicious,suspicious,18,2026-07-13T12:24:54.574Z,2026-07-13T12:24:54.574Z,2026-07-13T12:24:54.574Z,0,2026-07-13T12:24:54.704Z,0x4268328cc6532562ae4712e74fd3dd2ba4d1fe8b9cc3f00d57499ed1dff4483e,2026-07-13T12:25:02.984Z,success,40291,1000,6379291,0x936fed4d94b0e427414911577f6d033a105aa6435ae89c35c8e8bb52db6a9d98,2026-07-13T12:25:02.984Z,8280,8280,8410,58,Suspicious,2026-07-13T12:24:53.418Z,0xc42686e1d3b0a5ebcb2060a1f74976446e075dafc4c75233115385a9259becbd,,variant-batch live execution
datm-live-2026-07-13T12-22-03-136Z,C,entity-06-suspicious,suspicious,18,2026-07-13T12:24:54.575Z,2026-07-13T12:24:54.575Z,2026-07-13T12:24:54.575Z,0,2026-07-13T12:24:54.704Z,0xd9c5550db4ff4b1cf8989ee751fad993c7cd219102b3bd845a93666c9905dd71,2026-07-13T12:25:02.974Z,success,40291,1000,6379291,0x936fed4d94b0e427414911577f6d033a105aa6435ae89c35c8e8bb52db6a9d98,2026-07-13T12:25:02.974Z,8270,8270,8399,60,Suspicious,2026-07-13T12:24:53.418Z,0x108c33368c1d23874ede12fdae50e0b7cdce66600cc0a9e6424ce67b64bc73a4,,variant-batch live execution
datm-live-2026-07-13T12-22-03-136Z,C,entity-07-suspicious,suspicious,18,2026-07-13T12:24:54.576Z,2026-07-13T12:24:54.576Z,2026-07-13T12:24:54.576Z,0,2026-07-13T12:24:54.724Z,0xf0a4ed7b51b446de4f1d817101f5b631392051484dd922ebdce3d2ed0bdf1376,2026-07-13T12:25:03.144Z,success,40291,1000,6379291,0x936fed4d94b0e427414911577f6d033a105aa6435ae89c35c8e8bb52db6a9d98,2026-07-13T12:25:03.144Z,8420,8420,8568,61,Suspicious,2026-07-13T12:24:53.418Z,0x68abcde042f66a594b010e2b6ee49e29ce8473f711f876d6b4c856d3211cbab2,,variant-batch live execution
datm-live-2026-07-13T12-22-03-136Z,C,entity-08-malicious,malicious,18,2026-07-13T12:24:54.576Z,2026-07-13T12:24:54.576Z,2026-07-13T12:24:54.576Z,0,2026-07-13T12:24:54.704Z,0x4478286467f1548e215e430671effe5b6c51dbffd6ce1e5f7fa300fc1cd5987a,2026-07-13T12:25:03.148Z,success,40290,1000,6379291,0x936fed4d94b0e427414911577f6d033a105aa6435ae89c35c8e8bb52db6a9d98,2026-07-13T12:25:03.148Z,8444,8444,8572,26,Untrusted,2026-07-13T12:24:53.418Z,0xa3acd166e94f9fd06ac4946554e3ee8b9c955de494fdbd7d6ef09504f4e514d2,,variant-batch live execution
datm-live-2026-07-13T12-22-03-136Z,C,entity-09-malicious,malicious,18,2026-07-13T12:24:54.577Z,2026-07-13T12:24:54.577Z,2026-07-13T12:24:54.577Z,0,2026-07-13T12:24:54.724Z,0xe72648e23d1c73fe51b70f73d125072a7c005ea13c843bcfc2544d821d4eba72,2026-07-13T12:25:03.181Z,success,40290,1000,6379291,0x936fed4d94b0e427414911577f6d033a105aa6435ae89c35c8e8bb52db6a9d98,2026-07-13T12:25:03.181Z,8457,8457,8604,27,Untrusted,2026-07-13T12:24:53.418Z,0x6120221eda83370f5bb1cffa055a8841de424072de29e0a0c954bba30e468f66,,variant-batch live execution
datm-live-2026-07-13T12-22-03-136Z,C,entity-01-normal,normal,19,2026-07-13T12:25:08.303Z,2026-07-13T12:25:08.303Z,2026-07-13T12:25:08.303Z,0,2026-07-13T12:25:08.428Z,0x9e5dd6aca33cda2d2b660eec8e796064834a0945dc1dba8f0943c36751c637d7,2026-07-13T12:25:12.694Z,success,40211,1000,6379293,0x166c33cbdf48f8324ec99d2aaa863ee406a19ddb81b752e7c267e62e13c84c11,2026-07-13T12:25:12.694Z,4266,4266,4391,92,Trusted,2026-07-13T12:25:03.418Z,0x997fc6fe25fe27bc7714290db0dd5b3f211716010ecd11ffdca9b0b6b097c4bb,,variant-batch live execution
datm-live-2026-07-13T12-22-03-136Z,C,entity-02-normal,normal,19,2026-07-13T12:25:08.303Z,2026-07-13T12:25:08.303Z,2026-07-13T12:25:08.303Z,0,2026-07-13T12:25:08.428Z,0x7f117519cd5bda72f9f75ff08c79106a1c9ab0befb1a4b2e5c30f9a2e9137f6e,2026-07-13T12:25:12.667Z,success,40199,1000,6379293,0x166c33cbdf48f8324ec99d2aaa863ee406a19ddb81b752e7c267e62e13c84c11,2026-07-13T12:25:12.667Z,4239,4239,4364,93,Trusted,2026-07-13T12:25:03.418Z,0x52e87d9a3b42c1e62c994c7dafdf9e553ffa0e50d5fe0c6fe0a23724d71cd86b,,variant-batch live execution
datm-live-2026-07-13T12-22-03-136Z,C,entity-03-normal,normal,19,2026-07-13T12:25:08.304Z,2026-07-13T12:25:08.304Z,2026-07-13T12:25:08.304Z,0,2026-07-13T12:25:08.417Z,0x7a7207139ccebaf1ee4cd084f54512df87a1dcbdf596b68df554d2bbc6cedeaf,2026-07-13T12:25:12.667Z,success,40199,1000,6379293,0x166c33cbdf48f8324ec99d2aaa863ee406a19ddb81b752e7c267e62e13c84c11,2026-07-13T12:25:12.667Z,4250,4250,4363,93,Trusted,2026-07-13T12:25:03.418Z,0xc7be49801fd6cf5c8e46679b989c23c8081ac7ff489364b0cd4140289e493e7e,,variant-batch live execution
datm-live-2026-07-13T12-22-03-136Z,C,entity-04-normal,normal,19,2026-07-13T12:25:08.304Z,2026-07-13T12:25:08.304Z,2026-07-13T12:25:08.304Z,0,2026-07-13T12:25:08.428Z,0x618103044eff78478ff3eb0395313f44549c58dd3c2837f10bf9668b4ea13a75,2026-07-13T12:25:12.666Z,success,40211,1000,6379293,0x166c33cbdf48f8324ec99d2aaa863ee406a19ddb81b752e7c267e62e13c84c11,2026-07-13T12:25:12.666Z,4238,4238,4362,92,Trusted,2026-07-13T12:25:03.418Z,0x43cd11b153016e1a9bf2d3e608aafc5d558a0f7f058ddb6529295cf6bac3601f,,variant-batch live execution
datm-live-2026-07-13T12-22-03-136Z,C,entity-05-suspicious,suspicious,19,2026-07-13T12:25:08.304Z,2026-07-13T12:25:08.304Z,2026-07-13T12:25:08.304Z,0,2026-07-13T12:25:08.428Z,0x07ce1c972ade90c61e248180e01a778d3f612823221b9fc5fee735bef22d6021,2026-07-13T12:25:12.666Z,success,40291,1000,6379293,0x166c33cbdf48f8324ec99d2aaa863ee406a19ddb81b752e7c267e62e13c84c11,2026-07-13T12:25:12.666Z,4238,4238,4362,60,Suspicious,2026-07-13T12:25:03.418Z,0xa95f4e1f8c3160219ea047ee7ad5608dd696d824d85c3b6397b2e278a7cfd388,,variant-batch live execution
datm-live-2026-07-13T12-22-03-136Z,C,entity-06-suspicious,suspicious,19,2026-07-13T12:25:08.305Z,2026-07-13T12:25:08.305Z,2026-07-13T12:25:08.305Z,0,2026-07-13T12:25:08.428Z,0x1400d2c9ba9f0b5bdefa4a8bb0842e613940ba46534eabac621b212705ee3aaa,2026-07-13T12:25:12.667Z,success,40291,1000,6379293,0x166c33cbdf48f8324ec99d2aaa863ee406a19ddb81b752e7c267e62e13c84c11,2026-07-13T12:25:12.667Z,4239,4239,4362,62,Suspicious,2026-07-13T12:25:03.418Z,0x3f09d7bcbdf8dcac59e41906435e57349261ae791186c7f79890d00f43e9c2da,,variant-batch live execution
datm-live-2026-07-13T12-22-03-136Z,C,entity-07-suspicious,suspicious,19,2026-07-13T12:25:08.305Z,2026-07-13T12:25:08.305Z,2026-07-13T12:25:08.305Z,0,2026-07-13T12:25:08.447Z,0xfca01c9d8ef9d6b6ebf61c2ac66d66375f675430b3e2bdf8e0a433cd7a4015cf,2026-07-13T12:25:12.841Z,success,40291,1000,6379293,0x166c33cbdf48f8324ec99d2aaa863ee406a19ddb81b752e7c267e62e13c84c11,2026-07-13T12:25:12.841Z,4394,4394,4536,58,Suspicious,2026-07-13T12:25:03.418Z,0x937d533fe5b5af365b9175e2718330c2c914e1d38247338618d86b1ca330e332,,variant-batch live execution
datm-live-2026-07-13T12-22-03-136Z,C,entity-08-malicious,malicious,19,2026-07-13T12:25:08.306Z,2026-07-13T12:25:08.306Z,2026-07-13T12:25:08.306Z,0,2026-07-13T12:25:08.447Z,0xa8b2dac761bb37725351404e1f8023e6f5aa6026ce613964324fccfbcaf7c504,2026-07-13T12:25:12.854Z,success,40290,1000,6379293,0x166c33cbdf48f8324ec99d2aaa863ee406a19ddb81b752e7c267e62e13c84c11,2026-07-13T12:25:12.854Z,4407,4407,4548,27,Untrusted,2026-07-13T12:25:03.418Z,0x6d7cd5a9c352dc954012045551a7aae452d75f1132d52dcfd012d2f0809e170d,,variant-batch live execution
datm-live-2026-07-13T12-22-03-136Z,C,entity-09-malicious,malicious,19,2026-07-13T12:25:08.306Z,2026-07-13T12:25:08.306Z,2026-07-13T12:25:08.306Z,0,2026-07-13T12:25:08.447Z,0xdc78e00a47898f02f147b0e3ca7a5976b42f713964eaa9d1dbe46edb6a33d88b,2026-07-13T12:25:12.885Z,success,40278,1000,6379293,0x166c33cbdf48f8324ec99d2aaa863ee406a19ddb81b752e7c267e62e13c84c11,2026-07-13T12:25:12.885Z,4438,4438,4579,26,Untrusted,2026-07-13T12:25:03.418Z,0xcdadd3f91b67ea4377b0770e3b00b4778c3beebd9d9a9cae64366080a5a31fcd,,variant-batch live execution
datm-live-2026-07-13T12-22-03-136Z,C,entity-01-normal,normal,20,2026-07-13T12:25:17.989Z,2026-07-13T12:25:17.989Z,2026-07-13T12:25:17.989Z,0,2026-07-13T12:25:18.102Z,0xc438df007eba08b878ba641730633d5a4a919f4f7a68cc66f496cc82c3882248,2026-07-13T12:25:22.361Z,success,40199,1000,6379295,0xeee75a8e64acc35140ec5c1b19f71ab14cd362cffe50f75f2ec60ae45f92cce1,2026-07-13T12:25:22.361Z,4259,4259,4372,92,Trusted,2026-07-13T12:25:13.418Z,0x2ebaf39e44eedfe9206f03848d968c8190b049905e4ce19fb83af385e8ec422c,,variant-batch live execution
datm-live-2026-07-13T12-22-03-136Z,C,entity-02-normal,normal,20,2026-07-13T12:25:17.990Z,2026-07-13T12:25:17.990Z,2026-07-13T12:25:17.990Z,0,2026-07-13T12:25:18.102Z,0x638323db7f32c3d7ebf1f94eecbd4cfba08e2b39215b8887d08560491ff713cc,2026-07-13T12:25:22.363Z,success,40199,1000,6379295,0xeee75a8e64acc35140ec5c1b19f71ab14cd362cffe50f75f2ec60ae45f92cce1,2026-07-13T12:25:22.363Z,4261,4261,4373,93,Trusted,2026-07-13T12:25:13.418Z,0xc9f97c67ddecb1c99bd6ba7bd6988ea99a74da641520c911d44767e63c6dd20d,,variant-batch live execution
datm-live-2026-07-13T12-22-03-136Z,C,entity-03-normal,normal,20,2026-07-13T12:25:17.991Z,2026-07-13T12:25:17.991Z,2026-07-13T12:25:17.991Z,0,2026-07-13T12:25:18.119Z,0x9a666b5c29e0aff837e1b190392c8937f62e5214c50ab8ce134f3ab09fe7353f,2026-07-13T12:25:22.364Z,success,40199,1000,6379295,0xeee75a8e64acc35140ec5c1b19f71ab14cd362cffe50f75f2ec60ae45f92cce1,2026-07-13T12:25:22.364Z,4245,4245,4373,91,Trusted,2026-07-13T12:25:13.418Z,0x66a50098429899aaef57ba7ff8edd5070d65141edf22111e1d26e26a375ffde8,,variant-batch live execution
datm-live-2026-07-13T12-22-03-136Z,C,entity-04-normal,normal,20,2026-07-13T12:25:17.991Z,2026-07-13T12:25:17.991Z,2026-07-13T12:25:17.991Z,0,2026-07-13T12:25:18.119Z,0x6dcb9842fb098732dbb4bc941b6fd58d45f77a45792b60ed7300a45e65cbf924,2026-07-13T12:25:22.364Z,success,40199,1000,6379295,0xeee75a8e64acc35140ec5c1b19f71ab14cd362cffe50f75f2ec60ae45f92cce1,2026-07-13T12:25:22.364Z,4245,4245,4373,92,Trusted,2026-07-13T12:25:13.418Z,0xfdf58ebace3be60cfca83db3597d077f29ac694240969bbb4bcfcc52529887d7,,variant-batch live execution
datm-live-2026-07-13T12-22-03-136Z,C,entity-05-suspicious,suspicious,20,2026-07-13T12:25:17.991Z,2026-07-13T12:25:17.991Z,2026-07-13T12:25:17.991Z,0,2026-07-13T12:25:18.119Z,0xceaa000d02301a691bd7563dda0ac53427af2208605c4147c03f298dfcab2cb5,2026-07-13T12:25:22.374Z,success,40291,1000,6379295,0xeee75a8e64acc35140ec5c1b19f71ab14cd362cffe50f75f2ec60ae45f92cce1,2026-07-13T12:25:22.374Z,4255,4255,4383,62,Suspicious,2026-07-13T12:25:13.418Z,0x52290b2d61876c067a76a56d17bccc986f5b303e4d20bbac44f911bbe1c69882,,variant-batch live execution
datm-live-2026-07-13T12-22-03-136Z,C,entity-06-suspicious,suspicious,20,2026-07-13T12:25:17.992Z,2026-07-13T12:25:17.992Z,2026-07-13T12:25:17.992Z,0,2026-07-13T12:25:18.120Z,0xdaf3fd997a4a6dc1cf93f1ee9c275bbe407e294936e2e0a0430c6c24c167e18a,2026-07-13T12:25:22.350Z,success,40291,1000,6379295,0xeee75a8e64acc35140ec5c1b19f71ab14cd362cffe50f75f2ec60ae45f92cce1,2026-07-13T12:25:22.350Z,4230,4230,4358,63,Suspicious,2026-07-13T12:25:13.418Z,0x1b076e576582f512d3217dd68cf44c1923b259a119525da3cc925910b970b955,,variant-batch live execution
datm-live-2026-07-13T12-22-03-136Z,C,entity-07-suspicious,suspicious,20,2026-07-13T12:25:17.992Z,2026-07-13T12:25:17.992Z,2026-07-13T12:25:17.992Z,0,2026-07-13T12:25:18.120Z,0x4e391d2feae4775cba40266dfe019e498b6114c430ca1e10dfdf628e6bb58718,2026-07-13T12:25:22.594Z,success,40291,1000,6379295,0xeee75a8e64acc35140ec5c1b19f71ab14cd362cffe50f75f2ec60ae45f92cce1,2026-07-13T12:25:22.594Z,4474,4474,4602,60,Suspicious,2026-07-13T12:25:13.418Z,0xba2ce0d9da412107f7ace177c3ba6b07fa5fed80fe53e28eb529cac5676958e4,,variant-batch live execution
datm-live-2026-07-13T12-22-03-136Z,C,entity-08-malicious,malicious,20,2026-07-13T12:25:17.993Z,2026-07-13T12:25:17.993Z,2026-07-13T12:25:17.993Z,0,2026-07-13T12:25:18.127Z,0xf4c2fcf46daab3d5bc3efe68498b2228d6caef84c7a74bb7b1a5865ee9530f4f,2026-07-13T12:25:22.564Z,success,40290,1000,6379295,0xeee75a8e64acc35140ec5c1b19f71ab14cd362cffe50f75f2ec60ae45f92cce1,2026-07-13T12:25:22.564Z,4437,4437,4571,26,Untrusted,2026-07-13T12:25:13.418Z,0x19f0821e6d481d80c5112aeff082772247f4c5a2f6e702ca36b3893c159db8c9,,variant-batch live execution
datm-live-2026-07-13T12-22-03-136Z,C,entity-09-malicious,malicious,20,2026-07-13T12:25:17.993Z,2026-07-13T12:25:17.993Z,2026-07-13T12:25:17.993Z,0,2026-07-13T12:25:18.127Z,0xc45469b71fa08be43366de9c99be4837e28930dd23ff2e6d380491d5c2842f7e,2026-07-13T12:25:22.565Z,success,40290,1000,6379295,0xeee75a8e64acc35140ec5c1b19f71ab14cd362cffe50f75f2ec60ae45f92cce1,2026-07-13T12:25:22.565Z,4438,4438,4572,26,Untrusted,2026-07-13T12:25:13.418Z,0xdb17a259c9420d06048efe056d559b332ac084e52865404e93f1b27ba50711c5,,variant-batch live execution
datm-live-2026-07-13T12-22-03-136Z,C,entity-01-normal,normal,21,2026-07-13T12:25:27.712Z,2026-07-13T12:25:27.712Z,2026-07-13T12:25:27.712Z,0,2026-07-13T12:25:27.837Z,0x037b45d91f39f06718ecc40d6ad95f6263be484fb62886cb0c6c2e761e08f15e,2026-07-13T12:25:32.098Z,success,40223,1000,6379297,0xc40a9f0f5165ae65c50f4c3eebe553e2ccd6c08a956f2a1c599034c3b87d419f,2026-07-13T12:25:32.098Z,4261,4261,4386,91,Trusted,2026-07-13T12:25:23.418Z,0x3e961f53a4dfcdc0dae333713b2c972eab1a7a4757815794f62e9e8e46ef2c6e,,variant-batch live execution
datm-live-2026-07-13T12-22-03-136Z,C,entity-02-normal,normal,21,2026-07-13T12:25:27.712Z,2026-07-13T12:25:27.712Z,2026-07-13T12:25:27.712Z,0,2026-07-13T12:25:27.839Z,0xeb57a4dbb146ee49729791e0da87ee6d12c3bcbfe6c42cca026170429cbe9731,2026-07-13T12:25:32.098Z,success,40235,1000,6379297,0xc40a9f0f5165ae65c50f4c3eebe553e2ccd6c08a956f2a1c599034c3b87d419f,2026-07-13T12:25:32.098Z,4259,4259,4386,89,Trusted,2026-07-13T12:25:23.418Z,0x1e7a4be2e61c4d4944275950efb1cca3c67e83a32da9e2186ca0c086e6e1d639,,variant-batch live execution
datm-live-2026-07-13T12-22-03-136Z,C,entity-03-normal,normal,21,2026-07-13T12:25:27.713Z,2026-07-13T12:25:27.713Z,2026-07-13T12:25:27.713Z,0,2026-07-13T12:25:27.839Z,0x553e99fd817bd0df0d6d9ae619b563a115c76019acbe6f7b83cd7568f22749e6,2026-07-13T12:25:32.080Z,success,40223,1000,6379297,0xc40a9f0f5165ae65c50f4c3eebe553e2ccd6c08a956f2a1c599034c3b87d419f,2026-07-13T12:25:32.080Z,4241,4241,4367,91,Trusted,2026-07-13T12:25:23.418Z,0x67710c9125a26222a2c5fd376cdd0ab7a0b8f0e452a8ea65c46ff0be7b156d12,,variant-batch live execution
datm-live-2026-07-13T12-22-03-136Z,C,entity-04-normal,normal,21,2026-07-13T12:25:27.713Z,2026-07-13T12:25:27.713Z,2026-07-13T12:25:27.713Z,0,2026-07-13T12:25:27.862Z,0xac71147f5a927bfef0ce35c7a6a2babc5a71ce3253222c2a99abc9698eb724ce,2026-07-13T12:25:32.099Z,success,40223,1000,6379297,0xc40a9f0f5165ae65c50f4c3eebe553e2ccd6c08a956f2a1c599034c3b87d419f,2026-07-13T12:25:32.099Z,4237,4237,4386,91,Trusted,2026-07-13T12:25:23.418Z,0x128cda6b155720d096421b46aeae17664cf2f5222ac8d0f1548a66379b220bc5,,variant-batch live execution
datm-live-2026-07-13T12-22-03-136Z,C,entity-05-suspicious,suspicious,21,2026-07-13T12:25:27.714Z,2026-07-13T12:25:27.714Z,2026-07-13T12:25:27.714Z,0,2026-07-13T12:25:27.839Z,0xc6bc50e01d27091d64f54350e4eab2e34c16dcb38e3261c931997a66a5612927,2026-07-13T12:25:32.099Z,success,40291,1000,6379297,0xc40a9f0f5165ae65c50f4c3eebe553e2ccd6c08a956f2a1c599034c3b87d419f,2026-07-13T12:25:32.099Z,4260,4260,4385,63,Suspicious,2026-07-13T12:25:23.418Z,0x9a90050ca28f1498486b2e3deaf2ea1d1dd5bf8fcba5a3e4c20adb4e038b80d1,,variant-batch live execution
datm-live-2026-07-13T12-22-03-136Z,C,entity-06-suspicious,suspicious,21,2026-07-13T12:25:27.714Z,2026-07-13T12:25:27.714Z,2026-07-13T12:25:27.714Z,0,2026-07-13T12:25:27.839Z,0x398082442ec25fe0dc790885a12d01d5a61060b1865d7138bbb3d825d483082b,2026-07-13T12:25:32.109Z,success,40291,1000,6379297,0xc40a9f0f5165ae65c50f4c3eebe553e2ccd6c08a956f2a1c599034c3b87d419f,2026-07-13T12:25:32.109Z,4270,4270,4395,61,Suspicious,2026-07-13T12:25:23.418Z,0xd4df1c5e1258e7c86788ebdf2329847a2482e388871d8acd11025928ad7db85d,,variant-batch live execution
datm-live-2026-07-13T12-22-03-136Z,C,entity-07-suspicious,suspicious,21,2026-07-13T12:25:27.714Z,2026-07-13T12:25:27.714Z,2026-07-13T12:25:27.714Z,0,2026-07-13T12:25:27.839Z,0xf65625bbb61ea2aa13967c5cfc9a7499361f990c7d2594173daa9f9774ae982b,2026-07-13T12:25:32.277Z,success,40291,1000,6379297,0xc40a9f0f5165ae65c50f4c3eebe553e2ccd6c08a956f2a1c599034c3b87d419f,2026-07-13T12:25:32.277Z,4438,4438,4563,62,Suspicious,2026-07-13T12:25:23.418Z,0xf452f68080193d140903c09e5e0d23fdc3d0ce8efb3beeef10dda671603980ce,,variant-batch live execution
datm-live-2026-07-13T12-22-03-136Z,C,entity-08-malicious,malicious,21,2026-07-13T12:25:27.714Z,2026-07-13T12:25:27.714Z,2026-07-13T12:25:27.714Z,0,2026-07-13T12:25:27.862Z,0x4cef8fb28de28bf3eff0b365bd8b93fced585e5d8015bd7bc68bd3a411a10e0b,2026-07-13T12:25:32.302Z,success,40290,1000,6379297,0xc40a9f0f5165ae65c50f4c3eebe553e2ccd6c08a956f2a1c599034c3b87d419f,2026-07-13T12:25:32.302Z,4440,4440,4588,26,Untrusted,2026-07-13T12:25:23.418Z,0x6a475e3341d68bd9bcebdac7d08c2e9d6fe4fd9a592d784293884824fd6930a5,,variant-batch live execution
datm-live-2026-07-13T12-22-03-136Z,C,entity-09-malicious,malicious,21,2026-07-13T12:25:27.715Z,2026-07-13T12:25:27.715Z,2026-07-13T12:25:27.715Z,0,2026-07-13T12:25:27.862Z,0x3691ebb7d9bd3fd30ee7740f56484bc863ae30a238d3988d000ed1a3830e0717,2026-07-13T12:25:32.328Z,success,40290,1000,6379297,0xc40a9f0f5165ae65c50f4c3eebe553e2ccd6c08a956f2a1c599034c3b87d419f,2026-07-13T12:25:32.328Z,4466,4466,4613,27,Untrusted,2026-07-13T12:25:23.418Z,0x3bab1cd896bbc9587035c61be453c4fd203e576d061f5812622c639a9ba89187,,variant-batch live execution
datm-live-2026-07-13T12-22-03-136Z,C,entity-01-normal,normal,22,2026-07-13T12:25:37.449Z,2026-07-13T12:25:37.449Z,2026-07-13T12:25:37.449Z,0,2026-07-13T12:25:37.568Z,0x69e53803d9537af1c6b9f6a18ba65430f4417069f1a7a72ec63626177d106ee7,2026-07-13T12:25:41.832Z,success,40211,1000,6379299,0x7e2b5dbeafd4ca888de557293c41bd3e60b3a3f2c69f7f26fa50750927adf4a0,2026-07-13T12:25:41.832Z,4264,4264,4383,91,Trusted,2026-07-13T12:25:33.418Z,0x20de2809859b1fed115d7d6f894d4d1222d8e05011cf1fdc49221589f143b729,,variant-batch live execution
datm-live-2026-07-13T12-22-03-136Z,C,entity-02-normal,normal,22,2026-07-13T12:25:37.450Z,2026-07-13T12:25:37.450Z,2026-07-13T12:25:37.450Z,0,2026-07-13T12:25:37.568Z,0x47f283415b5940bd2d186529f77458adf8721431a48435a325727fec459287ed,2026-07-13T12:25:41.832Z,success,40199,1000,6379299,0x7e2b5dbeafd4ca888de557293c41bd3e60b3a3f2c69f7f26fa50750927adf4a0,2026-07-13T12:25:41.832Z,4264,4264,4382,93,Trusted,2026-07-13T12:25:33.418Z,0x09c5de08ea5623f3f9fd2bb137611a1fd26dbdad6511f01a2dcad7d783192f07,,variant-batch live execution
datm-live-2026-07-13T12-22-03-136Z,C,entity-03-normal,normal,22,2026-07-13T12:25:37.451Z,2026-07-13T12:25:37.451Z,2026-07-13T12:25:37.451Z,0,2026-07-13T12:25:37.592Z,0xf23d7934e299828f4ba23f2a01300b6a31bf61ecb7e33fbca79bfb01b3a60e67,2026-07-13T12:25:41.856Z,success,40199,1000,6379299,0x7e2b5dbeafd4ca888de557293c41bd3e60b3a3f2c69f7f26fa50750927adf4a0,2026-07-13T12:25:41.856Z,4264,4264,4405,92,Trusted,2026-07-13T12:25:33.418Z,0x9971f413fb0dc0f824cc8c9039b65ee2659090dc8c8adac35238b80546821e22,,variant-batch live execution
datm-live-2026-07-13T12-22-03-136Z,C,entity-04-normal,normal,22,2026-07-13T12:25:37.452Z,2026-07-13T12:25:37.452Z,2026-07-13T12:25:37.452Z,0,2026-07-13T12:25:37.593Z,0x32e7600ae5fdd16279de38cc1cb00cc13992d4ac9869b532b4c090ea5d9e671c,2026-07-13T12:25:41.826Z,success,40211,1000,6379299,0x7e2b5dbeafd4ca888de557293c41bd3e60b3a3f2c69f7f26fa50750927adf4a0,2026-07-13T12:25:41.826Z,4233,4233,4374,91,Trusted,2026-07-13T12:25:33.418Z,0x38ddb717888a77968d277fcaeb78c3142c99479b267d6c242dfc691aee608f91,,variant-batch live execution
datm-live-2026-07-13T12-22-03-136Z,C,entity-05-suspicious,suspicious,22,2026-07-13T12:25:37.452Z,2026-07-13T12:25:37.452Z,2026-07-13T12:25:37.452Z,0,2026-07-13T12:25:37.593Z,0x1ee3a1a93fd5844c9bd8f8704d786f20734b3d83a8512bc4403c5c2341794ff2,2026-07-13T12:25:41.832Z,success,40291,1000,6379299,0x7e2b5dbeafd4ca888de557293c41bd3e60b3a3f2c69f7f26fa50750927adf4a0,2026-07-13T12:25:41.832Z,4239,4239,4380,61,Suspicious,2026-07-13T12:25:33.418Z,0x41d74794bf437bee7cc103015e61c2d96fce43105c089d2e21bc9705cc550d7a,,variant-batch live execution
datm-live-2026-07-13T12-22-03-136Z,C,entity-06-suspicious,suspicious,22,2026-07-13T12:25:37.452Z,2026-07-13T12:25:37.452Z,2026-07-13T12:25:37.452Z,0,2026-07-13T12:25:37.593Z,0x985ddf5779d16c48397fdbf90e0cc8d3bb18d456db7bb56cc15318f6b62a5c9f,2026-07-13T12:25:41.826Z,success,40291,1000,6379299,0x7e2b5dbeafd4ca888de557293c41bd3e60b3a3f2c69f7f26fa50750927adf4a0,2026-07-13T12:25:41.826Z,4233,4233,4374,58,Suspicious,2026-07-13T12:25:33.418Z,0xf25f260fb38f4641dd96f2316635401b4dcc80a025d9c0854f36e3125f9992e9,,variant-batch live execution
datm-live-2026-07-13T12-22-03-136Z,C,entity-07-suspicious,suspicious,22,2026-07-13T12:25:37.453Z,2026-07-13T12:25:37.453Z,2026-07-13T12:25:37.453Z,0,2026-07-13T12:25:37.593Z,0xc54fea5f9385ab4dd622736b0e3fdfec7d19ea4fba5835733f121d915981e642,2026-07-13T12:25:42.046Z,success,40291,1000,6379299,0x7e2b5dbeafd4ca888de557293c41bd3e60b3a3f2c69f7f26fa50750927adf4a0,2026-07-13T12:25:42.046Z,4453,4453,4593,63,Suspicious,2026-07-13T12:25:33.418Z,0x289ef16e2e9c8b3a1b6d96d16b8013adc2753516c296a94b66bf6c0ee65f9679,,variant-batch live execution
datm-live-2026-07-13T12-22-03-136Z,C,entity-08-malicious,malicious,22,2026-07-13T12:25:37.453Z,2026-07-13T12:25:37.453Z,2026-07-13T12:25:37.453Z,0,2026-07-13T12:25:37.597Z,0xb7a622860d8ea241206a8952c97759d8d9b535fca2c7cf36b19934f739885db5,2026-07-13T12:25:42.007Z,success,40290,1000,6379299,0x7e2b5dbeafd4ca888de557293c41bd3e60b3a3f2c69f7f26fa50750927adf4a0,2026-07-13T12:25:42.007Z,4410,4410,4554,27,Untrusted,2026-07-13T12:25:33.418Z,0x60dec624240fd8fcf10af37dca1a4b78480d6181c57ce7fd7c961db5bf7a72f0,,variant-batch live execution
datm-live-2026-07-13T12-22-03-136Z,C,entity-09-malicious,malicious,22,2026-07-13T12:25:37.454Z,2026-07-13T12:25:37.454Z,2026-07-13T12:25:37.454Z,0,2026-07-13T12:25:37.597Z,0xe758268c1d2fe9d9b9273edca75a85bedc91fa7a225718c87e05881885bc82ad,2026-07-13T12:25:42.076Z,success,40290,1000,6379299,0x7e2b5dbeafd4ca888de557293c41bd3e60b3a3f2c69f7f26fa50750927adf4a0,2026-07-13T12:25:42.076Z,4479,4479,4622,25,Untrusted,2026-07-13T12:25:33.418Z,0xc8a35853c547a7a925aea8e807e05021d49f869634dbcc26c8e51a7f58226bfd,,variant-batch live execution
datm-live-2026-07-13T12-22-03-136Z,C,entity-01-normal,normal,23,2026-07-13T12:25:47.205Z,2026-07-13T12:25:47.205Z,2026-07-13T12:25:47.205Z,0,2026-07-13T12:25:47.337Z,0x58d503e5e513cb60b7db72d7373aa0968ff912626837a72002d332f03a22eb53,2026-07-13T12:25:51.588Z,success,40199,1000,6379301,0xbfee5009cd4f87ea7c045e2903810bfdd7004e5c87f1e73f788605533f677550,2026-07-13T12:25:51.588Z,4251,4251,4383,93,Trusted,2026-07-13T12:25:43.418Z,0x4298d8eff07b42a5c805cf4028e4d26b2c041ffdba05fe21233f6db9ec170bf7,,variant-batch live execution
datm-live-2026-07-13T12-22-03-136Z,C,entity-02-normal,normal,23,2026-07-13T12:25:47.208Z,2026-07-13T12:25:47.208Z,2026-07-13T12:25:47.208Z,0,2026-07-13T12:25:47.349Z,0x5798ac201ff2cdf300e7b06d7b268d2df958665cf2a409c3f97726255ac3f43e,2026-07-13T12:25:51.586Z,success,40199,1000,6379301,0xbfee5009cd4f87ea7c045e2903810bfdd7004e5c87f1e73f788605533f677550,2026-07-13T12:25:51.586Z,4237,4237,4378,93,Trusted,2026-07-13T12:25:43.418Z,0x1602e1129325b85b49d77971235840495b3255b51c9b8e655347cb27685a815a,,variant-batch live execution
datm-live-2026-07-13T12-22-03-136Z,C,entity-03-normal,normal,23,2026-07-13T12:25:47.210Z,2026-07-13T12:25:47.210Z,2026-07-13T12:25:47.210Z,0,2026-07-13T12:25:47.349Z,0x528e72ca1280034321fbccb2034756b6a256d656562276d7f840a147cece3060,2026-07-13T12:25:51.586Z,success,40211,1000,6379301,0xbfee5009cd4f87ea7c045e2903810bfdd7004e5c87f1e73f788605533f677550,2026-07-13T12:25:51.586Z,4237,4237,4376,92,Trusted,2026-07-13T12:25:43.418Z,0x8ff26a4c50d7eb081ff575fc8ad1896ce29e0fd1b4b8a46a30926da190a82863,,variant-batch live execution
datm-live-2026-07-13T12-22-03-136Z,C,entity-04-normal,normal,23,2026-07-13T12:25:47.213Z,2026-07-13T12:25:47.213Z,2026-07-13T12:25:47.213Z,0,2026-07-13T12:25:47.350Z,0xa1292886be1aa0a8b10ad11aa0adb1ac3df1e954109c82ae845ca30ecda67fc7,2026-07-13T12:25:51.608Z,success,40199,1000,6379301,0xbfee5009cd4f87ea7c045e2903810bfdd7004e5c87f1e73f788605533f677550,2026-07-13T12:25:51.608Z,4258,4258,4395,93,Trusted,2026-07-13T12:25:43.418Z,0x860934e73651365827d5c85f209accfd3e77fc8e6c11befc269e064ff00d950b,,variant-batch live execution
datm-live-2026-07-13T12-22-03-136Z,C,entity-05-suspicious,suspicious,23,2026-07-13T12:25:47.214Z,2026-07-13T12:25:47.214Z,2026-07-13T12:25:47.214Z,0,2026-07-13T12:25:47.350Z,0x35b3b23be5d43f26f1c56b39fc124e98f1ce8803e15ddc022b6e3548a076c2f8,2026-07-13T12:25:51.587Z,success,40291,1000,6379301,0xbfee5009cd4f87ea7c045e2903810bfdd7004e5c87f1e73f788605533f677550,2026-07-13T12:25:51.587Z,4237,4237,4373,58,Suspicious,2026-07-13T12:25:43.418Z,0x42586e5edef30143a25b4a1f44b2210812a37030d7b284aa660ca72cea48910b,,variant-batch live execution
datm-live-2026-07-13T12-22-03-136Z,C,entity-06-suspicious,suspicious,23,2026-07-13T12:25:47.215Z,2026-07-13T12:25:47.215Z,2026-07-13T12:25:47.215Z,0,2026-07-13T12:25:47.362Z,0x1a587dbfdd6fc7830bc0541813da9d8bf781a363a5d8b75efd20454ec079157f,2026-07-13T12:25:51.590Z,success,40291,1000,6379301,0xbfee5009cd4f87ea7c045e2903810bfdd7004e5c87f1e73f788605533f677550,2026-07-13T12:25:51.590Z,4228,4228,4375,61,Suspicious,2026-07-13T12:25:43.418Z,0x6c58809e2c449d01f304121f5912d00ecb0b6a83248051da05fa621850330d5b,,variant-batch live execution
datm-live-2026-07-13T12-22-03-136Z,C,entity-07-suspicious,suspicious,23,2026-07-13T12:25:47.217Z,2026-07-13T12:25:47.217Z,2026-07-13T12:25:47.217Z,0,2026-07-13T12:25:47.350Z,0x9c0c19e60ac4ac2fb274524b499465dfc61c0f168302be1a60c60cec04a024e4,2026-07-13T12:25:51.764Z,success,40291,1000,6379301,0xbfee5009cd4f87ea7c045e2903810bfdd7004e5c87f1e73f788605533f677550,2026-07-13T12:25:51.764Z,4414,4414,4547,61,Suspicious,2026-07-13T12:25:43.418Z,0xf9b902313b0561d291086b9a4e497653f19c788a65161c31a84cf3c36ab28d76,,variant-batch live execution
datm-live-2026-07-13T12-22-03-136Z,C,entity-08-malicious,malicious,23,2026-07-13T12:25:47.219Z,2026-07-13T12:25:47.219Z,2026-07-13T12:25:47.219Z,0,2026-07-13T12:25:47.363Z,0x1be5e52d4bd2805ab8a04038718716fd466d5a9c09fa65cb5389075b68585827,2026-07-13T12:25:51.774Z,success,40290,1000,6379301,0xbfee5009cd4f87ea7c045e2903810bfdd7004e5c87f1e73f788605533f677550,2026-07-13T12:25:51.774Z,4411,4411,4555,25,Untrusted,2026-07-13T12:25:43.418Z,0x28987a9e6177c00931e537ff78a7b5f336fefc8fbd5af4b468b944ec5976a383,,variant-batch live execution
datm-live-2026-07-13T12-22-03-136Z,C,entity-09-malicious,malicious,23,2026-07-13T12:25:47.220Z,2026-07-13T12:25:47.220Z,2026-07-13T12:25:47.220Z,0,2026-07-13T12:25:47.363Z,0x179f3829b1c74f4594387ea41db33cf9db333845d0848f38d13bc87fafe45ef0,2026-07-13T12:25:51.803Z,success,40290,1000,6379301,0xbfee5009cd4f87ea7c045e2903810bfdd7004e5c87f1e73f788605533f677550,2026-07-13T12:25:51.803Z,4440,4440,4583,25,Untrusted,2026-07-13T12:25:43.418Z,0x3b9f235306de50405a9ed18a3bc9bcc40816eb4e70d6627a1ccf80588af8024f,,variant-batch live execution
datm-live-2026-07-13T12-22-03-136Z,C,entity-01-normal,normal,24,2026-07-13T12:25:56.929Z,2026-07-13T12:25:56.929Z,2026-07-13T12:25:56.929Z,0,2026-07-13T12:25:57.053Z,0xca1975e909a56e63792617b30d985a58fd42eea88fb54916f396ce1b8e186db9,2026-07-13T12:26:01.317Z,success,40199,1000,6379303,0x2c85ab372c0a1fb4a3db3f7faaf3b8d665cb0730eb4c2313f86069db243f2b7b,2026-07-13T12:26:01.317Z,4264,4264,4388,92,Trusted,2026-07-13T12:25:53.418Z,0xe55b3314dc23d44a6110285f1a05ed9b695f0fa00cd03241ec452f5d3da53515,,variant-batch live execution
datm-live-2026-07-13T12-22-03-136Z,C,entity-02-normal,normal,24,2026-07-13T12:25:56.931Z,2026-07-13T12:25:56.931Z,2026-07-13T12:25:56.931Z,0,2026-07-13T12:25:57.054Z,0xab7f7b21cc5e090b565f9f4287f5e400833eadf4874fc67a57094d83d7b8e2c7,2026-07-13T12:26:01.323Z,success,40211,1000,6379303,0x2c85ab372c0a1fb4a3db3f7faaf3b8d665cb0730eb4c2313f86069db243f2b7b,2026-07-13T12:26:01.323Z,4269,4269,4392,91,Trusted,2026-07-13T12:25:53.418Z,0x757550be661f34715ed2915cda223e278bb558d4365de9b8df8d9dd8cc36f5e0,,variant-batch live execution
datm-live-2026-07-13T12-22-03-136Z,C,entity-03-normal,normal,24,2026-07-13T12:25:56.932Z,2026-07-13T12:25:56.932Z,2026-07-13T12:25:56.932Z,0,2026-07-13T12:25:57.074Z,0x789579a8e1635f52998b822e70661913832dc7f9c97ffee4994ebd743e224594,2026-07-13T12:26:01.321Z,success,40199,1000,6379303,0x2c85ab372c0a1fb4a3db3f7faaf3b8d665cb0730eb4c2313f86069db243f2b7b,2026-07-13T12:26:01.321Z,4247,4247,4389,92,Trusted,2026-07-13T12:25:53.418Z,0xb1c464d7ed74d5fc0550bc3055e34b7c321ede380d67cb700dc1afeab7634ff5,,variant-batch live execution
datm-live-2026-07-13T12-22-03-136Z,C,entity-04-normal,normal,24,2026-07-13T12:25:56.934Z,2026-07-13T12:25:56.934Z,2026-07-13T12:25:56.934Z,0,2026-07-13T12:25:57.074Z,0x8ce49a82a2d7bd9516dbf86e54dcc529cfad201bd7ed1971ca100026834fc2af,2026-07-13T12:26:01.321Z,success,40199,1000,6379303,0x2c85ab372c0a1fb4a3db3f7faaf3b8d665cb0730eb4c2313f86069db243f2b7b,2026-07-13T12:26:01.321Z,4247,4247,4387,92,Trusted,2026-07-13T12:25:53.418Z,0x5faa759b45aa54d303bc3f12caecdd7070a00ebad2010c0793e07360d150349a,,variant-batch live execution
datm-live-2026-07-13T12-22-03-136Z,C,entity-05-suspicious,suspicious,24,2026-07-13T12:25:56.935Z,2026-07-13T12:25:56.935Z,2026-07-13T12:25:56.935Z,0,2026-07-13T12:25:57.074Z,0x47984db973d68da5c793db8ed42c50201c8148b7cec55b9dae996b71de439115,2026-07-13T12:26:01.339Z,success,40291,1000,6379303,0x2c85ab372c0a1fb4a3db3f7faaf3b8d665cb0730eb4c2313f86069db243f2b7b,2026-07-13T12:26:01.339Z,4265,4265,4404,61,Suspicious,2026-07-13T12:25:53.418Z,0x4aa374e00122b1127de4be96c1380c23581766cfb1b05de53219ee81f57885ba,,variant-batch live execution
datm-live-2026-07-13T12-22-03-136Z,C,entity-06-suspicious,suspicious,24,2026-07-13T12:25:56.936Z,2026-07-13T12:25:56.936Z,2026-07-13T12:25:56.936Z,0,2026-07-13T12:25:57.078Z,0x1ecf438277ba5f8d5c7fff8189ff98fefc46df65f00fb9ceb1c9c2fffb381815,2026-07-13T12:26:01.315Z,success,40291,1000,6379303,0x2c85ab372c0a1fb4a3db3f7faaf3b8d665cb0730eb4c2313f86069db243f2b7b,2026-07-13T12:26:01.315Z,4237,4237,4379,61,Suspicious,2026-07-13T12:25:53.418Z,0x11a63f86e8886b3fcea8d473720bda4ada247fa3bc9dd81495e0f80a38b89312,,variant-batch live execution
datm-live-2026-07-13T12-22-03-136Z,C,entity-07-suspicious,suspicious,24,2026-07-13T12:25:56.937Z,2026-07-13T12:25:56.937Z,2026-07-13T12:25:56.937Z,0,2026-07-13T12:25:57.075Z,0x6785cfd2e104fe98814bcef10269e9d3453d4f4ed7307aa07155120bf98ddd01,2026-07-13T12:26:01.544Z,success,40291,1000,6379303,0x2c85ab372c0a1fb4a3db3f7faaf3b8d665cb0730eb4c2313f86069db243f2b7b,2026-07-13T12:26:01.544Z,4469,4469,4607,58,Suspicious,2026-07-13T12:25:53.418Z,0x4d9e326fa30e7925244bac068e7303dc6fac4a3699d01be5f85cd312cde80281,,variant-batch live execution
datm-live-2026-07-13T12-22-03-136Z,C,entity-08-malicious,malicious,24,2026-07-13T12:25:56.938Z,2026-07-13T12:25:56.938Z,2026-07-13T12:25:56.938Z,0,2026-07-13T12:25:57.078Z,0xae9be3639e001ea78a6efc42a5bbaedcb8c50f471283dff472d3387672883fc3,2026-07-13T12:26:01.543Z,success,40290,1000,6379303,0x2c85ab372c0a1fb4a3db3f7faaf3b8d665cb0730eb4c2313f86069db243f2b7b,2026-07-13T12:26:01.543Z,4465,4465,4605,25,Untrusted,2026-07-13T12:25:53.418Z,0xe0256d35eb2182d392034edd1b1e39158ca2e0090cc250029f3208b4f3a6c902,,variant-batch live execution
datm-live-2026-07-13T12-22-03-136Z,C,entity-09-malicious,malicious,24,2026-07-13T12:25:56.939Z,2026-07-13T12:25:56.939Z,2026-07-13T12:25:56.939Z,0,2026-07-13T12:25:57.075Z,0xdd0dc74a35d2cb24912fef0724246d65c5aa94b5cc2da700e044d842d4306b43,2026-07-13T12:26:01.569Z,success,40290,1000,6379303,0x2c85ab372c0a1fb4a3db3f7faaf3b8d665cb0730eb4c2313f86069db243f2b7b,2026-07-13T12:26:01.569Z,4494,4494,4630,27,Untrusted,2026-07-13T12:25:53.418Z,0xd4d0b3435ba841baad91ba1ef7f43c68d496146a618327bb77d21c1e3afa618d,,variant-batch live execution
datm-live-2026-07-13T12-22-03-136Z,C,entity-01-normal,normal,25,2026-07-13T12:26:06.695Z,2026-07-13T12:26:06.695Z,2026-07-13T12:26:06.695Z,0,2026-07-13T12:26:06.826Z,0x9ecfc0b9c9efa7a68dccbbe5b2179176c6da07cd6f3b499f27eed9afbc85f686,2026-07-13T12:26:11.087Z,success,40211,1000,6379305,0x9f1cd0d7a49ee5e5d80622a23ef2b503f6814d079d820d1cec0c2aa665374729,2026-07-13T12:26:11.087Z,4261,4261,4392,92,Trusted,2026-07-13T12:26:03.418Z,0x4d8db7610d483df00d0af650bab393aa26959667dc2889ff98778ee59ed4503c,,variant-batch live execution
datm-live-2026-07-13T12-22-03-136Z,C,entity-02-normal,normal,25,2026-07-13T12:26:06.697Z,2026-07-13T12:26:06.697Z,2026-07-13T12:26:06.697Z,0,2026-07-13T12:26:06.827Z,0x8b5a2dd57e2afacefaa916b6f2bc971545a3865ea9f61fc73c267d9912045305,2026-07-13T12:26:11.065Z,success,40199,1000,6379305,0x9f1cd0d7a49ee5e5d80622a23ef2b503f6814d079d820d1cec0c2aa665374729,2026-07-13T12:26:11.065Z,4238,4238,4368,92,Trusted,2026-07-13T12:26:03.418Z,0x01e0ffd607e58518582db1bf59b31922a23e776f646d6ea99d1fd09552706e4b,,variant-batch live execution
datm-live-2026-07-13T12-22-03-136Z,C,entity-03-normal,normal,25,2026-07-13T12:26:06.698Z,2026-07-13T12:26:06.698Z,2026-07-13T12:26:06.698Z,0,2026-07-13T12:26:06.835Z,0xfa464f0bf31d0ed4132ddcd346c561b14e986e18de059e9607f39fb8e0545fa2,2026-07-13T12:26:11.070Z,success,40199,1000,6379305,0x9f1cd0d7a49ee5e5d80622a23ef2b503f6814d079d820d1cec0c2aa665374729,2026-07-13T12:26:11.070Z,4235,4235,4372,93,Trusted,2026-07-13T12:26:03.418Z,0xe3d8de7aa1f1195b7f17178e318b727f47f9eb08563316a99db95f2a12f0344f,,variant-batch live execution
datm-live-2026-07-13T12-22-03-136Z,C,entity-04-normal,normal,25,2026-07-13T12:26:06.700Z,2026-07-13T12:26:06.700Z,2026-07-13T12:26:06.700Z,0,2026-07-13T12:26:06.835Z,0x7cf294847063a55e0b64a6c176fed835054f480584f6e768562ea01508461962,2026-07-13T12:26:11.066Z,success,40211,1000,6379305,0x9f1cd0d7a49ee5e5d80622a23ef2b503f6814d079d820d1cec0c2aa665374729,2026-07-13T12:26:11.066Z,4231,4231,4366,92,Trusted,2026-07-13T12:26:03.418Z,0x5537ada6b90d02fbc8b6482a4a5fe2c503725e9512266d26b202221c9cb8d1f3,,variant-batch live execution
datm-live-2026-07-13T12-22-03-136Z,C,entity-05-suspicious,suspicious,25,2026-07-13T12:26:06.701Z,2026-07-13T12:26:06.701Z,2026-07-13T12:26:06.701Z,0,2026-07-13T12:26:06.836Z,0x81daa65728a590ba7f314c8ba1bdfeee58c8457d249179f905a494b367803537,2026-07-13T12:26:11.070Z,success,40279,1000,6379305,0x9f1cd0d7a49ee5e5d80622a23ef2b503f6814d079d820d1cec0c2aa665374729,2026-07-13T12:26:11.070Z,4234,4234,4369,61,Suspicious,2026-07-13T12:26:03.418Z,0x1573dee7c68ab9aeba650069df5e9b37daf898bba3357b0f707eca8305bd15b3,,variant-batch live execution
datm-live-2026-07-13T12-22-03-136Z,C,entity-06-suspicious,suspicious,25,2026-07-13T12:26:06.702Z,2026-07-13T12:26:06.702Z,2026-07-13T12:26:06.702Z,0,2026-07-13T12:26:06.836Z,0x7e91c4ad90117153203bcc359cdfbfbb0d93d338b24d2525ebc680f8e738fe79,2026-07-13T12:26:11.069Z,success,40291,1000,6379305,0x9f1cd0d7a49ee5e5d80622a23ef2b503f6814d079d820d1cec0c2aa665374729,2026-07-13T12:26:11.069Z,4233,4233,4367,61,Suspicious,2026-07-13T12:26:03.418Z,0x1ca11bbe6eb3b22456960dca88e421ba4420556754a0133799109b5d5540968b,,variant-batch live execution
datm-live-2026-07-13T12-22-03-136Z,C,entity-07-suspicious,suspicious,25,2026-07-13T12:26:06.703Z,2026-07-13T12:26:06.703Z,2026-07-13T12:26:06.703Z,0,2026-07-13T12:26:06.836Z,0xf97f5a7224cc923459c3a3dee2e853ab8df6b9b345c78b11ce1f0adf0ab84a9a,2026-07-13T12:26:11.253Z,success,40291,1000,6379305,0x9f1cd0d7a49ee5e5d80622a23ef2b503f6814d079d820d1cec0c2aa665374729,2026-07-13T12:26:11.253Z,4417,4417,4550,61,Suspicious,2026-07-13T12:26:03.418Z,0x96aae2f4acea10a3f9a74cf0d479cf6787c9278ee3d0e553655c16536bb532f2,,variant-batch live execution
datm-live-2026-07-13T12-22-03-136Z,C,entity-08-malicious,malicious,25,2026-07-13T12:26:06.704Z,2026-07-13T12:26:06.704Z,2026-07-13T12:26:06.704Z,0,2026-07-13T12:26:06.853Z,0x050283112cbf5ff29c384efc3aaa0acfcb178219b8751b15b406b3852e9a8e35,2026-07-13T12:26:11.268Z,success,40290,1000,6379305,0x9f1cd0d7a49ee5e5d80622a23ef2b503f6814d079d820d1cec0c2aa665374729,2026-07-13T12:26:11.268Z,4415,4415,4564,27,Untrusted,2026-07-13T12:26:03.418Z,0xed5e4979db933b2cbc5ae77d42ab9dbb6e4a586a95d3d3ff9fbf50c5e4b93dbe,,variant-batch live execution
datm-live-2026-07-13T12-22-03-136Z,C,entity-09-malicious,malicious,25,2026-07-13T12:26:06.705Z,2026-07-13T12:26:06.705Z,2026-07-13T12:26:06.705Z,0,2026-07-13T12:26:06.853Z,0xbea87a217704087592d312666e8897a56bffdf95e6fd707a645efbd5ecbedd03,2026-07-13T12:26:11.294Z,success,40290,1000,6379305,0x9f1cd0d7a49ee5e5d80622a23ef2b503f6814d079d820d1cec0c2aa665374729,2026-07-13T12:26:11.294Z,4441,4441,4589,25,Untrusted,2026-07-13T12:26:03.418Z,0x7c58cfd9611cf2053f4624080333c77d0a36aff91cddd0fd4e0fa73a40cfc7eb,,variant-batch live execution
datm-live-2026-07-13T12-22-03-136Z,C,entity-01-normal,normal,26,2026-07-13T12:26:16.433Z,2026-07-13T12:26:16.433Z,2026-07-13T12:26:16.433Z,0,2026-07-13T12:26:16.563Z,0x36396b548ffa2a1bbda7322c865efdedfa9b261e74dd8afb36e3a4c83543f396,2026-07-13T12:26:20.825Z,success,40199,1000,6379307,0x1ec874a723a1bf1329762d20ab5ee46d27ece24d53bc4bd54e514a30fc274f51,2026-07-13T12:26:20.825Z,4262,4262,4392,92,Trusted,2026-07-13T12:26:13.418Z,0x6f2ae0aa4bf92ce78d7dbe67e380e2f95527ea739f7e4083b3b53b0ed7a7725d,,variant-batch live execution
datm-live-2026-07-13T12-22-03-136Z,C,entity-02-normal,normal,26,2026-07-13T12:26:16.434Z,2026-07-13T12:26:16.434Z,2026-07-13T12:26:16.434Z,0,2026-07-13T12:26:16.563Z,0xc9f2b0ae84d9cfb442af443128f8694778939f8deaf98aea04f7c5d64793fa9e,2026-07-13T12:26:20.823Z,success,40199,1000,6379307,0x1ec874a723a1bf1329762d20ab5ee46d27ece24d53bc4bd54e514a30fc274f51,2026-07-13T12:26:20.823Z,4260,4260,4389,92,Trusted,2026-07-13T12:26:13.418Z,0x3416e7031014b7493eafb487e0ccdb05b339121fbd32e8874d8d3a600c09d05e,,variant-batch live execution
datm-live-2026-07-13T12-22-03-136Z,C,entity-03-normal,normal,26,2026-07-13T12:26:16.435Z,2026-07-13T12:26:16.435Z,2026-07-13T12:26:16.435Z,0,2026-07-13T12:26:16.575Z,0x23e845f062be8a95d12ff7855a523b98c1ad9363e85303059ed8a3dea9c3487a,2026-07-13T12:26:20.839Z,success,40211,1000,6379307,0x1ec874a723a1bf1329762d20ab5ee46d27ece24d53bc4bd54e514a30fc274f51,2026-07-13T12:26:20.839Z,4264,4264,4404,91,Trusted,2026-07-13T12:26:13.418Z,0xbfdfe247d6b1688e5f113fb015ca7d9f0556bf0e5ba3bdffb3632d3e27533e0e,,variant-batch live execution
datm-live-2026-07-13T12-22-03-136Z,C,entity-04-normal,normal,26,2026-07-13T12:26:16.436Z,2026-07-13T12:26:16.436Z,2026-07-13T12:26:16.436Z,0,2026-07-13T12:26:16.575Z,0x723ed15a92c1d1c908edceacf530d89560591b1b9538442933fa706dbac626c7,2026-07-13T12:26:20.824Z,success,40199,1000,6379307,0x1ec874a723a1bf1329762d20ab5ee46d27ece24d53bc4bd54e514a30fc274f51,2026-07-13T12:26:20.824Z,4249,4249,4388,92,Trusted,2026-07-13T12:26:13.418Z,0x442ae89bc332ace358d70ea35cd3ea1b2614a357672f159edf62d7fecf6e2b80,,variant-batch live execution
datm-live-2026-07-13T12-22-03-136Z,C,entity-05-suspicious,suspicious,26,2026-07-13T12:26:16.437Z,2026-07-13T12:26:16.437Z,2026-07-13T12:26:16.437Z,0,2026-07-13T12:26:16.575Z,0x72446d3959783a0b88cee9313afb37eda8dbcf0d71182b5eb27f779f668f9915,2026-07-13T12:26:20.825Z,success,40291,1000,6379307,0x1ec874a723a1bf1329762d20ab5ee46d27ece24d53bc4bd54e514a30fc274f51,2026-07-13T12:26:20.825Z,4250,4250,4388,61,Suspicious,2026-07-13T12:26:13.418Z,0x9b2c6295699901065c6f45b85d61f51e747e6475ecd264b89470d24991c63d2d,,variant-batch live execution
datm-live-2026-07-13T12-22-03-136Z,C,entity-06-suspicious,suspicious,26,2026-07-13T12:26:16.438Z,2026-07-13T12:26:16.438Z,2026-07-13T12:26:16.438Z,0,2026-07-13T12:26:16.576Z,0x8df1a96600aa90b85c4afc23a232caeff6031ced9092df49703c542c4cac4077,2026-07-13T12:26:20.810Z,success,40291,1000,6379307,0x1ec874a723a1bf1329762d20ab5ee46d27ece24d53bc4bd54e514a30fc274f51,2026-07-13T12:26:20.810Z,4234,4234,4372,60,Suspicious,2026-07-13T12:26:13.418Z,0x80378d15383b2f6883889e5281c744fcf6fb47378785a7ecb1cec28407c6c520,,variant-batch live execution
datm-live-2026-07-13T12-22-03-136Z,C,entity-07-suspicious,suspicious,26,2026-07-13T12:26:16.439Z,2026-07-13T12:26:16.439Z,2026-07-13T12:26:16.439Z,0,2026-07-13T12:26:16.576Z,0x647def4a946d4f3c9a4d97b61aca30d4d7aa6bd4b51eb7f889979648ff7af2e1,2026-07-13T12:26:20.990Z,success,40291,1000,6379307,0x1ec874a723a1bf1329762d20ab5ee46d27ece24d53bc4bd54e514a30fc274f51,2026-07-13T12:26:20.990Z,4414,4414,4551,61,Suspicious,2026-07-13T12:26:13.418Z,0xca79d1c74ffe9eb03bf0ef3b12e122c564ced93857633aa4318ffdf3c89fde45,,variant-batch live execution
datm-live-2026-07-13T12-22-03-136Z,C,entity-08-malicious,malicious,26,2026-07-13T12:26:16.440Z,2026-07-13T12:26:16.440Z,2026-07-13T12:26:16.440Z,0,2026-07-13T12:26:16.593Z,0x1613715120a6173bd20c009af798cf8156dec32b34adf82e0dda83a062d4dadd,2026-07-13T12:26:21.002Z,success,40290,1000,6379307,0x1ec874a723a1bf1329762d20ab5ee46d27ece24d53bc4bd54e514a30fc274f51,2026-07-13T12:26:21.002Z,4409,4409,4562,25,Untrusted,2026-07-13T12:26:13.418Z,0xef4a5baf109d209946fefdc6ad8cd8cc7c0cefd9739a1ecce3f2dd50d7145443,,variant-batch live execution
datm-live-2026-07-13T12-22-03-136Z,C,entity-09-malicious,malicious,26,2026-07-13T12:26:16.441Z,2026-07-13T12:26:16.441Z,2026-07-13T12:26:16.441Z,0,2026-07-13T12:26:16.593Z,0x5e5bc23cacc65f793e350192f34132789548b169f11b344261496bc462cb07f0,2026-07-13T12:26:21.031Z,success,40290,1000,6379307,0x1ec874a723a1bf1329762d20ab5ee46d27ece24d53bc4bd54e514a30fc274f51,2026-07-13T12:26:21.031Z,4438,4438,4590,24,Untrusted,2026-07-13T12:26:13.418Z,0x495037853a9df1eb63428d0959d6306b4b73e7add57e20b7bd4416ca0d965c8e,,variant-batch live execution
datm-live-2026-07-13T12-22-03-136Z,C,entity-01-normal,normal,27,2026-07-13T12:26:26.143Z,2026-07-13T12:26:26.143Z,2026-07-13T12:26:26.143Z,0,2026-07-13T12:26:26.261Z,0x49863f3b4d2de27dda5fcfb7c60e209567893654debba053aafa6ad3c96a9080,2026-07-13T12:26:30.636Z,success,40199,1000,6379309,0x09e12f69ccfcd2afc14d3ada7d5b122b2ab79b86f1f2b92afbe6d24d333966ef,2026-07-13T12:26:30.636Z,4375,4375,4493,93,Trusted,2026-07-13T12:26:23.418Z,0x06946abf57854182363f7a21c2719304090decc21354bd362d265057165cccdb,,variant-batch live execution
datm-live-2026-07-13T12-22-03-136Z,C,entity-02-normal,normal,27,2026-07-13T12:26:26.144Z,2026-07-13T12:26:26.144Z,2026-07-13T12:26:26.144Z,0,2026-07-13T12:26:26.260Z,0x834901de2b5464cf059bda5c3477a35622df40bec180ceb81ddb90c9e289b25e,2026-07-13T12:26:30.614Z,success,40199,1000,6379309,0x09e12f69ccfcd2afc14d3ada7d5b122b2ab79b86f1f2b92afbe6d24d333966ef,2026-07-13T12:26:30.614Z,4354,4354,4470,91,Trusted,2026-07-13T12:26:23.418Z,0xdf570fc54eb41900680629163f5c701b83fe86abeb19d2fbe4f31240e60997f3,,variant-batch live execution
datm-live-2026-07-13T12-22-03-136Z,C,entity-03-normal,normal,27,2026-07-13T12:26:26.145Z,2026-07-13T12:26:26.145Z,2026-07-13T12:26:26.145Z,0,2026-07-13T12:26:26.261Z,0x069857a14086b1599fd1e41bd9d517db4652caad0f942177b1813e4414c3162f,2026-07-13T12:26:30.579Z,success,40199,1000,6379309,0x09e12f69ccfcd2afc14d3ada7d5b122b2ab79b86f1f2b92afbe6d24d333966ef,2026-07-13T12:26:30.579Z,4318,4318,4434,93,Trusted,2026-07-13T12:26:23.418Z,0xea91bf43dfde36806cc070afb9b6ad0825c5d8adc3b2e01e37a661ed53fddb72,,variant-batch live execution
datm-live-2026-07-13T12-22-03-136Z,C,entity-04-normal,normal,27,2026-07-13T12:26:26.146Z,2026-07-13T12:26:26.146Z,2026-07-13T12:26:26.146Z,0,2026-07-13T12:26:26.261Z,0xcc00c6e0abcb3c746127a60488c10886551de874ceebb21f3cb174703d68415a,2026-07-13T12:26:30.609Z,success,40199,1000,6379309,0x09e12f69ccfcd2afc14d3ada7d5b122b2ab79b86f1f2b92afbe6d24d333966ef,2026-07-13T12:26:30.609Z,4348,4348,4463,93,Trusted,2026-07-13T12:26:23.418Z,0xb28ec7b49e9a56af616337ecc3a107153fc1e491fd52aef0f2dc515c035d424e,,variant-batch live execution
datm-live-2026-07-13T12-22-03-136Z,C,entity-05-suspicious,suspicious,27,2026-07-13T12:26:26.147Z,2026-07-13T12:26:26.147Z,2026-07-13T12:26:26.147Z,0,2026-07-13T12:26:26.262Z,0xfb98ad5e51ec41b38982ea694940fd18679e93aeaa52241e75c96cb568bca801,2026-07-13T12:26:30.611Z,success,40279,1000,6379309,0x09e12f69ccfcd2afc14d3ada7d5b122b2ab79b86f1f2b92afbe6d24d333966ef,2026-07-13T12:26:30.611Z,4349,4349,4464,60,Suspicious,2026-07-13T12:26:23.418Z,0xbffe0316fa8419e87222f6120a9600fbab4ec9cab26b7877c7d0abb71537b470,,variant-batch live execution
datm-live-2026-07-13T12-22-03-136Z,C,entity-06-suspicious,suspicious,27,2026-07-13T12:26:26.150Z,2026-07-13T12:26:26.150Z,2026-07-13T12:26:26.150Z,0,2026-07-13T12:26:26.262Z,0x43da1175bd19439414a756093eed1396f5f49b28c73ea6c63325a93b2d178b0d,2026-07-13T12:26:30.612Z,success,40279,1000,6379309,0x09e12f69ccfcd2afc14d3ada7d5b122b2ab79b86f1f2b92afbe6d24d333966ef,2026-07-13T12:26:30.612Z,4350,4350,4462,63,Suspicious,2026-07-13T12:26:23.418Z,0xd000a284fce40f74d36ec82d461307ee4bbd0f35ec820dced29996cbffe63539,,variant-batch live execution
datm-live-2026-07-13T12-22-03-136Z,C,entity-07-suspicious,suspicious,27,2026-07-13T12:26:26.151Z,2026-07-13T12:26:26.151Z,2026-07-13T12:26:26.151Z,0,2026-07-13T12:26:26.293Z,0xb99204c1e420bd53fc4c8427732aae4d5d684f88c3bf42ce7eee679a85760b05,2026-07-13T12:26:30.808Z,success,40291,1000,6379309,0x09e12f69ccfcd2afc14d3ada7d5b122b2ab79b86f1f2b92afbe6d24d333966ef,2026-07-13T12:26:30.808Z,4515,4515,4657,61,Suspicious,2026-07-13T12:26:23.418Z,0x0cac673a3f6422187c37ec935e1e04d533b986fdb352285a29f50d0796f89082,,variant-batch live execution
datm-live-2026-07-13T12-22-03-136Z,C,entity-08-malicious,malicious,27,2026-07-13T12:26:26.152Z,2026-07-13T12:26:26.152Z,2026-07-13T12:26:26.152Z,0,2026-07-13T12:26:26.293Z,0x78e553b1153ffa677e355ccb93fdd27444b410095ac44d80fcb7c9c87aac73d5,2026-07-13T12:26:30.819Z,success,40290,1000,6379309,0x09e12f69ccfcd2afc14d3ada7d5b122b2ab79b86f1f2b92afbe6d24d333966ef,2026-07-13T12:26:30.819Z,4526,4526,4667,24,Untrusted,2026-07-13T12:26:23.418Z,0xe443edfc4bf6825246c05b25c76b5e0b13e63373c22ff73558d9821107e8f7c4,,variant-batch live execution
datm-live-2026-07-13T12-22-03-136Z,C,entity-09-malicious,malicious,27,2026-07-13T12:26:26.152Z,2026-07-13T12:26:26.152Z,2026-07-13T12:26:26.152Z,0,2026-07-13T12:26:26.294Z,0x350a0306c55052c1bbccd2787ff3db1b3eb857b40c8554e9ee56275ec25ed575,2026-07-13T12:26:30.833Z,success,40290,1000,6379309,0x09e12f69ccfcd2afc14d3ada7d5b122b2ab79b86f1f2b92afbe6d24d333966ef,2026-07-13T12:26:30.833Z,4539,4539,4681,26,Untrusted,2026-07-13T12:26:23.418Z,0x8eb2941c8059494db9b3673d93bae5fe49f4f5d2b30f80418e852660e9f8e543,,variant-batch live execution
datm-live-2026-07-13T12-22-03-136Z,C,entity-01-normal,normal,28,2026-07-13T12:26:35.953Z,2026-07-13T12:26:35.953Z,2026-07-13T12:26:35.953Z,0,2026-07-13T12:26:36.088Z,0xd7b75c2835d063a81b5e23d83d10b4c4d5a11b75b2f87c98442e2d2fa22a8e80,2026-07-13T12:26:40.336Z,success,40211,1000,6379311,0x9684360b07746ab4d721d54dace1d09657bf3ed3620af8969da2bd99af8743ee,2026-07-13T12:26:40.336Z,4248,4248,4383,91,Trusted,2026-07-13T12:26:33.418Z,0xfc966108c45a0624bbdc5c327f1215de3476e23773880a3f8ff048efabbeab46,,variant-batch live execution
datm-live-2026-07-13T12-22-03-136Z,C,entity-02-normal,normal,28,2026-07-13T12:26:35.955Z,2026-07-13T12:26:35.955Z,2026-07-13T12:26:35.955Z,0,2026-07-13T12:26:36.088Z,0xe4a5ea511270a529cd8f41513648822a1a33c9a89036adee98b77de63538aa0a,2026-07-13T12:26:40.369Z,success,40199,1000,6379311,0x9684360b07746ab4d721d54dace1d09657bf3ed3620af8969da2bd99af8743ee,2026-07-13T12:26:40.369Z,4281,4281,4414,92,Trusted,2026-07-13T12:26:33.418Z,0xd6c9fedf06ae994c8f0dddc94b9e7b9b9301b60ffb15fd6d7e07c0ccda3411ad,,variant-batch live execution
datm-live-2026-07-13T12-22-03-136Z,C,entity-03-normal,normal,28,2026-07-13T12:26:35.955Z,2026-07-13T12:26:35.955Z,2026-07-13T12:26:35.955Z,0,2026-07-13T12:26:36.089Z,0xbdfd8aaa1255a8635e29e9935e66bd244cb0f0635fbbb279d60b2a32b6e5c5d7,2026-07-13T12:26:40.371Z,success,40199,1000,6379311,0x9684360b07746ab4d721d54dace1d09657bf3ed3620af8969da2bd99af8743ee,2026-07-13T12:26:40.371Z,4282,4282,4416,92,Trusted,2026-07-13T12:26:33.418Z,0xaa133fa1078ed516f2a72da9dd7ba1ef5da4c215a5586a94605aa8586f9d2db3,,variant-batch live execution
datm-live-2026-07-13T12-22-03-136Z,C,entity-04-normal,normal,28,2026-07-13T12:26:35.955Z,2026-07-13T12:26:35.955Z,2026-07-13T12:26:35.955Z,0,2026-07-13T12:26:36.089Z,0x01a772a3651403c1c0e3a9c6c291f8d4d8c30f8a8ba9113c988bf7bb89c3e486,2026-07-13T12:26:40.334Z,success,40211,1000,6379311,0x9684360b07746ab4d721d54dace1d09657bf3ed3620af8969da2bd99af8743ee,2026-07-13T12:26:40.334Z,4245,4245,4379,91,Trusted,2026-07-13T12:26:33.418Z,0x0ea423ba59dc7c4fc6aeb2cb6642faaae684cede5676ac384f608ac48657a226,,variant-batch live execution
datm-live-2026-07-13T12-22-03-136Z,C,entity-05-suspicious,suspicious,28,2026-07-13T12:26:35.956Z,2026-07-13T12:26:35.956Z,2026-07-13T12:26:35.956Z,0,2026-07-13T12:26:36.089Z,0x94274e05802bbd3a84078d330e3604558fb00792583988028de8f3f87b0f1b2a,2026-07-13T12:26:40.334Z,success,40291,1000,6379311,0x9684360b07746ab4d721d54dace1d09657bf3ed3620af8969da2bd99af8743ee,2026-07-13T12:26:40.334Z,4245,4245,4378,63,Suspicious,2026-07-13T12:26:33.418Z,0xe62da7cff8a047095937101af95824a2c21df2c48c4bb6e6c5533eb8f418c01d,,variant-batch live execution
datm-live-2026-07-13T12-22-03-136Z,C,entity-06-suspicious,suspicious,28,2026-07-13T12:26:35.958Z,2026-07-13T12:26:35.958Z,2026-07-13T12:26:35.958Z,0,2026-07-13T12:26:36.089Z,0x26e226eeeb86757cd2d86181e997aa37f9f580181afbb2720bca9b9a57a56c4c,2026-07-13T12:26:40.330Z,success,40291,1000,6379311,0x9684360b07746ab4d721d54dace1d09657bf3ed3620af8969da2bd99af8743ee,2026-07-13T12:26:40.330Z,4241,4241,4372,62,Suspicious,2026-07-13T12:26:33.418Z,0x98a0b2f2d381edd09e5c53541796fc350824923e29fc6340dd13b617a393c351,,variant-batch live execution
datm-live-2026-07-13T12-22-03-136Z,C,entity-07-suspicious,suspicious,28,2026-07-13T12:26:35.959Z,2026-07-13T12:26:35.959Z,2026-07-13T12:26:35.959Z,0,2026-07-13T12:26:36.113Z,0xcec0d7dd1c4c4396f48876c8e7f75b25ee9141434d986ceda8265ac8dcdcfba3,2026-07-13T12:26:40.543Z,success,40291,1000,6379311,0x9684360b07746ab4d721d54dace1d09657bf3ed3620af8969da2bd99af8743ee,2026-07-13T12:26:40.543Z,4430,4430,4584,60,Suspicious,2026-07-13T12:26:33.418Z,0x2c9a6dbcb3bc0bc5a5592bb47dcc8aaa7c493bd92a0ce4afdfd6fa6b8fade3a7,,variant-batch live execution
datm-live-2026-07-13T12-22-03-136Z,C,entity-08-malicious,malicious,28,2026-07-13T12:26:35.960Z,2026-07-13T12:26:35.960Z,2026-07-13T12:26:35.960Z,0,2026-07-13T12:26:36.113Z,0xc30ca2def7a1d8bc406cb75f05c50323b64cb616d7baa36296dbb0de3f9fa816,2026-07-13T12:26:40.518Z,success,40290,1000,6379311,0x9684360b07746ab4d721d54dace1d09657bf3ed3620af8969da2bd99af8743ee,2026-07-13T12:26:40.518Z,4405,4405,4558,26,Untrusted,2026-07-13T12:26:33.418Z,0xf33c3fd3d24d9de4c36ccb0795ecc3b2877bb06362ea7b07bde6ffb3bf784174,,variant-batch live execution
datm-live-2026-07-13T12-22-03-136Z,C,entity-09-malicious,malicious,28,2026-07-13T12:26:35.961Z,2026-07-13T12:26:35.961Z,2026-07-13T12:26:35.961Z,0,2026-07-13T12:26:36.113Z,0x3d41a707c949d3ffd848360d814323492271343f220785dee4db6dbc7a9a5fe1,2026-07-13T12:26:40.572Z,success,40290,1000,6379311,0x9684360b07746ab4d721d54dace1d09657bf3ed3620af8969da2bd99af8743ee,2026-07-13T12:26:40.572Z,4459,4459,4611,25,Untrusted,2026-07-13T12:26:33.418Z,0x74f0aaf0b4cbbc3e984bd2f0421b55cb7402f68c79119fcadcd3c9c1ef0bde7e,,variant-batch live execution
datm-live-2026-07-13T12-22-03-136Z,C,entity-01-normal,normal,29,2026-07-13T12:26:45.701Z,2026-07-13T12:26:45.701Z,2026-07-13T12:26:45.701Z,0,2026-07-13T12:26:45.824Z,0x0c36ff780042eb93bc347aeb6f69bdc9143350cb4ab748a1fe4dc0996d7406e0,2026-07-13T12:26:50.100Z,success,40199,1000,6379313,0x961d50a0616b6ba3e1a34f22b85b7b172a459f1b099cc54c022828d1b8a343e7,2026-07-13T12:26:50.100Z,4276,4276,4399,93,Trusted,2026-07-13T12:26:43.418Z,0xdbf502e65b251a881abb1730066ad01bbd371932f0ae337be561a7424a0e1c4c,,variant-batch live execution
datm-live-2026-07-13T12-22-03-136Z,C,entity-02-normal,normal,29,2026-07-13T12:26:45.703Z,2026-07-13T12:26:45.703Z,2026-07-13T12:26:45.703Z,0,2026-07-13T12:26:45.824Z,0x0b9fcb5abe9e55d57d8b06bb8faa1c20796a8794678e0c489a32ad654ae58ca3,2026-07-13T12:26:50.130Z,success,40199,1000,6379313,0x961d50a0616b6ba3e1a34f22b85b7b172a459f1b099cc54c022828d1b8a343e7,2026-07-13T12:26:50.130Z,4306,4306,4427,92,Trusted,2026-07-13T12:26:43.418Z,0xa7aa7414adc037211bdb1b4611ef607f3791622b347240564da5c1832f19b992,,variant-batch live execution
datm-live-2026-07-13T12-22-03-136Z,C,entity-03-normal,normal,29,2026-07-13T12:26:45.703Z,2026-07-13T12:26:45.703Z,2026-07-13T12:26:45.703Z,0,2026-07-13T12:26:45.835Z,0x366ca50dab0ec0d624a570425e459de1f1bc29b0c7e7f6023b65fabc2ed39a52,2026-07-13T12:26:50.108Z,success,40211,1000,6379313,0x961d50a0616b6ba3e1a34f22b85b7b172a459f1b099cc54c022828d1b8a343e7,2026-07-13T12:26:50.108Z,4273,4273,4405,92,Trusted,2026-07-13T12:26:43.418Z,0x0f9125cc3434bdb85219e3e8897b972146c25d1a5812500c2543791a520e3e2d,,variant-batch live execution
datm-live-2026-07-13T12-22-03-136Z,C,entity-04-normal,normal,29,2026-07-13T12:26:45.704Z,2026-07-13T12:26:45.704Z,2026-07-13T12:26:45.704Z,0,2026-07-13T12:26:45.835Z,0x50725c98e2584612f765871d38c8e81ed2f738dc31d733114b483ea92b286c89,2026-07-13T12:26:50.108Z,success,40199,1000,6379313,0x961d50a0616b6ba3e1a34f22b85b7b172a459f1b099cc54c022828d1b8a343e7,2026-07-13T12:26:50.108Z,4273,4273,4404,93,Trusted,2026-07-13T12:26:43.418Z,0xb67377a8a86cb414898024f78711940aceb7575bd1e6c04230815ee1327aa9c1,,variant-batch live execution
datm-live-2026-07-13T12-22-03-136Z,C,entity-05-suspicious,suspicious,29,2026-07-13T12:26:45.704Z,2026-07-13T12:26:45.704Z,2026-07-13T12:26:45.704Z,0,2026-07-13T12:26:45.835Z,0x0baa80681f4ef570fd92d24901ede764660417e64d798171f66f05cc5580c0eb,2026-07-13T12:26:50.110Z,success,40291,1000,6379313,0x961d50a0616b6ba3e1a34f22b85b7b172a459f1b099cc54c022828d1b8a343e7,2026-07-13T12:26:50.110Z,4275,4275,4406,62,Suspicious,2026-07-13T12:26:43.418Z,0x89bb531ac081a28e3fa3cec3785a45c3c03d8cd47cb78a41bbdfac9a9f055201,,variant-batch live execution
datm-live-2026-07-13T12-22-03-136Z,C,entity-06-suspicious,suspicious,29,2026-07-13T12:26:45.705Z,2026-07-13T12:26:45.705Z,2026-07-13T12:26:45.705Z,0,2026-07-13T12:26:45.835Z,0xd50e75fc5a544a90b33b32c311a1cd510dc2ab321a7f702e7c1412389bab36fe,2026-07-13T12:26:50.132Z,success,40279,1000,6379313,0x961d50a0616b6ba3e1a34f22b85b7b172a459f1b099cc54c022828d1b8a343e7,2026-07-13T12:26:50.132Z,4297,4297,4427,58,Suspicious,2026-07-13T12:26:43.418Z,0x690adb07f4c4fffa74007b58e4b7204b2369685cecccdbf696cd38edbec85dd8,,variant-batch live execution
datm-live-2026-07-13T12-22-03-136Z,C,entity-07-suspicious,suspicious,29,2026-07-13T12:26:45.705Z,2026-07-13T12:26:45.705Z,2026-07-13T12:26:45.705Z,0,2026-07-13T12:26:45.835Z,0x66e916aa2cd0cd7f031b9d3c2d49cfe78131beaac164d85ec641c46158f0dbc1,2026-07-13T12:26:50.295Z,success,40291,1000,6379313,0x961d50a0616b6ba3e1a34f22b85b7b172a459f1b099cc54c022828d1b8a343e7,2026-07-13T12:26:50.295Z,4460,4460,4590,63,Suspicious,2026-07-13T12:26:43.418Z,0xfab5ae5ed8039d36db97d25b98c0303008b7970b387b588e552c8482b15205e4,,variant-batch live execution
datm-live-2026-07-13T12-22-03-136Z,C,entity-08-malicious,malicious,29,2026-07-13T12:26:45.705Z,2026-07-13T12:26:45.705Z,2026-07-13T12:26:45.705Z,0,2026-07-13T12:26:45.854Z,0xff95ee1c365f3e2a9f9be36290e16673791f27a895a66e4f4a948648225b28c9,2026-07-13T12:26:50.308Z,success,40290,1000,6379313,0x961d50a0616b6ba3e1a34f22b85b7b172a459f1b099cc54c022828d1b8a343e7,2026-07-13T12:26:50.308Z,4454,4454,4603,25,Untrusted,2026-07-13T12:26:43.418Z,0x9e44ee6d3124f67e800501bf51e334d79b0ad589e034a85b6ba9fca7843d8dc5,,variant-batch live execution
datm-live-2026-07-13T12-22-03-136Z,C,entity-09-malicious,malicious,29,2026-07-13T12:26:45.706Z,2026-07-13T12:26:45.706Z,2026-07-13T12:26:45.706Z,0,2026-07-13T12:26:45.854Z,0x8059f1a590df76b809ea4a93b31f0e06e7c3022d271ea94f637fc600d1072b25,2026-07-13T12:26:50.340Z,success,40290,1000,6379313,0x961d50a0616b6ba3e1a34f22b85b7b172a459f1b099cc54c022828d1b8a343e7,2026-07-13T12:26:50.340Z,4486,4486,4634,24,Untrusted,2026-07-13T12:26:43.418Z,0xa2a4203d61acba2e70c42c53d0d72581b84c3d09148a9a8d5bb35fa21c0a7c06,,variant-batch live execution
datm-live-2026-07-13T12-22-03-136Z,C,entity-01-normal,normal,30,2026-07-13T12:26:55.498Z,2026-07-13T12:26:55.498Z,2026-07-13T12:26:55.498Z,0,2026-07-13T12:26:55.617Z,0xe2cb8b99c564ab96025fc80badab354a1616a37e3b4c6643dbde2cd6d9b94bd1,2026-07-13T12:26:59.866Z,success,40199,1000,6379315,0x108e3de2c3605e6cf22406702717dd4b75107716d7d7f806117b81a444d39a19,2026-07-13T12:26:59.866Z,4249,4249,4368,92,Trusted,2026-07-13T12:26:53.418Z,0x2331bf4d8f7ed35c6be5ef8c716e4106f1a7588f12c5f0f2a6f8d1c45a785294,,variant-batch live execution
datm-live-2026-07-13T12-22-03-136Z,C,entity-02-normal,normal,30,2026-07-13T12:26:55.499Z,2026-07-13T12:26:55.499Z,2026-07-13T12:26:55.499Z,0,2026-07-13T12:26:55.617Z,0xac7b92693a8a5e59e0c6ab9ae56beede155e35f98ff0b29eed562505e70895b9,2026-07-13T12:26:59.861Z,success,40211,1000,6379315,0x108e3de2c3605e6cf22406702717dd4b75107716d7d7f806117b81a444d39a19,2026-07-13T12:26:59.861Z,4244,4244,4362,91,Trusted,2026-07-13T12:26:53.418Z,0xeed55865a8775a9025907c7e5455f113c1fe3a49ef71362cf7cbb790afb38d15,,variant-batch live execution
datm-live-2026-07-13T12-22-03-136Z,C,entity-03-normal,normal,30,2026-07-13T12:26:55.500Z,2026-07-13T12:26:55.500Z,2026-07-13T12:26:55.500Z,0,2026-07-13T12:26:55.618Z,0x4435adf5bb61795de227e809e544ec9f7d48a53e8bddc3f71511443f99fda94e,2026-07-13T12:26:59.865Z,success,40187,1000,6379315,0x108e3de2c3605e6cf22406702717dd4b75107716d7d7f806117b81a444d39a19,2026-07-13T12:26:59.865Z,4247,4247,4365,92,Trusted,2026-07-13T12:26:53.418Z,0x27a36bc7b2a5b0a4d139056ad7bf483c5e7664e664f400f644e4025f4b1e6002,,variant-batch live execution
datm-live-2026-07-13T12-22-03-136Z,C,entity-04-normal,normal,30,2026-07-13T12:26:55.501Z,2026-07-13T12:26:55.501Z,2026-07-13T12:26:55.501Z,0,2026-07-13T12:26:55.618Z,0x225b6b71df518bb006c59ca6a0323841a4d4e40fc82e87b84f97da9d702a0e3a,2026-07-13T12:26:59.868Z,success,40199,1000,6379315,0x108e3de2c3605e6cf22406702717dd4b75107716d7d7f806117b81a444d39a19,2026-07-13T12:26:59.868Z,4250,4250,4367,92,Trusted,2026-07-13T12:26:53.418Z,0xd7de401d10a9ba194b7ef52d17aa39d00a5ba34b57c7caaa0b8045f09ca9f837,,variant-batch live execution
datm-live-2026-07-13T12-22-03-136Z,C,entity-05-suspicious,suspicious,30,2026-07-13T12:26:55.502Z,2026-07-13T12:26:55.502Z,2026-07-13T12:26:55.502Z,0,2026-07-13T12:26:55.643Z,0xca11cf1815789a8af86b230e2b1db10f2a61e6bd2cffa770557dd4615c2bd209,2026-07-13T12:26:59.890Z,success,40291,1000,6379315,0x108e3de2c3605e6cf22406702717dd4b75107716d7d7f806117b81a444d39a19,2026-07-13T12:26:59.890Z,4247,4247,4388,58,Suspicious,2026-07-13T12:26:53.418Z,0x1d2238f767c4a8fd727dae4bca050940aeb725c3f8b61d662093d853d6651754,,variant-batch live execution
datm-live-2026-07-13T12-22-03-136Z,C,entity-06-suspicious,suspicious,30,2026-07-13T12:26:55.502Z,2026-07-13T12:26:55.502Z,2026-07-13T12:26:55.502Z,0,2026-07-13T12:26:55.618Z,0x7f41fb07d6fd77607383c0559686359dd0836795d6a6f3089f60126d44d3745b,2026-07-13T12:26:59.866Z,success,40291,1000,6379315,0x108e3de2c3605e6cf22406702717dd4b75107716d7d7f806117b81a444d39a19,2026-07-13T12:26:59.866Z,4248,4248,4364,60,Suspicious,2026-07-13T12:26:53.418Z,0xbd4f74b03a63c84c0c9497d9e5fbbafe81e7f0f2473fb5dc337bee89192e05c7,,variant-batch live execution
datm-live-2026-07-13T12-22-03-136Z,C,entity-07-suspicious,suspicious,30,2026-07-13T12:26:55.502Z,2026-07-13T12:26:55.502Z,2026-07-13T12:26:55.502Z,0,2026-07-13T12:26:55.618Z,0xcc166833d9751ac5e0c4ab55f9b857e5c61d594be629feec49bfb087bce4e38e,2026-07-13T12:27:00.053Z,success,40291,1000,6379315,0x108e3de2c3605e6cf22406702717dd4b75107716d7d7f806117b81a444d39a19,2026-07-13T12:27:00.053Z,4435,4435,4551,62,Suspicious,2026-07-13T12:26:53.418Z,0x1c0e7b5552a4c393c17f80c28be195beace970fdbeb77df2687e7cc2f3205db7,,variant-batch live execution
datm-live-2026-07-13T12-22-03-136Z,C,entity-08-malicious,malicious,30,2026-07-13T12:26:55.503Z,2026-07-13T12:26:55.503Z,2026-07-13T12:26:55.503Z,0,2026-07-13T12:26:55.643Z,0x4b085369388493c56bfc938a7c6314dd16fdbd47b5f2e2416a4663890550c9b6,2026-07-13T12:27:00.034Z,success,40290,1000,6379315,0x108e3de2c3605e6cf22406702717dd4b75107716d7d7f806117b81a444d39a19,2026-07-13T12:27:00.034Z,4391,4391,4531,24,Untrusted,2026-07-13T12:26:53.418Z,0xb818dfaf65bde1904a4c34f07db6f0735e1990cd1ffb99cfe90cba8be6b9cc1a,,variant-batch live execution
datm-live-2026-07-13T12-22-03-136Z,C,entity-09-malicious,malicious,30,2026-07-13T12:26:55.503Z,2026-07-13T12:26:55.503Z,2026-07-13T12:26:55.503Z,0,2026-07-13T12:26:55.643Z,0x4c7fbe14e7780a752b103f0e4c29e002f58df9807ff44e5ee654b8189cd8cdce,2026-07-13T12:27:00.085Z,success,40290,1000,6379315,0x108e3de2c3605e6cf22406702717dd4b75107716d7d7f806117b81a444d39a19,2026-07-13T12:27:00.085Z,4442,4442,4582,25,Untrusted,2026-07-13T12:26:53.418Z,0x0b6117ecad66220ebdf744c7ee1ccfa72eb85d96148e1352cc10fe0d89626de1,,variant-batch live execution
