run_id,variant,entity_id,entity_profile,sequence_no,scheduled_at,datm_start_at,datm_end_at,datm_processing_ms,submit_at,tx_hash,receipt_at,tx_status,gas_used,effective_gas_price,block_number,block_hash,block_timestamp,confirmation_latency_ms,block_inclusion_latency_ms,end_to_end_latency_ms,ats,trust_state,calc_timestamp,input_hash,error_code,error_message
datm-live-2026-07-13T08-46-44-334Z,B,entity-01-normal,normal,1,2026-07-13T08:46:44.695Z,2026-07-13T08:46:44.695Z,2026-07-13T08:46:44.695Z,0,2026-07-13T08:46:44.823Z,0x9253a8c0e8d0af7e61a3a5c57f51d762eeaa75a4f2955ed6864f81a505c69bdf,2026-07-13T08:46:49.129Z,success,38835,1000,6376673,0x12b594d2c2c886792125aca305a62d19d575d7363a2ffbcb9f41a2fb9733c852,2026-07-13T08:46:49.129Z,4306,4306,4434,89,Trusted,2026-07-13T08:46:44.479Z,0xe9240d7fc6b1aa932937bf9931bbb000c23d7d33c08d62aaa3f9535e84f8ffc9,,variant-batch live execution
datm-live-2026-07-13T08-46-44-334Z,B,entity-02-normal,normal,1,2026-07-13T08:46:44.701Z,2026-07-13T08:46:44.701Z,2026-07-13T08:46:44.701Z,0,2026-07-13T08:46:44.856Z,0x3ac570b147e5f57404defd032ec6ec7a4e7da09ba6a175a7142e033f52c0d0ee,2026-07-13T08:46:49.149Z,success,38847,1000,6376673,0x12b594d2c2c886792125aca305a62d19d575d7363a2ffbcb9f41a2fb9733c852,2026-07-13T08:46:49.149Z,4293,4293,4448,90,Trusted,2026-07-13T08:46:44.479Z,0xe22d19b4a6cf04be86027fce68bfc64835d8650aec2759ebab4afe4277886815,,variant-batch live execution
datm-live-2026-07-13T08-46-44-334Z,B,entity-03-normal,normal,1,2026-07-13T08:46:44.702Z,2026-07-13T08:46:44.702Z,2026-07-13T08:46:44.702Z,0,2026-07-13T08:46:44.856Z,0xe29e9a5ce0070eac3e326d1584ea9f5362e02c40943b7183429f3d8cd5476c25,2026-07-13T08:46:49.129Z,success,92947,1000,6376673,0x12b594d2c2c886792125aca305a62d19d575d7363a2ffbcb9f41a2fb9733c852,2026-07-13T08:46:49.129Z,4273,4273,4427,90,Trusted,2026-07-13T08:46:44.479Z,0xa4c1f5d91cfd62d15cc2267efd8cf6b8fe22272b55f1644fb5012bb828a45a47,,variant-batch live execution
datm-live-2026-07-13T08-46-44-334Z,B,entity-04-normal,normal,1,2026-07-13T08:46:44.703Z,2026-07-13T08:46:44.703Z,2026-07-13T08:46:44.703Z,0,2026-07-13T08:46:44.874Z,0xda1eee7476f2e9514a243dca68af18a8ebbc01a42938ec6d1434b1017720a60f,2026-07-13T08:46:49.125Z,success,92947,1000,6376673,0x12b594d2c2c886792125aca305a62d19d575d7363a2ffbcb9f41a2fb9733c852,2026-07-13T08:46:49.125Z,4251,4251,4422,89,Trusted,2026-07-13T08:46:44.479Z,0x797646cc58509bab67fccabcfee9089bfd36aa8760e440b07fcb60bfcb3a24d9,,variant-batch live execution
datm-live-2026-07-13T08-46-44-334Z,B,entity-05-suspicious,suspicious,1,2026-07-13T08:46:44.703Z,2026-07-13T08:46:44.703Z,2026-07-13T08:46:44.703Z,0,2026-07-13T08:46:44.883Z,0x3b8ded38aa4f3e762c0019dd9f2d443a696d7278a308f7bb693150f39a408e87,2026-07-13T08:46:49.123Z,success,92955,1000,6376673,0x12b594d2c2c886792125aca305a62d19d575d7363a2ffbcb9f41a2fb9733c852,2026-07-13T08:46:49.123Z,4240,4240,4420,63,Suspicious,2026-07-13T08:46:44.479Z,0x79ef406a275d003b31b30a2363e6abecc9cd0f1a1c37ac799f605143e20b4b05,,variant-batch live execution
datm-live-2026-07-13T08-46-44-334Z,B,entity-06-suspicious,suspicious,1,2026-07-13T08:46:44.704Z,2026-07-13T08:46:44.704Z,2026-07-13T08:46:44.704Z,0,2026-07-13T08:46:44.874Z,0x9b796b599de2aaf3fa9053dcefe8f4ed2f80d9e137d81da66ce4e48e9260ab34,2026-07-13T08:46:49.127Z,success,92967,1000,6376673,0x12b594d2c2c886792125aca305a62d19d575d7363a2ffbcb9f41a2fb9733c852,2026-07-13T08:46:49.127Z,4253,4253,4423,60,Suspicious,2026-07-13T08:46:44.479Z,0x3bc3ba6502071f44adadcdf47f1dc0364636f5c52d71235997f30fa597a0e42e,,variant-batch live execution
datm-live-2026-07-13T08-46-44-334Z,B,entity-07-suspicious,suspicious,1,2026-07-13T08:46:44.705Z,2026-07-13T08:46:44.705Z,2026-07-13T08:46:44.705Z,0,2026-07-13T08:46:44.874Z,0x970580b07c3d3116eb44cc6f4981c722596aa444d8c874f673de97c369343c40,2026-07-13T08:46:49.308Z,success,92967,1000,6376673,0x12b594d2c2c886792125aca305a62d19d575d7363a2ffbcb9f41a2fb9733c852,2026-07-13T08:46:49.308Z,4434,4434,4603,61,Suspicious,2026-07-13T08:46:44.479Z,0x2c3d1eaa83a74ae34e343cf33506c2903bb883e1bec54802affcff5e7ef5c07f,,variant-batch live execution
datm-live-2026-07-13T08-46-44-334Z,B,entity-08-malicious,malicious,1,2026-07-13T08:46:44.705Z,2026-07-13T08:46:44.705Z,2026-07-13T08:46:44.705Z,0,2026-07-13T08:46:44.874Z,0x753817cf974af2e21f6615209a0ae8fe4c655615ade1a7267db056244a77f160,2026-07-13T08:46:49.330Z,success,92966,1000,6376673,0x12b594d2c2c886792125aca305a62d19d575d7363a2ffbcb9f41a2fb9733c852,2026-07-13T08:46:49.330Z,4456,4456,4625,31,Untrusted,2026-07-13T08:46:44.479Z,0xd14f96b2ea414ea7e7b451162ad78ee9f9f731d939bef51c8bc3350f5d232189,,variant-batch live execution
datm-live-2026-07-13T08-46-44-334Z,B,entity-09-malicious,malicious,1,2026-07-13T08:46:44.706Z,2026-07-13T08:46:44.706Z,2026-07-13T08:46:44.706Z,0,2026-07-13T08:46:44.874Z,0x9272d91c684dff24bac9b8fc47c5fb6116a350013dabb45eb913e45177a70ceb,2026-07-13T08:46:49.340Z,success,92966,1000,6376673,0x12b594d2c2c886792125aca305a62d19d575d7363a2ffbcb9f41a2fb9733c852,2026-07-13T08:46:49.340Z,4466,4466,4634,29,Untrusted,2026-07-13T08:46:44.479Z,0x303ce4feea67951ecdbe77a19ad9772dbfcd21776a6639c13418f1ba21621185,,variant-batch live execution
datm-live-2026-07-13T08-46-44-334Z,B,entity-10-malicious,malicious,1,2026-07-13T08:46:44.706Z,2026-07-13T08:46:44.706Z,2026-07-13T08:46:44.706Z,0,2026-07-13T08:46:44.883Z,0x44c27b91786ab16b6f4713d7c68cd73fb61b7a0b63e557e249cc5114a1536bdb,2026-07-13T08:46:49.344Z,success,92954,1000,6376673,0x12b594d2c2c886792125aca305a62d19d575d7363a2ffbcb9f41a2fb9733c852,2026-07-13T08:46:49.344Z,4461,4461,4638,29,Untrusted,2026-07-13T08:46:44.479Z,0x2f0845bf4c60f8332d78b8e7e345a23afe93da935e3c1e897983fae774cef5e7,,variant-batch live execution
datm-live-2026-07-13T08-46-44-334Z,B,entity-01-normal,normal,2,2026-07-13T08:46:54.463Z,2026-07-13T08:46:54.463Z,2026-07-13T08:46:54.463Z,0,2026-07-13T08:46:54.699Z,0x8f314685f89c9e00325cac100c3fcc2d63c51a759336280f98585918b29b5467,2026-07-13T08:46:59.176Z,success,38835,1000,6376675,0x55ca6a38d833a8c6f6080ac20df00caef43c6a343d3469fab7961ef1db08c6a8,2026-07-13T08:46:59.176Z,4477,4477,4713,93,Trusted,2026-07-13T08:46:54.479Z,0x9f3a90c3796e6f4144f13ba7d6c47a7cdc3eb6584d00b01f8e9166c5e72e52f7,,variant-batch live execution
datm-live-2026-07-13T08-46-44-334Z,B,entity-02-normal,normal,2,2026-07-13T08:46:54.464Z,2026-07-13T08:46:54.464Z,2026-07-13T08:46:54.464Z,0,2026-07-13T08:46:54.734Z,0xe335d664d76d4fa3c2606333a92196ff9411887c5c3d41830348ad9639b1d1ce,2026-07-13T08:46:59.178Z,success,38847,1000,6376675,0x55ca6a38d833a8c6f6080ac20df00caef43c6a343d3469fab7961ef1db08c6a8,2026-07-13T08:46:59.178Z,4444,4444,4714,93,Trusted,2026-07-13T08:46:54.479Z,0x6d57f9a54bd746c71abbbe4665bd50eab817d8f305750a6a978e590be7bcb563,,variant-batch live execution
datm-live-2026-07-13T08-46-44-334Z,B,entity-03-normal,normal,2,2026-07-13T08:46:54.465Z,2026-07-13T08:46:54.465Z,2026-07-13T08:46:54.465Z,0,2026-07-13T08:46:54.734Z,0x805a93ae8206eeeca178a262e48aea8f54f487d01ee5a35611e2ef5b3eb7d181,2026-07-13T08:46:59.178Z,success,38847,1000,6376675,0x55ca6a38d833a8c6f6080ac20df00caef43c6a343d3469fab7961ef1db08c6a8,2026-07-13T08:46:59.178Z,4444,4444,4713,91,Trusted,2026-07-13T08:46:54.479Z,0xabffaf568653afd59b016c77019c93d8e2c2658a6ce9ecb43166874deefb34cf,,variant-batch live execution
datm-live-2026-07-13T08-46-44-334Z,B,entity-04-normal,normal,2,2026-07-13T08:46:54.465Z,2026-07-13T08:46:54.465Z,2026-07-13T08:46:54.465Z,0,2026-07-13T08:46:54.735Z,0x6b665034a3135336cdb5ffbfae5e63a9235976b544b6f60b727cdc266fa5dcdf,2026-07-13T08:46:59.201Z,success,38847,1000,6376675,0x55ca6a38d833a8c6f6080ac20df00caef43c6a343d3469fab7961ef1db08c6a8,2026-07-13T08:46:59.201Z,4466,4466,4736,93,Trusted,2026-07-13T08:46:54.479Z,0x77eafcccc9d4d4517cddafe7ef38ac5a06a027277ea811d56a2bad668abceec1,,variant-batch live execution
datm-live-2026-07-13T08-46-44-334Z,B,entity-05-suspicious,suspicious,2,2026-07-13T08:46:54.465Z,2026-07-13T08:46:54.465Z,2026-07-13T08:46:54.465Z,0,2026-07-13T08:46:54.735Z,0xb54385e705cfe0f32acc70393b6eb9901cb9a9c606d459eee5dd4abfb179dea7,2026-07-13T08:46:59.178Z,success,38855,1000,6376675,0x55ca6a38d833a8c6f6080ac20df00caef43c6a343d3469fab7961ef1db08c6a8,2026-07-13T08:46:59.178Z,4443,4443,4713,60,Suspicious,2026-07-13T08:46:54.479Z,0xf31d001dc1554de1ecfa1d5d9bad423ca8d37dbbad4fdaee2b082e20b5c03834,,variant-batch live execution
datm-live-2026-07-13T08-46-44-334Z,B,entity-06-suspicious,suspicious,2,2026-07-13T08:46:54.466Z,2026-07-13T08:46:54.466Z,2026-07-13T08:46:54.466Z,0,2026-07-13T08:46:54.743Z,0x7644a83d1414b39253d49a4395a210c1f8540901fbf4fad322297b068c98396b,2026-07-13T08:46:59.173Z,success,38867,1000,6376675,0x55ca6a38d833a8c6f6080ac20df00caef43c6a343d3469fab7961ef1db08c6a8,2026-07-13T08:46:59.173Z,4430,4430,4707,60,Suspicious,2026-07-13T08:46:54.479Z,0x0915c733cb679605492988b7612269675a0c8d6fbb14507b20bf0667255158d8,,variant-batch live execution
datm-live-2026-07-13T08-46-44-334Z,B,entity-07-suspicious,suspicious,2,2026-07-13T08:46:54.466Z,2026-07-13T08:46:54.466Z,2026-07-13T08:46:54.466Z,0,2026-07-13T08:46:54.735Z,0xbdd4fd5d59c1eb897ecfa419390f86723cea54ccf988f38e91f511c52116b080,2026-07-13T08:46:59.365Z,success,38867,1000,6376675,0x55ca6a38d833a8c6f6080ac20df00caef43c6a343d3469fab7961ef1db08c6a8,2026-07-13T08:46:59.365Z,4630,4630,4899,63,Suspicious,2026-07-13T08:46:54.479Z,0x5b1469aab52093aa86c5d7eca2fa2e4a06bc18d8b82c029c8f6d3e6437bb94ce,,variant-batch live execution
datm-live-2026-07-13T08-46-44-334Z,B,entity-08-malicious,malicious,2,2026-07-13T08:46:54.466Z,2026-07-13T08:46:54.466Z,2026-07-13T08:46:54.466Z,0,2026-07-13T08:46:54.743Z,0x8a690527cdb50f8bf1d0da045ab461f61d094ee623cfa54c4be285500f159cd0,2026-07-13T08:46:59.390Z,success,38866,1000,6376675,0x55ca6a38d833a8c6f6080ac20df00caef43c6a343d3469fab7961ef1db08c6a8,2026-07-13T08:46:59.390Z,4647,4647,4924,30,Untrusted,2026-07-13T08:46:54.479Z,0xa2e1a3c4c7599595ff45f418f006cddcb63b2a5bf283c23acd95be7313d45ecb,,variant-batch live execution
datm-live-2026-07-13T08-46-44-334Z,B,entity-09-malicious,malicious,2,2026-07-13T08:46:54.467Z,2026-07-13T08:46:54.467Z,2026-07-13T08:46:54.467Z,0,2026-07-13T08:46:54.744Z,0xe42fa33603f6694260cbfdc35c051d9db1fc6d0f251378da51d7c2f6bc60ad64,2026-07-13T08:46:59.398Z,success,38854,1000,6376675,0x55ca6a38d833a8c6f6080ac20df00caef43c6a343d3469fab7961ef1db08c6a8,2026-07-13T08:46:59.398Z,4654,4654,4931,28,Untrusted,2026-07-13T08:46:54.479Z,0x3bde3e9fb8b533e414fdad8691008ba70e80a2d5b2a60ce79f54b44c34d0d253,,variant-batch live execution
datm-live-2026-07-13T08-46-44-334Z,B,entity-10-malicious,malicious,2,2026-07-13T08:46:54.467Z,2026-07-13T08:46:54.467Z,2026-07-13T08:46:54.467Z,0,2026-07-13T08:46:54.744Z,0xd1b75f993430d723f8f0a2f6c56c2b05ebd489ba658e08b00c07c06fa76f2973,2026-07-13T08:46:59.405Z,success,38854,1000,6376675,0x55ca6a38d833a8c6f6080ac20df00caef43c6a343d3469fab7961ef1db08c6a8,2026-07-13T08:46:59.405Z,4661,4661,4938,32,Untrusted,2026-07-13T08:46:54.479Z,0xd41acc54f44d99b3218f8603d3b21be24708d376314c4608d238810ac9719518,,variant-batch live execution
datm-live-2026-07-13T08-46-44-334Z,B,entity-01-normal,normal,3,2026-07-13T08:47:04.513Z,2026-07-13T08:47:04.513Z,2026-07-13T08:47:04.513Z,0,2026-07-13T08:47:04.629Z,0x9c8023ce619b8653982bf3196b9987ac4ac19dc235ed31a1941ea6c6dea3f868,2026-07-13T08:47:12.914Z,success,38835,1000,6376677,0xd7a664558759c9c35d2bcd3d923b6a257d09edffe0970741389efacb424d87bb,2026-07-13T08:47:12.914Z,8285,8285,8401,93,Trusted,2026-07-13T08:47:04.479Z,0xac7bba9b56a7c121303b6543b4ba62a6b465e6e738783c62f728dc3d29097700,,variant-batch live execution
datm-live-2026-07-13T08-46-44-334Z,B,entity-02-normal,normal,3,2026-07-13T08:47:04.514Z,2026-07-13T08:47:04.514Z,2026-07-13T08:47:04.514Z,0,2026-07-13T08:47:04.645Z,0xff38da9c44a801b5ebd4000d24960f1dcfcb3feff530dfa46feee60ae53ef5f5,2026-07-13T08:47:12.943Z,success,38847,1000,6376677,0xd7a664558759c9c35d2bcd3d923b6a257d09edffe0970741389efacb424d87bb,2026-07-13T08:47:12.943Z,8298,8298,8429,92,Trusted,2026-07-13T08:47:04.479Z,0xf615043d27f75aa48a41055a5e7c3bae1539681c32df36e7a71a88d536df85e1,,variant-batch live execution
datm-live-2026-07-13T08-46-44-334Z,B,entity-03-normal,normal,3,2026-07-13T08:47:04.515Z,2026-07-13T08:47:04.515Z,2026-07-13T08:47:04.515Z,0,2026-07-13T08:47:04.645Z,0x71917f9729d79afb868c66961307e1bdc90dbe8111361d285859a219a1cce90f,2026-07-13T08:47:12.933Z,success,38847,1000,6376677,0xd7a664558759c9c35d2bcd3d923b6a257d09edffe0970741389efacb424d87bb,2026-07-13T08:47:12.933Z,8288,8288,8418,93,Trusted,2026-07-13T08:47:04.479Z,0xd45a4f8611368a51dd55c13c61a72e3dd64b6568a7a3151d353c755d6f14ee6a,,variant-batch live execution
datm-live-2026-07-13T08-46-44-334Z,B,entity-04-normal,normal,3,2026-07-13T08:47:04.516Z,2026-07-13T08:47:04.516Z,2026-07-13T08:47:04.516Z,0,2026-07-13T08:47:04.646Z,0xae2917c3d1183428cee638945365fbd66d8fa876e53092645a2f80a318b61f25,2026-07-13T08:47:12.929Z,success,38847,1000,6376677,0xd7a664558759c9c35d2bcd3d923b6a257d09edffe0970741389efacb424d87bb,2026-07-13T08:47:12.929Z,8283,8283,8413,93,Trusted,2026-07-13T08:47:04.479Z,0xbf439e4ff3c103ace229cd7a69e6a1a4f95f7772e558461a8bd7c857e23df136,,variant-batch live execution
datm-live-2026-07-13T08-46-44-334Z,B,entity-05-suspicious,suspicious,3,2026-07-13T08:47:04.517Z,2026-07-13T08:47:04.517Z,2026-07-13T08:47:04.517Z,0,2026-07-13T08:47:04.646Z,0x54c628b9eb83fb7c958d1cb7799e82bccd7cc9acfa981f22bdadcdbeec95d524,2026-07-13T08:47:12.931Z,success,38867,1000,6376677,0xd7a664558759c9c35d2bcd3d923b6a257d09edffe0970741389efacb424d87bb,2026-07-13T08:47:12.931Z,8285,8285,8414,60,Suspicious,2026-07-13T08:47:04.479Z,0xc23a6cc29b63476de62bb6e18722040bfc38928bed63a3820394cfaf07b5e3d0,,variant-batch live execution
datm-live-2026-07-13T08-46-44-334Z,B,entity-06-suspicious,suspicious,3,2026-07-13T08:47:04.518Z,2026-07-13T08:47:04.518Z,2026-07-13T08:47:04.518Z,0,2026-07-13T08:47:04.654Z,0xe01172f8f22bf8ff50a1e1d643fc0fa73526df289998474940cab50fb14fdbc2,2026-07-13T08:47:12.889Z,success,38867,1000,6376677,0xd7a664558759c9c35d2bcd3d923b6a257d09edffe0970741389efacb424d87bb,2026-07-13T08:47:12.889Z,8235,8235,8371,64,Suspicious,2026-07-13T08:47:04.479Z,0x5027066e3be96032469140aabcc830cc25022d4461a042f68dcbb91b5966529d,,variant-batch live execution
datm-live-2026-07-13T08-46-44-334Z,B,entity-07-suspicious,suspicious,3,2026-07-13T08:47:04.519Z,2026-07-13T08:47:04.519Z,2026-07-13T08:47:04.519Z,0,2026-07-13T08:47:04.646Z,0xfe6c2ef5941530e0d8eb1503c2548fbc7088dc3ce656df492743336dcec65339,2026-07-13T08:47:13.096Z,success,38867,1000,6376677,0xd7a664558759c9c35d2bcd3d923b6a257d09edffe0970741389efacb424d87bb,2026-07-13T08:47:13.096Z,8450,8450,8577,60,Suspicious,2026-07-13T08:47:04.479Z,0xe37b95ab3f55fa78d3674dfa916139e218ae3a1c3c4f891565e1d4dc836f4401,,variant-batch live execution
datm-live-2026-07-13T08-46-44-334Z,B,entity-08-malicious,malicious,3,2026-07-13T08:47:04.519Z,2026-07-13T08:47:04.519Z,2026-07-13T08:47:04.519Z,0,2026-07-13T08:47:04.654Z,0xd2af769b60be6596e4952f090fe183a593e693ff9ad22d9c630163715457cff1,2026-07-13T08:47:13.100Z,success,38866,1000,6376677,0xd7a664558759c9c35d2bcd3d923b6a257d09edffe0970741389efacb424d87bb,2026-07-13T08:47:13.100Z,8446,8446,8581,28,Untrusted,2026-07-13T08:47:04.479Z,0x8c8be3d6e938e5f987f9d1f98a66292ed93dca28d51f35b52c1f0d24e83a6154,,variant-batch live execution
datm-live-2026-07-13T08-46-44-334Z,B,entity-09-malicious,malicious,3,2026-07-13T08:47:04.521Z,2026-07-13T08:47:04.521Z,2026-07-13T08:47:04.521Z,0,2026-07-13T08:47:04.654Z,0xbb5ad2c8ccf5fbf0857096e7761bf6ec7e80b2300d03f74361e38fad6b50089c,2026-07-13T08:47:13.116Z,success,38866,1000,6376677,0xd7a664558759c9c35d2bcd3d923b6a257d09edffe0970741389efacb424d87bb,2026-07-13T08:47:13.116Z,8462,8462,8595,30,Untrusted,2026-07-13T08:47:04.479Z,0x3f51dc908aa1ede1e0c5193d94c3e5e75ddafcd187fc9fd6babaddc0d4dc4ff0,,variant-batch live execution
datm-live-2026-07-13T08-46-44-334Z,B,entity-10-malicious,malicious,3,2026-07-13T08:47:04.521Z,2026-07-13T08:47:04.521Z,2026-07-13T08:47:04.521Z,0,2026-07-13T08:47:04.655Z,0x445b17f64050dc3cfe84eb7da511f8bce21688ed69c31813afa298693f0cfa78,2026-07-13T08:47:13.145Z,success,38854,1000,6376677,0xd7a664558759c9c35d2bcd3d923b6a257d09edffe0970741389efacb424d87bb,2026-07-13T08:47:13.145Z,8490,8490,8624,30,Untrusted,2026-07-13T08:47:04.479Z,0x9f894c355bb568639598749a26dae095aaec14bee8805a79050ab08ef17cb9fc,,variant-batch live execution
datm-live-2026-07-13T08-46-44-334Z,B,entity-01-normal,normal,4,2026-07-13T08:47:18.272Z,2026-07-13T08:47:18.272Z,2026-07-13T08:47:18.272Z,0,2026-07-13T08:47:18.408Z,0x27dddc358c81ef945fbaea0da66ad1fa379b8de1b1c13f9e6738ba0bf2b3921e,2026-07-13T08:47:22.679Z,success,38847,1000,6376679,0x5edcac838b7c308aad5d08fe22efb8a82eed7d831d9ddb3eba8da287d8a1c05f,2026-07-13T08:47:22.679Z,4271,4271,4407,91,Trusted,2026-07-13T08:47:14.479Z,0xb55f1277b567e0dca95b195de924f92199ecb2a18968362a532ad7e1dc4edbc5,,variant-batch live execution
datm-live-2026-07-13T08-46-44-334Z,B,entity-02-normal,normal,4,2026-07-13T08:47:18.273Z,2026-07-13T08:47:18.273Z,2026-07-13T08:47:18.273Z,0,2026-07-13T08:47:18.408Z,0xccaf7bba00e689ed777fdf8d6fcc43bd631a3d96acbcdaf5028d006175ea5fbd,2026-07-13T08:47:22.680Z,success,38847,1000,6376679,0x5edcac838b7c308aad5d08fe22efb8a82eed7d831d9ddb3eba8da287d8a1c05f,2026-07-13T08:47:22.680Z,4272,4272,4407,93,Trusted,2026-07-13T08:47:14.479Z,0x7339121eb8e754fc8befba69eca0394e59089686b156f9c5ec0edb49a4bbeb23,,variant-batch live execution
datm-live-2026-07-13T08-46-44-334Z,B,entity-03-normal,normal,4,2026-07-13T08:47:18.274Z,2026-07-13T08:47:18.274Z,2026-07-13T08:47:18.274Z,0,2026-07-13T08:47:18.432Z,0x702b5589c7620baf8efdd132b1d4a7ed1120cb9ee34113e5bc1d3973acc14eed,2026-07-13T08:47:22.683Z,success,38847,1000,6376679,0x5edcac838b7c308aad5d08fe22efb8a82eed7d831d9ddb3eba8da287d8a1c05f,2026-07-13T08:47:22.683Z,4251,4251,4409,93,Trusted,2026-07-13T08:47:14.479Z,0xcc586edfedfe617ebc8026106d795cc75c0a01ae6101c71a6cc33845a845f0d2,,variant-batch live execution
datm-live-2026-07-13T08-46-44-334Z,B,entity-04-normal,normal,4,2026-07-13T08:47:18.274Z,2026-07-13T08:47:18.274Z,2026-07-13T08:47:18.274Z,0,2026-07-13T08:47:18.432Z,0x3c34bb5a36cac09bdfebc79f398148848fa4613b141ec42461243f4913f4f200,2026-07-13T08:47:22.682Z,success,38847,1000,6376679,0x5edcac838b7c308aad5d08fe22efb8a82eed7d831d9ddb3eba8da287d8a1c05f,2026-07-13T08:47:22.682Z,4250,4250,4408,91,Trusted,2026-07-13T08:47:14.479Z,0x16ae6d33724e75a960096cf6090deba9cfc194cb4ba866a3dc4a16334b24fe56,,variant-batch live execution
datm-live-2026-07-13T08-46-44-334Z,B,entity-05-suspicious,suspicious,4,2026-07-13T08:47:18.275Z,2026-07-13T08:47:18.275Z,2026-07-13T08:47:18.275Z,0,2026-07-13T08:47:18.432Z,0xb51603e12c22f8ca387e1e22c9515a800a08483c1923ba8e549dcde25f06040a,2026-07-13T08:47:22.703Z,success,38867,1000,6376679,0x5edcac838b7c308aad5d08fe22efb8a82eed7d831d9ddb3eba8da287d8a1c05f,2026-07-13T08:47:22.703Z,4271,4271,4428,64,Suspicious,2026-07-13T08:47:14.479Z,0x7c36ca8ed50b5a0524da660a9ca118eea765d70242f61851aff2a576bd19610c,,variant-batch live execution
datm-live-2026-07-13T08-46-44-334Z,B,entity-06-suspicious,suspicious,4,2026-07-13T08:47:18.275Z,2026-07-13T08:47:18.275Z,2026-07-13T08:47:18.275Z,0,2026-07-13T08:47:18.433Z,0x30a3e89fe7f7d53d498e4c65e36660b3dbc05c2d9e375f6bd4167dbad6e1f4ba,2026-07-13T08:47:22.675Z,success,38867,1000,6376679,0x5edcac838b7c308aad5d08fe22efb8a82eed7d831d9ddb3eba8da287d8a1c05f,2026-07-13T08:47:22.675Z,4242,4242,4400,61,Suspicious,2026-07-13T08:47:14.479Z,0xfde8bae8237ba8caf6e062ccd49dd0f66f61319934c865955e77399b246bada5,,variant-batch live execution
datm-live-2026-07-13T08-46-44-334Z,B,entity-07-suspicious,suspicious,4,2026-07-13T08:47:18.275Z,2026-07-13T08:47:18.275Z,2026-07-13T08:47:18.275Z,0,2026-07-13T08:47:18.433Z,0x72db4a5f5529b232104d89fd60bac5f2653a4a36d9de7ee49aaa77b6274ee7c4,2026-07-13T08:47:22.875Z,success,38867,1000,6376679,0x5edcac838b7c308aad5d08fe22efb8a82eed7d831d9ddb3eba8da287d8a1c05f,2026-07-13T08:47:22.875Z,4442,4442,4600,60,Suspicious,2026-07-13T08:47:14.479Z,0xc2ddebf954b734b41b131e1d9ccf0f2ed33a3cf5cb17cc7ab84a1daa1e6dc520,,variant-batch live execution
datm-live-2026-07-13T08-46-44-334Z,B,entity-08-malicious,malicious,4,2026-07-13T08:47:18.276Z,2026-07-13T08:47:18.276Z,2026-07-13T08:47:18.276Z,0,2026-07-13T08:47:18.433Z,0xc4665e0bb003cfa6052162e8aadbd857e48685fd882e383df13c5352841341e5,2026-07-13T08:47:22.913Z,success,38866,1000,6376679,0x5edcac838b7c308aad5d08fe22efb8a82eed7d831d9ddb3eba8da287d8a1c05f,2026-07-13T08:47:22.913Z,4480,4480,4637,30,Untrusted,2026-07-13T08:47:14.479Z,0x9f1a4d4a6d550ad71e4d40905574926d4ad80aa8c0633fa7a6aab1cf853ff83d,,variant-batch live execution
datm-live-2026-07-13T08-46-44-334Z,B,entity-09-malicious,malicious,4,2026-07-13T08:47:18.276Z,2026-07-13T08:47:18.276Z,2026-07-13T08:47:18.276Z,0,2026-07-13T08:47:18.433Z,0x56ac65177af4096c595fcb0b718d60358b1008531312b47d33018a81de6af40b,2026-07-13T08:47:22.886Z,success,38854,1000,6376679,0x5edcac838b7c308aad5d08fe22efb8a82eed7d831d9ddb3eba8da287d8a1c05f,2026-07-13T08:47:22.886Z,4453,4453,4610,29,Untrusted,2026-07-13T08:47:14.479Z,0x6e9cc5e18462a961209330dd5e005259c3bd3e034bbb0758bf9fcf6b548fdeaa,,variant-batch live execution
datm-live-2026-07-13T08-46-44-334Z,B,entity-10-malicious,malicious,4,2026-07-13T08:47:18.277Z,2026-07-13T08:47:18.277Z,2026-07-13T08:47:18.277Z,0,2026-07-13T08:47:18.434Z,0x414f61362dc044da8981c422d69067faf8c9ec4b2ec2af87559d9b01a7af708d,2026-07-13T08:47:22.884Z,success,38842,1000,6376679,0x5edcac838b7c308aad5d08fe22efb8a82eed7d831d9ddb3eba8da287d8a1c05f,2026-07-13T08:47:22.884Z,4450,4450,4607,29,Untrusted,2026-07-13T08:47:14.479Z,0xba73e7dc30ee0ea225878be3745700012e66f052abdf5461adbac0a286858b3e,,variant-batch live execution
datm-live-2026-07-13T08-46-44-334Z,B,entity-01-normal,normal,5,2026-07-13T08:47:28.037Z,2026-07-13T08:47:28.037Z,2026-07-13T08:47:28.037Z,0,2026-07-13T08:47:28.233Z,0x011716002c4bc06aa092261b6b35038088f64f77e74154b7c5377fda6a7498a1,2026-07-13T08:47:32.533Z,success,38847,1000,6376681,0x9e4397c57fdff72488f8df2e53b757e0b6276661fd3742a97b1bcb50da2238a7,2026-07-13T08:47:32.533Z,4300,4300,4496,93,Trusted,2026-07-13T08:47:24.479Z,0x61d5e8741de2e0aa0beeb471139eca6c0e363210097c5b248efbb11e74aa5510,,variant-batch live execution
datm-live-2026-07-13T08-46-44-334Z,B,entity-02-normal,normal,5,2026-07-13T08:47:28.038Z,2026-07-13T08:47:28.038Z,2026-07-13T08:47:28.038Z,0,2026-07-13T08:47:28.233Z,0x929826f0b877fa8339cdbfa463426537e8247faeb261cf9c559de58afa508681,2026-07-13T08:47:32.531Z,success,38847,1000,6376681,0x9e4397c57fdff72488f8df2e53b757e0b6276661fd3742a97b1bcb50da2238a7,2026-07-13T08:47:32.531Z,4298,4298,4493,93,Trusted,2026-07-13T08:47:24.479Z,0x47907c736820640cf578f1c8d9ad74d0f93f0d8aaf4456d33e76adfcc4ac60c9,,variant-batch live execution
datm-live-2026-07-13T08-46-44-334Z,B,entity-03-normal,normal,5,2026-07-13T08:47:28.039Z,2026-07-13T08:47:28.039Z,2026-07-13T08:47:28.039Z,0,2026-07-13T08:47:28.234Z,0x830777f54dc1afb54c6fae3140c633ff4a1179d51b63ec5e4406872d3d0a5b29,2026-07-13T08:47:32.533Z,success,38835,1000,6376681,0x9e4397c57fdff72488f8df2e53b757e0b6276661fd3742a97b1bcb50da2238a7,2026-07-13T08:47:32.533Z,4299,4299,4494,92,Trusted,2026-07-13T08:47:24.479Z,0x8de5b85c3dcd5afba375b2e93d8b21a9c317c4dfad3000afdd3592205dff2e39,,variant-batch live execution
datm-live-2026-07-13T08-46-44-334Z,B,entity-04-normal,normal,5,2026-07-13T08:47:28.040Z,2026-07-13T08:47:28.040Z,2026-07-13T08:47:28.040Z,0,2026-07-13T08:47:28.234Z,0xcfb10a0e5ba0a9f1afb65cbaf70c9e94e3c8907cacaaaf2effa38f8d1273c12d,2026-07-13T08:47:32.535Z,success,38847,1000,6376681,0x9e4397c57fdff72488f8df2e53b757e0b6276661fd3742a97b1bcb50da2238a7,2026-07-13T08:47:32.535Z,4301,4301,4495,93,Trusted,2026-07-13T08:47:24.479Z,0x8b55a77bf8a6d9878ff13c5418d904750fd033db41b465439f9a1a568eb9682d,,variant-batch live execution
datm-live-2026-07-13T08-46-44-334Z,B,entity-05-suspicious,suspicious,5,2026-07-13T08:47:28.040Z,2026-07-13T08:47:28.040Z,2026-07-13T08:47:28.040Z,0,2026-07-13T08:47:28.234Z,0x9399012d3bf5cc409a0086c5caf2b2b95843ba1fbca481f7af798604c80aae4c,2026-07-13T08:47:32.535Z,success,38867,1000,6376681,0x9e4397c57fdff72488f8df2e53b757e0b6276661fd3742a97b1bcb50da2238a7,2026-07-13T08:47:32.535Z,4301,4301,4495,61,Suspicious,2026-07-13T08:47:24.479Z,0x40b0726309873e4db62f2c7d75783c3d1836f6fe0720b2f8418dcac618e5a3a3,,variant-batch live execution
datm-live-2026-07-13T08-46-44-334Z,B,entity-06-suspicious,suspicious,5,2026-07-13T08:47:28.041Z,2026-07-13T08:47:28.041Z,2026-07-13T08:47:28.041Z,0,2026-07-13T08:47:28.234Z,0x7dcffbcd3cd5a644e02b5ec0163be67715d68fa0294c14344e5270a1de68ccf0,2026-07-13T08:47:32.559Z,success,38867,1000,6376681,0x9e4397c57fdff72488f8df2e53b757e0b6276661fd3742a97b1bcb50da2238a7,2026-07-13T08:47:32.559Z,4325,4325,4518,59,Suspicious,2026-07-13T08:47:24.479Z,0x9e625ac46525377061a9beee468f4060e93bde75aaf82640cadc4641dd400dc3,,variant-batch live execution
datm-live-2026-07-13T08-46-44-334Z,B,entity-07-suspicious,suspicious,5,2026-07-13T08:47:28.041Z,2026-07-13T08:47:28.041Z,2026-07-13T08:47:28.041Z,0,2026-07-13T08:47:28.289Z,0xebc4bc1a7c69b20f420aa6e3c67ecbae34e71de7590a496d3da8d8c62af3d13a,2026-07-13T08:47:32.754Z,success,38867,1000,6376681,0x9e4397c57fdff72488f8df2e53b757e0b6276661fd3742a97b1bcb50da2238a7,2026-07-13T08:47:32.754Z,4465,4465,4713,64,Suspicious,2026-07-13T08:47:24.479Z,0x48b6572094347051ff6ce35770a993f102139b644fe55807feb95fd3f8af2ae1,,variant-batch live execution
datm-live-2026-07-13T08-46-44-334Z,B,entity-08-malicious,malicious,5,2026-07-13T08:47:28.041Z,2026-07-13T08:47:28.041Z,2026-07-13T08:47:28.041Z,0,2026-07-13T08:47:28.290Z,0x22bd29d8f63951b790e206f769c842ab47811b04bc01f5172830fcbe47298a33,2026-07-13T08:47:32.738Z,success,38866,1000,6376681,0x9e4397c57fdff72488f8df2e53b757e0b6276661fd3742a97b1bcb50da2238a7,2026-07-13T08:47:32.738Z,4448,4448,4697,30,Untrusted,2026-07-13T08:47:24.479Z,0x2c7adf98e3bf29f80da6f7b245c6bc61eccc4dfeb909022e517b8531e19d8b5e,,variant-batch live execution
datm-live-2026-07-13T08-46-44-334Z,B,entity-09-malicious,malicious,5,2026-07-13T08:47:28.042Z,2026-07-13T08:47:28.042Z,2026-07-13T08:47:28.042Z,0,2026-07-13T08:47:28.290Z,0xacea5a57e61e8efd11d62b91d4be7e8b850c3b9c87f6163ec0d689a3556b3755,2026-07-13T08:47:32.781Z,success,38866,1000,6376681,0x9e4397c57fdff72488f8df2e53b757e0b6276661fd3742a97b1bcb50da2238a7,2026-07-13T08:47:32.781Z,4491,4491,4739,28,Untrusted,2026-07-13T08:47:24.479Z,0x79c650a7aad26fb61d5552e95d3a83202bd3d078a7f83fad4ef4eff2ec9eaf86,,variant-batch live execution
datm-live-2026-07-13T08-46-44-334Z,B,entity-10-malicious,malicious,5,2026-07-13T08:47:28.042Z,2026-07-13T08:47:28.042Z,2026-07-13T08:47:28.042Z,0,2026-07-13T08:47:28.290Z,0xb169bae99f57bf68bf1bd97b42d5d4629b306f79f376c8bcca700a14de4de1cd,2026-07-13T08:47:32.783Z,success,38854,1000,6376681,0x9e4397c57fdff72488f8df2e53b757e0b6276661fd3742a97b1bcb50da2238a7,2026-07-13T08:47:32.783Z,4493,4493,4741,31,Untrusted,2026-07-13T08:47:24.479Z,0x0177a2647e21438aa4b75495e8068fc66f9accf26831c9e5a1a3d1c2fef8cf57,,variant-batch live execution
datm-live-2026-07-13T08-46-44-334Z,B,entity-01-normal,normal,6,2026-07-13T08:47:37.929Z,2026-07-13T08:47:37.929Z,2026-07-13T08:47:37.929Z,0,2026-07-13T08:47:38.052Z,0xb7626f84790e788fbdffe190fee2ab951e86faaf4a667070c0af56028846a38c,2026-07-13T08:47:42.308Z,success,38835,1000,6376683,0x1f4bfda080a901544e5f99a1c003d4bd30c3d4dd789249c16d66a1e5626bab80,2026-07-13T08:47:42.308Z,4256,4256,4379,93,Trusted,2026-07-13T08:47:34.479Z,0x87327ab7125862b9795cb2009dc06f7c09ee46b983f35117cc8c6d1626dff38d,,variant-batch live execution
datm-live-2026-07-13T08-46-44-334Z,B,entity-02-normal,normal,6,2026-07-13T08:47:37.931Z,2026-07-13T08:47:37.931Z,2026-07-13T08:47:37.931Z,0,2026-07-13T08:47:38.053Z,0x45ae0c96401b5bfea6305019956dc9118e9f24eeb6290e2c9f7a1991a03a29fb,2026-07-13T08:47:42.307Z,success,38847,1000,6376683,0x1f4bfda080a901544e5f99a1c003d4bd30c3d4dd789249c16d66a1e5626bab80,2026-07-13T08:47:42.307Z,4254,4254,4376,92,Trusted,2026-07-13T08:47:34.479Z,0x9785f50ec21b6fbf233f5c0e0bf4756b7c199e5e38b9e7787a93babbe84769a1,,variant-batch live execution
datm-live-2026-07-13T08-46-44-334Z,B,entity-03-normal,normal,6,2026-07-13T08:47:37.931Z,2026-07-13T08:47:37.931Z,2026-07-13T08:47:37.931Z,0,2026-07-13T08:47:38.053Z,0xaa66db09f78e9f82a8693dd86046e667cf7ba9b94eb7e3716cdc6f5f2555e018,2026-07-13T08:47:42.315Z,success,38847,1000,6376683,0x1f4bfda080a901544e5f99a1c003d4bd30c3d4dd789249c16d66a1e5626bab80,2026-07-13T08:47:42.315Z,4262,4262,4384,93,Trusted,2026-07-13T08:47:34.479Z,0xa8db147f0e2c1b4320a3ef148fd3f36cc7436af45b983b977bf4abfda83577cb,,variant-batch live execution
datm-live-2026-07-13T08-46-44-334Z,B,entity-04-normal,normal,6,2026-07-13T08:47:37.932Z,2026-07-13T08:47:37.932Z,2026-07-13T08:47:37.932Z,0,2026-07-13T08:47:38.053Z,0x8ba3fbf6130478f1d3a026c48fe29efb5fd549395b503af0f5f35e45fedfe52c,2026-07-13T08:47:42.310Z,success,38847,1000,6376683,0x1f4bfda080a901544e5f99a1c003d4bd30c3d4dd789249c16d66a1e5626bab80,2026-07-13T08:47:42.310Z,4257,4257,4378,93,Trusted,2026-07-13T08:47:34.479Z,0xbd40f2099201ebee5cb2d1b4f79c81fb78f7fad613b2636c59dba510ba26c94d,,variant-batch live execution
datm-live-2026-07-13T08-46-44-334Z,B,entity-05-suspicious,suspicious,6,2026-07-13T08:47:37.932Z,2026-07-13T08:47:37.932Z,2026-07-13T08:47:37.932Z,0,2026-07-13T08:47:38.055Z,0x9f8aa5220395b27c9f0cb55ed89e7ea0cdd332a65174a965cda014e5e44e23a6,2026-07-13T08:47:42.327Z,success,38867,1000,6376683,0x1f4bfda080a901544e5f99a1c003d4bd30c3d4dd789249c16d66a1e5626bab80,2026-07-13T08:47:42.327Z,4272,4272,4395,59,Suspicious,2026-07-13T08:47:34.479Z,0x0b7a8ea17eaff6f501895f8d9d19166dece0499601108f0505783a88d3b698eb,,variant-batch live execution
datm-live-2026-07-13T08-46-44-334Z,B,entity-06-suspicious,suspicious,6,2026-07-13T08:47:37.932Z,2026-07-13T08:47:37.932Z,2026-07-13T08:47:37.932Z,0,2026-07-13T08:47:38.055Z,0x218d77ecbab93b08c3a220756fc2bcf39d50d6d4490ddd2e998b212c1e9990df,2026-07-13T08:47:42.298Z,success,38867,1000,6376683,0x1f4bfda080a901544e5f99a1c003d4bd30c3d4dd789249c16d66a1e5626bab80,2026-07-13T08:47:42.298Z,4243,4243,4366,60,Suspicious,2026-07-13T08:47:34.479Z,0x99dc82dac65aad325b2ac47ec2651780230a43fe954e906940e90716fb88766b,,variant-batch live execution
datm-live-2026-07-13T08-46-44-334Z,B,entity-07-suspicious,suspicious,6,2026-07-13T08:47:37.933Z,2026-07-13T08:47:37.933Z,2026-07-13T08:47:37.933Z,0,2026-07-13T08:47:38.055Z,0xd82efe3789fc68eaf29a3507792a94ad8fd44cb93c04cbba814d07a0d3876aee,2026-07-13T08:47:42.485Z,success,38867,1000,6376683,0x1f4bfda080a901544e5f99a1c003d4bd30c3d4dd789249c16d66a1e5626bab80,2026-07-13T08:47:42.485Z,4430,4430,4552,61,Suspicious,2026-07-13T08:47:34.479Z,0x01ac2bc81735868bf8d9122107b21d44d0c7f04fc71b651fdd9360ecf2b7ce21,,variant-batch live execution
datm-live-2026-07-13T08-46-44-334Z,B,entity-08-malicious,malicious,6,2026-07-13T08:47:37.934Z,2026-07-13T08:47:37.934Z,2026-07-13T08:47:37.934Z,0,2026-07-13T08:47:38.056Z,0x54ffa26dc2117614839c927d5e747c61bc027e504dda13441d5ea9c618c2b5e6,2026-07-13T08:47:42.502Z,success,38866,1000,6376683,0x1f4bfda080a901544e5f99a1c003d4bd30c3d4dd789249c16d66a1e5626bab80,2026-07-13T08:47:42.502Z,4446,4446,4568,28,Untrusted,2026-07-13T08:47:34.479Z,0xfa859462e8d93f015e876f2d1aeb50263d0b4c59440e4dcb8bf1f023a1d909dc,,variant-batch live execution
datm-live-2026-07-13T08-46-44-334Z,B,entity-09-malicious,malicious,6,2026-07-13T08:47:37.934Z,2026-07-13T08:47:37.934Z,2026-07-13T08:47:37.934Z,0,2026-07-13T08:47:38.056Z,0xd2caffa51a6b28c371eb73a12c25ce94edddafd36424a8b467de1f9d613c250a,2026-07-13T08:47:42.519Z,success,38866,1000,6376683,0x1f4bfda080a901544e5f99a1c003d4bd30c3d4dd789249c16d66a1e5626bab80,2026-07-13T08:47:42.519Z,4463,4463,4585,29,Untrusted,2026-07-13T08:47:34.479Z,0x0b4db83e5bb6441032fec89af1528a263513cb70dd3c5019cc10602bd004ba42,,variant-batch live execution
datm-live-2026-07-13T08-46-44-334Z,B,entity-10-malicious,malicious,6,2026-07-13T08:47:37.934Z,2026-07-13T08:47:37.934Z,2026-07-13T08:47:37.934Z,0,2026-07-13T08:47:38.083Z,0x3a49190974f14abfe8a23bbcb2446b8c98d1b47d0896433d7c7b3cb10be6bb93,2026-07-13T08:47:42.523Z,success,38854,1000,6376683,0x1f4bfda080a901544e5f99a1c003d4bd30c3d4dd789249c16d66a1e5626bab80,2026-07-13T08:47:42.523Z,4440,4440,4589,30,Untrusted,2026-07-13T08:47:34.479Z,0x49e6048f387b9732c1fd8a926507cea33db0b71be4cd2cdba5c5c30ed1f6ccec,,variant-batch live execution
datm-live-2026-07-13T08-46-44-334Z,B,entity-01-normal,normal,7,2026-07-13T08:47:47.621Z,2026-07-13T08:47:47.621Z,2026-07-13T08:47:47.621Z,0,2026-07-13T08:47:47.735Z,0x05f15afef84e375f72b90e7df8bfaec081d8da955ceba1e71b366638faf6bf74,2026-07-13T08:47:52.015Z,success,38835,1000,6376685,0xfcc68b79d949f1439a2c2cada41542e20c5ba8f81ab27a76f2c5e89060ec3a74,2026-07-13T08:47:52.015Z,4280,4280,4394,92,Trusted,2026-07-13T08:47:44.479Z,0x1f82efc2747363af83412e4e53f41f7f2e0c1549799c009807891564a1906716,,variant-batch live execution
datm-live-2026-07-13T08-46-44-334Z,B,entity-02-normal,normal,7,2026-07-13T08:47:47.622Z,2026-07-13T08:47:47.622Z,2026-07-13T08:47:47.622Z,0,2026-07-13T08:47:47.735Z,0x6d8074e83248b33296774c8ee9c422af569b00fb8b1dfb1d2aad8b332a902c92,2026-07-13T08:47:52.046Z,success,38847,1000,6376685,0xfcc68b79d949f1439a2c2cada41542e20c5ba8f81ab27a76f2c5e89060ec3a74,2026-07-13T08:47:52.046Z,4311,4311,4424,93,Trusted,2026-07-13T08:47:44.479Z,0x87fe0995a5cc167656ca2c73a1da367bad0dc8f38dd22a1ec3c5f2b40c348235,,variant-batch live execution
datm-live-2026-07-13T08-46-44-334Z,B,entity-03-normal,normal,7,2026-07-13T08:47:47.623Z,2026-07-13T08:47:47.623Z,2026-07-13T08:47:47.623Z,0,2026-07-13T08:47:47.761Z,0x0d122f731a0dd303b7a48be65d48c8bcf1966b68661e05ec8a2fb8d2a07c3687,2026-07-13T08:47:52.013Z,success,38847,1000,6376685,0xfcc68b79d949f1439a2c2cada41542e20c5ba8f81ab27a76f2c5e89060ec3a74,2026-07-13T08:47:52.013Z,4252,4252,4390,93,Trusted,2026-07-13T08:47:44.479Z,0x5fd48076f44206daa5bb1eaceb13e76e80379aebcc5753a54ba2daaeadb4f8f5,,variant-batch live execution
datm-live-2026-07-13T08-46-44-334Z,B,entity-04-normal,normal,7,2026-07-13T08:47:47.623Z,2026-07-13T08:47:47.623Z,2026-07-13T08:47:47.623Z,0,2026-07-13T08:47:47.761Z,0x06048e1ee8e02716a5a1cd654600eb770078b1ef22a9c4a8e70f474fd463975c,2026-07-13T08:47:52.018Z,success,38847,1000,6376685,0xfcc68b79d949f1439a2c2cada41542e20c5ba8f81ab27a76f2c5e89060ec3a74,2026-07-13T08:47:52.018Z,4257,4257,4395,92,Trusted,2026-07-13T08:47:44.479Z,0xc8b26defeaafbdb3670d9ba4a5e90b60f4c8181bb91d7d62360450c69381b1aa,,variant-batch live execution
datm-live-2026-07-13T08-46-44-334Z,B,entity-05-suspicious,suspicious,7,2026-07-13T08:47:47.624Z,2026-07-13T08:47:47.624Z,2026-07-13T08:47:47.624Z,0,2026-07-13T08:47:47.736Z,0x5a63ce14bda0a043c1aa120c77f12c939ac1dfbbce42cbd7c0fb51bfe87bb228,2026-07-13T08:47:52.016Z,success,38855,1000,6376685,0xfcc68b79d949f1439a2c2cada41542e20c5ba8f81ab27a76f2c5e89060ec3a74,2026-07-13T08:47:52.016Z,4280,4280,4392,60,Suspicious,2026-07-13T08:47:44.479Z,0x19dba7db353cffb3056cdb0a25540e5b96817041f8b85520a900481bea0f61e5,,variant-batch live execution
datm-live-2026-07-13T08-46-44-334Z,B,entity-06-suspicious,suspicious,7,2026-07-13T08:47:47.625Z,2026-07-13T08:47:47.625Z,2026-07-13T08:47:47.625Z,0,2026-07-13T08:47:47.736Z,0xbc67a42f77bf5ba8ee819252e8ddd4117d461108886d15c2be7a50ec055b527d,2026-07-13T08:47:52.014Z,success,38867,1000,6376685,0xfcc68b79d949f1439a2c2cada41542e20c5ba8f81ab27a76f2c5e89060ec3a74,2026-07-13T08:47:52.014Z,4278,4278,4389,62,Suspicious,2026-07-13T08:47:44.479Z,0xf94ec08e3db3f347aca6c870fadf6384537cea93627fdef3cf49e5db9c8152bc,,variant-batch live execution
datm-live-2026-07-13T08-46-44-334Z,B,entity-07-suspicious,suspicious,7,2026-07-13T08:47:47.625Z,2026-07-13T08:47:47.625Z,2026-07-13T08:47:47.625Z,0,2026-07-13T08:47:47.736Z,0x048412203865aecabf1afb0d02f2b70cbcd806066a56d4ab267715f5f7da9129,2026-07-13T08:47:52.210Z,success,38855,1000,6376685,0xfcc68b79d949f1439a2c2cada41542e20c5ba8f81ab27a76f2c5e89060ec3a74,2026-07-13T08:47:52.210Z,4474,4474,4585,59,Suspicious,2026-07-13T08:47:44.479Z,0xcbc9ade42e00c6f3e37a126eb30a7996c20f6ab5a41f4bf6043f18dd280c2e3f,,variant-batch live execution
datm-live-2026-07-13T08-46-44-334Z,B,entity-08-malicious,malicious,7,2026-07-13T08:47:47.626Z,2026-07-13T08:47:47.626Z,2026-07-13T08:47:47.626Z,0,2026-07-13T08:47:47.737Z,0xe6a39c376c8a7729262de30957efb2b8690686ed54658d576e9662fae23cf630,2026-07-13T08:47:52.236Z,success,38866,1000,6376685,0xfcc68b79d949f1439a2c2cada41542e20c5ba8f81ab27a76f2c5e89060ec3a74,2026-07-13T08:47:52.236Z,4499,4499,4610,29,Untrusted,2026-07-13T08:47:44.479Z,0x33e1e9f7b659ac9d11231842ee3a7a3edc6c1ae08133694e671b2347d2312561,,variant-batch live execution
datm-live-2026-07-13T08-46-44-334Z,B,entity-09-malicious,malicious,7,2026-07-13T08:47:47.626Z,2026-07-13T08:47:47.626Z,2026-07-13T08:47:47.626Z,0,2026-07-13T08:47:47.762Z,0xced5b52d814ae13d88dd7ba33eedd7c1d0543ff5576bec25f18e7379ed77bb10,2026-07-13T08:47:52.237Z,success,38866,1000,6376685,0xfcc68b79d949f1439a2c2cada41542e20c5ba8f81ab27a76f2c5e89060ec3a74,2026-07-13T08:47:52.237Z,4475,4475,4611,28,Untrusted,2026-07-13T08:47:44.479Z,0x65ec8c3df718e8a823cef8ae0adda5d094961f3543558f22b0a6538dffdbba2f,,variant-batch live execution
datm-live-2026-07-13T08-46-44-334Z,B,entity-10-malicious,malicious,7,2026-07-13T08:47:47.627Z,2026-07-13T08:47:47.627Z,2026-07-13T08:47:47.627Z,0,2026-07-13T08:47:47.762Z,0x2c60ab44b7f6b63e5b6aadacca6187d13e08ad38598c2eb39e18cf8fe9b17f0f,2026-07-13T08:47:52.248Z,success,38842,1000,6376685,0xfcc68b79d949f1439a2c2cada41542e20c5ba8f81ab27a76f2c5e89060ec3a74,2026-07-13T08:47:52.248Z,4486,4486,4621,29,Untrusted,2026-07-13T08:47:44.479Z,0x0040f33787fd28f7d13563def82ff8f4750d70638fa768989a6d239f7bd7e46e,,variant-batch live execution
datm-live-2026-07-13T08-46-44-334Z,B,entity-01-normal,normal,8,2026-07-13T08:47:57.363Z,2026-07-13T08:47:57.363Z,2026-07-13T08:47:57.363Z,0,2026-07-13T08:47:57.488Z,0xc6c35e127f05188636875ccd765de7d6a79a47087dd4a6f1224601eba011cd57,2026-07-13T08:48:01.734Z,success,38835,1000,6376687,0x56af8e3247252ff26221842f2dd6ad198b5d7bf6dd454dc3811062cd2c0b9f70,2026-07-13T08:48:01.734Z,4246,4246,4371,93,Trusted,2026-07-13T08:47:54.479Z,0xb5db0163578b7bd479402da38aa8da92dedabf9adf71e55e00d37e416bdf3aa3,,variant-batch live execution
datm-live-2026-07-13T08-46-44-334Z,B,entity-02-normal,normal,8,2026-07-13T08:47:57.364Z,2026-07-13T08:47:57.364Z,2026-07-13T08:47:57.364Z,0,2026-07-13T08:47:57.493Z,0x0ec2845b9331325a7aff67f3094ce2dbc9ddc81027433aebedbd6c6658bbe328,2026-07-13T08:48:01.737Z,success,38847,1000,6376687,0x56af8e3247252ff26221842f2dd6ad198b5d7bf6dd454dc3811062cd2c0b9f70,2026-07-13T08:48:01.737Z,4244,4244,4373,93,Trusted,2026-07-13T08:47:54.479Z,0xe7df3e57f328ba25e5f3063120caed6f375c7960942e7c84d863499bc3b9ce77,,variant-batch live execution
datm-live-2026-07-13T08-46-44-334Z,B,entity-03-normal,normal,8,2026-07-13T08:47:57.364Z,2026-07-13T08:47:57.364Z,2026-07-13T08:47:57.364Z,0,2026-07-13T08:47:57.493Z,0x2b7c7673b533856a3356a3034da08c8d1efa99195e4eae3914d701d4daa3f00b,2026-07-13T08:48:01.739Z,success,38847,1000,6376687,0x56af8e3247252ff26221842f2dd6ad198b5d7bf6dd454dc3811062cd2c0b9f70,2026-07-13T08:48:01.739Z,4246,4246,4375,91,Trusted,2026-07-13T08:47:54.479Z,0xd75ae7a0f9b9a00a31174d4a7b70073ac226f45627ac54288942f5ad0a6b0f5a,,variant-batch live execution
datm-live-2026-07-13T08-46-44-334Z,B,entity-04-normal,normal,8,2026-07-13T08:47:57.365Z,2026-07-13T08:47:57.365Z,2026-07-13T08:47:57.365Z,0,2026-07-13T08:47:57.493Z,0x96d7dfd3c20045b3b4345bc852fb410a1493fa4bcf0e5a6d203e2265b9cf36a0,2026-07-13T08:48:01.741Z,success,38835,1000,6376687,0x56af8e3247252ff26221842f2dd6ad198b5d7bf6dd454dc3811062cd2c0b9f70,2026-07-13T08:48:01.741Z,4248,4248,4376,93,Trusted,2026-07-13T08:47:54.479Z,0x2e7232a3e70a1c201637b4e4f4427b66b5d6e3a95c6ef392090067f45f76afc0,,variant-batch live execution
datm-live-2026-07-13T08-46-44-334Z,B,entity-05-suspicious,suspicious,8,2026-07-13T08:47:57.365Z,2026-07-13T08:47:57.365Z,2026-07-13T08:47:57.365Z,0,2026-07-13T08:47:57.493Z,0x22f5ceab06c3ba10cc402c836f4c25c3dfe8392d1f216fcc1c219e3ba6045427,2026-07-13T08:48:01.737Z,success,38855,1000,6376687,0x56af8e3247252ff26221842f2dd6ad198b5d7bf6dd454dc3811062cd2c0b9f70,2026-07-13T08:48:01.737Z,4244,4244,4372,62,Suspicious,2026-07-13T08:47:54.479Z,0x73d414c93122f33c052d7878ba6984002aa912124b094d1b803e4c0568acbe6a,,variant-batch live execution
datm-live-2026-07-13T08-46-44-334Z,B,entity-06-suspicious,suspicious,8,2026-07-13T08:47:57.366Z,2026-07-13T08:47:57.366Z,2026-07-13T08:47:57.366Z,0,2026-07-13T08:47:57.514Z,0xefb7039135961b05fa630928a87484b65317d3440b101c45e8975ffdaadf635d,2026-07-13T08:48:01.758Z,success,38867,1000,6376687,0x56af8e3247252ff26221842f2dd6ad198b5d7bf6dd454dc3811062cd2c0b9f70,2026-07-13T08:48:01.758Z,4244,4244,4392,63,Suspicious,2026-07-13T08:47:54.479Z,0x2de8f901db3785b43029c914735af4261d432176d0b4a8cc6b6d74b3f4386a61,,variant-batch live execution
datm-live-2026-07-13T08-46-44-334Z,B,entity-07-suspicious,suspicious,8,2026-07-13T08:47:57.366Z,2026-07-13T08:47:57.366Z,2026-07-13T08:47:57.366Z,0,2026-07-13T08:47:57.514Z,0xbb289dc253026d3a136b8989ee8183e254ae128a789c56682492b074b7bd9719,2026-07-13T08:48:01.911Z,success,38867,1000,6376687,0x56af8e3247252ff26221842f2dd6ad198b5d7bf6dd454dc3811062cd2c0b9f70,2026-07-13T08:48:01.911Z,4397,4397,4545,60,Suspicious,2026-07-13T08:47:54.479Z,0x10666d74194d6698707c3701f3011e99d8973906d87b69f4eec98ce1b3b845c4,,variant-batch live execution
datm-live-2026-07-13T08-46-44-334Z,B,entity-08-malicious,malicious,8,2026-07-13T08:47:57.366Z,2026-07-13T08:47:57.366Z,2026-07-13T08:47:57.366Z,0,2026-07-13T08:47:57.514Z,0x294c692a9af117962aa29e863d6dedcb7d8a578914c440d09046cf8942495faf,2026-07-13T08:48:01.931Z,success,38866,1000,6376687,0x56af8e3247252ff26221842f2dd6ad198b5d7bf6dd454dc3811062cd2c0b9f70,2026-07-13T08:48:01.931Z,4417,4417,4565,28,Untrusted,2026-07-13T08:47:54.479Z,0x22dc7ec168be143c0be0ea957bb767ee6e21319aac3d68e95410e0c57537b2c6,,variant-batch live execution
datm-live-2026-07-13T08-46-44-334Z,B,entity-09-malicious,malicious,8,2026-07-13T08:47:57.366Z,2026-07-13T08:47:57.366Z,2026-07-13T08:47:57.366Z,0,2026-07-13T08:47:57.493Z,0x25601e5b1123be84f5ec80ef3a598e8ebd28da1d6988b54e3c5eb6256dc0da51,2026-07-13T08:48:01.939Z,success,38866,1000,6376687,0x56af8e3247252ff26221842f2dd6ad198b5d7bf6dd454dc3811062cd2c0b9f70,2026-07-13T08:48:01.939Z,4446,4446,4573,28,Untrusted,2026-07-13T08:47:54.479Z,0xb3a06e6caa89ef192bf6a2b4636205ccef219f71774eade59a0104a888ddbdcb,,variant-batch live execution
datm-live-2026-07-13T08-46-44-334Z,B,entity-10-malicious,malicious,8,2026-07-13T08:47:57.366Z,2026-07-13T08:47:57.366Z,2026-07-13T08:47:57.366Z,0,2026-07-13T08:47:57.514Z,0xc34310afccaa003b583ecc10a7d2c3fe9898085c4cb3fd4606969cd58642b70c,2026-07-13T08:48:01.947Z,success,38854,1000,6376687,0x56af8e3247252ff26221842f2dd6ad198b5d7bf6dd454dc3811062cd2c0b9f70,2026-07-13T08:48:01.947Z,4433,4433,4581,30,Untrusted,2026-07-13T08:47:54.479Z,0x73876e992d1b6b1276960b8c11e60e5591ba6a4ea68b56138fb3d4ec68f5459c,,variant-batch live execution
datm-live-2026-07-13T08-46-44-334Z,B,entity-01-normal,normal,9,2026-07-13T08:48:07.066Z,2026-07-13T08:48:07.066Z,2026-07-13T08:48:07.066Z,0,2026-07-13T08:48:07.199Z,0xb6d73bcd9ddd829ddc51b0889122b0f0083bdea2fa30b827a3b5d5ab10668a49,2026-07-13T08:48:11.472Z,success,38847,1000,6376689,0x9fa4993edb5470e3d51710fac82ce4f3bcba778acaba9caab86c77698be39dc0,2026-07-13T08:48:11.472Z,4273,4273,4406,93,Trusted,2026-07-13T08:48:04.479Z,0xda689ce910da361a170b18c3659effe74e4d766eceef6e843b084b614c4e4a05,,variant-batch live execution
datm-live-2026-07-13T08-46-44-334Z,B,entity-02-normal,normal,9,2026-07-13T08:48:07.066Z,2026-07-13T08:48:07.066Z,2026-07-13T08:48:07.066Z,0,2026-07-13T08:48:07.199Z,0xf639360b82e683b8bf05d305a9189425866ee68dbc8f8fdef53db9ac3d29de52,2026-07-13T08:48:11.464Z,success,38847,1000,6376689,0x9fa4993edb5470e3d51710fac82ce4f3bcba778acaba9caab86c77698be39dc0,2026-07-13T08:48:11.464Z,4265,4265,4398,92,Trusted,2026-07-13T08:48:04.479Z,0x48d874571605af952df7c18a5ee6b12afdb107539db2228d11ae06d74c379eae,,variant-batch live execution
datm-live-2026-07-13T08-46-44-334Z,B,entity-03-normal,normal,9,2026-07-13T08:48:07.067Z,2026-07-13T08:48:07.067Z,2026-07-13T08:48:07.067Z,0,2026-07-13T08:48:07.199Z,0x304bfa34f126fc22cfda067812b0eab7914a6f88f20b93f4edd4c39df31ba762,2026-07-13T08:48:11.471Z,success,38847,1000,6376689,0x9fa4993edb5470e3d51710fac82ce4f3bcba778acaba9caab86c77698be39dc0,2026-07-13T08:48:11.471Z,4272,4272,4404,93,Trusted,2026-07-13T08:48:04.479Z,0x3133a23d404bd4b075adb3b0fd9d93b97e87905acd3d4aebce4d9403638ccab1,,variant-batch live execution
datm-live-2026-07-13T08-46-44-334Z,B,entity-04-normal,normal,9,2026-07-13T08:48:07.067Z,2026-07-13T08:48:07.067Z,2026-07-13T08:48:07.067Z,0,2026-07-13T08:48:07.200Z,0xcf65b2260fefcd8ddf1d1ea9e0522eb419120d6d7df1b8379a2f847c14f29b3d,2026-07-13T08:48:11.472Z,success,38847,1000,6376689,0x9fa4993edb5470e3d51710fac82ce4f3bcba778acaba9caab86c77698be39dc0,2026-07-13T08:48:11.472Z,4272,4272,4405,93,Trusted,2026-07-13T08:48:04.479Z,0x67f7a9031da875573bc62b6a484393dc6c94a38f19b85f5915b0f7a7fa5991a6,,variant-batch live execution
datm-live-2026-07-13T08-46-44-334Z,B,entity-05-suspicious,suspicious,9,2026-07-13T08:48:07.067Z,2026-07-13T08:48:07.067Z,2026-07-13T08:48:07.067Z,0,2026-07-13T08:48:07.200Z,0x5282834e94d93106216f830129b29b68add96d5e5bbf3572f7bebdb53f801108,2026-07-13T08:48:11.472Z,success,38855,1000,6376689,0x9fa4993edb5470e3d51710fac82ce4f3bcba778acaba9caab86c77698be39dc0,2026-07-13T08:48:11.472Z,4272,4272,4405,63,Suspicious,2026-07-13T08:48:04.479Z,0x411ec780917aaeea1ff300d2a09764427b45bafa0a092a1912a9e274e71db05e,,variant-batch live execution
datm-live-2026-07-13T08-46-44-334Z,B,entity-06-suspicious,suspicious,9,2026-07-13T08:48:07.068Z,2026-07-13T08:48:07.068Z,2026-07-13T08:48:07.068Z,0,2026-07-13T08:48:07.200Z,0xae482982d42a8d1cd974fad7548e34815e7d3e8d76fab4c26dfc831eadc79625,2026-07-13T08:48:11.492Z,success,38867,1000,6376689,0x9fa4993edb5470e3d51710fac82ce4f3bcba778acaba9caab86c77698be39dc0,2026-07-13T08:48:11.492Z,4292,4292,4424,61,Suspicious,2026-07-13T08:48:04.479Z,0xc8d76d92436504015c875811b68ee312cca253b26bee11af74273b1cb9c4e373,,variant-batch live execution
datm-live-2026-07-13T08-46-44-334Z,B,entity-07-suspicious,suspicious,9,2026-07-13T08:48:07.068Z,2026-07-13T08:48:07.068Z,2026-07-13T08:48:07.068Z,0,2026-07-13T08:48:07.233Z,0x42f7214cf2cdcc445b7a1e9153d525be3ca1d8baf255e327e0658fe7a78f7432,2026-07-13T08:48:11.677Z,success,38867,1000,6376689,0x9fa4993edb5470e3d51710fac82ce4f3bcba778acaba9caab86c77698be39dc0,2026-07-13T08:48:11.677Z,4444,4444,4609,62,Suspicious,2026-07-13T08:48:04.479Z,0x12a15e7358cee9350fc8209e562416d89f607a3b9dce6607f2fc0b201e72d74e,,variant-batch live execution
datm-live-2026-07-13T08-46-44-334Z,B,entity-08-malicious,malicious,9,2026-07-13T08:48:07.069Z,2026-07-13T08:48:07.069Z,2026-07-13T08:48:07.069Z,0,2026-07-13T08:48:07.233Z,0x9fd3ba0a0813757f3675a5da9346d2dda00dd25cb394bb0afb21a399705a02e8,2026-07-13T08:48:11.676Z,success,38866,1000,6376689,0x9fa4993edb5470e3d51710fac82ce4f3bcba778acaba9caab86c77698be39dc0,2026-07-13T08:48:11.676Z,4443,4443,4607,28,Untrusted,2026-07-13T08:48:04.479Z,0x9d79b6e056ad71977c91bd073a0788ce8339098a32c2144ac8177f53f7c52c34,,variant-batch live execution
datm-live-2026-07-13T08-46-44-334Z,B,entity-09-malicious,malicious,9,2026-07-13T08:48:07.069Z,2026-07-13T08:48:07.069Z,2026-07-13T08:48:07.069Z,0,2026-07-13T08:48:07.233Z,0x4141c5637c98c3988d78b2f59573a5e485fca0f659795da0af9d20e1b5eae089,2026-07-13T08:48:11.667Z,success,38866,1000,6376689,0x9fa4993edb5470e3d51710fac82ce4f3bcba778acaba9caab86c77698be39dc0,2026-07-13T08:48:11.667Z,4434,4434,4598,29,Untrusted,2026-07-13T08:48:04.479Z,0x408803a29be81a418c2f2a02d43a91a28145f21d9e3a6ed7ae765aa780fe5513,,variant-batch live execution
datm-live-2026-07-13T08-46-44-334Z,B,entity-10-malicious,malicious,9,2026-07-13T08:48:07.070Z,2026-07-13T08:48:07.070Z,2026-07-13T08:48:07.070Z,0,2026-07-13T08:48:07.233Z,0x2ea629943a0f980914c04ac948d5451fc5ca3b94ac8fd6639e278455bd01968f,2026-07-13T08:48:11.703Z,success,38854,1000,6376689,0x9fa4993edb5470e3d51710fac82ce4f3bcba778acaba9caab86c77698be39dc0,2026-07-13T08:48:11.703Z,4470,4470,4633,29,Untrusted,2026-07-13T08:48:04.479Z,0xcc1a956c2a91e5e1028e7ca20d430746a702c4c15c50601d77df360ccc0d3902,,variant-batch live execution
datm-live-2026-07-13T08-46-44-334Z,B,entity-01-normal,normal,10,2026-07-13T08:48:16.833Z,2026-07-13T08:48:16.833Z,2026-07-13T08:48:16.833Z,0,2026-07-13T08:48:16.975Z,0xb91da65c7470151c6257a62f4546ba0aa98c1d674e78a3422e0b9083a1f274f4,2026-07-13T08:48:21.231Z,success,38847,1000,6376691,0x622985bb9114b914d7c1ff8a04fc85d130b08b59a002c7325e4ad4eed3769bb3,2026-07-13T08:48:21.231Z,4256,4256,4398,91,Trusted,2026-07-13T08:48:14.479Z,0x854186181bb04513ae2268ddbf88db527fa75267934b16f8f5c9311dde0dc5d2,,variant-batch live execution
datm-live-2026-07-13T08-46-44-334Z,B,entity-02-normal,normal,10,2026-07-13T08:48:16.833Z,2026-07-13T08:48:16.833Z,2026-07-13T08:48:16.833Z,0,2026-07-13T08:48:16.975Z,0xab81577228737bf403fd3f10456db7537397776815d3c0332790044943a18c01,2026-07-13T08:48:21.230Z,success,38847,1000,6376691,0x622985bb9114b914d7c1ff8a04fc85d130b08b59a002c7325e4ad4eed3769bb3,2026-07-13T08:48:21.230Z,4255,4255,4397,93,Trusted,2026-07-13T08:48:14.479Z,0x1fa557ac05204c50b9420a7a5c84941c5179c3a6cfa7b41c5dd280ed3e52c6bf,,variant-batch live execution
datm-live-2026-07-13T08-46-44-334Z,B,entity-03-normal,normal,10,2026-07-13T08:48:16.834Z,2026-07-13T08:48:16.834Z,2026-07-13T08:48:16.834Z,0,2026-07-13T08:48:17.002Z,0xcc640f7042add9215a3975d2f3934db940f5a50d3583f994a67e30ab8c9922bc,2026-07-13T08:48:21.266Z,success,38847,1000,6376691,0x622985bb9114b914d7c1ff8a04fc85d130b08b59a002c7325e4ad4eed3769bb3,2026-07-13T08:48:21.266Z,4264,4264,4432,93,Trusted,2026-07-13T08:48:14.479Z,0x6db81c0a6b53fd404bc2fddfce01ea4a7ba27cce360e37358d68a06acb99a9ed,,variant-batch live execution
datm-live-2026-07-13T08-46-44-334Z,B,entity-04-normal,normal,10,2026-07-13T08:48:16.834Z,2026-07-13T08:48:16.834Z,2026-07-13T08:48:16.834Z,0,2026-07-13T08:48:16.977Z,0xb84a10307eefae2f19f86afd1ea897e438d63dcb9b02262ecf9d843345a156ba,2026-07-13T08:48:21.233Z,success,38847,1000,6376691,0x622985bb9114b914d7c1ff8a04fc85d130b08b59a002c7325e4ad4eed3769bb3,2026-07-13T08:48:21.233Z,4256,4256,4399,91,Trusted,2026-07-13T08:48:14.479Z,0x2baa3507acc02cf913191828116945399383a7b3caa51df4f894b49535c3a304,,variant-batch live execution
datm-live-2026-07-13T08-46-44-334Z,B,entity-05-suspicious,suspicious,10,2026-07-13T08:48:16.835Z,2026-07-13T08:48:16.835Z,2026-07-13T08:48:16.835Z,0,2026-07-13T08:48:16.978Z,0x697f14a7b2b5a8fb2ce74c931bb5be9325aed8692caf94320e067a156b1a780d,2026-07-13T08:48:21.237Z,success,38867,1000,6376691,0x622985bb9114b914d7c1ff8a04fc85d130b08b59a002c7325e4ad4eed3769bb3,2026-07-13T08:48:21.237Z,4259,4259,4402,61,Suspicious,2026-07-13T08:48:14.479Z,0xc70621dfd3aa1f1e45f5455e6931eb587119b3dea0eeed23af68f143596ccdee,,variant-batch live execution
datm-live-2026-07-13T08-46-44-334Z,B,entity-06-suspicious,suspicious,10,2026-07-13T08:48:16.835Z,2026-07-13T08:48:16.835Z,2026-07-13T08:48:16.835Z,0,2026-07-13T08:48:16.978Z,0x0456149ce91e13f84c69695f58849329ed009397326bbe450aebf6ca9e45d366,2026-07-13T08:48:21.239Z,success,38867,1000,6376691,0x622985bb9114b914d7c1ff8a04fc85d130b08b59a002c7325e4ad4eed3769bb3,2026-07-13T08:48:21.239Z,4261,4261,4404,60,Suspicious,2026-07-13T08:48:14.479Z,0x82152fd64a43bdba7740e2bb498c43a7501fac6059528394961bddabbdfef776,,variant-batch live execution
datm-live-2026-07-13T08-46-44-334Z,B,entity-07-suspicious,suspicious,10,2026-07-13T08:48:16.837Z,2026-07-13T08:48:16.837Z,2026-07-13T08:48:16.837Z,0,2026-07-13T08:48:16.978Z,0x688337c336a9fe02697d1ff66d0a5ab38db33e97b558f92ea00bc43152acf93c,2026-07-13T08:48:21.419Z,success,38867,1000,6376691,0x622985bb9114b914d7c1ff8a04fc85d130b08b59a002c7325e4ad4eed3769bb3,2026-07-13T08:48:21.419Z,4441,4441,4582,63,Suspicious,2026-07-13T08:48:14.479Z,0x1b1fb82cfaab9c5df4b6c0558798d1e428eb9d965759dd3a1ce0eb08528ed7f1,,variant-batch live execution
datm-live-2026-07-13T08-46-44-334Z,B,entity-08-malicious,malicious,10,2026-07-13T08:48:16.837Z,2026-07-13T08:48:16.837Z,2026-07-13T08:48:16.837Z,0,2026-07-13T08:48:16.978Z,0x40172a696b76318987cd3016cef8197ff3270955a46b1584ad76a7077ac6c0c4,2026-07-13T08:48:21.431Z,success,38866,1000,6376691,0x622985bb9114b914d7c1ff8a04fc85d130b08b59a002c7325e4ad4eed3769bb3,2026-07-13T08:48:21.431Z,4453,4453,4594,29,Untrusted,2026-07-13T08:48:14.479Z,0xac15e00851d80974fabfa70ba4ac8c306646e9ea2f5f16b9f56d2e0c071fd4c0,,variant-batch live execution
datm-live-2026-07-13T08-46-44-334Z,B,entity-09-malicious,malicious,10,2026-07-13T08:48:16.837Z,2026-07-13T08:48:16.837Z,2026-07-13T08:48:16.837Z,0,2026-07-13T08:48:17.002Z,0x1b189dc4ad8d9e4b49ea9f19232790cf3f215a4f5dc02f916a8c4b7ec5be5d47,2026-07-13T08:48:21.432Z,success,38866,1000,6376691,0x622985bb9114b914d7c1ff8a04fc85d130b08b59a002c7325e4ad4eed3769bb3,2026-07-13T08:48:21.432Z,4430,4430,4595,27,Untrusted,2026-07-13T08:48:14.479Z,0xcf1f6e5673ccb54a58f24b752d08982bb59e3cb65bc45aeb598c1d6de30bad2e,,variant-batch live execution
datm-live-2026-07-13T08-46-44-334Z,B,entity-10-malicious,malicious,10,2026-07-13T08:48:16.838Z,2026-07-13T08:48:16.838Z,2026-07-13T08:48:16.838Z,0,2026-07-13T08:48:17.003Z,0x2dadb0262ca1b35a9847ee186e88654c996dbb4f90fa6bf4f72446e14fa74481,2026-07-13T08:48:21.464Z,success,38854,1000,6376691,0x622985bb9114b914d7c1ff8a04fc85d130b08b59a002c7325e4ad4eed3769bb3,2026-07-13T08:48:21.464Z,4461,4461,4626,29,Untrusted,2026-07-13T08:48:14.479Z,0x62107fb00b9eaeda83f524345ee0d59430cefd9934f981dfc48b3755ee054038,,variant-batch live execution
datm-live-2026-07-13T08-46-44-334Z,B,entity-01-normal,normal,11,2026-07-13T08:48:26.581Z,2026-07-13T08:48:26.581Z,2026-07-13T08:48:26.581Z,0,2026-07-13T08:48:26.701Z,0xc5dd652a4f46a8ea7c4a2ca8f40a28caeee0fa6a2e92c3820694694f72060851,2026-07-13T08:48:30.946Z,success,38835,1000,6376693,0xc3d78193337634a38d5b992b8ecccf0aabe999cf8d4961e405ee8d80c790bac7,2026-07-13T08:48:30.946Z,4245,4245,4365,92,Trusted,2026-07-13T08:48:24.479Z,0x288905007ef2c1c578a0d43eb7428e066f9ba566db101074e3a13aa16fb1c5e2,,variant-batch live execution
datm-live-2026-07-13T08-46-44-334Z,B,entity-02-normal,normal,11,2026-07-13T08:48:26.582Z,2026-07-13T08:48:26.582Z,2026-07-13T08:48:26.582Z,0,2026-07-13T08:48:26.715Z,0xa27b6464a5e18f68762095adec4780606d5ef87301a74e9300a83c875869f092,2026-07-13T08:48:30.948Z,success,38847,1000,6376693,0xc3d78193337634a38d5b992b8ecccf0aabe999cf8d4961e405ee8d80c790bac7,2026-07-13T08:48:30.948Z,4233,4233,4366,92,Trusted,2026-07-13T08:48:24.479Z,0x747027186746f594eb44100e6afb67c163f8f7c5ec6ed57b5bb7e950840e33b7,,variant-batch live execution
datm-live-2026-07-13T08-46-44-334Z,B,entity-03-normal,normal,11,2026-07-13T08:48:26.583Z,2026-07-13T08:48:26.583Z,2026-07-13T08:48:26.583Z,0,2026-07-13T08:48:26.715Z,0x96a8281819f75fb896833ccc80bd85764e1e60146a4125635a0c205eae67a73a,2026-07-13T08:48:30.945Z,success,38847,1000,6376693,0xc3d78193337634a38d5b992b8ecccf0aabe999cf8d4961e405ee8d80c790bac7,2026-07-13T08:48:30.945Z,4230,4230,4362,91,Trusted,2026-07-13T08:48:24.479Z,0xb939ce1491e028f5ff631ee7f5b88b1a49fd634daea447760971a27d1c88229f,,variant-batch live execution
datm-live-2026-07-13T08-46-44-334Z,B,entity-04-normal,normal,11,2026-07-13T08:48:26.584Z,2026-07-13T08:48:26.584Z,2026-07-13T08:48:26.584Z,0,2026-07-13T08:48:26.715Z,0xdf9788c1ec168caa9390347286571c8ea53d2fde23fd05a9cec1b4d01043652a,2026-07-13T08:48:30.949Z,success,38847,1000,6376693,0xc3d78193337634a38d5b992b8ecccf0aabe999cf8d4961e405ee8d80c790bac7,2026-07-13T08:48:30.949Z,4234,4234,4365,92,Trusted,2026-07-13T08:48:24.479Z,0x4983ec7fbeb8f58caef3356b6d4637b5891e286d42f2390bfe403f6b960cdc66,,variant-batch live execution
datm-live-2026-07-13T08-46-44-334Z,B,entity-05-suspicious,suspicious,11,2026-07-13T08:48:26.584Z,2026-07-13T08:48:26.584Z,2026-07-13T08:48:26.584Z,0,2026-07-13T08:48:26.715Z,0x2fa5be3a9a627913b53af998c0f5239aeef1c019e8741e19a8f85aca4a7bdb89,2026-07-13T08:48:30.951Z,success,38867,1000,6376693,0xc3d78193337634a38d5b992b8ecccf0aabe999cf8d4961e405ee8d80c790bac7,2026-07-13T08:48:30.951Z,4236,4236,4367,60,Suspicious,2026-07-13T08:48:24.479Z,0x559e242c405dd08458663f547e200eed3df2fd5eb66f2c2785bc07c1bae94168,,variant-batch live execution
datm-live-2026-07-13T08-46-44-334Z,B,entity-06-suspicious,suspicious,11,2026-07-13T08:48:26.585Z,2026-07-13T08:48:26.585Z,2026-07-13T08:48:26.585Z,0,2026-07-13T08:48:26.726Z,0x45e9f15eac953a25bb1420b9e0fc104333e082b72a138a3981635bf3fb4bdae7,2026-07-13T08:48:30.968Z,success,38855,1000,6376693,0xc3d78193337634a38d5b992b8ecccf0aabe999cf8d4961e405ee8d80c790bac7,2026-07-13T08:48:30.968Z,4242,4242,4383,61,Suspicious,2026-07-13T08:48:24.479Z,0x72e71f1b0206a2091ef4239b5957f8f56830ed00d6b2028fbddb4058310b2733,,variant-batch live execution
datm-live-2026-07-13T08-46-44-334Z,B,entity-07-suspicious,suspicious,11,2026-07-13T08:48:26.586Z,2026-07-13T08:48:26.586Z,2026-07-13T08:48:26.586Z,0,2026-07-13T08:48:26.716Z,0x4690e13894c706111d141e8e3077b5c7e7155f12a1e3bf2ff2d9b03c27a858a3,2026-07-13T08:48:31.120Z,success,38867,1000,6376693,0xc3d78193337634a38d5b992b8ecccf0aabe999cf8d4961e405ee8d80c790bac7,2026-07-13T08:48:31.120Z,4404,4404,4534,60,Suspicious,2026-07-13T08:48:24.479Z,0x08ad0e16d3d750394a6e09d48abf988409c6c62980eb684bf4a6b95c44ba6240,,variant-batch live execution
datm-live-2026-07-13T08-46-44-334Z,B,entity-08-malicious,malicious,11,2026-07-13T08:48:26.586Z,2026-07-13T08:48:26.586Z,2026-07-13T08:48:26.586Z,0,2026-07-13T08:48:26.726Z,0xf286809753c37c60ff4e915b4397377abb8e4645fe16b1913c533462d8e566df,2026-07-13T08:48:31.131Z,success,38866,1000,6376693,0xc3d78193337634a38d5b992b8ecccf0aabe999cf8d4961e405ee8d80c790bac7,2026-07-13T08:48:31.131Z,4405,4405,4545,27,Untrusted,2026-07-13T08:48:24.479Z,0x8a0e62bea46d818f0ac4ad6ae2ae582ccdd16def9ad7cd078f075707b6ea6583,,variant-batch live execution
datm-live-2026-07-13T08-46-44-334Z,B,entity-09-malicious,malicious,11,2026-07-13T08:48:26.587Z,2026-07-13T08:48:26.587Z,2026-07-13T08:48:26.587Z,0,2026-07-13T08:48:26.726Z,0x45a793d1b5e4fd10218677a9cbe70957b8a70ec194b72aba9072ac6637abdd8b,2026-07-13T08:48:31.156Z,success,38866,1000,6376693,0xc3d78193337634a38d5b992b8ecccf0aabe999cf8d4961e405ee8d80c790bac7,2026-07-13T08:48:31.156Z,4430,4430,4569,27,Untrusted,2026-07-13T08:48:24.479Z,0x21263a8b91e93da12626911f0cee4720d68c61bee4dceaacae1191e53f816d2e,,variant-batch live execution
datm-live-2026-07-13T08-46-44-334Z,B,entity-10-malicious,malicious,11,2026-07-13T08:48:26.587Z,2026-07-13T08:48:26.587Z,2026-07-13T08:48:26.587Z,0,2026-07-13T08:48:26.726Z,0x700487979ed491fb75c9eb2523d71b99108b2ab07a1c875144c114ca8c6af271,2026-07-13T08:48:31.157Z,success,38854,1000,6376693,0xc3d78193337634a38d5b992b8ecccf0aabe999cf8d4961e405ee8d80c790bac7,2026-07-13T08:48:31.157Z,4431,4431,4570,30,Untrusted,2026-07-13T08:48:24.479Z,0x9984d289e34fea665f318b3ad7c031862b694becdd2ed8d308a80693e9484e36,,variant-batch live execution
datm-live-2026-07-13T08-46-44-334Z,B,entity-01-normal,normal,12,2026-07-13T08:48:36.283Z,2026-07-13T08:48:36.283Z,2026-07-13T08:48:36.283Z,0,2026-07-13T08:48:36.391Z,0x26442f632be940fc25ce388e9df915b1f147d58a37cb5462e984c49f4683da50,2026-07-13T08:48:40.658Z,success,38847,1000,6376695,0xec26862e4bb309f4942952d67fd219cea43aa947d636fa5fb4dc2622c29e91e0,2026-07-13T08:48:40.658Z,4267,4267,4375,93,Trusted,2026-07-13T08:48:34.479Z,0xeb8cc030c55df678fbf8f6cec3ee07ad2224cc2eaf954a9722ea06127629c5ae,,variant-batch live execution
datm-live-2026-07-13T08-46-44-334Z,B,entity-02-normal,normal,12,2026-07-13T08:48:36.284Z,2026-07-13T08:48:36.284Z,2026-07-13T08:48:36.284Z,0,2026-07-13T08:48:36.391Z,0xecc916c98715d2721b1b5f88b1b0034a02d66bc71867f9092b938a360db7127d,2026-07-13T08:48:40.687Z,success,38847,1000,6376695,0xec26862e4bb309f4942952d67fd219cea43aa947d636fa5fb4dc2622c29e91e0,2026-07-13T08:48:40.687Z,4296,4296,4403,92,Trusted,2026-07-13T08:48:34.479Z,0xd8cf3a2dde94d302cd36496931d2ecadc4ddc2e79e81a918f1d5cfd44c06202b,,variant-batch live execution
datm-live-2026-07-13T08-46-44-334Z,B,entity-03-normal,normal,12,2026-07-13T08:48:36.284Z,2026-07-13T08:48:36.284Z,2026-07-13T08:48:36.284Z,0,2026-07-13T08:48:36.407Z,0xb9be841a7808307b7c4ca9fb964c1209a152d484d17dc68951cacb178ef314a9,2026-07-13T08:48:40.659Z,success,38847,1000,6376695,0xec26862e4bb309f4942952d67fd219cea43aa947d636fa5fb4dc2622c29e91e0,2026-07-13T08:48:40.659Z,4252,4252,4375,93,Trusted,2026-07-13T08:48:34.479Z,0x2f4650e420f8ec7231905c162759a5aafc43f5df01cb9c6fbaa10d2d34157ea2,,variant-batch live execution
datm-live-2026-07-13T08-46-44-334Z,B,entity-04-normal,normal,12,2026-07-13T08:48:36.284Z,2026-07-13T08:48:36.284Z,2026-07-13T08:48:36.284Z,0,2026-07-13T08:48:36.407Z,0x60e3cf34504e99d32674015d87cea0636f53bb725411ed8651f59f762e4fb8ca,2026-07-13T08:48:40.659Z,success,38847,1000,6376695,0xec26862e4bb309f4942952d67fd219cea43aa947d636fa5fb4dc2622c29e91e0,2026-07-13T08:48:40.659Z,4252,4252,4375,93,Trusted,2026-07-13T08:48:34.479Z,0xf3e90d7a1cc8021c0c9f1a4ff4a47597460642092f4ee6cf785cc85e65f07d37,,variant-batch live execution
datm-live-2026-07-13T08-46-44-334Z,B,entity-05-suspicious,suspicious,12,2026-07-13T08:48:36.284Z,2026-07-13T08:48:36.284Z,2026-07-13T08:48:36.284Z,0,2026-07-13T08:48:36.407Z,0x3c3d1d941604d0ead9590be54e7b430adf36737846ac00313c94e6dd839d981e,2026-07-13T08:48:40.659Z,success,38867,1000,6376695,0xec26862e4bb309f4942952d67fd219cea43aa947d636fa5fb4dc2622c29e91e0,2026-07-13T08:48:40.659Z,4252,4252,4375,61,Suspicious,2026-07-13T08:48:34.479Z,0xfac4fd2cec1af0cce8740f03b0a88f609e66e08f218b061e80457dfdc9e4e63f,,variant-batch live execution
datm-live-2026-07-13T08-46-44-334Z,B,entity-06-suspicious,suspicious,12,2026-07-13T08:48:36.285Z,2026-07-13T08:48:36.285Z,2026-07-13T08:48:36.285Z,0,2026-07-13T08:48:36.407Z,0x1561be0b35603ddd069d983f16598270a0f36e822906eed744f4a3b31ed2ebe6,2026-07-13T08:48:40.659Z,success,38867,1000,6376695,0xec26862e4bb309f4942952d67fd219cea43aa947d636fa5fb4dc2622c29e91e0,2026-07-13T08:48:40.659Z,4252,4252,4374,62,Suspicious,2026-07-13T08:48:34.479Z,0xe62efb5e958fdbeafd6768eac955a33fcb8e417ce23a49e51ef68c1942760bc7,,variant-batch live execution
datm-live-2026-07-13T08-46-44-334Z,B,entity-07-suspicious,suspicious,12,2026-07-13T08:48:36.285Z,2026-07-13T08:48:36.285Z,2026-07-13T08:48:36.285Z,0,2026-07-13T08:48:36.408Z,0x622914c2dc0421bf58fd04a51065532f747402f3e74341bdb5f7d3a2fbecf3c5,2026-07-13T08:48:40.857Z,success,38867,1000,6376695,0xec26862e4bb309f4942952d67fd219cea43aa947d636fa5fb4dc2622c29e91e0,2026-07-13T08:48:40.857Z,4449,4449,4572,60,Suspicious,2026-07-13T08:48:34.479Z,0x01dae6679e2df05cada8d1947dc4e5a4c3c5a0c74201458a361f56059e2496cb,,variant-batch live execution
datm-live-2026-07-13T08-46-44-334Z,B,entity-08-malicious,malicious,12,2026-07-13T08:48:36.285Z,2026-07-13T08:48:36.285Z,2026-07-13T08:48:36.285Z,0,2026-07-13T08:48:36.420Z,0x00a367f1642df4f2af6095ce26c45b31f3a718455bedace3cd35fb171c02cd83,2026-07-13T08:48:40.842Z,success,38866,1000,6376695,0xec26862e4bb309f4942952d67fd219cea43aa947d636fa5fb4dc2622c29e91e0,2026-07-13T08:48:40.842Z,4422,4422,4557,27,Untrusted,2026-07-13T08:48:34.479Z,0x610a8563242eb8069e25aafea6c15e82f52308fa93bfc0cff6da800957468a45,,variant-batch live execution
datm-live-2026-07-13T08-46-44-334Z,B,entity-09-malicious,malicious,12,2026-07-13T08:48:36.285Z,2026-07-13T08:48:36.285Z,2026-07-13T08:48:36.285Z,0,2026-07-13T08:48:36.421Z,0xf47998a9eb81e849765e2fe43e4793de333539047d321b6ffa5f9a4fd217df34,2026-07-13T08:48:40.880Z,success,38866,1000,6376695,0xec26862e4bb309f4942952d67fd219cea43aa947d636fa5fb4dc2622c29e91e0,2026-07-13T08:48:40.880Z,4459,4459,4595,29,Untrusted,2026-07-13T08:48:34.479Z,0xbb12aa329e75c9cc30453cd8601e06428a0dd3151f6f4896c4060db5b0e9ca26,,variant-batch live execution
datm-live-2026-07-13T08-46-44-334Z,B,entity-10-malicious,malicious,12,2026-07-13T08:48:36.285Z,2026-07-13T08:48:36.285Z,2026-07-13T08:48:36.285Z,0,2026-07-13T08:48:36.421Z,0xb49fd782a8ef1957001e4c7700d0ba6e2fa51103d77e9f4da74de19c56be794e,2026-07-13T08:48:40.880Z,success,38854,1000,6376695,0xec26862e4bb309f4942952d67fd219cea43aa947d636fa5fb4dc2622c29e91e0,2026-07-13T08:48:40.880Z,4459,4459,4595,28,Untrusted,2026-07-13T08:48:34.479Z,0x0b55ccb04b7d7d6d16f88e66e52fe20db6e2c2f42346e735bbfd9313b9c7a18c,,variant-batch live execution
datm-live-2026-07-13T08-46-44-334Z,B,entity-01-normal,normal,13,2026-07-13T08:48:45.985Z,2026-07-13T08:48:45.985Z,2026-07-13T08:48:45.985Z,0,2026-07-13T08:48:46.102Z,0xbc19722e3b15733018b942ecb4a42e6ccc2d917ba358e76e26a15e89c51e26e1,2026-07-13T08:48:50.401Z,success,38847,1000,6376697,0x19c1f2ddc033d0987af9b73bdbc2a6362d2f3b7e0b19e67ce28b57df7ece7b8c,2026-07-13T08:48:50.401Z,4299,4299,4416,92,Trusted,2026-07-13T08:48:44.479Z,0x218df87c4cc4764ee612ecc7b365f90df772faa12f88ff0e68fe3b786eb8ce14,,variant-batch live execution
datm-live-2026-07-13T08-46-44-334Z,B,entity-02-normal,normal,13,2026-07-13T08:48:45.986Z,2026-07-13T08:48:45.986Z,2026-07-13T08:48:45.986Z,0,2026-07-13T08:48:46.102Z,0x2c6412cd37c8e741714705c9386322919a5a0298617db1bd67934552af9948ac,2026-07-13T08:48:50.373Z,success,38847,1000,6376697,0x19c1f2ddc033d0987af9b73bdbc2a6362d2f3b7e0b19e67ce28b57df7ece7b8c,2026-07-13T08:48:50.373Z,4271,4271,4387,93,Trusted,2026-07-13T08:48:44.479Z,0x78a9b6e254523cf272b4d2138b8090da0b6cecb0cb41b95917d76603e1eef710,,variant-batch live execution
datm-live-2026-07-13T08-46-44-334Z,B,entity-03-normal,normal,13,2026-07-13T08:48:45.986Z,2026-07-13T08:48:45.986Z,2026-07-13T08:48:45.986Z,0,2026-07-13T08:48:46.119Z,0xc5c9f380552014f2e778c6ced143bfb26d73070d3e294e64a25d51f657ca27e9,2026-07-13T08:48:50.377Z,success,38847,1000,6376697,0x19c1f2ddc033d0987af9b73bdbc2a6362d2f3b7e0b19e67ce28b57df7ece7b8c,2026-07-13T08:48:50.377Z,4258,4258,4391,93,Trusted,2026-07-13T08:48:44.479Z,0xa8eb836b2cd4ac670b223626cbe063afa6e72e694cafc94c764294360e222e2c,,variant-batch live execution
datm-live-2026-07-13T08-46-44-334Z,B,entity-04-normal,normal,13,2026-07-13T08:48:45.986Z,2026-07-13T08:48:45.986Z,2026-07-13T08:48:45.986Z,0,2026-07-13T08:48:46.119Z,0x44259dc69b57f6d8b8dbeb15b43ed46f6f6538790bf1725d95b96a8b232ec22f,2026-07-13T08:48:50.379Z,success,38847,1000,6376697,0x19c1f2ddc033d0987af9b73bdbc2a6362d2f3b7e0b19e67ce28b57df7ece7b8c,2026-07-13T08:48:50.379Z,4260,4260,4393,92,Trusted,2026-07-13T08:48:44.479Z,0xda8e7f589bbad4e518c4343a0d1a37e402d58a1f557a6dff4e9c7e7279723adc,,variant-batch live execution
datm-live-2026-07-13T08-46-44-334Z,B,entity-05-suspicious,suspicious,13,2026-07-13T08:48:45.986Z,2026-07-13T08:48:45.986Z,2026-07-13T08:48:45.986Z,0,2026-07-13T08:48:46.120Z,0xfebf17b7648135ea8915eefa4266955e8825235466d6a0c1f4bdcdfe8abcb4de,2026-07-13T08:48:50.377Z,success,38867,1000,6376697,0x19c1f2ddc033d0987af9b73bdbc2a6362d2f3b7e0b19e67ce28b57df7ece7b8c,2026-07-13T08:48:50.377Z,4257,4257,4391,62,Suspicious,2026-07-13T08:48:44.479Z,0xc3951fa653b603835cacb1fc2ee34536be1f2988805ee0f48ba5a7a8a1f25f93,,variant-batch live execution
datm-live-2026-07-13T08-46-44-334Z,B,entity-06-suspicious,suspicious,13,2026-07-13T08:48:45.987Z,2026-07-13T08:48:45.987Z,2026-07-13T08:48:45.987Z,0,2026-07-13T08:48:46.131Z,0xfabddd194c7164eb2c809fdf857709fdd8e0f3bba1f51189eff661ffefaa0b12,2026-07-13T08:48:50.377Z,success,38867,1000,6376697,0x19c1f2ddc033d0987af9b73bdbc2a6362d2f3b7e0b19e67ce28b57df7ece7b8c,2026-07-13T08:48:50.377Z,4246,4246,4390,61,Suspicious,2026-07-13T08:48:44.479Z,0x82779d1f4271c91cb5e08fb14a830bdfa7072a84282840084ba97223c837155d,,variant-batch live execution
datm-live-2026-07-13T08-46-44-334Z,B,entity-07-suspicious,suspicious,13,2026-07-13T08:48:45.987Z,2026-07-13T08:48:45.987Z,2026-07-13T08:48:45.987Z,0,2026-07-13T08:48:46.131Z,0xda638af3544680bf2e162521f4cfbf0b2b75b41278c64ff555b237c4ce9a0418,2026-07-13T08:48:50.572Z,success,38867,1000,6376697,0x19c1f2ddc033d0987af9b73bdbc2a6362d2f3b7e0b19e67ce28b57df7ece7b8c,2026-07-13T08:48:50.572Z,4441,4441,4585,61,Suspicious,2026-07-13T08:48:44.479Z,0x02c322363022121fcb2520d35780eeeced9b7b9332567aaf76d44cc6a8326b05,,variant-batch live execution
datm-live-2026-07-13T08-46-44-334Z,B,entity-08-malicious,malicious,13,2026-07-13T08:48:45.987Z,2026-07-13T08:48:45.987Z,2026-07-13T08:48:45.987Z,0,2026-07-13T08:48:46.120Z,0x437b933a1780bc1074e20817713497ed9c247574f389e498403bb268f1fee130,2026-07-13T08:48:50.566Z,success,38866,1000,6376697,0x19c1f2ddc033d0987af9b73bdbc2a6362d2f3b7e0b19e67ce28b57df7ece7b8c,2026-07-13T08:48:50.566Z,4446,4446,4579,29,Untrusted,2026-07-13T08:48:44.479Z,0x3945e4bfc28986fbbba1e6266e6058f7cf2bc0457640c75728f2cac2a16e8581,,variant-batch live execution
datm-live-2026-07-13T08-46-44-334Z,B,entity-09-malicious,malicious,13,2026-07-13T08:48:45.987Z,2026-07-13T08:48:45.987Z,2026-07-13T08:48:45.987Z,0,2026-07-13T08:48:46.120Z,0x2a40dc963abced98022e5df89b343696123a2721ea7caeee6bc170e793f9eaaf,2026-07-13T08:48:50.584Z,success,38866,1000,6376697,0x19c1f2ddc033d0987af9b73bdbc2a6362d2f3b7e0b19e67ce28b57df7ece7b8c,2026-07-13T08:48:50.584Z,4464,4464,4597,27,Untrusted,2026-07-13T08:48:44.479Z,0x70ad95700cf812cb7672e8d9cf4e93eca30e2186bb542f1918297b796af15de5,,variant-batch live execution
datm-live-2026-07-13T08-46-44-334Z,B,entity-10-malicious,malicious,13,2026-07-13T08:48:45.987Z,2026-07-13T08:48:45.987Z,2026-07-13T08:48:45.987Z,0,2026-07-13T08:48:46.131Z,0x3b3435dce3b5bf75024599666c1d34a2b9e0356c3926638d72c1006866ad72dd,2026-07-13T08:48:50.601Z,success,38854,1000,6376697,0x19c1f2ddc033d0987af9b73bdbc2a6362d2f3b7e0b19e67ce28b57df7ece7b8c,2026-07-13T08:48:50.601Z,4470,4470,4614,27,Untrusted,2026-07-13T08:48:44.479Z,0x5b13538c1f02be2975609cd425da8f1e6c055dc13d1786ea9636d3cdbcde9a0c,,variant-batch live execution
datm-live-2026-07-13T08-46-44-334Z,B,entity-01-normal,normal,14,2026-07-13T08:48:55.706Z,2026-07-13T08:48:55.706Z,2026-07-13T08:48:55.706Z,0,2026-07-13T08:48:55.835Z,0xcd124dd252c8f7d7a3585bc205ae6731c38ffc805c2117889d772e6791076c93,2026-07-13T08:49:00.107Z,success,38847,1000,6376699,0x0ca6d57063d26d1092a409ddd679a69d703d79025126479df483c201bfd5961c,2026-07-13T08:49:00.107Z,4272,4272,4401,92,Trusted,2026-07-13T08:48:54.479Z,0x7c03f139d88e8c21aca0c8055059391be5bd7a99d8a2434e94022e173f3ce0b7,,variant-batch live execution
datm-live-2026-07-13T08-46-44-334Z,B,entity-02-normal,normal,14,2026-07-13T08:48:55.707Z,2026-07-13T08:48:55.707Z,2026-07-13T08:48:55.707Z,0,2026-07-13T08:48:55.840Z,0x0f05ae747fbee11ab271de13f92c0aac559822941ce2598d381d86a58268f1ae,2026-07-13T08:49:00.107Z,success,38847,1000,6376699,0x0ca6d57063d26d1092a409ddd679a69d703d79025126479df483c201bfd5961c,2026-07-13T08:49:00.107Z,4267,4267,4400,93,Trusted,2026-07-13T08:48:54.479Z,0xbb0d446a2dbbfb99fa8336d141e5b6ca9c05907f98ebe02d0ad44a2ed80da4ad,,variant-batch live execution
datm-live-2026-07-13T08-46-44-334Z,B,entity-03-normal,normal,14,2026-07-13T08:48:55.708Z,2026-07-13T08:48:55.708Z,2026-07-13T08:48:55.708Z,0,2026-07-13T08:48:55.840Z,0x24cb73344891774075df4caf9ec9dd4f1a586aee734727ef7ad5c5be3b963405,2026-07-13T08:49:00.107Z,success,38847,1000,6376699,0x0ca6d57063d26d1092a409ddd679a69d703d79025126479df483c201bfd5961c,2026-07-13T08:49:00.107Z,4267,4267,4399,91,Trusted,2026-07-13T08:48:54.479Z,0x2007fa1b3a243bf39ec172fd7835ff12bfdd0e07141daf0cc8ac48da2dee83a3,,variant-batch live execution
datm-live-2026-07-13T08-46-44-334Z,B,entity-04-normal,normal,14,2026-07-13T08:48:55.708Z,2026-07-13T08:48:55.708Z,2026-07-13T08:48:55.708Z,0,2026-07-13T08:48:55.840Z,0xf6fc148f911583ed60c77c89ddd125910140c4c7220872da5e26c489bd4aa0ce,2026-07-13T08:49:00.095Z,success,38847,1000,6376699,0x0ca6d57063d26d1092a409ddd679a69d703d79025126479df483c201bfd5961c,2026-07-13T08:49:00.095Z,4255,4255,4387,92,Trusted,2026-07-13T08:48:54.479Z,0x31c41263104f32b02d6972faec830fccccba050362023089b3527c260acf86c3,,variant-batch live execution
datm-live-2026-07-13T08-46-44-334Z,B,entity-05-suspicious,suspicious,14,2026-07-13T08:48:55.709Z,2026-07-13T08:48:55.709Z,2026-07-13T08:48:55.709Z,0,2026-07-13T08:48:55.840Z,0xa3a4b1f9ba414a602e8ec97c397e5281bc140884abbcdb1cee31d2ec5c59edf9,2026-07-13T08:49:00.116Z,success,38867,1000,6376699,0x0ca6d57063d26d1092a409ddd679a69d703d79025126479df483c201bfd5961c,2026-07-13T08:49:00.116Z,4276,4276,4407,61,Suspicious,2026-07-13T08:48:54.479Z,0x8fdc3db68830c8da854e382507a6d38b5a04d7ecc22ae1fa3bb625426757d8ff,,variant-batch live execution
datm-live-2026-07-13T08-46-44-334Z,B,entity-06-suspicious,suspicious,14,2026-07-13T08:48:55.709Z,2026-07-13T08:48:55.709Z,2026-07-13T08:48:55.709Z,0,2026-07-13T08:48:55.840Z,0xeb2796a0c9c67a0d7c657d9ffd1a54e39a4ccbea78b9640f26bd23404bde2b18,2026-07-13T08:49:00.091Z,success,38867,1000,6376699,0x0ca6d57063d26d1092a409ddd679a69d703d79025126479df483c201bfd5961c,2026-07-13T08:49:00.091Z,4251,4251,4382,60,Suspicious,2026-07-13T08:48:54.479Z,0xda649a039f6ad7114333d8ab1f74744a99470bf2e78fcf087931f0c6f7eb2c6f,,variant-batch live execution
datm-live-2026-07-13T08-46-44-334Z,B,entity-07-suspicious,suspicious,14,2026-07-13T08:48:55.711Z,2026-07-13T08:48:55.711Z,2026-07-13T08:48:55.711Z,0,2026-07-13T08:48:55.866Z,0xd66fd46ebaac5a0773036ba1f6d7e21a759b69bfa2e45907e518cba1c2d451ff,2026-07-13T08:49:00.290Z,success,38867,1000,6376699,0x0ca6d57063d26d1092a409ddd679a69d703d79025126479df483c201bfd5961c,2026-07-13T08:49:00.290Z,4424,4424,4579,62,Suspicious,2026-07-13T08:48:54.479Z,0x11464dff2332bfa885a58f405983959cf2cf239b5866b4e2bf5874b7738daa0e,,variant-batch live execution
datm-live-2026-07-13T08-46-44-334Z,B,entity-08-malicious,malicious,14,2026-07-13T08:48:55.711Z,2026-07-13T08:48:55.711Z,2026-07-13T08:48:55.711Z,0,2026-07-13T08:48:55.866Z,0x46acf125f906c1b27088285a380858a82f650b4e4cef5605cb00caa969cde6f8,2026-07-13T08:49:00.316Z,success,38866,1000,6376699,0x0ca6d57063d26d1092a409ddd679a69d703d79025126479df483c201bfd5961c,2026-07-13T08:49:00.316Z,4450,4450,4605,28,Untrusted,2026-07-13T08:48:54.479Z,0xc38c879af71fdc44d093e0c5be5816124ba3b43a866aec18e5c6cc8194aa45c9,,variant-batch live execution
datm-live-2026-07-13T08-46-44-334Z,B,entity-09-malicious,malicious,14,2026-07-13T08:48:55.712Z,2026-07-13T08:48:55.712Z,2026-07-13T08:48:55.712Z,0,2026-07-13T08:48:55.866Z,0x4905b12502a3ab78d2523f7ea3194b334f11d686d6cd6be1ce4290b67ac7c441,2026-07-13T08:49:00.292Z,success,38866,1000,6376699,0x0ca6d57063d26d1092a409ddd679a69d703d79025126479df483c201bfd5961c,2026-07-13T08:49:00.292Z,4426,4426,4580,26,Untrusted,2026-07-13T08:48:54.479Z,0x5dd91832d82919972cd11a62bc1980374452f05ea489bf818130420a7e667652,,variant-batch live execution
datm-live-2026-07-13T08-46-44-334Z,B,entity-10-malicious,malicious,14,2026-07-13T08:48:55.712Z,2026-07-13T08:48:55.712Z,2026-07-13T08:48:55.712Z,0,2026-07-13T08:48:55.866Z,0x918f9c94dc07f11d4af5ee793568b01d5ec6c1f002d10d7da22671baef38f53b,2026-07-13T08:49:00.291Z,success,38854,1000,6376699,0x0ca6d57063d26d1092a409ddd679a69d703d79025126479df483c201bfd5961c,2026-07-13T08:49:00.291Z,4425,4425,4579,30,Untrusted,2026-07-13T08:48:54.479Z,0x2e812532fb319685201559cc3074ac54085184a9f6b7a73ad61e633a2267f4a8,,variant-batch live execution
datm-live-2026-07-13T08-46-44-334Z,B,entity-01-normal,normal,15,2026-07-13T08:49:05.440Z,2026-07-13T08:49:05.440Z,2026-07-13T08:49:05.440Z,0,2026-07-13T08:49:05.565Z,0xb887a3a487c5e716089e09092a3029938794fc27d50a1821507fc6563132ee1f,2026-07-13T08:49:09.818Z,success,38847,1000,6376701,0x849d3d1cc1c97ca7d431899306bd17815e03155e540d5b339ff33a17c6dbbad1,2026-07-13T08:49:09.818Z,4253,4253,4378,93,Trusted,2026-07-13T08:49:04.479Z,0x7e4ffcc62a285e54423982b9d3d9ff77fb074852df855da268162f053355733c,,variant-batch live execution
datm-live-2026-07-13T08-46-44-334Z,B,entity-02-normal,normal,15,2026-07-13T08:49:05.441Z,2026-07-13T08:49:05.441Z,2026-07-13T08:49:05.441Z,0,2026-07-13T08:49:05.556Z,0x491398098ba1c941314510d5fc55ee6882a74ca284627bbea5c4f96c9253a36d,2026-07-13T08:49:09.820Z,success,38847,1000,6376701,0x849d3d1cc1c97ca7d431899306bd17815e03155e540d5b339ff33a17c6dbbad1,2026-07-13T08:49:09.820Z,4264,4264,4379,91,Trusted,2026-07-13T08:49:04.479Z,0x9e2c587d5c7cf0b0a3549baa0fa0393171d5e3ab933fb397db53c46a89d9dcbc,,variant-batch live execution
datm-live-2026-07-13T08-46-44-334Z,B,entity-03-normal,normal,15,2026-07-13T08:49:05.441Z,2026-07-13T08:49:05.441Z,2026-07-13T08:49:05.441Z,0,2026-07-13T08:49:05.565Z,0x4038e7793218d7a507d7aa5e11ce41fce957327be90710367cfd6e1f9fe43f3b,2026-07-13T08:49:09.816Z,success,38835,1000,6376701,0x849d3d1cc1c97ca7d431899306bd17815e03155e540d5b339ff33a17c6dbbad1,2026-07-13T08:49:09.816Z,4251,4251,4375,93,Trusted,2026-07-13T08:49:04.479Z,0x4d248b402c19c7d4a9002124f9fd94d37f8fba6bb4a0b750897132a3989cf8ef,,variant-batch live execution
datm-live-2026-07-13T08-46-44-334Z,B,entity-04-normal,normal,15,2026-07-13T08:49:05.442Z,2026-07-13T08:49:05.442Z,2026-07-13T08:49:05.442Z,0,2026-07-13T08:49:05.565Z,0x3c28211b4c72bb4ef892f86bf7a5aa043097e02be6aa3fe59b55f302db613f27,2026-07-13T08:49:09.844Z,success,38847,1000,6376701,0x849d3d1cc1c97ca7d431899306bd17815e03155e540d5b339ff33a17c6dbbad1,2026-07-13T08:49:09.844Z,4279,4279,4402,93,Trusted,2026-07-13T08:49:04.479Z,0xac38143746bec7898102c29fdf97585bea09b1b5c0b84a31b1999544453d9a2f,,variant-batch live execution
datm-live-2026-07-13T08-46-44-334Z,B,entity-05-suspicious,suspicious,15,2026-07-13T08:49:05.442Z,2026-07-13T08:49:05.442Z,2026-07-13T08:49:05.442Z,0,2026-07-13T08:49:05.565Z,0x07c6e9b6d6cc8909c2468aa83722b6780bc2fbd108b40aa6ad9fea6e1c285036,2026-07-13T08:49:09.818Z,success,38855,1000,6376701,0x849d3d1cc1c97ca7d431899306bd17815e03155e540d5b339ff33a17c6dbbad1,2026-07-13T08:49:09.818Z,4253,4253,4376,60,Suspicious,2026-07-13T08:49:04.479Z,0x04cd1557306e00269b83f752da0a7afc5e6e3cf4807d10df6ad62b89b18ad938,,variant-batch live execution
datm-live-2026-07-13T08-46-44-334Z,B,entity-06-suspicious,suspicious,15,2026-07-13T08:49:05.443Z,2026-07-13T08:49:05.443Z,2026-07-13T08:49:05.443Z,0,2026-07-13T08:49:05.565Z,0xfc51f5fe6d7bf9c0582a8f1841e57fceb63bebc683da38da8caca2560ab34f8f,2026-07-13T08:49:09.820Z,success,38867,1000,6376701,0x849d3d1cc1c97ca7d431899306bd17815e03155e540d5b339ff33a17c6dbbad1,2026-07-13T08:49:09.820Z,4255,4255,4377,64,Suspicious,2026-07-13T08:49:04.479Z,0xc02e3873f0427686f6dda5c1f68de435b35ea0ebe9f6f8d303eee2e0e636c4d2,,variant-batch live execution
datm-live-2026-07-13T08-46-44-334Z,B,entity-07-suspicious,suspicious,15,2026-07-13T08:49:05.443Z,2026-07-13T08:49:05.443Z,2026-07-13T08:49:05.443Z,0,2026-07-13T08:49:05.585Z,0x6af140b4bb2a80cb6af7e1285ffa73ba476a21fb8c6af714946394328e150dd1,2026-07-13T08:49:10.019Z,success,38867,1000,6376701,0x849d3d1cc1c97ca7d431899306bd17815e03155e540d5b339ff33a17c6dbbad1,2026-07-13T08:49:10.019Z,4434,4434,4576,61,Suspicious,2026-07-13T08:49:04.479Z,0x43ee964a8a6a4afb8451bddf939eb1ad1608f2313e2eb5de8c0c9e8b0fb86013,,variant-batch live execution
datm-live-2026-07-13T08-46-44-334Z,B,entity-08-malicious,malicious,15,2026-07-13T08:49:05.443Z,2026-07-13T08:49:05.443Z,2026-07-13T08:49:05.443Z,0,2026-07-13T08:49:05.585Z,0x5ff2fbe8de6fbbe97f0ee15b572160b3e791ae1405ba919c38782f69a8d2657c,2026-07-13T08:49:10.020Z,success,38866,1000,6376701,0x849d3d1cc1c97ca7d431899306bd17815e03155e540d5b339ff33a17c6dbbad1,2026-07-13T08:49:10.020Z,4435,4435,4577,26,Untrusted,2026-07-13T08:49:04.479Z,0x5074022ed64542386576861a52bf52c1ab7d8cef8aafa6c5529dad4cc30898e5,,variant-batch live execution
datm-live-2026-07-13T08-46-44-334Z,B,entity-09-malicious,malicious,15,2026-07-13T08:49:05.444Z,2026-07-13T08:49:05.444Z,2026-07-13T08:49:05.444Z,0,2026-07-13T08:49:05.586Z,0x121f18fef6c67c2c862d25645ac3c97e3ec483ece5b71b0c758a49e3614599ee,2026-07-13T08:49:10.045Z,success,38866,1000,6376701,0x849d3d1cc1c97ca7d431899306bd17815e03155e540d5b339ff33a17c6dbbad1,2026-07-13T08:49:10.045Z,4459,4459,4601,28,Untrusted,2026-07-13T08:49:04.479Z,0x703c74bc15ce475fa28d7cdb1b1364e2185233c017a458529041093b0c165cc1,,variant-batch live execution
datm-live-2026-07-13T08-46-44-334Z,B,entity-10-malicious,malicious,15,2026-07-13T08:49:05.445Z,2026-07-13T08:49:05.445Z,2026-07-13T08:49:05.445Z,0,2026-07-13T08:49:05.586Z,0xc0dab2603fc7d89f0086df62f9c27f930a3aec25ac7b3bff9c29e7ee679dffc5,2026-07-13T08:49:10.040Z,success,38854,1000,6376701,0x849d3d1cc1c97ca7d431899306bd17815e03155e540d5b339ff33a17c6dbbad1,2026-07-13T08:49:10.040Z,4454,4454,4595,28,Untrusted,2026-07-13T08:49:04.479Z,0x58240b53a84038f75d3fe986c8bd313e04e8a096c00f86750f22144226014ab8,,variant-batch live execution
datm-live-2026-07-13T08-46-44-334Z,B,entity-01-normal,normal,16,2026-07-13T08:49:15.151Z,2026-07-13T08:49:15.151Z,2026-07-13T08:49:15.151Z,0,2026-07-13T08:49:15.308Z,0x901b93e2dfd8308446c4974c04c47db41243548bf4e0cc0adeeaed7cde5b76d4,2026-07-13T08:49:19.562Z,success,38847,1000,6376703,0xd28d1089b155393ec4d8e4acd784168a65d651d8952f37317028f7f1d708f781,2026-07-13T08:49:19.562Z,4254,4254,4411,90,Trusted,2026-07-13T08:49:14.479Z,0xc671e5c245ad23057aacad52a28d4f3b249258f388374e99db32486dd09779ae,,variant-batch live execution
datm-live-2026-07-13T08-46-44-334Z,B,entity-02-normal,normal,16,2026-07-13T08:49:15.152Z,2026-07-13T08:49:15.152Z,2026-07-13T08:49:15.152Z,0,2026-07-13T08:49:15.309Z,0xd6795b8b3ccdc46197e7b90ce649b320c49ee33916153b16e04daec23fd3e1bf,2026-07-13T08:49:19.562Z,success,38847,1000,6376703,0xd28d1089b155393ec4d8e4acd784168a65d651d8952f37317028f7f1d708f781,2026-07-13T08:49:19.562Z,4253,4253,4410,92,Trusted,2026-07-13T08:49:14.479Z,0xeb4935aa1a18a6666383e45bf6f88d17f7b33d86b1cc423e200fd8b3f56a7283,,variant-batch live execution
datm-live-2026-07-13T08-46-44-334Z,B,entity-03-normal,normal,16,2026-07-13T08:49:15.153Z,2026-07-13T08:49:15.153Z,2026-07-13T08:49:15.153Z,0,2026-07-13T08:49:15.309Z,0x1fec32dd9aa50327a59283b1f5fc3a1a2223923e9dd80484617fe344c74d93be,2026-07-13T08:49:19.562Z,success,38847,1000,6376703,0xd28d1089b155393ec4d8e4acd784168a65d651d8952f37317028f7f1d708f781,2026-07-13T08:49:19.562Z,4253,4253,4409,92,Trusted,2026-07-13T08:49:14.479Z,0xad27cc9b16c88a930c31554e7043b66b67c2679be573e1d3531b64a9edbcf823,,variant-batch live execution
datm-live-2026-07-13T08-46-44-334Z,B,entity-04-normal,normal,16,2026-07-13T08:49:15.154Z,2026-07-13T08:49:15.154Z,2026-07-13T08:49:15.154Z,0,2026-07-13T08:49:15.309Z,0x2569995d168cf4d711b818a0e10b0a1d39e1f513a11ec6502dc874edc56e69b3,2026-07-13T08:49:19.563Z,success,38835,1000,6376703,0xd28d1089b155393ec4d8e4acd784168a65d651d8952f37317028f7f1d708f781,2026-07-13T08:49:19.563Z,4254,4254,4409,90,Trusted,2026-07-13T08:49:14.479Z,0xcfbd3ffecabe6ef43898e012629b3be8cc725da199f5bb17059aff96d3005aff,,variant-batch live execution
datm-live-2026-07-13T08-46-44-334Z,B,entity-05-suspicious,suspicious,16,2026-07-13T08:49:15.154Z,2026-07-13T08:49:15.154Z,2026-07-13T08:49:15.154Z,0,2026-07-13T08:49:15.309Z,0x0e6bb8cb0d32726f4e0367274b4618cb35da428d87cadce923c9fd36d967660c,2026-07-13T08:49:19.590Z,success,38867,1000,6376703,0xd28d1089b155393ec4d8e4acd784168a65d651d8952f37317028f7f1d708f781,2026-07-13T08:49:19.590Z,4281,4281,4436,64,Suspicious,2026-07-13T08:49:14.479Z,0xa5c921fa1e871d8adef86acc64ec79ecce3a1da4c5254a253616cf7439dcd930,,variant-batch live execution
datm-live-2026-07-13T08-46-44-334Z,B,entity-06-suspicious,suspicious,16,2026-07-13T08:49:15.154Z,2026-07-13T08:49:15.154Z,2026-07-13T08:49:15.154Z,0,2026-07-13T08:49:15.309Z,0x456504bae300688bfc5f52bce9151b077e70967e93acaefc0c679f78a1de6a9a,2026-07-13T08:49:19.557Z,success,38867,1000,6376703,0xd28d1089b155393ec4d8e4acd784168a65d651d8952f37317028f7f1d708f781,2026-07-13T08:49:19.557Z,4248,4248,4403,61,Suspicious,2026-07-13T08:49:14.479Z,0x433e9bea600563eb88c68e464ff8345ec5c627d9bed56179bf58e22a445653e1,,variant-batch live execution
datm-live-2026-07-13T08-46-44-334Z,B,entity-07-suspicious,suspicious,16,2026-07-13T08:49:15.155Z,2026-07-13T08:49:15.155Z,2026-07-13T08:49:15.155Z,0,2026-07-13T08:49:15.331Z,0x66ae0c0019cad1d2be5e72e1f5331e7441f431edc24a45f2c6307789aa43bb49,2026-07-13T08:49:19.765Z,success,38855,1000,6376703,0xd28d1089b155393ec4d8e4acd784168a65d651d8952f37317028f7f1d708f781,2026-07-13T08:49:19.765Z,4434,4434,4610,60,Suspicious,2026-07-13T08:49:14.479Z,0xa906ca8b8680441b83a786126cffd6875417404760b01551d93c460081d52179,,variant-batch live execution
datm-live-2026-07-13T08-46-44-334Z,B,entity-08-malicious,malicious,16,2026-07-13T08:49:15.155Z,2026-07-13T08:49:15.155Z,2026-07-13T08:49:15.155Z,0,2026-07-13T08:49:15.331Z,0xa2f141b3940cdeecaa4c24b362bdb2470fc37b185d68e992dfd3440e1f0d4a77,2026-07-13T08:49:19.779Z,success,38854,1000,6376703,0xd28d1089b155393ec4d8e4acd784168a65d651d8952f37317028f7f1d708f781,2026-07-13T08:49:19.779Z,4448,4448,4624,28,Untrusted,2026-07-13T08:49:14.479Z,0xedcdb28d8b360aee5f6942c883df97c37c040ba88a3252e6031983001f66853c,,variant-batch live execution
datm-live-2026-07-13T08-46-44-334Z,B,entity-09-malicious,malicious,16,2026-07-13T08:49:15.156Z,2026-07-13T08:49:15.156Z,2026-07-13T08:49:15.156Z,0,2026-07-13T08:49:15.331Z,0xac8fffec6fada9f9c5547e776c5c632b7242b4c25425379509025d9751784f92,2026-07-13T08:49:19.790Z,success,38854,1000,6376703,0xd28d1089b155393ec4d8e4acd784168a65d651d8952f37317028f7f1d708f781,2026-07-13T08:49:19.790Z,4459,4459,4634,27,Untrusted,2026-07-13T08:49:14.479Z,0x9b50ceaa730456c2036c1005610d4600810bbf443ffe2a58771d0a79dffdd3be,,variant-batch live execution
datm-live-2026-07-13T08-46-44-334Z,B,entity-10-malicious,malicious,16,2026-07-13T08:49:15.156Z,2026-07-13T08:49:15.156Z,2026-07-13T08:49:15.156Z,0,2026-07-13T08:49:15.332Z,0xfd4b13b940c9306833a068ded3cd7f1f745ea14842818a8f250d6f03d9ee9431,2026-07-13T08:49:19.802Z,success,38830,1000,6376703,0xd28d1089b155393ec4d8e4acd784168a65d651d8952f37317028f7f1d708f781,2026-07-13T08:49:19.802Z,4470,4470,4646,26,Untrusted,2026-07-13T08:49:14.479Z,0xc5d73f425462d339da6fba003b057e227a399a630bb28274cb59001eb9f69525,,variant-batch live execution
datm-live-2026-07-13T08-46-44-334Z,B,entity-01-normal,normal,17,2026-07-13T08:49:24.922Z,2026-07-13T08:49:24.922Z,2026-07-13T08:49:24.922Z,0,2026-07-13T08:49:25.045Z,0x3188abbcdc96fe67e055b2172d8ff8d26b0bed4cd398e1c642780005980ca77a,2026-07-13T08:49:29.310Z,success,38847,1000,6376705,0xf3d74649b0d4abe34893cc51737d224b4df27bd79ba053ed3b6fcee4a4a96f78,2026-07-13T08:49:29.310Z,4265,4265,4388,93,Trusted,2026-07-13T08:49:24.479Z,0x57cf6840e399f17efc67935a4768dbb9f56875406b21d7f869a928ec2dbc71b6,,variant-batch live execution
datm-live-2026-07-13T08-46-44-334Z,B,entity-02-normal,normal,17,2026-07-13T08:49:24.923Z,2026-07-13T08:49:24.923Z,2026-07-13T08:49:24.923Z,0,2026-07-13T08:49:25.045Z,0xfb4217255d0569a28d02fc2f53dc3981d6df65352c3ec35892baecb14bc17f7f,2026-07-13T08:49:29.307Z,success,38847,1000,6376705,0xf3d74649b0d4abe34893cc51737d224b4df27bd79ba053ed3b6fcee4a4a96f78,2026-07-13T08:49:29.307Z,4262,4262,4384,93,Trusted,2026-07-13T08:49:24.479Z,0x9569edaaf1dbbb04d926a3944520ea0b0b80afcae268da9753d4f31a0a497917,,variant-batch live execution
datm-live-2026-07-13T08-46-44-334Z,B,entity-03-normal,normal,17,2026-07-13T08:49:24.923Z,2026-07-13T08:49:24.923Z,2026-07-13T08:49:24.923Z,0,2026-07-13T08:49:25.062Z,0x640a83ee3d28d12163220ac7ae176174a80881456fbe42d9f4c7ecf692b4830d,2026-07-13T08:49:29.310Z,success,38847,1000,6376705,0xf3d74649b0d4abe34893cc51737d224b4df27bd79ba053ed3b6fcee4a4a96f78,2026-07-13T08:49:29.310Z,4248,4248,4387,92,Trusted,2026-07-13T08:49:24.479Z,0x6efceaf6731b649cb9a8c49d6959635e1fddaa82fc7bd4ebdb79ff409caf9f5d,,variant-batch live execution
datm-live-2026-07-13T08-46-44-334Z,B,entity-04-normal,normal,17,2026-07-13T08:49:24.923Z,2026-07-13T08:49:24.923Z,2026-07-13T08:49:24.923Z,0,2026-07-13T08:49:25.062Z,0x089f1c448baf3fc4dfb61c7d784b7d10d02fc6b1db4f68b2af53f4488b6f9895,2026-07-13T08:49:29.304Z,success,38847,1000,6376705,0xf3d74649b0d4abe34893cc51737d224b4df27bd79ba053ed3b6fcee4a4a96f78,2026-07-13T08:49:29.304Z,4242,4242,4381,93,Trusted,2026-07-13T08:49:24.479Z,0xb3eb7696e1497cb5ec849abb0dd372e84132f0323ce1947c265da5b0e823ccfb,,variant-batch live execution
datm-live-2026-07-13T08-46-44-334Z,B,entity-05-suspicious,suspicious,17,2026-07-13T08:49:24.924Z,2026-07-13T08:49:24.924Z,2026-07-13T08:49:24.924Z,0,2026-07-13T08:49:25.062Z,0xdb2539f8722ba0c6dbf1f4d748800fd72a4e7dc91b4800ac4e2b3fa38d76872c,2026-07-13T08:49:29.311Z,success,38867,1000,6376705,0xf3d74649b0d4abe34893cc51737d224b4df27bd79ba053ed3b6fcee4a4a96f78,2026-07-13T08:49:29.311Z,4249,4249,4387,61,Suspicious,2026-07-13T08:49:24.479Z,0x2788587c7b550f87561903b4797984b4436fbdeefaf0dc105ade6cc8f7225862,,variant-batch live execution
datm-live-2026-07-13T08-46-44-334Z,B,entity-06-suspicious,suspicious,17,2026-07-13T08:49:24.924Z,2026-07-13T08:49:24.924Z,2026-07-13T08:49:24.924Z,0,2026-07-13T08:49:25.063Z,0x5586a684821c5f809ef704ccd464f59d2bfed3e7169a05e9cec0878cde7790b3,2026-07-13T08:49:29.332Z,success,38867,1000,6376705,0xf3d74649b0d4abe34893cc51737d224b4df27bd79ba053ed3b6fcee4a4a96f78,2026-07-13T08:49:29.332Z,4269,4269,4408,58,Suspicious,2026-07-13T08:49:24.479Z,0x5aabc32eda8f925adb6fc5a1bf75f6dc739ce49e07468bc82495959123e55122,,variant-batch live execution
datm-live-2026-07-13T08-46-44-334Z,B,entity-07-suspicious,suspicious,17,2026-07-13T08:49:24.924Z,2026-07-13T08:49:24.924Z,2026-07-13T08:49:24.924Z,0,2026-07-13T08:49:25.063Z,0x5db8593eeb892b94c857a4135d74e33bef5a2c07658fe92c37ec8da7ba03667e,2026-07-13T08:49:29.491Z,success,38867,1000,6376705,0xf3d74649b0d4abe34893cc51737d224b4df27bd79ba053ed3b6fcee4a4a96f78,2026-07-13T08:49:29.491Z,4428,4428,4567,64,Suspicious,2026-07-13T08:49:24.479Z,0x11f840e760222dff8550141c1c42484b601305cb200e3ea46d373088cc3f0981,,variant-batch live execution
datm-live-2026-07-13T08-46-44-334Z,B,entity-08-malicious,malicious,17,2026-07-13T08:49:24.925Z,2026-07-13T08:49:24.925Z,2026-07-13T08:49:24.925Z,0,2026-07-13T08:49:25.071Z,0x0320b5efbf0b9440a1441162ba68b3026dc70cf0beaa77c3fcb7f3c30cc49eff,2026-07-13T08:49:29.511Z,success,38866,1000,6376705,0xf3d74649b0d4abe34893cc51737d224b4df27bd79ba053ed3b6fcee4a4a96f78,2026-07-13T08:49:29.511Z,4440,4440,4586,27,Untrusted,2026-07-13T08:49:24.479Z,0xe4be3840d36dfcb7337ad2e8aa1926e9c01610e65830294d5b6ceb421ac896c9,,variant-batch live execution
datm-live-2026-07-13T08-46-44-334Z,B,entity-09-malicious,malicious,17,2026-07-13T08:49:24.926Z,2026-07-13T08:49:24.926Z,2026-07-13T08:49:24.926Z,0,2026-07-13T08:49:25.072Z,0x5a602c0a19e513c645a3e85ce0640afabd612ae4c2566f7315d2d3a512979475,2026-07-13T08:49:29.527Z,success,38866,1000,6376705,0xf3d74649b0d4abe34893cc51737d224b4df27bd79ba053ed3b6fcee4a4a96f78,2026-07-13T08:49:29.527Z,4455,4455,4601,26,Untrusted,2026-07-13T08:49:24.479Z,0x2b29db13f8c40e178e76578a09771f5c27215b6fa142f07409f26f2ba21d6251,,variant-batch live execution
datm-live-2026-07-13T08-46-44-334Z,B,entity-10-malicious,malicious,17,2026-07-13T08:49:24.927Z,2026-07-13T08:49:24.927Z,2026-07-13T08:49:24.927Z,0,2026-07-13T08:49:25.072Z,0x054046d4c28a4a1572f84943fa32f1a10bf2d71278eb80eaf2f1ecb0c8520d71,2026-07-13T08:49:29.528Z,success,38854,1000,6376705,0xf3d74649b0d4abe34893cc51737d224b4df27bd79ba053ed3b6fcee4a4a96f78,2026-07-13T08:49:29.528Z,4456,4456,4601,28,Untrusted,2026-07-13T08:49:24.479Z,0x3e59a7d068a31b97ad773db0ac7377d844379068cb936362803599dec7eb176a,,variant-batch live execution
datm-live-2026-07-13T08-46-44-334Z,B,entity-01-normal,normal,18,2026-07-13T08:49:34.631Z,2026-07-13T08:49:34.631Z,2026-07-13T08:49:34.631Z,0,2026-07-13T08:49:34.761Z,0xafc381a20133983e77b733be7a80f9158ec639b7814301127caf0e200bdd0cbc,2026-07-13T08:49:39.015Z,success,38835,1000,6376707,0x7d899acb9d6695dae635d6b38598a23a6f798a78654be92bc466f67d8a2d4c2e,2026-07-13T08:49:39.015Z,4254,4254,4384,92,Trusted,2026-07-13T08:49:34.479Z,0x1ca0c85a33b6c2f5c40cfcd4ca6513dc39898e17c0009e7c67f91c4d5929ceb5,,variant-batch live execution
datm-live-2026-07-13T08-46-44-334Z,B,entity-02-normal,normal,18,2026-07-13T08:49:34.633Z,2026-07-13T08:49:34.633Z,2026-07-13T08:49:34.633Z,0,2026-07-13T08:49:34.761Z,0x54b0d7b7d98c53ec6c58aab8309026ba376a5f05898a36f6fa99091bc3700069,2026-07-13T08:49:39.013Z,success,38847,1000,6376707,0x7d899acb9d6695dae635d6b38598a23a6f798a78654be92bc466f67d8a2d4c2e,2026-07-13T08:49:39.013Z,4252,4252,4380,91,Trusted,2026-07-13T08:49:34.479Z,0xa4ff93fd3a6a2af05238548c5c18132cda62d7fd8ab13c13dae7759040d4181f,,variant-batch live execution
datm-live-2026-07-13T08-46-44-334Z,B,entity-03-normal,normal,18,2026-07-13T08:49:34.633Z,2026-07-13T08:49:34.633Z,2026-07-13T08:49:34.633Z,0,2026-07-13T08:49:34.761Z,0xc05cfd568b627f6c1071587d77687647686c66450ca12402a48807c028e828f7,2026-07-13T08:49:39.012Z,success,38835,1000,6376707,0x7d899acb9d6695dae635d6b38598a23a6f798a78654be92bc466f67d8a2d4c2e,2026-07-13T08:49:39.012Z,4251,4251,4379,92,Trusted,2026-07-13T08:49:34.479Z,0x2fa6aa1c5cee0078c41bb1a997092e8cf0a4c64a587842212a4b9922b092d55a,,variant-batch live execution
datm-live-2026-07-13T08-46-44-334Z,B,entity-04-normal,normal,18,2026-07-13T08:49:34.634Z,2026-07-13T08:49:34.634Z,2026-07-13T08:49:34.634Z,0,2026-07-13T08:49:34.761Z,0x311600636453409cc8c5d0bf61e6db0e14aaf26e2c4d6d397ddb73940d89d37b,2026-07-13T08:49:39.018Z,success,38847,1000,6376707,0x7d899acb9d6695dae635d6b38598a23a6f798a78654be92bc466f67d8a2d4c2e,2026-07-13T08:49:39.018Z,4257,4257,4384,92,Trusted,2026-07-13T08:49:34.479Z,0x67ed26c0c159894ca6ba655c0f0f1bd50c5e8b9e3fb6492d29d79976c7a9a0a7,,variant-batch live execution
datm-live-2026-07-13T08-46-44-334Z,B,entity-05-suspicious,suspicious,18,2026-07-13T08:49:34.634Z,2026-07-13T08:49:34.634Z,2026-07-13T08:49:34.634Z,0,2026-07-13T08:49:34.777Z,0x9220076a434d173b9e8f54c5b76f5aa6ca5abd5778cba627a048e65e76de9ee3,2026-07-13T08:49:39.018Z,success,38867,1000,6376707,0x7d899acb9d6695dae635d6b38598a23a6f798a78654be92bc466f67d8a2d4c2e,2026-07-13T08:49:39.018Z,4241,4241,4384,58,Suspicious,2026-07-13T08:49:34.479Z,0xc42686e1d3b0a5ebcb2060a1f74976446e075dafc4c75233115385a9259becbd,,variant-batch live execution
datm-live-2026-07-13T08-46-44-334Z,B,entity-06-suspicious,suspicious,18,2026-07-13T08:49:34.635Z,2026-07-13T08:49:34.635Z,2026-07-13T08:49:34.635Z,0,2026-07-13T08:49:34.778Z,0x43e8759cd468a816d4cbe109bc0da9542cf9b06d7e47b5c19b25ecec5713df58,2026-07-13T08:49:39.038Z,success,38867,1000,6376707,0x7d899acb9d6695dae635d6b38598a23a6f798a78654be92bc466f67d8a2d4c2e,2026-07-13T08:49:39.038Z,4260,4260,4403,60,Suspicious,2026-07-13T08:49:34.479Z,0x108c33368c1d23874ede12fdae50e0b7cdce66600cc0a9e6424ce67b64bc73a4,,variant-batch live execution
datm-live-2026-07-13T08-46-44-334Z,B,entity-07-suspicious,suspicious,18,2026-07-13T08:49:34.635Z,2026-07-13T08:49:34.635Z,2026-07-13T08:49:34.635Z,0,2026-07-13T08:49:34.778Z,0x81ce1c83f42de1a87be68fc8c5a7d115ea850fe693791a7206cbf94951613a05,2026-07-13T08:49:39.191Z,success,38867,1000,6376707,0x7d899acb9d6695dae635d6b38598a23a6f798a78654be92bc466f67d8a2d4c2e,2026-07-13T08:49:39.191Z,4413,4413,4556,61,Suspicious,2026-07-13T08:49:34.479Z,0x68abcde042f66a594b010e2b6ee49e29ce8473f711f876d6b4c856d3211cbab2,,variant-batch live execution
datm-live-2026-07-13T08-46-44-334Z,B,entity-08-malicious,malicious,18,2026-07-13T08:49:34.637Z,2026-07-13T08:49:34.637Z,2026-07-13T08:49:34.637Z,0,2026-07-13T08:49:34.786Z,0xcd1fc85bcfe0886ea1d7b4a0a89f40dc36f93dfeb0282ae710629ce2bf22cbba,2026-07-13T08:49:39.214Z,success,38866,1000,6376707,0x7d899acb9d6695dae635d6b38598a23a6f798a78654be92bc466f67d8a2d4c2e,2026-07-13T08:49:39.214Z,4428,4428,4577,26,Untrusted,2026-07-13T08:49:34.479Z,0xa3acd166e94f9fd06ac4946554e3ee8b9c955de494fdbd7d6ef09504f4e514d2,,variant-batch live execution
datm-live-2026-07-13T08-46-44-334Z,B,entity-09-malicious,malicious,18,2026-07-13T08:49:34.637Z,2026-07-13T08:49:34.637Z,2026-07-13T08:49:34.637Z,0,2026-07-13T08:49:34.778Z,0xd38046df8e3a1e9413234a81d2d1ef79691ca4a1e590e58010be2f0a26ef24dc,2026-07-13T08:49:39.219Z,success,38866,1000,6376707,0x7d899acb9d6695dae635d6b38598a23a6f798a78654be92bc466f67d8a2d4c2e,2026-07-13T08:49:39.219Z,4441,4441,4582,27,Untrusted,2026-07-13T08:49:34.479Z,0x6120221eda83370f5bb1cffa055a8841de424072de29e0a0c954bba30e468f66,,variant-batch live execution
datm-live-2026-07-13T08-46-44-334Z,B,entity-10-malicious,malicious,18,2026-07-13T08:49:34.638Z,2026-07-13T08:49:34.638Z,2026-07-13T08:49:34.638Z,0,2026-07-13T08:49:34.778Z,0x3a3a8bdce4b5d46586607b005e799bc68543a23e4732afe4589b2245b6183a6b,2026-07-13T08:49:39.227Z,success,38854,1000,6376707,0x7d899acb9d6695dae635d6b38598a23a6f798a78654be92bc466f67d8a2d4c2e,2026-07-13T08:49:39.227Z,4449,4449,4589,28,Untrusted,2026-07-13T08:49:34.479Z,0xa97aee5233a253766ba646adbb4dfb5deddf42c396b532642fea31a83cc9b73d,,variant-batch live execution
datm-live-2026-07-13T08-46-44-334Z,B,entity-01-normal,normal,19,2026-07-13T08:49:44.373Z,2026-07-13T08:49:44.373Z,2026-07-13T08:49:44.373Z,0,2026-07-13T08:49:44.492Z,0xf7cd8f65f781193e32cd9d08b7ae817b334bb9b4186779c015e01a71eeeb2873,2026-07-13T08:49:52.865Z,success,38847,1000,6376709,0x03e704591f8aadf65451e153b489fcd7e15a92be75b9d6ec9809aa6343fbfbc4,2026-07-13T08:49:52.865Z,8373,8373,8492,92,Trusted,2026-07-13T08:49:44.479Z,0x997fc6fe25fe27bc7714290db0dd5b3f211716010ecd11ffdca9b0b6b097c4bb,,variant-batch live execution
datm-live-2026-07-13T08-46-44-334Z,B,entity-02-normal,normal,19,2026-07-13T08:49:44.373Z,2026-07-13T08:49:44.373Z,2026-07-13T08:49:44.373Z,0,2026-07-13T08:49:44.491Z,0xfab9cba218a1332b6ffc57213a0ab1f612e6a37219df1f24ac7ed7e02333de6f,2026-07-13T08:49:52.806Z,success,38847,1000,6376709,0x03e704591f8aadf65451e153b489fcd7e15a92be75b9d6ec9809aa6343fbfbc4,2026-07-13T08:49:52.806Z,8315,8315,8433,93,Trusted,2026-07-13T08:49:44.479Z,0x52e87d9a3b42c1e62c994c7dafdf9e553ffa0e50d5fe0c6fe0a23724d71cd86b,,variant-batch live execution
datm-live-2026-07-13T08-46-44-334Z,B,entity-03-normal,normal,19,2026-07-13T08:49:44.374Z,2026-07-13T08:49:44.374Z,2026-07-13T08:49:44.374Z,0,2026-07-13T08:49:44.493Z,0x68163efb50a62857f91e3850ad755d0431ef4293f8d8ea5aecca8296f4906f80,2026-07-13T08:49:52.858Z,success,38847,1000,6376709,0x03e704591f8aadf65451e153b489fcd7e15a92be75b9d6ec9809aa6343fbfbc4,2026-07-13T08:49:52.858Z,8365,8365,8484,93,Trusted,2026-07-13T08:49:44.479Z,0xc7be49801fd6cf5c8e46679b989c23c8081ac7ff489364b0cd4140289e493e7e,,variant-batch live execution
datm-live-2026-07-13T08-46-44-334Z,B,entity-04-normal,normal,19,2026-07-13T08:49:44.374Z,2026-07-13T08:49:44.374Z,2026-07-13T08:49:44.374Z,0,2026-07-13T08:49:44.493Z,0xa7ac173cff40e42bce8d6e6900ae2fad5b77eedac1df49223281e04effbb8271,2026-07-13T08:49:52.857Z,success,38847,1000,6376709,0x03e704591f8aadf65451e153b489fcd7e15a92be75b9d6ec9809aa6343fbfbc4,2026-07-13T08:49:52.857Z,8364,8364,8483,92,Trusted,2026-07-13T08:49:44.479Z,0x43cd11b153016e1a9bf2d3e608aafc5d558a0f7f058ddb6529295cf6bac3601f,,variant-batch live execution
datm-live-2026-07-13T08-46-44-334Z,B,entity-05-suspicious,suspicious,19,2026-07-13T08:49:44.375Z,2026-07-13T08:49:44.375Z,2026-07-13T08:49:44.375Z,0,2026-07-13T08:49:44.493Z,0x376ba25204d0dca899bd2f6db16ef845212541be8035e829fca0fd2c9736d4fa,2026-07-13T08:49:52.858Z,success,38867,1000,6376709,0x03e704591f8aadf65451e153b489fcd7e15a92be75b9d6ec9809aa6343fbfbc4,2026-07-13T08:49:52.858Z,8365,8365,8483,60,Suspicious,2026-07-13T08:49:44.479Z,0xa95f4e1f8c3160219ea047ee7ad5608dd696d824d85c3b6397b2e278a7cfd388,,variant-batch live execution
datm-live-2026-07-13T08-46-44-334Z,B,entity-06-suspicious,suspicious,19,2026-07-13T08:49:44.375Z,2026-07-13T08:49:44.375Z,2026-07-13T08:49:44.375Z,0,2026-07-13T08:49:44.530Z,0xa5db325772b31637182947d0bc488922ded1425a983e9fa19676862fb6ad7595,2026-07-13T08:49:52.770Z,success,38867,1000,6376709,0x03e704591f8aadf65451e153b489fcd7e15a92be75b9d6ec9809aa6343fbfbc4,2026-07-13T08:49:52.770Z,8240,8240,8395,62,Suspicious,2026-07-13T08:49:44.479Z,0x3f09d7bcbdf8dcac59e41906435e57349261ae791186c7f79890d00f43e9c2da,,variant-batch live execution
datm-live-2026-07-13T08-46-44-334Z,B,entity-07-suspicious,suspicious,19,2026-07-13T08:49:44.375Z,2026-07-13T08:49:44.375Z,2026-07-13T08:49:44.375Z,0,2026-07-13T08:49:44.493Z,0xc7346857d1d3e20bca221df8e9c71349dafeee7b42c8b8d70a99c2b2fcda6586,2026-07-13T08:49:53.037Z,success,38867,1000,6376709,0x03e704591f8aadf65451e153b489fcd7e15a92be75b9d6ec9809aa6343fbfbc4,2026-07-13T08:49:53.037Z,8544,8544,8662,58,Suspicious,2026-07-13T08:49:44.479Z,0x937d533fe5b5af365b9175e2718330c2c914e1d38247338618d86b1ca330e332,,variant-batch live execution
datm-live-2026-07-13T08-46-44-334Z,B,entity-08-malicious,malicious,19,2026-07-13T08:49:44.376Z,2026-07-13T08:49:44.376Z,2026-07-13T08:49:44.376Z,0,2026-07-13T08:49:44.531Z,0x24386457d5b9d6df125d9236e9b89bd40b260a941cdef38b19bf53b985b67a11,2026-07-13T08:49:53.053Z,success,38866,1000,6376709,0x03e704591f8aadf65451e153b489fcd7e15a92be75b9d6ec9809aa6343fbfbc4,2026-07-13T08:49:53.053Z,8522,8522,8677,27,Untrusted,2026-07-13T08:49:44.479Z,0x6d7cd5a9c352dc954012045551a7aae452d75f1132d52dcfd012d2f0809e170d,,variant-batch live execution
datm-live-2026-07-13T08-46-44-334Z,B,entity-09-malicious,malicious,19,2026-07-13T08:49:44.376Z,2026-07-13T08:49:44.376Z,2026-07-13T08:49:44.376Z,0,2026-07-13T08:49:44.531Z,0xb40b6e72cedfccd497b47164a547c82c90e5ee32dafa588c372034a847440c1e,2026-07-13T08:49:53.063Z,success,38854,1000,6376709,0x03e704591f8aadf65451e153b489fcd7e15a92be75b9d6ec9809aa6343fbfbc4,2026-07-13T08:49:53.063Z,8532,8532,8687,26,Untrusted,2026-07-13T08:49:44.479Z,0xcdadd3f91b67ea4377b0770e3b00b4778c3beebd9d9a9cae64366080a5a31fcd,,variant-batch live execution
datm-live-2026-07-13T08-46-44-334Z,B,entity-10-malicious,malicious,19,2026-07-13T08:49:44.376Z,2026-07-13T08:49:44.376Z,2026-07-13T08:49:44.376Z,0,2026-07-13T08:49:44.531Z,0xd551cbfb0be420756abd578c25d4266158a9fc5a20fc7cbc6b3f8f339f3aa9e8,2026-07-13T08:49:53.073Z,success,38854,1000,6376709,0x03e704591f8aadf65451e153b489fcd7e15a92be75b9d6ec9809aa6343fbfbc4,2026-07-13T08:49:53.073Z,8542,8542,8697,27,Untrusted,2026-07-13T08:49:44.479Z,0xa71befc24b99d4ca9df1ed8be7e5fe071822450ea262f92cf7c8e0bb6c97298d,,variant-batch live execution
datm-live-2026-07-13T08-46-44-334Z,B,entity-01-normal,normal,20,2026-07-13T08:49:58.202Z,2026-07-13T08:49:58.202Z,2026-07-13T08:49:58.202Z,0,2026-07-13T08:49:58.314Z,0xc29a02bfb2b8276b18bcec9e215401ca212dcb53d9b95404745fe5215f9886fa,2026-07-13T08:50:02.573Z,success,38847,1000,6376711,0xcdb462761807b0cf519bf8167e40cb6f935422387d36f3ed47df27177e139a81,2026-07-13T08:50:02.573Z,4259,4259,4371,92,Trusted,2026-07-13T08:49:54.479Z,0x2ebaf39e44eedfe9206f03848d968c8190b049905e4ce19fb83af385e8ec422c,,variant-batch live execution
datm-live-2026-07-13T08-46-44-334Z,B,entity-02-normal,normal,20,2026-07-13T08:49:58.203Z,2026-07-13T08:49:58.203Z,2026-07-13T08:49:58.203Z,0,2026-07-13T08:49:58.314Z,0x99e8ffe6f8279033c1722b828b27209152080f560bd2a965f34c49d24caad339,2026-07-13T08:50:02.573Z,success,38847,1000,6376711,0xcdb462761807b0cf519bf8167e40cb6f935422387d36f3ed47df27177e139a81,2026-07-13T08:50:02.573Z,4259,4259,4370,93,Trusted,2026-07-13T08:49:54.479Z,0xc9f97c67ddecb1c99bd6ba7bd6988ea99a74da641520c911d44767e63c6dd20d,,variant-batch live execution
datm-live-2026-07-13T08-46-44-334Z,B,entity-03-normal,normal,20,2026-07-13T08:49:58.203Z,2026-07-13T08:49:58.203Z,2026-07-13T08:49:58.203Z,0,2026-07-13T08:49:58.331Z,0x6ee5bc5cd8ffdefb18ff5b4b8cd5c2674fb1c407d002ccf608ef13e6c30cc389,2026-07-13T08:50:02.573Z,success,38835,1000,6376711,0xcdb462761807b0cf519bf8167e40cb6f935422387d36f3ed47df27177e139a81,2026-07-13T08:50:02.573Z,4242,4242,4370,91,Trusted,2026-07-13T08:49:54.479Z,0x66a50098429899aaef57ba7ff8edd5070d65141edf22111e1d26e26a375ffde8,,variant-batch live execution
datm-live-2026-07-13T08-46-44-334Z,B,entity-04-normal,normal,20,2026-07-13T08:49:58.204Z,2026-07-13T08:49:58.204Z,2026-07-13T08:49:58.204Z,0,2026-07-13T08:49:58.332Z,0x69e1c97ec2abec227ebbbc882fcb969c5931b360a718e3d67aec028ee8c63989,2026-07-13T08:50:02.568Z,success,38847,1000,6376711,0xcdb462761807b0cf519bf8167e40cb6f935422387d36f3ed47df27177e139a81,2026-07-13T08:50:02.568Z,4236,4236,4364,92,Trusted,2026-07-13T08:49:54.479Z,0xfdf58ebace3be60cfca83db3597d077f29ac694240969bbb4bcfcc52529887d7,,variant-batch live execution
datm-live-2026-07-13T08-46-44-334Z,B,entity-05-suspicious,suspicious,20,2026-07-13T08:49:58.204Z,2026-07-13T08:49:58.204Z,2026-07-13T08:49:58.204Z,0,2026-07-13T08:49:58.332Z,0x307f5a93a9901f19bb9fe63aa1cd3d33beb560418b3f1670adbc8973729d2cde,2026-07-13T08:50:02.571Z,success,38867,1000,6376711,0xcdb462761807b0cf519bf8167e40cb6f935422387d36f3ed47df27177e139a81,2026-07-13T08:50:02.571Z,4239,4239,4367,62,Suspicious,2026-07-13T08:49:54.479Z,0x52290b2d61876c067a76a56d17bccc986f5b303e4d20bbac44f911bbe1c69882,,variant-batch live execution
datm-live-2026-07-13T08-46-44-334Z,B,entity-06-suspicious,suspicious,20,2026-07-13T08:49:58.204Z,2026-07-13T08:49:58.204Z,2026-07-13T08:49:58.204Z,0,2026-07-13T08:49:58.339Z,0x91dd4ef11d3fc8eef90c6b37241420c06f3313c51794ac3490064ffd8d250424,2026-07-13T08:50:02.598Z,success,38867,1000,6376711,0xcdb462761807b0cf519bf8167e40cb6f935422387d36f3ed47df27177e139a81,2026-07-13T08:50:02.598Z,4259,4259,4394,63,Suspicious,2026-07-13T08:49:54.479Z,0x1b076e576582f512d3217dd68cf44c1923b259a119525da3cc925910b970b955,,variant-batch live execution
datm-live-2026-07-13T08-46-44-334Z,B,entity-07-suspicious,suspicious,20,2026-07-13T08:49:58.205Z,2026-07-13T08:49:58.205Z,2026-07-13T08:49:58.205Z,0,2026-07-13T08:49:58.339Z,0xd2f18cef92c9ea93800c7adee575a5a16220629003e8eacddba0b6f675a51f38,2026-07-13T08:50:02.749Z,success,38867,1000,6376711,0xcdb462761807b0cf519bf8167e40cb6f935422387d36f3ed47df27177e139a81,2026-07-13T08:50:02.749Z,4410,4410,4544,60,Suspicious,2026-07-13T08:49:54.479Z,0xba2ce0d9da412107f7ace177c3ba6b07fa5fed80fe53e28eb529cac5676958e4,,variant-batch live execution
datm-live-2026-07-13T08-46-44-334Z,B,entity-08-malicious,malicious,20,2026-07-13T08:49:58.205Z,2026-07-13T08:49:58.205Z,2026-07-13T08:49:58.205Z,0,2026-07-13T08:49:58.332Z,0x65ca5842f668bacac0f107e5e95a25bba1f6c8f473e2b2eca790ee4fa2b4ae9a,2026-07-13T08:50:02.765Z,success,38866,1000,6376711,0xcdb462761807b0cf519bf8167e40cb6f935422387d36f3ed47df27177e139a81,2026-07-13T08:50:02.765Z,4433,4433,4560,26,Untrusted,2026-07-13T08:49:54.479Z,0x19f0821e6d481d80c5112aeff082772247f4c5a2f6e702ca36b3893c159db8c9,,variant-batch live execution
datm-live-2026-07-13T08-46-44-334Z,B,entity-09-malicious,malicious,20,2026-07-13T08:49:58.205Z,2026-07-13T08:49:58.205Z,2026-07-13T08:49:58.205Z,0,2026-07-13T08:49:58.332Z,0x8672d5f686235c4df6c00817fd257ea46b8e4dc4bacdeb0078eee40517060cf0,2026-07-13T08:50:02.775Z,success,38866,1000,6376711,0xcdb462761807b0cf519bf8167e40cb6f935422387d36f3ed47df27177e139a81,2026-07-13T08:50:02.775Z,4443,4443,4570,26,Untrusted,2026-07-13T08:49:54.479Z,0xdb17a259c9420d06048efe056d559b332ac084e52865404e93f1b27ba50711c5,,variant-batch live execution
datm-live-2026-07-13T08-46-44-334Z,B,entity-10-malicious,malicious,20,2026-07-13T08:49:58.206Z,2026-07-13T08:49:58.206Z,2026-07-13T08:49:58.206Z,0,2026-07-13T08:49:58.339Z,0xbe317267f9989a9ce0d6aec5d6cdf7dd95acfe11ecdcfd7585b1d14d64bb65cd,2026-07-13T08:50:02.786Z,success,38854,1000,6376711,0xcdb462761807b0cf519bf8167e40cb6f935422387d36f3ed47df27177e139a81,2026-07-13T08:50:02.786Z,4447,4447,4580,28,Untrusted,2026-07-13T08:49:54.479Z,0x5188219bbb1f3af9fd907872b3812666d1773286be06715d77fbd30b7edc1780,,variant-batch live execution
datm-live-2026-07-13T08-46-44-334Z,B,entity-01-normal,normal,21,2026-07-13T08:50:07.923Z,2026-07-13T08:50:07.923Z,2026-07-13T08:50:07.923Z,0,2026-07-13T08:50:08.154Z,0x0de7b63dc9d4cf7a63e601e692099d498d992df73983912b7243cba796fc83f3,2026-07-13T08:50:12.401Z,success,38847,1000,6376713,0x88c219cec07d944a5c463a9facacb302624fed79c55beb856ca7c42c6df10d5b,2026-07-13T08:50:12.401Z,4247,4247,4478,91,Trusted,2026-07-13T08:50:04.479Z,0x3e961f53a4dfcdc0dae333713b2c972eab1a7a4757815794f62e9e8e46ef2c6e,,variant-batch live execution
datm-live-2026-07-13T08-46-44-334Z,B,entity-02-normal,normal,21,2026-07-13T08:50:07.924Z,2026-07-13T08:50:07.924Z,2026-07-13T08:50:07.924Z,0,2026-07-13T08:50:08.154Z,0x59200ebc66e7f7cf0d73b4e5a7a9cb8e35f089c2fb57ed90a508e5b9b9449770,2026-07-13T08:50:12.407Z,success,38847,1000,6376713,0x88c219cec07d944a5c463a9facacb302624fed79c55beb856ca7c42c6df10d5b,2026-07-13T08:50:12.407Z,4253,4253,4483,89,Trusted,2026-07-13T08:50:04.479Z,0x1e7a4be2e61c4d4944275950efb1cca3c67e83a32da9e2186ca0c086e6e1d639,,variant-batch live execution
datm-live-2026-07-13T08-46-44-334Z,B,entity-03-normal,normal,21,2026-07-13T08:50:07.924Z,2026-07-13T08:50:07.924Z,2026-07-13T08:50:07.924Z,0,2026-07-13T08:50:08.179Z,0xf554ef74536ae10a6ba3919563fa2d6f46ff2d575102814338698f2a9f133c0e,2026-07-13T08:50:12.426Z,success,38847,1000,6376713,0x88c219cec07d944a5c463a9facacb302624fed79c55beb856ca7c42c6df10d5b,2026-07-13T08:50:12.426Z,4247,4247,4502,91,Trusted,2026-07-13T08:50:04.479Z,0x67710c9125a26222a2c5fd376cdd0ab7a0b8f0e452a8ea65c46ff0be7b156d12,,variant-batch live execution
datm-live-2026-07-13T08-46-44-334Z,B,entity-04-normal,normal,21,2026-07-13T08:50:07.925Z,2026-07-13T08:50:07.925Z,2026-07-13T08:50:07.925Z,0,2026-07-13T08:50:08.166Z,0xd19d0eddd48f58c2c714cab1791098d4259243d934e9651f9584291247b95e1a,2026-07-13T08:50:12.403Z,success,38847,1000,6376713,0x88c219cec07d944a5c463a9facacb302624fed79c55beb856ca7c42c6df10d5b,2026-07-13T08:50:12.403Z,4237,4237,4478,91,Trusted,2026-07-13T08:50:04.479Z,0x128cda6b155720d096421b46aeae17664cf2f5222ac8d0f1548a66379b220bc5,,variant-batch live execution
datm-live-2026-07-13T08-46-44-334Z,B,entity-05-suspicious,suspicious,21,2026-07-13T08:50:07.925Z,2026-07-13T08:50:07.925Z,2026-07-13T08:50:07.925Z,0,2026-07-13T08:50:08.166Z,0x832f8b947ffcba6e1305ef5b87b521b2e50e2ce9af9c40c0708cbf12a3a599e3,2026-07-13T08:50:12.405Z,success,38867,1000,6376713,0x88c219cec07d944a5c463a9facacb302624fed79c55beb856ca7c42c6df10d5b,2026-07-13T08:50:12.405Z,4239,4239,4480,63,Suspicious,2026-07-13T08:50:04.479Z,0x9a90050ca28f1498486b2e3deaf2ea1d1dd5bf8fcba5a3e4c20adb4e038b80d1,,variant-batch live execution
datm-live-2026-07-13T08-46-44-334Z,B,entity-06-suspicious,suspicious,21,2026-07-13T08:50:07.925Z,2026-07-13T08:50:07.925Z,2026-07-13T08:50:07.925Z,0,2026-07-13T08:50:08.166Z,0xcf16afbd69bdad1b67630374e920c6eac881585a50cb7c3651e3e57dde9ec62f,2026-07-13T08:50:12.405Z,success,38867,1000,6376713,0x88c219cec07d944a5c463a9facacb302624fed79c55beb856ca7c42c6df10d5b,2026-07-13T08:50:12.405Z,4239,4239,4480,61,Suspicious,2026-07-13T08:50:04.479Z,0xd4df1c5e1258e7c86788ebdf2329847a2482e388871d8acd11025928ad7db85d,,variant-batch live execution
datm-live-2026-07-13T08-46-44-334Z,B,entity-07-suspicious,suspicious,21,2026-07-13T08:50:07.926Z,2026-07-13T08:50:07.926Z,2026-07-13T08:50:07.926Z,0,2026-07-13T08:50:08.167Z,0xf0ac2776d0cee5f580d725a5f84b25351e52d035b033907db66a65d03f4e5783,2026-07-13T08:50:12.585Z,success,38867,1000,6376713,0x88c219cec07d944a5c463a9facacb302624fed79c55beb856ca7c42c6df10d5b,2026-07-13T08:50:12.585Z,4418,4418,4659,62,Suspicious,2026-07-13T08:50:04.479Z,0xf452f68080193d140903c09e5e0d23fdc3d0ce8efb3beeef10dda671603980ce,,variant-batch live execution
datm-live-2026-07-13T08-46-44-334Z,B,entity-08-malicious,malicious,21,2026-07-13T08:50:07.927Z,2026-07-13T08:50:07.927Z,2026-07-13T08:50:07.927Z,0,2026-07-13T08:50:08.167Z,0xbacc36f8a32deac326f8447bda30287ca59a7ea3c6796e3b7ae2d1a396a28825,2026-07-13T08:50:12.607Z,success,38866,1000,6376713,0x88c219cec07d944a5c463a9facacb302624fed79c55beb856ca7c42c6df10d5b,2026-07-13T08:50:12.607Z,4440,4440,4680,26,Untrusted,2026-07-13T08:50:04.479Z,0x6a475e3341d68bd9bcebdac7d08c2e9d6fe4fd9a592d784293884824fd6930a5,,variant-batch live execution
datm-live-2026-07-13T08-46-44-334Z,B,entity-09-malicious,malicious,21,2026-07-13T08:50:07.927Z,2026-07-13T08:50:07.927Z,2026-07-13T08:50:07.927Z,0,2026-07-13T08:50:08.180Z,0xe87bc55d1445fbe61734e162fd2b3e47f757d3696d3e3ea44fdc561f3478e736,2026-07-13T08:50:12.616Z,success,38866,1000,6376713,0x88c219cec07d944a5c463a9facacb302624fed79c55beb856ca7c42c6df10d5b,2026-07-13T08:50:12.616Z,4436,4436,4689,27,Untrusted,2026-07-13T08:50:04.479Z,0x3bab1cd896bbc9587035c61be453c4fd203e576d061f5812622c639a9ba89187,,variant-batch live execution
datm-live-2026-07-13T08-46-44-334Z,B,entity-10-malicious,malicious,21,2026-07-13T08:50:07.927Z,2026-07-13T08:50:07.927Z,2026-07-13T08:50:07.927Z,0,2026-07-13T08:50:08.180Z,0x9d4c65c168eaeff3d936601a4f4644898f68729906a25e2f32bafa9711e9d2e6,2026-07-13T08:50:12.629Z,success,38854,1000,6376713,0x88c219cec07d944a5c463a9facacb302624fed79c55beb856ca7c42c6df10d5b,2026-07-13T08:50:12.629Z,4449,4449,4702,26,Untrusted,2026-07-13T08:50:04.479Z,0xa55d39cd302798f0f9bcfbb50b58adae89061666a92c6afe956debe1521daf1a,,variant-batch live execution
datm-live-2026-07-13T08-46-44-334Z,B,entity-01-normal,normal,22,2026-07-13T08:50:17.765Z,2026-07-13T08:50:17.765Z,2026-07-13T08:50:17.765Z,0,2026-07-13T08:50:17.889Z,0xa156224d4ae4f5cde24af24ba06764100f23decc84fc1f23f971d35e0e0cef9e,2026-07-13T08:50:22.160Z,success,38847,1000,6376715,0xdcc261ec135dbd863c974364b915fbc01f8160adefd8e6e8c7c743e492b6ba32,2026-07-13T08:50:22.160Z,4271,4271,4395,91,Trusted,2026-07-13T08:50:14.479Z,0x20de2809859b1fed115d7d6f894d4d1222d8e05011cf1fdc49221589f143b729,,variant-batch live execution
datm-live-2026-07-13T08-46-44-334Z,B,entity-02-normal,normal,22,2026-07-13T08:50:17.766Z,2026-07-13T08:50:17.766Z,2026-07-13T08:50:17.766Z,0,2026-07-13T08:50:17.889Z,0xa2dd6497a43b1e00746db8c5800511e8a8e2695df49ed6b2e4343db521596e04,2026-07-13T08:50:22.136Z,success,38847,1000,6376715,0xdcc261ec135dbd863c974364b915fbc01f8160adefd8e6e8c7c743e492b6ba32,2026-07-13T08:50:22.136Z,4247,4247,4370,93,Trusted,2026-07-13T08:50:14.479Z,0x09c5de08ea5623f3f9fd2bb137611a1fd26dbdad6511f01a2dcad7d783192f07,,variant-batch live execution
datm-live-2026-07-13T08-46-44-334Z,B,entity-03-normal,normal,22,2026-07-13T08:50:17.767Z,2026-07-13T08:50:17.767Z,2026-07-13T08:50:17.767Z,0,2026-07-13T08:50:17.889Z,0x191d6d4ab219e0b286036813aa207266b7271b40fe1280fadda2058ba87e1260,2026-07-13T08:50:22.137Z,success,38847,1000,6376715,0xdcc261ec135dbd863c974364b915fbc01f8160adefd8e6e8c7c743e492b6ba32,2026-07-13T08:50:22.137Z,4248,4248,4370,92,Trusted,2026-07-13T08:50:14.479Z,0x9971f413fb0dc0f824cc8c9039b65ee2659090dc8c8adac35238b80546821e22,,variant-batch live execution
datm-live-2026-07-13T08-46-44-334Z,B,entity-04-normal,normal,22,2026-07-13T08:50:17.767Z,2026-07-13T08:50:17.767Z,2026-07-13T08:50:17.767Z,0,2026-07-13T08:50:17.890Z,0x477b8b41547837ad89698042112a303cfc5bfc6703da98ba08ad81e3b035b818,2026-07-13T08:50:22.137Z,success,38847,1000,6376715,0xdcc261ec135dbd863c974364b915fbc01f8160adefd8e6e8c7c743e492b6ba32,2026-07-13T08:50:22.137Z,4247,4247,4370,91,Trusted,2026-07-13T08:50:14.479Z,0x38ddb717888a77968d277fcaeb78c3142c99479b267d6c242dfc691aee608f91,,variant-batch live execution
datm-live-2026-07-13T08-46-44-334Z,B,entity-05-suspicious,suspicious,22,2026-07-13T08:50:17.768Z,2026-07-13T08:50:17.768Z,2026-07-13T08:50:17.768Z,0,2026-07-13T08:50:17.879Z,0x0d5606d6fe1d11c633f51fcda2efecc3f32c3787c2d7772180f2fe950c78fff4,2026-07-13T08:50:22.137Z,success,38867,1000,6376715,0xdcc261ec135dbd863c974364b915fbc01f8160adefd8e6e8c7c743e492b6ba32,2026-07-13T08:50:22.137Z,4258,4258,4369,61,Suspicious,2026-07-13T08:50:14.479Z,0x41d74794bf437bee7cc103015e61c2d96fce43105c089d2e21bc9705cc550d7a,,variant-batch live execution
datm-live-2026-07-13T08-46-44-334Z,B,entity-06-suspicious,suspicious,22,2026-07-13T08:50:17.768Z,2026-07-13T08:50:17.768Z,2026-07-13T08:50:17.768Z,0,2026-07-13T08:50:17.905Z,0xc6e2ce7aea1f573d43a0ef1d6eedb1dfc62ecc4f461de70a9c778cd6ac475360,2026-07-13T08:50:22.137Z,success,38867,1000,6376715,0xdcc261ec135dbd863c974364b915fbc01f8160adefd8e6e8c7c743e492b6ba32,2026-07-13T08:50:22.137Z,4232,4232,4369,58,Suspicious,2026-07-13T08:50:14.479Z,0xf25f260fb38f4641dd96f2316635401b4dcc80a025d9c0854f36e3125f9992e9,,variant-batch live execution
datm-live-2026-07-13T08-46-44-334Z,B,entity-07-suspicious,suspicious,22,2026-07-13T08:50:17.768Z,2026-07-13T08:50:17.768Z,2026-07-13T08:50:17.768Z,0,2026-07-13T08:50:17.890Z,0xc5e98c8ca856e47531c3bd6118ef0b622ffe0cc37795dad2105baa0d8f74124f,2026-07-13T08:50:22.310Z,success,38867,1000,6376715,0xdcc261ec135dbd863c974364b915fbc01f8160adefd8e6e8c7c743e492b6ba32,2026-07-13T08:50:22.310Z,4420,4420,4542,63,Suspicious,2026-07-13T08:50:14.479Z,0x289ef16e2e9c8b3a1b6d96d16b8013adc2753516c296a94b66bf6c0ee65f9679,,variant-batch live execution
datm-live-2026-07-13T08-46-44-334Z,B,entity-08-malicious,malicious,22,2026-07-13T08:50:17.769Z,2026-07-13T08:50:17.769Z,2026-07-13T08:50:17.769Z,0,2026-07-13T08:50:17.905Z,0x801ad54dc6ea2ffd268cb2afc364a6cef7793bf276981009654453ce7e3ef786,2026-07-13T08:50:22.330Z,success,38866,1000,6376715,0xdcc261ec135dbd863c974364b915fbc01f8160adefd8e6e8c7c743e492b6ba32,2026-07-13T08:50:22.330Z,4425,4425,4561,27,Untrusted,2026-07-13T08:50:14.479Z,0x60dec624240fd8fcf10af37dca1a4b78480d6181c57ce7fd7c961db5bf7a72f0,,variant-batch live execution
datm-live-2026-07-13T08-46-44-334Z,B,entity-09-malicious,malicious,22,2026-07-13T08:50:17.769Z,2026-07-13T08:50:17.769Z,2026-07-13T08:50:17.769Z,0,2026-07-13T08:50:17.905Z,0x0522b1eb7451627ed2e74056d7d9ce3869834f9c28d33490184acad68a34d7cd,2026-07-13T08:50:22.340Z,success,38866,1000,6376715,0xdcc261ec135dbd863c974364b915fbc01f8160adefd8e6e8c7c743e492b6ba32,2026-07-13T08:50:22.340Z,4435,4435,4571,25,Untrusted,2026-07-13T08:50:14.479Z,0xc8a35853c547a7a925aea8e807e05021d49f869634dbcc26c8e51a7f58226bfd,,variant-batch live execution
datm-live-2026-07-13T08-46-44-334Z,B,entity-10-malicious,malicious,22,2026-07-13T08:50:17.769Z,2026-07-13T08:50:17.769Z,2026-07-13T08:50:17.769Z,0,2026-07-13T08:50:17.905Z,0x28089b66a04954a58eccf3a2e26505b7c0ddf2f94de71d110d2b8e796e78c408,2026-07-13T08:50:22.345Z,success,38854,1000,6376715,0xdcc261ec135dbd863c974364b915fbc01f8160adefd8e6e8c7c743e492b6ba32,2026-07-13T08:50:22.345Z,4440,4440,4576,26,Untrusted,2026-07-13T08:50:14.479Z,0xd30719d2aaf0205ba2b107726201df670ccb25bc1c2a19ff5ec1f1a68242856a,,variant-batch live execution
datm-live-2026-07-13T08-46-44-334Z,B,entity-01-normal,normal,23,2026-07-13T08:50:27.470Z,2026-07-13T08:50:27.470Z,2026-07-13T08:50:27.470Z,0,2026-07-13T08:50:27.576Z,0x7773195e65c6b6dba2d4088cb2e5123b7dcacf6cf4bb76e0f68393a7a4db2d2a,2026-07-13T08:50:31.850Z,success,38847,1000,6376717,0xb4785ce5f0e7b959e61441b84f6311bbf7e77b0a56f240398959c4aa0fd347ba,2026-07-13T08:50:31.850Z,4274,4274,4380,93,Trusted,2026-07-13T08:50:24.479Z,0x4298d8eff07b42a5c805cf4028e4d26b2c041ffdba05fe21233f6db9ec170bf7,,variant-batch live execution
datm-live-2026-07-13T08-46-44-334Z,B,entity-02-normal,normal,23,2026-07-13T08:50:27.471Z,2026-07-13T08:50:27.471Z,2026-07-13T08:50:27.471Z,0,2026-07-13T08:50:27.574Z,0x5f30f50af867faf9b4d029bdb121ba3bac4b0f96608c4e2a5f2de26381b510f0,2026-07-13T08:50:31.850Z,success,38847,1000,6376717,0xb4785ce5f0e7b959e61441b84f6311bbf7e77b0a56f240398959c4aa0fd347ba,2026-07-13T08:50:31.850Z,4276,4276,4379,93,Trusted,2026-07-13T08:50:24.479Z,0x1602e1129325b85b49d77971235840495b3255b51c9b8e655347cb27685a815a,,variant-batch live execution
datm-live-2026-07-13T08-46-44-334Z,B,entity-03-normal,normal,23,2026-07-13T08:50:27.472Z,2026-07-13T08:50:27.472Z,2026-07-13T08:50:27.472Z,0,2026-07-13T08:50:27.576Z,0xcf0fefe5c073dc2af4e42067f2f2e216eb2954a7883e6d36cb4de74cfbad9b0b,2026-07-13T08:50:31.851Z,success,38847,1000,6376717,0xb4785ce5f0e7b959e61441b84f6311bbf7e77b0a56f240398959c4aa0fd347ba,2026-07-13T08:50:31.851Z,4275,4275,4379,92,Trusted,2026-07-13T08:50:24.479Z,0x8ff26a4c50d7eb081ff575fc8ad1896ce29e0fd1b4b8a46a30926da190a82863,,variant-batch live execution
datm-live-2026-07-13T08-46-44-334Z,B,entity-04-normal,normal,23,2026-07-13T08:50:27.472Z,2026-07-13T08:50:27.472Z,2026-07-13T08:50:27.472Z,0,2026-07-13T08:50:27.576Z,0xfaeba18f4ef891ef9c0dbd7212808fc74111b7f3ddd3fb10dcdba916a1704ba0,2026-07-13T08:50:31.851Z,success,38847,1000,6376717,0xb4785ce5f0e7b959e61441b84f6311bbf7e77b0a56f240398959c4aa0fd347ba,2026-07-13T08:50:31.851Z,4275,4275,4379,93,Trusted,2026-07-13T08:50:24.479Z,0x860934e73651365827d5c85f209accfd3e77fc8e6c11befc269e064ff00d950b,,variant-batch live execution
datm-live-2026-07-13T08-46-44-334Z,B,entity-05-suspicious,suspicious,23,2026-07-13T08:50:27.473Z,2026-07-13T08:50:27.473Z,2026-07-13T08:50:27.473Z,0,2026-07-13T08:50:27.576Z,0xefb541726fef3083d0f5a80afbfe460c6f9b41ecf68a515efe571223884a2601,2026-07-13T08:50:31.877Z,success,38867,1000,6376717,0xb4785ce5f0e7b959e61441b84f6311bbf7e77b0a56f240398959c4aa0fd347ba,2026-07-13T08:50:31.877Z,4301,4301,4404,58,Suspicious,2026-07-13T08:50:24.479Z,0x42586e5edef30143a25b4a1f44b2210812a37030d7b284aa660ca72cea48910b,,variant-batch live execution
datm-live-2026-07-13T08-46-44-334Z,B,entity-06-suspicious,suspicious,23,2026-07-13T08:50:27.473Z,2026-07-13T08:50:27.473Z,2026-07-13T08:50:27.473Z,0,2026-07-13T08:50:27.576Z,0x4ad4b455b50fcd746e02b478e6231198058588c5d74d95749d032e363c24e0f1,2026-07-13T08:50:31.846Z,success,38867,1000,6376717,0xb4785ce5f0e7b959e61441b84f6311bbf7e77b0a56f240398959c4aa0fd347ba,2026-07-13T08:50:31.846Z,4270,4270,4373,61,Suspicious,2026-07-13T08:50:24.479Z,0x6c58809e2c449d01f304121f5912d00ecb0b6a83248051da05fa621850330d5b,,variant-batch live execution
datm-live-2026-07-13T08-46-44-334Z,B,entity-07-suspicious,suspicious,23,2026-07-13T08:50:27.473Z,2026-07-13T08:50:27.473Z,2026-07-13T08:50:27.473Z,0,2026-07-13T08:50:27.617Z,0xb7efa70eee3b5110f4c7a5ae6ae91dd58b58cfed8c92678c643b189daf8b8cac,2026-07-13T08:50:32.038Z,success,38867,1000,6376717,0xb4785ce5f0e7b959e61441b84f6311bbf7e77b0a56f240398959c4aa0fd347ba,2026-07-13T08:50:32.038Z,4421,4421,4565,61,Suspicious,2026-07-13T08:50:24.479Z,0xf9b902313b0561d291086b9a4e497653f19c788a65161c31a84cf3c36ab28d76,,variant-batch live execution
datm-live-2026-07-13T08-46-44-334Z,B,entity-08-malicious,malicious,23,2026-07-13T08:50:27.474Z,2026-07-13T08:50:27.474Z,2026-07-13T08:50:27.474Z,0,2026-07-13T08:50:27.617Z,0x18e3599f675fad9b0a1bdb4dac8d511474e9916f9cdb37f1c6413161a2948aaa,2026-07-13T08:50:32.050Z,success,38866,1000,6376717,0xb4785ce5f0e7b959e61441b84f6311bbf7e77b0a56f240398959c4aa0fd347ba,2026-07-13T08:50:32.050Z,4433,4433,4576,25,Untrusted,2026-07-13T08:50:24.479Z,0x28987a9e6177c00931e537ff78a7b5f336fefc8fbd5af4b468b944ec5976a383,,variant-batch live execution
datm-live-2026-07-13T08-46-44-334Z,B,entity-09-malicious,malicious,23,2026-07-13T08:50:27.474Z,2026-07-13T08:50:27.474Z,2026-07-13T08:50:27.474Z,0,2026-07-13T08:50:27.617Z,0xf06c40997fc6d52a7c5ac2a0ffbe6815306346647b033185abc7f4086a38df64,2026-07-13T08:50:32.077Z,success,38866,1000,6376717,0xb4785ce5f0e7b959e61441b84f6311bbf7e77b0a56f240398959c4aa0fd347ba,2026-07-13T08:50:32.077Z,4460,4460,4603,25,Untrusted,2026-07-13T08:50:24.479Z,0x3b9f235306de50405a9ed18a3bc9bcc40816eb4e70d6627a1ccf80588af8024f,,variant-batch live execution
datm-live-2026-07-13T08-46-44-334Z,B,entity-10-malicious,malicious,23,2026-07-13T08:50:27.474Z,2026-07-13T08:50:27.474Z,2026-07-13T08:50:27.474Z,0,2026-07-13T08:50:27.617Z,0x70b1b59c4bedc10cc32c2e64bf250893b1b51acb5a624928ed5134c657664b8b,2026-07-13T08:50:32.059Z,success,38854,1000,6376717,0xb4785ce5f0e7b959e61441b84f6311bbf7e77b0a56f240398959c4aa0fd347ba,2026-07-13T08:50:32.059Z,4442,4442,4585,28,Untrusted,2026-07-13T08:50:24.479Z,0x8122eab0f09f79d7aec27046c01b841403f232750122a21e0dfc21a7595a7ce7,,variant-batch live execution
datm-live-2026-07-13T08-46-44-334Z,B,entity-01-normal,normal,24,2026-07-13T08:50:37.198Z,2026-07-13T08:50:37.198Z,2026-07-13T08:50:37.198Z,0,2026-07-13T08:50:37.380Z,0x3df6599f9b4ed3d45ca3de57935c7860b9fb39d95d410c8da9b231d7fe8f8524,2026-07-13T08:50:41.666Z,success,38847,1000,6376719,0x5239818531f378acbec86bed7c57b629c152a5da5cd4f727a0f4c0972365c8aa,2026-07-13T08:50:41.666Z,4286,4286,4468,92,Trusted,2026-07-13T08:50:34.479Z,0xe55b3314dc23d44a6110285f1a05ed9b695f0fa00cd03241ec452f5d3da53515,,variant-batch live execution
datm-live-2026-07-13T08-46-44-334Z,B,entity-02-normal,normal,24,2026-07-13T08:50:37.199Z,2026-07-13T08:50:37.199Z,2026-07-13T08:50:37.199Z,0,2026-07-13T08:50:37.380Z,0xf011cd9e99dba1beb5e0469661f303b2ca1279e64feeab32e01057728de8ab22,2026-07-13T08:50:41.665Z,success,38847,1000,6376719,0x5239818531f378acbec86bed7c57b629c152a5da5cd4f727a0f4c0972365c8aa,2026-07-13T08:50:41.665Z,4285,4285,4466,91,Trusted,2026-07-13T08:50:34.479Z,0x757550be661f34715ed2915cda223e278bb558d4365de9b8df8d9dd8cc36f5e0,,variant-batch live execution
datm-live-2026-07-13T08-46-44-334Z,B,entity-03-normal,normal,24,2026-07-13T08:50:37.200Z,2026-07-13T08:50:37.200Z,2026-07-13T08:50:37.200Z,0,2026-07-13T08:50:37.381Z,0x0bd85c5bdde1678107d6d3507f663f4845184cf6ae8457d55dce6100e43a83da,2026-07-13T08:50:41.667Z,success,38847,1000,6376719,0x5239818531f378acbec86bed7c57b629c152a5da5cd4f727a0f4c0972365c8aa,2026-07-13T08:50:41.667Z,4286,4286,4467,92,Trusted,2026-07-13T08:50:34.479Z,0xb1c464d7ed74d5fc0550bc3055e34b7c321ede380d67cb700dc1afeab7634ff5,,variant-batch live execution
datm-live-2026-07-13T08-46-44-334Z,B,entity-04-normal,normal,24,2026-07-13T08:50:37.200Z,2026-07-13T08:50:37.200Z,2026-07-13T08:50:37.200Z,0,2026-07-13T08:50:37.381Z,0xfcbd4f9113e64849c23d061e1ae5842e07dab49c06e52e2471abbeb9e4be1b12,2026-07-13T08:50:41.685Z,success,38847,1000,6376719,0x5239818531f378acbec86bed7c57b629c152a5da5cd4f727a0f4c0972365c8aa,2026-07-13T08:50:41.685Z,4304,4304,4485,92,Trusted,2026-07-13T08:50:34.479Z,0x5faa759b45aa54d303bc3f12caecdd7070a00ebad2010c0793e07360d150349a,,variant-batch live execution
datm-live-2026-07-13T08-46-44-334Z,B,entity-05-suspicious,suspicious,24,2026-07-13T08:50:37.200Z,2026-07-13T08:50:37.200Z,2026-07-13T08:50:37.200Z,0,2026-07-13T08:50:37.381Z,0xcc96bb512b146d39fd3eb4939c96f6c721ccb0de6cf816795376c3a1e649ed81,2026-07-13T08:50:41.668Z,success,38867,1000,6376719,0x5239818531f378acbec86bed7c57b629c152a5da5cd4f727a0f4c0972365c8aa,2026-07-13T08:50:41.668Z,4287,4287,4468,61,Suspicious,2026-07-13T08:50:34.479Z,0x4aa374e00122b1127de4be96c1380c23581766cfb1b05de53219ee81f57885ba,,variant-batch live execution
datm-live-2026-07-13T08-46-44-334Z,B,entity-06-suspicious,suspicious,24,2026-07-13T08:50:37.201Z,2026-07-13T08:50:37.201Z,2026-07-13T08:50:37.201Z,0,2026-07-13T08:50:37.381Z,0xdd846d3414ed3480f5815a37e60c2f40ddc7dc15351dadfcda134ed5c9e3b3d7,2026-07-13T08:50:41.662Z,success,38867,1000,6376719,0x5239818531f378acbec86bed7c57b629c152a5da5cd4f727a0f4c0972365c8aa,2026-07-13T08:50:41.662Z,4281,4281,4461,61,Suspicious,2026-07-13T08:50:34.479Z,0x11a63f86e8886b3fcea8d473720bda4ada247fa3bc9dd81495e0f80a38b89312,,variant-batch live execution
datm-live-2026-07-13T08-46-44-334Z,B,entity-07-suspicious,suspicious,24,2026-07-13T08:50:37.202Z,2026-07-13T08:50:37.202Z,2026-07-13T08:50:37.202Z,0,2026-07-13T08:50:37.421Z,0xe63e883b89dbbcb3a01aa85e9e9fe07b82f1199a74649e6b5736c65a3e2b6a84,2026-07-13T08:50:41.850Z,success,38867,1000,6376719,0x5239818531f378acbec86bed7c57b629c152a5da5cd4f727a0f4c0972365c8aa,2026-07-13T08:50:41.850Z,4429,4429,4648,58,Suspicious,2026-07-13T08:50:34.479Z,0x4d9e326fa30e7925244bac068e7303dc6fac4a3699d01be5f85cd312cde80281,,variant-batch live execution
datm-live-2026-07-13T08-46-44-334Z,B,entity-08-malicious,malicious,24,2026-07-13T08:50:37.202Z,2026-07-13T08:50:37.202Z,2026-07-13T08:50:37.202Z,0,2026-07-13T08:50:37.421Z,0xed86e3b7b6cf884adb46c79f7e193711d60b7dc36d8c9898f65b96a08f74b456,2026-07-13T08:50:41.854Z,success,38866,1000,6376719,0x5239818531f378acbec86bed7c57b629c152a5da5cd4f727a0f4c0972365c8aa,2026-07-13T08:50:41.854Z,4433,4433,4652,25,Untrusted,2026-07-13T08:50:34.479Z,0xe0256d35eb2182d392034edd1b1e39158ca2e0090cc250029f3208b4f3a6c902,,variant-batch live execution
datm-live-2026-07-13T08-46-44-334Z,B,entity-09-malicious,malicious,24,2026-07-13T08:50:37.202Z,2026-07-13T08:50:37.202Z,2026-07-13T08:50:37.202Z,0,2026-07-13T08:50:37.421Z,0x42bf54ea0c96a0534770de4e3fb9ef7ebd20f3ce049963509146eb0f4a2c19b0,2026-07-13T08:50:41.864Z,success,38866,1000,6376719,0x5239818531f378acbec86bed7c57b629c152a5da5cd4f727a0f4c0972365c8aa,2026-07-13T08:50:41.864Z,4443,4443,4662,27,Untrusted,2026-07-13T08:50:34.479Z,0xd4d0b3435ba841baad91ba1ef7f43c68d496146a618327bb77d21c1e3afa618d,,variant-batch live execution
datm-live-2026-07-13T08-46-44-334Z,B,entity-10-malicious,malicious,24,2026-07-13T08:50:37.202Z,2026-07-13T08:50:37.202Z,2026-07-13T08:50:37.202Z,0,2026-07-13T08:50:37.421Z,0x1c3e6ac62c3f3216c3598cf9c3fabcdc8b51c823cd7eda01530b5ded492866a3,2026-07-13T08:50:41.881Z,success,38854,1000,6376719,0x5239818531f378acbec86bed7c57b629c152a5da5cd4f727a0f4c0972365c8aa,2026-07-13T08:50:41.881Z,4460,4460,4679,26,Untrusted,2026-07-13T08:50:34.479Z,0xf2c9f3f34b53d5a6bba78a18582bca540534d23ef5cde84f08599581a6f3348a,,variant-batch live execution
datm-live-2026-07-13T08-46-44-334Z,B,entity-01-normal,normal,25,2026-07-13T08:50:47.000Z,2026-07-13T08:50:47.000Z,2026-07-13T08:50:47.000Z,0,2026-07-13T08:50:47.119Z,0xfeb5e1f40e43b5d8dc5a8a1b9ebfbacb226a823d9adeafce8bc0e49084eaaab8,2026-07-13T08:50:51.375Z,success,38847,1000,6376721,0xe13ceeb14806daa68a577ce162112b3cdab4e6ee2c666af02f4799bb97349f63,2026-07-13T08:50:51.375Z,4256,4256,4375,92,Trusted,2026-07-13T08:50:44.479Z,0x4d8db7610d483df00d0af650bab393aa26959667dc2889ff98778ee59ed4503c,,variant-batch live execution
datm-live-2026-07-13T08-46-44-334Z,B,entity-02-normal,normal,25,2026-07-13T08:50:47.001Z,2026-07-13T08:50:47.001Z,2026-07-13T08:50:47.001Z,0,2026-07-13T08:50:47.119Z,0x763a4d89a1be06656a717f2691c83e0bbf2eabb4e53c3341a1d6536fc9d2735e,2026-07-13T08:50:51.371Z,success,38847,1000,6376721,0xe13ceeb14806daa68a577ce162112b3cdab4e6ee2c666af02f4799bb97349f63,2026-07-13T08:50:51.371Z,4252,4252,4370,92,Trusted,2026-07-13T08:50:44.479Z,0x01e0ffd607e58518582db1bf59b31922a23e776f646d6ea99d1fd09552706e4b,,variant-batch live execution
datm-live-2026-07-13T08-46-44-334Z,B,entity-03-normal,normal,25,2026-07-13T08:50:47.001Z,2026-07-13T08:50:47.001Z,2026-07-13T08:50:47.001Z,0,2026-07-13T08:50:47.131Z,0x6c12ce924552907f121e0838d3796fc6ed72cd02e36182c772a2311b36ad4e39,2026-07-13T08:50:51.395Z,success,38847,1000,6376721,0xe13ceeb14806daa68a577ce162112b3cdab4e6ee2c666af02f4799bb97349f63,2026-07-13T08:50:51.395Z,4264,4264,4394,93,Trusted,2026-07-13T08:50:44.479Z,0xe3d8de7aa1f1195b7f17178e318b727f47f9eb08563316a99db95f2a12f0344f,,variant-batch live execution
datm-live-2026-07-13T08-46-44-334Z,B,entity-04-normal,normal,25,2026-07-13T08:50:47.002Z,2026-07-13T08:50:47.002Z,2026-07-13T08:50:47.002Z,0,2026-07-13T08:50:47.131Z,0x30a083eebd3a435f765f399b668c06031050747878295a622a06d93763d5bed6,2026-07-13T08:50:51.375Z,success,38847,1000,6376721,0xe13ceeb14806daa68a577ce162112b3cdab4e6ee2c666af02f4799bb97349f63,2026-07-13T08:50:51.375Z,4244,4244,4373,92,Trusted,2026-07-13T08:50:44.479Z,0x5537ada6b90d02fbc8b6482a4a5fe2c503725e9512266d26b202221c9cb8d1f3,,variant-batch live execution
datm-live-2026-07-13T08-46-44-334Z,B,entity-05-suspicious,suspicious,25,2026-07-13T08:50:47.003Z,2026-07-13T08:50:47.003Z,2026-07-13T08:50:47.003Z,0,2026-07-13T08:50:47.131Z,0xc3f29a854e63b6e22a6868c33a8c1e1df5dac67ecb71dd505d0da96d52c0094a,2026-07-13T08:50:51.375Z,success,38855,1000,6376721,0xe13ceeb14806daa68a577ce162112b3cdab4e6ee2c666af02f4799bb97349f63,2026-07-13T08:50:51.375Z,4244,4244,4372,61,Suspicious,2026-07-13T08:50:44.479Z,0x1573dee7c68ab9aeba650069df5e9b37daf898bba3357b0f707eca8305bd15b3,,variant-batch live execution
datm-live-2026-07-13T08-46-44-334Z,B,entity-06-suspicious,suspicious,25,2026-07-13T08:50:47.004Z,2026-07-13T08:50:47.004Z,2026-07-13T08:50:47.004Z,0,2026-07-13T08:50:47.131Z,0xe5e5961289273917a06f8cba85866b50dcc08fcb11c72003ae70ec84618468c9,2026-07-13T08:50:51.376Z,success,38867,1000,6376721,0xe13ceeb14806daa68a577ce162112b3cdab4e6ee2c666af02f4799bb97349f63,2026-07-13T08:50:51.376Z,4245,4245,4372,61,Suspicious,2026-07-13T08:50:44.479Z,0x1ca11bbe6eb3b22456960dca88e421ba4420556754a0133799109b5d5540968b,,variant-batch live execution
datm-live-2026-07-13T08-46-44-334Z,B,entity-07-suspicious,suspicious,25,2026-07-13T08:50:47.005Z,2026-07-13T08:50:47.005Z,2026-07-13T08:50:47.005Z,0,2026-07-13T08:50:47.131Z,0x51332dd9ab37a1e4e717255e415cc7046cc5e5c45a0d3733adad7af75f3b57b9,2026-07-13T08:50:51.553Z,success,38867,1000,6376721,0xe13ceeb14806daa68a577ce162112b3cdab4e6ee2c666af02f4799bb97349f63,2026-07-13T08:50:51.553Z,4422,4422,4548,61,Suspicious,2026-07-13T08:50:44.479Z,0x96aae2f4acea10a3f9a74cf0d479cf6787c9278ee3d0e553655c16536bb532f2,,variant-batch live execution
datm-live-2026-07-13T08-46-44-334Z,B,entity-08-malicious,malicious,25,2026-07-13T08:50:47.005Z,2026-07-13T08:50:47.005Z,2026-07-13T08:50:47.005Z,0,2026-07-13T08:50:47.143Z,0xf2c0561e2fe1c40b0c894e15d99e90b048fcf24d234cd7ac5cf5b3df43e9f4e4,2026-07-13T08:50:51.575Z,success,38866,1000,6376721,0xe13ceeb14806daa68a577ce162112b3cdab4e6ee2c666af02f4799bb97349f63,2026-07-13T08:50:51.575Z,4432,4432,4570,27,Untrusted,2026-07-13T08:50:44.479Z,0xed5e4979db933b2cbc5ae77d42ab9dbb6e4a586a95d3d3ff9fbf50c5e4b93dbe,,variant-batch live execution
datm-live-2026-07-13T08-46-44-334Z,B,entity-09-malicious,malicious,25,2026-07-13T08:50:47.006Z,2026-07-13T08:50:47.006Z,2026-07-13T08:50:47.006Z,0,2026-07-13T08:50:47.143Z,0xd604f534db22da0eb9c35087f3342594f972fb7bf49ad7113ab29ed880b12fe3,2026-07-13T08:50:51.596Z,success,38866,1000,6376721,0xe13ceeb14806daa68a577ce162112b3cdab4e6ee2c666af02f4799bb97349f63,2026-07-13T08:50:51.596Z,4453,4453,4590,25,Untrusted,2026-07-13T08:50:44.479Z,0x7c58cfd9611cf2053f4624080333c77d0a36aff91cddd0fd4e0fa73a40cfc7eb,,variant-batch live execution
datm-live-2026-07-13T08-46-44-334Z,B,entity-10-malicious,malicious,25,2026-07-13T08:50:47.006Z,2026-07-13T08:50:47.006Z,2026-07-13T08:50:47.006Z,0,2026-07-13T08:50:47.144Z,0xa11ebb56cdb3bf3deb9155e92567988211bc0ecd38d6f87ded8dc20ba04f82f4,2026-07-13T08:50:51.605Z,success,38842,1000,6376721,0xe13ceeb14806daa68a577ce162112b3cdab4e6ee2c666af02f4799bb97349f63,2026-07-13T08:50:51.605Z,4461,4461,4599,25,Untrusted,2026-07-13T08:50:44.479Z,0x013a1d06e9c5f09cb952e48a4f3bc1ee00d712b4792bdc82ebfd7e8569436195,,variant-batch live execution
datm-live-2026-07-13T08-46-44-334Z,B,entity-01-normal,normal,26,2026-07-13T08:50:56.738Z,2026-07-13T08:50:56.738Z,2026-07-13T08:50:56.738Z,0,2026-07-13T08:50:56.846Z,0xfb574cad9562df0463c183ac9172fb10991f12bcda76458d25d0fcb224ae2f72,2026-07-13T08:51:01.128Z,success,38847,1000,6376723,0xec5b8fa7b211730c90ed8150e931192d8e67696c64753641691ec16aa2923824,2026-07-13T08:51:01.128Z,4282,4282,4390,92,Trusted,2026-07-13T08:50:54.479Z,0x6f2ae0aa4bf92ce78d7dbe67e380e2f95527ea739f7e4083b3b53b0ed7a7725d,,variant-batch live execution
datm-live-2026-07-13T08-46-44-334Z,B,entity-02-normal,normal,26,2026-07-13T08:50:56.739Z,2026-07-13T08:50:56.739Z,2026-07-13T08:50:56.739Z,0,2026-07-13T08:50:56.844Z,0xfe4925b38fd2146745678fc99c325a8197ee941adfe755b1cca4c5cf8c99e409,2026-07-13T08:51:01.129Z,success,38847,1000,6376723,0xec5b8fa7b211730c90ed8150e931192d8e67696c64753641691ec16aa2923824,2026-07-13T08:51:01.129Z,4285,4285,4390,92,Trusted,2026-07-13T08:50:54.479Z,0x3416e7031014b7493eafb487e0ccdb05b339121fbd32e8874d8d3a600c09d05e,,variant-batch live execution
datm-live-2026-07-13T08-46-44-334Z,B,entity-03-normal,normal,26,2026-07-13T08:50:56.740Z,2026-07-13T08:50:56.740Z,2026-07-13T08:50:56.740Z,0,2026-07-13T08:50:56.873Z,0x57b19da72c42579bd78370f806d041a16dea840ff8418d415fcc290267a0939c,2026-07-13T08:51:01.123Z,success,38847,1000,6376723,0xec5b8fa7b211730c90ed8150e931192d8e67696c64753641691ec16aa2923824,2026-07-13T08:51:01.123Z,4250,4250,4383,91,Trusted,2026-07-13T08:50:54.479Z,0xbfdfe247d6b1688e5f113fb015ca7d9f0556bf0e5ba3bdffb3632d3e27533e0e,,variant-batch live execution
datm-live-2026-07-13T08-46-44-334Z,B,entity-04-normal,normal,26,2026-07-13T08:50:56.740Z,2026-07-13T08:50:56.740Z,2026-07-13T08:50:56.740Z,0,2026-07-13T08:50:56.846Z,0xcca6c2b7759d87bbc001f8d7f8bee9a671a367c51c360a0901974bb70d5ea109,2026-07-13T08:51:01.134Z,success,38847,1000,6376723,0xec5b8fa7b211730c90ed8150e931192d8e67696c64753641691ec16aa2923824,2026-07-13T08:51:01.134Z,4288,4288,4394,92,Trusted,2026-07-13T08:50:54.479Z,0x442ae89bc332ace358d70ea35cd3ea1b2614a357672f159edf62d7fecf6e2b80,,variant-batch live execution
datm-live-2026-07-13T08-46-44-334Z,B,entity-05-suspicious,suspicious,26,2026-07-13T08:50:56.740Z,2026-07-13T08:50:56.740Z,2026-07-13T08:50:56.740Z,0,2026-07-13T08:50:56.874Z,0x8b9a15b73b7151c4f8398a97118ca67bab619c1e71662270a4f682d31e8e1d72,2026-07-13T08:51:01.151Z,success,38867,1000,6376723,0xec5b8fa7b211730c90ed8150e931192d8e67696c64753641691ec16aa2923824,2026-07-13T08:51:01.151Z,4277,4277,4411,61,Suspicious,2026-07-13T08:50:54.479Z,0x9b2c6295699901065c6f45b85d61f51e747e6475ecd264b89470d24991c63d2d,,variant-batch live execution
datm-live-2026-07-13T08-46-44-334Z,B,entity-06-suspicious,suspicious,26,2026-07-13T08:50:56.741Z,2026-07-13T08:50:56.741Z,2026-07-13T08:50:56.741Z,0,2026-07-13T08:50:56.846Z,0xaf9b12aa0caf4779b13c3c68c0500a6fc55947d821258940fb68a28193c6db88,2026-07-13T08:51:01.132Z,success,38867,1000,6376723,0xec5b8fa7b211730c90ed8150e931192d8e67696c64753641691ec16aa2923824,2026-07-13T08:51:01.132Z,4286,4286,4391,60,Suspicious,2026-07-13T08:50:54.479Z,0x80378d15383b2f6883889e5281c744fcf6fb47378785a7ecb1cec28407c6c520,,variant-batch live execution
datm-live-2026-07-13T08-46-44-334Z,B,entity-07-suspicious,suspicious,26,2026-07-13T08:50:56.742Z,2026-07-13T08:50:56.742Z,2026-07-13T08:50:56.742Z,0,2026-07-13T08:50:56.846Z,0x51a18a889ae0412d42ef93ea548f6bda809aab039e529620d0d8cb592070930b,2026-07-13T08:51:01.336Z,success,38867,1000,6376723,0xec5b8fa7b211730c90ed8150e931192d8e67696c64753641691ec16aa2923824,2026-07-13T08:51:01.336Z,4490,4490,4594,61,Suspicious,2026-07-13T08:50:54.479Z,0xca79d1c74ffe9eb03bf0ef3b12e122c564ced93857633aa4318ffdf3c89fde45,,variant-batch live execution
datm-live-2026-07-13T08-46-44-334Z,B,entity-08-malicious,malicious,26,2026-07-13T08:50:56.742Z,2026-07-13T08:50:56.742Z,2026-07-13T08:50:56.742Z,0,2026-07-13T08:50:56.846Z,0xdd7b8e90efc3c5ee06254186bc425cadb166d1bc6dbf89d2ffa7d613ec061666,2026-07-13T08:51:01.366Z,success,38866,1000,6376723,0xec5b8fa7b211730c90ed8150e931192d8e67696c64753641691ec16aa2923824,2026-07-13T08:51:01.366Z,4520,4520,4624,25,Untrusted,2026-07-13T08:50:54.479Z,0xef4a5baf109d209946fefdc6ad8cd8cc7c0cefd9739a1ecce3f2dd50d7145443,,variant-batch live execution
datm-live-2026-07-13T08-46-44-334Z,B,entity-09-malicious,malicious,26,2026-07-13T08:50:56.743Z,2026-07-13T08:50:56.743Z,2026-07-13T08:50:56.743Z,0,2026-07-13T08:50:56.874Z,0x11f157265df3da1999bd099c2346899607b042583880fb9e8c876e7bb2ef501d,2026-07-13T08:51:01.337Z,success,38866,1000,6376723,0xec5b8fa7b211730c90ed8150e931192d8e67696c64753641691ec16aa2923824,2026-07-13T08:51:01.337Z,4463,4463,4594,24,Untrusted,2026-07-13T08:50:54.479Z,0x495037853a9df1eb63428d0959d6306b4b73e7add57e20b7bd4416ca0d965c8e,,variant-batch live execution
datm-live-2026-07-13T08-46-44-334Z,B,entity-10-malicious,malicious,26,2026-07-13T08:50:56.743Z,2026-07-13T08:50:56.743Z,2026-07-13T08:50:56.743Z,0,2026-07-13T08:50:56.874Z,0x3a72b3714bba229578f5fda52a05a0b04ad3aa7a5417f519b90982eff2ec650d,2026-07-13T08:51:01.337Z,success,38854,1000,6376723,0xec5b8fa7b211730c90ed8150e931192d8e67696c64753641691ec16aa2923824,2026-07-13T08:51:01.337Z,4463,4463,4594,28,Untrusted,2026-07-13T08:50:54.479Z,0x658e762f3970450a1c613ecc776f69e72908c9f87e84d90d23de19b7cb40235b,,variant-batch live execution
datm-live-2026-07-13T08-46-44-334Z,B,entity-01-normal,normal,27,2026-07-13T08:51:06.485Z,2026-07-13T08:51:06.485Z,2026-07-13T08:51:06.485Z,0,2026-07-13T08:51:06.593Z,0x809309e98bf063ad0ae7c24dcff042b04297a99536af7905e394bc321c9b32d0,2026-07-13T08:51:10.838Z,success,38847,1000,6376725,0xf350922a2978a667696a564bd0de091591e090e7801cd33eb65646ff1bf58dba,2026-07-13T08:51:10.838Z,4245,4245,4353,93,Trusted,2026-07-13T08:51:04.479Z,0x06946abf57854182363f7a21c2719304090decc21354bd362d265057165cccdb,,variant-batch live execution
datm-live-2026-07-13T08-46-44-334Z,B,entity-02-normal,normal,27,2026-07-13T08:51:06.486Z,2026-07-13T08:51:06.486Z,2026-07-13T08:51:06.486Z,0,2026-07-13T08:51:06.595Z,0x0d3b4afe9437749fa5dd98f37ab3ca86a55b22fa7335fa7439f3f1b0d323de22,2026-07-13T08:51:10.839Z,success,38835,1000,6376725,0xf350922a2978a667696a564bd0de091591e090e7801cd33eb65646ff1bf58dba,2026-07-13T08:51:10.839Z,4244,4244,4353,91,Trusted,2026-07-13T08:51:04.479Z,0xdf570fc54eb41900680629163f5c701b83fe86abeb19d2fbe4f31240e60997f3,,variant-batch live execution
datm-live-2026-07-13T08-46-44-334Z,B,entity-03-normal,normal,27,2026-07-13T08:51:06.486Z,2026-07-13T08:51:06.486Z,2026-07-13T08:51:06.486Z,0,2026-07-13T08:51:06.595Z,0x03b07726a23b0336bd06653cbf95ae6f3b353dd579a856728eef49ba7b942b87,2026-07-13T08:51:10.840Z,success,38847,1000,6376725,0xf350922a2978a667696a564bd0de091591e090e7801cd33eb65646ff1bf58dba,2026-07-13T08:51:10.840Z,4245,4245,4354,93,Trusted,2026-07-13T08:51:04.479Z,0xea91bf43dfde36806cc070afb9b6ad0825c5d8adc3b2e01e37a661ed53fddb72,,variant-batch live execution
datm-live-2026-07-13T08-46-44-334Z,B,entity-04-normal,normal,27,2026-07-13T08:51:06.487Z,2026-07-13T08:51:06.487Z,2026-07-13T08:51:06.487Z,0,2026-07-13T08:51:06.595Z,0xc81b578b21b01a83e06f1bcdbb27efb0d54f93a45500d179983558a43a5558fb,2026-07-13T08:51:10.832Z,success,38847,1000,6376725,0xf350922a2978a667696a564bd0de091591e090e7801cd33eb65646ff1bf58dba,2026-07-13T08:51:10.832Z,4237,4237,4345,93,Trusted,2026-07-13T08:51:04.479Z,0xb28ec7b49e9a56af616337ecc3a107153fc1e491fd52aef0f2dc515c035d424e,,variant-batch live execution
datm-live-2026-07-13T08-46-44-334Z,B,entity-05-suspicious,suspicious,27,2026-07-13T08:51:06.487Z,2026-07-13T08:51:06.487Z,2026-07-13T08:51:06.487Z,0,2026-07-13T08:51:06.595Z,0x4aaa2e33c8f61bdafc6ee51d00cda04ce92a71232965cbfd5b713bca1671301e,2026-07-13T08:51:10.840Z,success,38855,1000,6376725,0xf350922a2978a667696a564bd0de091591e090e7801cd33eb65646ff1bf58dba,2026-07-13T08:51:10.840Z,4245,4245,4353,60,Suspicious,2026-07-13T08:51:04.479Z,0xbffe0316fa8419e87222f6120a9600fbab4ec9cab26b7877c7d0abb71537b470,,variant-batch live execution
datm-live-2026-07-13T08-46-44-334Z,B,entity-06-suspicious,suspicious,27,2026-07-13T08:51:06.487Z,2026-07-13T08:51:06.487Z,2026-07-13T08:51:06.487Z,0,2026-07-13T08:51:06.619Z,0xa2579a4971b25766006bceef5af92480d1e514cdcd5feeb4acc4af271f487e1e,2026-07-13T08:51:10.860Z,success,38855,1000,6376725,0xf350922a2978a667696a564bd0de091591e090e7801cd33eb65646ff1bf58dba,2026-07-13T08:51:10.860Z,4241,4241,4373,63,Suspicious,2026-07-13T08:51:04.479Z,0xd000a284fce40f74d36ec82d461307ee4bbd0f35ec820dced29996cbffe63539,,variant-batch live execution
datm-live-2026-07-13T08-46-44-334Z,B,entity-07-suspicious,suspicious,27,2026-07-13T08:51:06.488Z,2026-07-13T08:51:06.488Z,2026-07-13T08:51:06.488Z,0,2026-07-13T08:51:06.620Z,0x6d1d18ec2753b153c4bf45109cf849448b803a916a01691708e7b9f2bcb07381,2026-07-13T08:51:11.008Z,success,38867,1000,6376725,0xf350922a2978a667696a564bd0de091591e090e7801cd33eb65646ff1bf58dba,2026-07-13T08:51:11.008Z,4388,4388,4520,61,Suspicious,2026-07-13T08:51:04.479Z,0x0cac673a3f6422187c37ec935e1e04d533b986fdb352285a29f50d0796f89082,,variant-batch live execution
datm-live-2026-07-13T08-46-44-334Z,B,entity-08-malicious,malicious,27,2026-07-13T08:51:06.489Z,2026-07-13T08:51:06.489Z,2026-07-13T08:51:06.489Z,0,2026-07-13T08:51:06.595Z,0x31a0cea3fe0f1832b63d127d9b7e86291e6a1dc53064a75b9cd368b23f378a87,2026-07-13T08:51:11.023Z,success,38866,1000,6376725,0xf350922a2978a667696a564bd0de091591e090e7801cd33eb65646ff1bf58dba,2026-07-13T08:51:11.023Z,4428,4428,4534,24,Untrusted,2026-07-13T08:51:04.479Z,0xe443edfc4bf6825246c05b25c76b5e0b13e63373c22ff73558d9821107e8f7c4,,variant-batch live execution
datm-live-2026-07-13T08-46-44-334Z,B,entity-09-malicious,malicious,27,2026-07-13T08:51:06.489Z,2026-07-13T08:51:06.489Z,2026-07-13T08:51:06.489Z,0,2026-07-13T08:51:06.620Z,0x2dab830a39ce81fcf97051fddd5af4062d4c0cdda23262bce3db4617eeffa6b7,2026-07-13T08:51:11.035Z,success,38866,1000,6376725,0xf350922a2978a667696a564bd0de091591e090e7801cd33eb65646ff1bf58dba,2026-07-13T08:51:11.035Z,4415,4415,4546,26,Untrusted,2026-07-13T08:51:04.479Z,0x8eb2941c8059494db9b3673d93bae5fe49f4f5d2b30f80418e852660e9f8e543,,variant-batch live execution
datm-live-2026-07-13T08-46-44-334Z,B,entity-10-malicious,malicious,27,2026-07-13T08:51:06.489Z,2026-07-13T08:51:06.489Z,2026-07-13T08:51:06.489Z,0,2026-07-13T08:51:06.620Z,0x798835c779070d1e84de1328a815151559980bde21a18d7b7ce5f291d02ba873,2026-07-13T08:51:11.046Z,success,38854,1000,6376725,0xf350922a2978a667696a564bd0de091591e090e7801cd33eb65646ff1bf58dba,2026-07-13T08:51:11.046Z,4426,4426,4557,26,Untrusted,2026-07-13T08:51:04.479Z,0x3dcae5494cd78fc3b4cdb602206ac809ef6dddcd782c82a9c68338903e28f5c9,,variant-batch live execution
datm-live-2026-07-13T08-46-44-334Z,B,entity-01-normal,normal,28,2026-07-13T08:51:16.165Z,2026-07-13T08:51:16.165Z,2026-07-13T08:51:16.165Z,0,2026-07-13T08:51:16.286Z,0x72fd7f398dc2db4d6e743fa56c74d76d7ca8d8700bfab1cc507101a655e3846d,2026-07-13T08:51:20.558Z,success,38847,1000,6376727,0x2f617ef4d1c318ebc47f13b6f74764eca381474b4dad4f181538705b6767d6a9,2026-07-13T08:51:20.558Z,4272,4272,4393,91,Trusted,2026-07-13T08:51:14.479Z,0xfc966108c45a0624bbdc5c327f1215de3476e23773880a3f8ff048efabbeab46,,variant-batch live execution
datm-live-2026-07-13T08-46-44-334Z,B,entity-02-normal,normal,28,2026-07-13T08:51:16.166Z,2026-07-13T08:51:16.166Z,2026-07-13T08:51:16.166Z,0,2026-07-13T08:51:16.307Z,0x3b28c5bb03f780838fcd1e0abf5e6db6793975a3b5bdf751760588085abc4e54,2026-07-13T08:51:20.557Z,success,38847,1000,6376727,0x2f617ef4d1c318ebc47f13b6f74764eca381474b4dad4f181538705b6767d6a9,2026-07-13T08:51:20.557Z,4250,4250,4391,92,Trusted,2026-07-13T08:51:14.479Z,0xd6c9fedf06ae994c8f0dddc94b9e7b9b9301b60ffb15fd6d7e07c0ccda3411ad,,variant-batch live execution
datm-live-2026-07-13T08-46-44-334Z,B,entity-03-normal,normal,28,2026-07-13T08:51:16.166Z,2026-07-13T08:51:16.166Z,2026-07-13T08:51:16.166Z,0,2026-07-13T08:51:16.307Z,0x1981707005454559c215127d3fb1efa9a99e4b3895b91efef8f92bce27653f78,2026-07-13T08:51:20.559Z,success,38847,1000,6376727,0x2f617ef4d1c318ebc47f13b6f74764eca381474b4dad4f181538705b6767d6a9,2026-07-13T08:51:20.559Z,4252,4252,4393,92,Trusted,2026-07-13T08:51:14.479Z,0xaa133fa1078ed516f2a72da9dd7ba1ef5da4c215a5586a94605aa8586f9d2db3,,variant-batch live execution
datm-live-2026-07-13T08-46-44-334Z,B,entity-04-normal,normal,28,2026-07-13T08:51:16.167Z,2026-07-13T08:51:16.167Z,2026-07-13T08:51:16.167Z,0,2026-07-13T08:51:16.307Z,0xce4e8d6cf8ee14b2c669a85d6a0498c48ee0756d170a908c686b9c0cb0d7777a,2026-07-13T08:51:20.561Z,success,38847,1000,6376727,0x2f617ef4d1c318ebc47f13b6f74764eca381474b4dad4f181538705b6767d6a9,2026-07-13T08:51:20.561Z,4254,4254,4394,91,Trusted,2026-07-13T08:51:14.479Z,0x0ea423ba59dc7c4fc6aeb2cb6642faaae684cede5676ac384f608ac48657a226,,variant-batch live execution
datm-live-2026-07-13T08-46-44-334Z,B,entity-05-suspicious,suspicious,28,2026-07-13T08:51:16.167Z,2026-07-13T08:51:16.167Z,2026-07-13T08:51:16.167Z,0,2026-07-13T08:51:16.307Z,0x7c53c58f631251d0ad3e6ba02da958a2591b0be55d76b259f78912c1d74b9fe9,2026-07-13T08:51:20.580Z,success,38867,1000,6376727,0x2f617ef4d1c318ebc47f13b6f74764eca381474b4dad4f181538705b6767d6a9,2026-07-13T08:51:20.580Z,4273,4273,4413,63,Suspicious,2026-07-13T08:51:14.479Z,0xe62da7cff8a047095937101af95824a2c21df2c48c4bb6e6c5533eb8f418c01d,,variant-batch live execution
datm-live-2026-07-13T08-46-44-334Z,B,entity-06-suspicious,suspicious,28,2026-07-13T08:51:16.167Z,2026-07-13T08:51:16.167Z,2026-07-13T08:51:16.167Z,0,2026-07-13T08:51:16.308Z,0x97e47346a31094261e8de7ce778c2a2272aeb93a7b75c13d9440aa3163298c32,2026-07-13T08:51:20.554Z,success,38867,1000,6376727,0x2f617ef4d1c318ebc47f13b6f74764eca381474b4dad4f181538705b6767d6a9,2026-07-13T08:51:20.554Z,4246,4246,4387,62,Suspicious,2026-07-13T08:51:14.479Z,0x98a0b2f2d381edd09e5c53541796fc350824923e29fc6340dd13b617a393c351,,variant-batch live execution
datm-live-2026-07-13T08-46-44-334Z,B,entity-07-suspicious,suspicious,28,2026-07-13T08:51:16.168Z,2026-07-13T08:51:16.168Z,2026-07-13T08:51:16.168Z,0,2026-07-13T08:51:16.317Z,0x9598aca6d9fb95257154c79a625e10a0bd0d70326058919382bf3205bac10d88,2026-07-13T08:51:20.767Z,success,38867,1000,6376727,0x2f617ef4d1c318ebc47f13b6f74764eca381474b4dad4f181538705b6767d6a9,2026-07-13T08:51:20.767Z,4450,4450,4599,60,Suspicious,2026-07-13T08:51:14.479Z,0x2c9a6dbcb3bc0bc5a5592bb47dcc8aaa7c493bd92a0ce4afdfd6fa6b8fade3a7,,variant-batch live execution
datm-live-2026-07-13T08-46-44-334Z,B,entity-08-malicious,malicious,28,2026-07-13T08:51:16.169Z,2026-07-13T08:51:16.169Z,2026-07-13T08:51:16.169Z,0,2026-07-13T08:51:16.317Z,0x73a9a6a98f594eda7dffa4350d3f08aa9b5dfb25a98eaa6295b651f5218aeb04,2026-07-13T08:51:20.793Z,success,38866,1000,6376727,0x2f617ef4d1c318ebc47f13b6f74764eca381474b4dad4f181538705b6767d6a9,2026-07-13T08:51:20.793Z,4476,4476,4624,26,Untrusted,2026-07-13T08:51:14.479Z,0xf33c3fd3d24d9de4c36ccb0795ecc3b2877bb06362ea7b07bde6ffb3bf784174,,variant-batch live execution
datm-live-2026-07-13T08-46-44-334Z,B,entity-09-malicious,malicious,28,2026-07-13T08:51:16.170Z,2026-07-13T08:51:16.170Z,2026-07-13T08:51:16.170Z,0,2026-07-13T08:51:16.317Z,0x88c98cb8e7d012f8ce202bec3ee48f378cf28196e37c14f943ba5d8ed537c1b0,2026-07-13T08:51:20.769Z,success,38866,1000,6376727,0x2f617ef4d1c318ebc47f13b6f74764eca381474b4dad4f181538705b6767d6a9,2026-07-13T08:51:20.769Z,4452,4452,4599,25,Untrusted,2026-07-13T08:51:14.479Z,0x74f0aaf0b4cbbc3e984bd2f0421b55cb7402f68c79119fcadcd3c9c1ef0bde7e,,variant-batch live execution
datm-live-2026-07-13T08-46-44-334Z,B,entity-10-malicious,malicious,28,2026-07-13T08:51:16.170Z,2026-07-13T08:51:16.170Z,2026-07-13T08:51:16.170Z,0,2026-07-13T08:51:16.317Z,0x244b8644ee625698ac3c915af188be5d01d19a5e135f9ba3f56ab40bb004d41d,2026-07-13T08:51:20.768Z,success,38854,1000,6376727,0x2f617ef4d1c318ebc47f13b6f74764eca381474b4dad4f181538705b6767d6a9,2026-07-13T08:51:20.768Z,4451,4451,4598,24,Untrusted,2026-07-13T08:51:14.479Z,0x3f38a4a15ff2e56c40c3660792223bf23b1d25efee6b30c1556847ad6cd242bb,,variant-batch live execution
datm-live-2026-07-13T08-46-44-334Z,B,entity-01-normal,normal,29,2026-07-13T08:51:25.910Z,2026-07-13T08:51:25.910Z,2026-07-13T08:51:25.910Z,0,2026-07-13T08:51:26.037Z,0x30b5903150c531a1e8b6afbf433b6d86a6c23955bfcef27a26a013a642a58b20,2026-07-13T08:51:30.295Z,success,38847,1000,6376729,0x4fdab0dd5ff0f419c00c7b13d2076ab3903fe123676977a1f43265379266ca38,2026-07-13T08:51:30.295Z,4258,4258,4385,93,Trusted,2026-07-13T08:51:24.479Z,0xdbf502e65b251a881abb1730066ad01bbd371932f0ae337be561a7424a0e1c4c,,variant-batch live execution
datm-live-2026-07-13T08-46-44-334Z,B,entity-02-normal,normal,29,2026-07-13T08:51:25.910Z,2026-07-13T08:51:25.910Z,2026-07-13T08:51:25.910Z,0,2026-07-13T08:51:26.046Z,0x0542167b86933a3ec04f701eca40831954a230a024011ce21fb7db94d5ce18b1,2026-07-13T08:51:30.293Z,success,38847,1000,6376729,0x4fdab0dd5ff0f419c00c7b13d2076ab3903fe123676977a1f43265379266ca38,2026-07-13T08:51:30.293Z,4247,4247,4383,92,Trusted,2026-07-13T08:51:24.479Z,0xa7aa7414adc037211bdb1b4611ef607f3791622b347240564da5c1832f19b992,,variant-batch live execution
datm-live-2026-07-13T08-46-44-334Z,B,entity-03-normal,normal,29,2026-07-13T08:51:25.911Z,2026-07-13T08:51:25.911Z,2026-07-13T08:51:25.911Z,0,2026-07-13T08:51:26.047Z,0xb7ae9d058343469a58a4dc4c8a3bd5bb321e392e6844d1e75d59789b878666ae,2026-07-13T08:51:30.296Z,success,38847,1000,6376729,0x4fdab0dd5ff0f419c00c7b13d2076ab3903fe123676977a1f43265379266ca38,2026-07-13T08:51:30.296Z,4249,4249,4385,92,Trusted,2026-07-13T08:51:24.479Z,0x0f9125cc3434bdb85219e3e8897b972146c25d1a5812500c2543791a520e3e2d,,variant-batch live execution
datm-live-2026-07-13T08-46-44-334Z,B,entity-04-normal,normal,29,2026-07-13T08:51:25.911Z,2026-07-13T08:51:25.911Z,2026-07-13T08:51:25.911Z,0,2026-07-13T08:51:26.047Z,0x079b7b8c6018a994a98737b19ea28cb2eef56d6e3471f79ebada58c1bf449752,2026-07-13T08:51:30.329Z,success,38847,1000,6376729,0x4fdab0dd5ff0f419c00c7b13d2076ab3903fe123676977a1f43265379266ca38,2026-07-13T08:51:30.329Z,4282,4282,4418,93,Trusted,2026-07-13T08:51:24.479Z,0xb67377a8a86cb414898024f78711940aceb7575bd1e6c04230815ee1327aa9c1,,variant-batch live execution
datm-live-2026-07-13T08-46-44-334Z,B,entity-05-suspicious,suspicious,29,2026-07-13T08:51:25.911Z,2026-07-13T08:51:25.911Z,2026-07-13T08:51:25.911Z,0,2026-07-13T08:51:26.047Z,0x54dc16a6cbaf60c188063b3aeee6b7c04bca071bb58dd1cb257fa7f1bcc997d3,2026-07-13T08:51:30.296Z,success,38867,1000,6376729,0x4fdab0dd5ff0f419c00c7b13d2076ab3903fe123676977a1f43265379266ca38,2026-07-13T08:51:30.296Z,4249,4249,4385,62,Suspicious,2026-07-13T08:51:24.479Z,0x89bb531ac081a28e3fa3cec3785a45c3c03d8cd47cb78a41bbdfac9a9f055201,,variant-batch live execution
datm-live-2026-07-13T08-46-44-334Z,B,entity-06-suspicious,suspicious,29,2026-07-13T08:51:25.912Z,2026-07-13T08:51:25.912Z,2026-07-13T08:51:25.912Z,0,2026-07-13T08:51:26.067Z,0x31cd2baf73957354dfc9a1a3e8bed79ffc3718a91d9394f45ce2bb1237eec94d,2026-07-13T08:51:30.296Z,success,38855,1000,6376729,0x4fdab0dd5ff0f419c00c7b13d2076ab3903fe123676977a1f43265379266ca38,2026-07-13T08:51:30.296Z,4229,4229,4384,58,Suspicious,2026-07-13T08:51:24.479Z,0x690adb07f4c4fffa74007b58e4b7204b2369685cecccdbf696cd38edbec85dd8,,variant-batch live execution
datm-live-2026-07-13T08-46-44-334Z,B,entity-07-suspicious,suspicious,29,2026-07-13T08:51:25.912Z,2026-07-13T08:51:25.912Z,2026-07-13T08:51:25.912Z,0,2026-07-13T08:51:26.067Z,0xe031d23afeb95a804a010ed25319f83361f3c550241fecb8cd38713c3ab10557,2026-07-13T08:51:30.505Z,success,38867,1000,6376729,0x4fdab0dd5ff0f419c00c7b13d2076ab3903fe123676977a1f43265379266ca38,2026-07-13T08:51:30.505Z,4438,4438,4593,63,Suspicious,2026-07-13T08:51:24.479Z,0xfab5ae5ed8039d36db97d25b98c0303008b7970b387b588e552c8482b15205e4,,variant-batch live execution
datm-live-2026-07-13T08-46-44-334Z,B,entity-08-malicious,malicious,29,2026-07-13T08:51:25.912Z,2026-07-13T08:51:25.912Z,2026-07-13T08:51:25.912Z,0,2026-07-13T08:51:26.047Z,0xbfbfe48f735d5164cff8e1d0e24ac0d0ca41983e6a6babe80d775b69eab22aa4,2026-07-13T08:51:30.534Z,success,38866,1000,6376729,0x4fdab0dd5ff0f419c00c7b13d2076ab3903fe123676977a1f43265379266ca38,2026-07-13T08:51:30.534Z,4487,4487,4622,25,Untrusted,2026-07-13T08:51:24.479Z,0x9e44ee6d3124f67e800501bf51e334d79b0ad589e034a85b6ba9fca7843d8dc5,,variant-batch live execution
datm-live-2026-07-13T08-46-44-334Z,B,entity-09-malicious,malicious,29,2026-07-13T08:51:25.914Z,2026-07-13T08:51:25.914Z,2026-07-13T08:51:25.914Z,0,2026-07-13T08:51:26.067Z,0xe8a632066f04ad81672ccc572dca0a954f81c62a85f2547bd3e10645fc36e0b0,2026-07-13T08:51:30.510Z,success,38866,1000,6376729,0x4fdab0dd5ff0f419c00c7b13d2076ab3903fe123676977a1f43265379266ca38,2026-07-13T08:51:30.510Z,4443,4443,4596,24,Untrusted,2026-07-13T08:51:24.479Z,0xa2a4203d61acba2e70c42c53d0d72581b84c3d09148a9a8d5bb35fa21c0a7c06,,variant-batch live execution
datm-live-2026-07-13T08-46-44-334Z,B,entity-10-malicious,malicious,29,2026-07-13T08:51:25.915Z,2026-07-13T08:51:25.915Z,2026-07-13T08:51:25.915Z,0,2026-07-13T08:51:26.068Z,0xd204e4a19cce5163266743cfb5f48f652216214ab5f0a09f4e61a2749e182635,2026-07-13T08:51:30.509Z,success,38842,1000,6376729,0x4fdab0dd5ff0f419c00c7b13d2076ab3903fe123676977a1f43265379266ca38,2026-07-13T08:51:30.509Z,4441,4441,4594,26,Untrusted,2026-07-13T08:51:24.479Z,0xd0c4cb1661c6049c73fca8195ce96fb000c492c863dc9781d3d7cfbbbdd03593,,variant-batch live execution
datm-live-2026-07-13T08-46-44-334Z,B,entity-01-normal,normal,30,2026-07-13T08:51:35.645Z,2026-07-13T08:51:35.645Z,2026-07-13T08:51:35.645Z,0,2026-07-13T08:51:35.766Z,0x6a4b55c5d1a47352663e7fad14af4b86ff1671af7c12d2be99cbf012fae5c845,2026-07-13T08:51:40.032Z,success,38847,1000,6376731,0x328955b3e2e075eb129450425d4497ca8731c2749008cfcb04c42b77153e98a0,2026-07-13T08:51:40.032Z,4266,4266,4387,92,Trusted,2026-07-13T08:51:34.479Z,0x2331bf4d8f7ed35c6be5ef8c716e4106f1a7588f12c5f0f2a6f8d1c45a785294,,variant-batch live execution
datm-live-2026-07-13T08-46-44-334Z,B,entity-02-normal,normal,30,2026-07-13T08:51:35.645Z,2026-07-13T08:51:35.645Z,2026-07-13T08:51:35.645Z,0,2026-07-13T08:51:35.794Z,0xcb6e63cb563d6e46e1c54e96815145656d28186f54b966c79005a523d8f7688d,2026-07-13T08:51:40.034Z,success,38847,1000,6376731,0x328955b3e2e075eb129450425d4497ca8731c2749008cfcb04c42b77153e98a0,2026-07-13T08:51:40.034Z,4240,4240,4389,91,Trusted,2026-07-13T08:51:34.479Z,0xeed55865a8775a9025907c7e5455f113c1fe3a49ef71362cf7cbb790afb38d15,,variant-batch live execution
datm-live-2026-07-13T08-46-44-334Z,B,entity-03-normal,normal,30,2026-07-13T08:51:35.646Z,2026-07-13T08:51:35.646Z,2026-07-13T08:51:35.646Z,0,2026-07-13T08:51:35.766Z,0x8692ce424908b0475089edf0ba50fb2c6612139eafc6d8e0318537cbcfaf0e16,2026-07-13T08:51:40.035Z,success,38835,1000,6376731,0x328955b3e2e075eb129450425d4497ca8731c2749008cfcb04c42b77153e98a0,2026-07-13T08:51:40.035Z,4269,4269,4389,92,Trusted,2026-07-13T08:51:34.479Z,0x27a36bc7b2a5b0a4d139056ad7bf483c5e7664e664f400f644e4025f4b1e6002,,variant-batch live execution
datm-live-2026-07-13T08-46-44-334Z,B,entity-04-normal,normal,30,2026-07-13T08:51:35.646Z,2026-07-13T08:51:35.646Z,2026-07-13T08:51:35.646Z,0,2026-07-13T08:51:35.795Z,0xdb7a189755261287a04d2dabf444608ca28b0591e4e38bda32c5ef1ec22e237b,2026-07-13T08:51:40.067Z,success,38847,1000,6376731,0x328955b3e2e075eb129450425d4497ca8731c2749008cfcb04c42b77153e98a0,2026-07-13T08:51:40.067Z,4272,4272,4421,92,Trusted,2026-07-13T08:51:34.479Z,0xd7de401d10a9ba194b7ef52d17aa39d00a5ba34b57c7caaa0b8045f09ca9f837,,variant-batch live execution
datm-live-2026-07-13T08-46-44-334Z,B,entity-05-suspicious,suspicious,30,2026-07-13T08:51:35.646Z,2026-07-13T08:51:35.646Z,2026-07-13T08:51:35.646Z,0,2026-07-13T08:51:35.765Z,0xeca192a5879fc7196f1ea3c056184a96b5df35379c36dc5071378b1eff4ec88e,2026-07-13T08:51:40.035Z,success,38867,1000,6376731,0x328955b3e2e075eb129450425d4497ca8731c2749008cfcb04c42b77153e98a0,2026-07-13T08:51:40.035Z,4270,4270,4389,58,Suspicious,2026-07-13T08:51:34.479Z,0x1d2238f767c4a8fd727dae4bca050940aeb725c3f8b61d662093d853d6651754,,variant-batch live execution
datm-live-2026-07-13T08-46-44-334Z,B,entity-06-suspicious,suspicious,30,2026-07-13T08:51:35.646Z,2026-07-13T08:51:35.646Z,2026-07-13T08:51:35.646Z,0,2026-07-13T08:51:35.766Z,0xd7536e847726d5b479bb7297f1cb53d89ca1406e7cbcb0f3357691c65ebee74f,2026-07-13T08:51:40.035Z,success,38867,1000,6376731,0x328955b3e2e075eb129450425d4497ca8731c2749008cfcb04c42b77153e98a0,2026-07-13T08:51:40.035Z,4269,4269,4389,60,Suspicious,2026-07-13T08:51:34.479Z,0xbd4f74b03a63c84c0c9497d9e5fbbafe81e7f0f2473fb5dc337bee89192e05c7,,variant-batch live execution
datm-live-2026-07-13T08-46-44-334Z,B,entity-07-suspicious,suspicious,30,2026-07-13T08:51:35.646Z,2026-07-13T08:51:35.646Z,2026-07-13T08:51:35.646Z,0,2026-07-13T08:51:35.766Z,0x3f2282b210c2c3a4d648d59a826688385b9972e27510c7aa87963da07283ac3b,2026-07-13T08:51:40.252Z,success,38867,1000,6376731,0x328955b3e2e075eb129450425d4497ca8731c2749008cfcb04c42b77153e98a0,2026-07-13T08:51:40.252Z,4486,4486,4606,62,Suspicious,2026-07-13T08:51:34.479Z,0x1c0e7b5552a4c393c17f80c28be195beace970fdbeb77df2687e7cc2f3205db7,,variant-batch live execution
datm-live-2026-07-13T08-46-44-334Z,B,entity-08-malicious,malicious,30,2026-07-13T08:51:35.646Z,2026-07-13T08:51:35.646Z,2026-07-13T08:51:35.646Z,0,2026-07-13T08:51:35.766Z,0x9376b9caf829d9d5a4d27cbf8ec4ccebcfacd1f4d2e7943b9f442667b3649699,2026-07-13T08:51:40.228Z,success,38866,1000,6376731,0x328955b3e2e075eb129450425d4497ca8731c2749008cfcb04c42b77153e98a0,2026-07-13T08:51:40.228Z,4462,4462,4582,24,Untrusted,2026-07-13T08:51:34.479Z,0xb818dfaf65bde1904a4c34f07db6f0735e1990cd1ffb99cfe90cba8be6b9cc1a,,variant-batch live execution
datm-live-2026-07-13T08-46-44-334Z,B,entity-09-malicious,malicious,30,2026-07-13T08:51:35.648Z,2026-07-13T08:51:35.648Z,2026-07-13T08:51:35.648Z,0,2026-07-13T08:51:35.795Z,0xa17777e05e301b7bed648865bb3768d8d7b2d0d9bac228e051c47e9992bf339d,2026-07-13T08:51:40.265Z,success,38866,1000,6376731,0x328955b3e2e075eb129450425d4497ca8731c2749008cfcb04c42b77153e98a0,2026-07-13T08:51:40.265Z,4470,4470,4617,25,Untrusted,2026-07-13T08:51:34.479Z,0x0b6117ecad66220ebdf744c7ee1ccfa72eb85d96148e1352cc10fe0d89626de1,,variant-batch live execution
datm-live-2026-07-13T08-46-44-334Z,B,entity-10-malicious,malicious,30,2026-07-13T08:51:35.648Z,2026-07-13T08:51:35.648Z,2026-07-13T08:51:35.648Z,0,2026-07-13T08:51:35.795Z,0x076123d331f05d1ec4f88e8ab831bf2662772024ff00877a848b242e721c7b51,2026-07-13T08:51:40.274Z,success,38854,1000,6376731,0x328955b3e2e075eb129450425d4497ca8731c2749008cfcb04c42b77153e98a0,2026-07-13T08:51:40.274Z,4479,4479,4626,26,Untrusted,2026-07-13T08:51:34.479Z,0xb2ecd3875127d5ee4cb34f29cc837e5c1527999fb1084e9ad29152a778084c09,,variant-batch live execution
