run_id,variant,entity_id,entity_profile,sequence_no,scheduled_at,datm_start_at,datm_end_at,datm_processing_ms,submit_at,tx_hash,receipt_at,tx_status,gas_used,effective_gas_price,block_number,block_hash,block_timestamp,confirmation_latency_ms,block_inclusion_latency_ms,end_to_end_latency_ms,ats,trust_state,calc_timestamp,input_hash,error_code,error_message
datm-live-2026-07-13T08-53-43-261Z,C,entity-01-normal,normal,1,2026-07-13T08:53:43.617Z,2026-07-13T08:53:43.617Z,2026-07-13T08:53:43.617Z,0,2026-07-13T08:53:43.760Z,0xd8ffa98f38d6b73569ebb9cbdb12ff7fa1bf428e5cfe2103340b89583b3c0019,2026-07-13T08:53:44.046Z,success,40235,1000,6376756,0xc48ead558973e92a01bc58ffbbad382db9aec06c4705898c6be0831e87c7e165,2026-07-13T08:53:44.046Z,286,286,429,89,Trusted,2026-07-13T08:53:43.413Z,0xe9240d7fc6b1aa932937bf9931bbb000c23d7d33c08d62aaa3f9535e84f8ffc9,,variant-batch live execution
datm-live-2026-07-13T08-53-43-261Z,C,entity-02-normal,normal,1,2026-07-13T08:53:43.621Z,2026-07-13T08:53:43.621Z,2026-07-13T08:53:43.621Z,0,2026-07-13T08:53:43.768Z,0x0b367be534ea7fc9e7831ab04b5d2b9dddf9e05da703d351fcf0ed1062638145,2026-07-13T08:53:44.035Z,success,40235,1000,6376756,0xc48ead558973e92a01bc58ffbbad382db9aec06c4705898c6be0831e87c7e165,2026-07-13T08:53:44.035Z,267,267,414,90,Trusted,2026-07-13T08:53:43.413Z,0xe22d19b4a6cf04be86027fce68bfc64835d8650aec2759ebab4afe4277886815,,variant-batch live execution
datm-live-2026-07-13T08-53-43-261Z,C,entity-03-normal,normal,1,2026-07-13T08:53:43.622Z,2026-07-13T08:53:43.622Z,2026-07-13T08:53:43.622Z,0,2026-07-13T08:53:43.768Z,0xaad53effd8936b43a772f788fba03a7311aec0f0ade811a64b43a96404668a31,2026-07-13T08:53:44.037Z,success,94335,1000,6376756,0xc48ead558973e92a01bc58ffbbad382db9aec06c4705898c6be0831e87c7e165,2026-07-13T08:53:44.037Z,269,269,415,90,Trusted,2026-07-13T08:53:43.413Z,0xa4c1f5d91cfd62d15cc2267efd8cf6b8fe22272b55f1644fb5012bb828a45a47,,variant-batch live execution
datm-live-2026-07-13T08-53-43-261Z,C,entity-04-normal,normal,1,2026-07-13T08:53:43.623Z,2026-07-13T08:53:43.623Z,2026-07-13T08:53:43.623Z,0,2026-07-13T08:53:43.768Z,0xbfca8df92594a0da7cbfd121de8ca22b17acd9e8f2be08ea6018aab0ea53f67e,2026-07-13T08:53:44.037Z,success,94347,1000,6376756,0xc48ead558973e92a01bc58ffbbad382db9aec06c4705898c6be0831e87c7e165,2026-07-13T08:53:44.037Z,269,269,414,89,Trusted,2026-07-13T08:53:43.413Z,0x797646cc58509bab67fccabcfee9089bfd36aa8760e440b07fcb60bfcb3a24d9,,variant-batch live execution
datm-live-2026-07-13T08-53-43-261Z,C,entity-05-suspicious,suspicious,1,2026-07-13T08:53:43.624Z,2026-07-13T08:53:43.624Z,2026-07-13T08:53:43.624Z,0,2026-07-13T08:53:43.768Z,0x48392cb8d246002475fae303faffd6ee1bf0deb83464b94e13e71ebff052ec84,2026-07-13T08:53:44.034Z,success,94379,1000,6376756,0xc48ead558973e92a01bc58ffbbad382db9aec06c4705898c6be0831e87c7e165,2026-07-13T08:53:44.034Z,266,266,410,63,Suspicious,2026-07-13T08:53:43.413Z,0x79ef406a275d003b31b30a2363e6abecc9cd0f1a1c37ac799f605143e20b4b05,,variant-batch live execution
datm-live-2026-07-13T08-53-43-261Z,C,entity-06-suspicious,suspicious,1,2026-07-13T08:53:43.624Z,2026-07-13T08:53:43.624Z,2026-07-13T08:53:43.624Z,0,2026-07-13T08:53:43.768Z,0x409871d6ff4c5b1a6d7a6aad0d69f4eaf5b0c557f70b5a14fab468e017cf858d,2026-07-13T08:53:44.018Z,success,94391,1000,6376756,0xc48ead558973e92a01bc58ffbbad382db9aec06c4705898c6be0831e87c7e165,2026-07-13T08:53:44.018Z,250,250,394,60,Suspicious,2026-07-13T08:53:43.413Z,0x3bc3ba6502071f44adadcdf47f1dc0364636f5c52d71235997f30fa597a0e42e,,variant-batch live execution
datm-live-2026-07-13T08-53-43-261Z,C,entity-07-suspicious,suspicious,1,2026-07-13T08:53:43.625Z,2026-07-13T08:53:43.625Z,2026-07-13T08:53:43.625Z,0,2026-07-13T08:53:43.791Z,0x610429df08d948c6ef27154e7729bad791768c043a67a138edac6cc71310257f,2026-07-13T08:53:44.229Z,success,94391,1000,6376756,0xc48ead558973e92a01bc58ffbbad382db9aec06c4705898c6be0831e87c7e165,2026-07-13T08:53:44.229Z,438,438,604,61,Suspicious,2026-07-13T08:53:43.413Z,0x2c3d1eaa83a74ae34e343cf33506c2903bb883e1bec54802affcff5e7ef5c07f,,variant-batch live execution
datm-live-2026-07-13T08-53-43-261Z,C,entity-08-malicious,malicious,1,2026-07-13T08:53:43.626Z,2026-07-13T08:53:43.626Z,2026-07-13T08:53:43.626Z,0,2026-07-13T08:53:43.791Z,0x731f8169d5c2815abd1a990400ed3da47727270384093e11da5160200b74602e,2026-07-13T08:53:44.202Z,success,94390,1000,6376756,0xc48ead558973e92a01bc58ffbbad382db9aec06c4705898c6be0831e87c7e165,2026-07-13T08:53:44.202Z,411,411,576,31,Untrusted,2026-07-13T08:53:43.413Z,0xd14f96b2ea414ea7e7b451162ad78ee9f9f731d939bef51c8bc3350f5d232189,,variant-batch live execution
datm-live-2026-07-13T08-53-43-261Z,C,entity-09-malicious,malicious,1,2026-07-13T08:53:43.627Z,2026-07-13T08:53:43.627Z,2026-07-13T08:53:43.627Z,0,2026-07-13T08:53:43.791Z,0xc98013e995b7d8767f733bad03b2bf0cb47961c05c14f23f0397269f632b3b07,2026-07-13T08:53:44.246Z,success,94390,1000,6376756,0xc48ead558973e92a01bc58ffbbad382db9aec06c4705898c6be0831e87c7e165,2026-07-13T08:53:44.246Z,455,455,619,29,Untrusted,2026-07-13T08:53:43.413Z,0x303ce4feea67951ecdbe77a19ad9772dbfcd21776a6639c13418f1ba21621185,,variant-batch live execution
datm-live-2026-07-13T08-53-43-261Z,C,entity-10-malicious,malicious,1,2026-07-13T08:53:43.627Z,2026-07-13T08:53:43.627Z,2026-07-13T08:53:43.627Z,0,2026-07-13T08:53:43.791Z,0x23e1bd73c544da6049f89a0b73379d710977e56f0c6e9370e75cd1f4315e1092,2026-07-13T08:53:44.243Z,success,94378,1000,6376756,0xc48ead558973e92a01bc58ffbbad382db9aec06c4705898c6be0831e87c7e165,2026-07-13T08:53:44.243Z,452,452,616,29,Untrusted,2026-07-13T08:53:43.413Z,0x2f0845bf4c60f8332d78b8e7e345a23afe93da935e3c1e897983fae774cef5e7,,variant-batch live execution
datm-live-2026-07-13T08-53-43-261Z,C,entity-01-normal,normal,2,2026-07-13T08:53:49.361Z,2026-07-13T08:53:49.361Z,2026-07-13T08:53:49.361Z,0,2026-07-13T08:53:49.476Z,0xe5d9a7b5c84198ea4ea98c91cfbe363318b4272ac312ccb2049af0c2de984db4,2026-07-13T08:53:57.767Z,success,40187,1000,6376758,0xb818853e6330ef238cb7e5dc87e5a63d870a6465c6de3b7ce3b03f8e65ef4c62,2026-07-13T08:53:57.767Z,8291,8291,8406,93,Trusted,2026-07-13T08:53:53.413Z,0x9f3a90c3796e6f4144f13ba7d6c47a7cdc3eb6584d00b01f8e9166c5e72e52f7,,variant-batch live execution
datm-live-2026-07-13T08-53-43-261Z,C,entity-02-normal,normal,2,2026-07-13T08:53:49.362Z,2026-07-13T08:53:49.362Z,2026-07-13T08:53:49.362Z,0,2026-07-13T08:53:49.476Z,0x40445740fe069e9558a5717feda6abefba2b42de8d7ace96f91e5ed96d5199f0,2026-07-13T08:53:57.749Z,success,40199,1000,6376758,0xb818853e6330ef238cb7e5dc87e5a63d870a6465c6de3b7ce3b03f8e65ef4c62,2026-07-13T08:53:57.749Z,8273,8273,8387,93,Trusted,2026-07-13T08:53:53.413Z,0x6d57f9a54bd746c71abbbe4665bd50eab817d8f305750a6a978e590be7bcb563,,variant-batch live execution
datm-live-2026-07-13T08-53-43-261Z,C,entity-03-normal,normal,2,2026-07-13T08:53:49.364Z,2026-07-13T08:53:49.364Z,2026-07-13T08:53:49.364Z,0,2026-07-13T08:53:49.486Z,0x7d4267015c78a0d94a39850dfacfea062ace3fed4d17ebaa372a0fe4ebc885ac,2026-07-13T08:53:57.750Z,success,40211,1000,6376758,0xb818853e6330ef238cb7e5dc87e5a63d870a6465c6de3b7ce3b03f8e65ef4c62,2026-07-13T08:53:57.750Z,8264,8264,8386,91,Trusted,2026-07-13T08:53:53.413Z,0xabffaf568653afd59b016c77019c93d8e2c2658a6ce9ecb43166874deefb34cf,,variant-batch live execution
datm-live-2026-07-13T08-53-43-261Z,C,entity-04-normal,normal,2,2026-07-13T08:53:49.365Z,2026-07-13T08:53:49.365Z,2026-07-13T08:53:49.365Z,0,2026-07-13T08:53:49.486Z,0xd1c7e4206eefd0b08f0e07c3cb98f66f68246796e9fe87930ec27c84618e9237,2026-07-13T08:53:57.742Z,success,40199,1000,6376758,0xb818853e6330ef238cb7e5dc87e5a63d870a6465c6de3b7ce3b03f8e65ef4c62,2026-07-13T08:53:57.742Z,8256,8256,8377,93,Trusted,2026-07-13T08:53:53.413Z,0x77eafcccc9d4d4517cddafe7ef38ac5a06a027277ea811d56a2bad668abceec1,,variant-batch live execution
datm-live-2026-07-13T08-53-43-261Z,C,entity-05-suspicious,suspicious,2,2026-07-13T08:53:49.366Z,2026-07-13T08:53:49.366Z,2026-07-13T08:53:49.366Z,0,2026-07-13T08:53:49.504Z,0xc8bd0cf5a9e3b688741dcb52f02c523aab3418687f28df941799cfeaf17bb0eb,2026-07-13T08:53:57.749Z,success,40279,1000,6376758,0xb818853e6330ef238cb7e5dc87e5a63d870a6465c6de3b7ce3b03f8e65ef4c62,2026-07-13T08:53:57.749Z,8245,8245,8383,60,Suspicious,2026-07-13T08:53:53.413Z,0xf31d001dc1554de1ecfa1d5d9bad423ca8d37dbbad4fdaee2b082e20b5c03834,,variant-batch live execution
datm-live-2026-07-13T08-53-43-261Z,C,entity-06-suspicious,suspicious,2,2026-07-13T08:53:49.367Z,2026-07-13T08:53:49.367Z,2026-07-13T08:53:49.367Z,0,2026-07-13T08:53:49.486Z,0xdc7236c36c9d1afeab9da8eb268f82116cd3a561f0679c8235235cec8864e0f2,2026-07-13T08:53:57.750Z,success,40291,1000,6376758,0xb818853e6330ef238cb7e5dc87e5a63d870a6465c6de3b7ce3b03f8e65ef4c62,2026-07-13T08:53:57.750Z,8264,8264,8383,60,Suspicious,2026-07-13T08:53:53.413Z,0x0915c733cb679605492988b7612269675a0c8d6fbb14507b20bf0667255158d8,,variant-batch live execution
datm-live-2026-07-13T08-53-43-261Z,C,entity-07-suspicious,suspicious,2,2026-07-13T08:53:49.368Z,2026-07-13T08:53:49.368Z,2026-07-13T08:53:49.368Z,0,2026-07-13T08:53:49.486Z,0x38652fbfb82e09ef38a81636980a494299a40fae82009b93c958757ab5cdcec3,2026-07-13T08:53:57.931Z,success,40291,1000,6376758,0xb818853e6330ef238cb7e5dc87e5a63d870a6465c6de3b7ce3b03f8e65ef4c62,2026-07-13T08:53:57.931Z,8445,8445,8563,63,Suspicious,2026-07-13T08:53:53.413Z,0x5b1469aab52093aa86c5d7eca2fa2e4a06bc18d8b82c029c8f6d3e6437bb94ce,,variant-batch live execution
datm-live-2026-07-13T08-53-43-261Z,C,entity-08-malicious,malicious,2,2026-07-13T08:53:49.369Z,2026-07-13T08:53:49.369Z,2026-07-13T08:53:49.369Z,0,2026-07-13T08:53:49.504Z,0xef804820cf912ff0e8ef1fdab1e79c04713ee47ef6fa22ff386d2f0881218d91,2026-07-13T08:53:57.950Z,success,40290,1000,6376758,0xb818853e6330ef238cb7e5dc87e5a63d870a6465c6de3b7ce3b03f8e65ef4c62,2026-07-13T08:53:57.950Z,8446,8446,8581,30,Untrusted,2026-07-13T08:53:53.413Z,0xa2e1a3c4c7599595ff45f418f006cddcb63b2a5bf283c23acd95be7313d45ecb,,variant-batch live execution
datm-live-2026-07-13T08-53-43-261Z,C,entity-09-malicious,malicious,2,2026-07-13T08:53:49.370Z,2026-07-13T08:53:49.370Z,2026-07-13T08:53:49.370Z,0,2026-07-13T08:53:49.486Z,0x9bea14dfbeab7509815a363a1e107201e1845e7c8175271e12dfb867eb07dc8a,2026-07-13T08:53:57.972Z,success,40278,1000,6376758,0xb818853e6330ef238cb7e5dc87e5a63d870a6465c6de3b7ce3b03f8e65ef4c62,2026-07-13T08:53:57.972Z,8486,8486,8602,28,Untrusted,2026-07-13T08:53:53.413Z,0x3bde3e9fb8b533e414fdad8691008ba70e80a2d5b2a60ce79f54b44c34d0d253,,variant-batch live execution
datm-live-2026-07-13T08-53-43-261Z,C,entity-10-malicious,malicious,2,2026-07-13T08:53:49.370Z,2026-07-13T08:53:49.370Z,2026-07-13T08:53:49.370Z,0,2026-07-13T08:53:49.504Z,0x6817c6c133b8b0bfd4a30aba29cb6f1c617c966db66727db10ea54717fe3715e,2026-07-13T08:53:57.967Z,success,40278,1000,6376758,0xb818853e6330ef238cb7e5dc87e5a63d870a6465c6de3b7ce3b03f8e65ef4c62,2026-07-13T08:53:57.967Z,8463,8463,8597,32,Untrusted,2026-07-13T08:53:53.413Z,0xd41acc54f44d99b3218f8603d3b21be24708d376314c4608d238810ac9719518,,variant-batch live execution
datm-live-2026-07-13T08-53-43-261Z,C,entity-01-normal,normal,3,2026-07-13T08:54:03.100Z,2026-07-13T08:54:03.100Z,2026-07-13T08:54:03.100Z,0,2026-07-13T08:54:03.262Z,0x713f6393fbcba16c89edc4f37be44ffaa6aa8af3bb4257f6feeb72ca8ed477c9,2026-07-13T08:54:07.686Z,success,40187,1000,6376760,0x87e80e18c39a1b978112aa07a641d8fa6cab651879c9f4addf5dff3f56d1acff,2026-07-13T08:54:07.686Z,4424,4424,4586,93,Trusted,2026-07-13T08:54:03.413Z,0xac7bba9b56a7c121303b6543b4ba62a6b465e6e738783c62f728dc3d29097700,,variant-batch live execution
datm-live-2026-07-13T08-53-43-261Z,C,entity-02-normal,normal,3,2026-07-13T08:54:03.102Z,2026-07-13T08:54:03.102Z,2026-07-13T08:54:03.102Z,0,2026-07-13T08:54:03.261Z,0x09f4edaa8963f15fa3beda51dac732039f8c3884b7c4fefb3e9f3b4ca1c10a7b,2026-07-13T08:54:07.690Z,success,40211,1000,6376760,0x87e80e18c39a1b978112aa07a641d8fa6cab651879c9f4addf5dff3f56d1acff,2026-07-13T08:54:07.690Z,4429,4429,4588,92,Trusted,2026-07-13T08:54:03.413Z,0xf615043d27f75aa48a41055a5e7c3bae1539681c32df36e7a71a88d536df85e1,,variant-batch live execution
datm-live-2026-07-13T08-53-43-261Z,C,entity-03-normal,normal,3,2026-07-13T08:54:03.103Z,2026-07-13T08:54:03.103Z,2026-07-13T08:54:03.103Z,0,2026-07-13T08:54:03.262Z,0x173994a8e0e1926468ac38077e8978a2205d6061d5970f18f00495894d5cd41c,2026-07-13T08:54:07.687Z,success,40199,1000,6376760,0x87e80e18c39a1b978112aa07a641d8fa6cab651879c9f4addf5dff3f56d1acff,2026-07-13T08:54:07.687Z,4425,4425,4584,93,Trusted,2026-07-13T08:54:03.413Z,0xd45a4f8611368a51dd55c13c61a72e3dd64b6568a7a3151d353c755d6f14ee6a,,variant-batch live execution
datm-live-2026-07-13T08-53-43-261Z,C,entity-04-normal,normal,3,2026-07-13T08:54:03.103Z,2026-07-13T08:54:03.103Z,2026-07-13T08:54:03.103Z,0,2026-07-13T08:54:03.263Z,0x126ec63124b6ce276deb9c1275170bfba20ed32ea98257935e740078644f5b24,2026-07-13T08:54:07.688Z,success,40199,1000,6376760,0x87e80e18c39a1b978112aa07a641d8fa6cab651879c9f4addf5dff3f56d1acff,2026-07-13T08:54:07.688Z,4425,4425,4585,93,Trusted,2026-07-13T08:54:03.413Z,0xbf439e4ff3c103ace229cd7a69e6a1a4f95f7772e558461a8bd7c857e23df136,,variant-batch live execution
datm-live-2026-07-13T08-53-43-261Z,C,entity-05-suspicious,suspicious,3,2026-07-13T08:54:03.103Z,2026-07-13T08:54:03.103Z,2026-07-13T08:54:03.103Z,0,2026-07-13T08:54:03.263Z,0x9dd6808977120bda7a446cbd7a8ea4ec404b87bb397ed36185759d4a1aef0806,2026-07-13T08:54:07.764Z,success,40291,1000,6376760,0x87e80e18c39a1b978112aa07a641d8fa6cab651879c9f4addf5dff3f56d1acff,2026-07-13T08:54:07.764Z,4501,4501,4661,60,Suspicious,2026-07-13T08:54:03.413Z,0xc23a6cc29b63476de62bb6e18722040bfc38928bed63a3820394cfaf07b5e3d0,,variant-batch live execution
datm-live-2026-07-13T08-53-43-261Z,C,entity-06-suspicious,suspicious,3,2026-07-13T08:54:03.104Z,2026-07-13T08:54:03.104Z,2026-07-13T08:54:03.104Z,0,2026-07-13T08:54:03.263Z,0x13f7dbdea414c3def42149472e0ecb371d4ad23144104830cc4b46efee78c6a9,2026-07-13T08:54:07.690Z,success,40291,1000,6376760,0x87e80e18c39a1b978112aa07a641d8fa6cab651879c9f4addf5dff3f56d1acff,2026-07-13T08:54:07.690Z,4427,4427,4586,64,Suspicious,2026-07-13T08:54:03.413Z,0x5027066e3be96032469140aabcc830cc25022d4461a042f68dcbb91b5966529d,,variant-batch live execution
datm-live-2026-07-13T08-53-43-261Z,C,entity-07-suspicious,suspicious,3,2026-07-13T08:54:03.104Z,2026-07-13T08:54:03.104Z,2026-07-13T08:54:03.104Z,0,2026-07-13T08:54:03.320Z,0xff0133711efd5a26c6c9de2df7b751486fad668037e888a69f98ecddcc06fcc0,2026-07-13T08:54:08.005Z,success,40291,1000,6376760,0x87e80e18c39a1b978112aa07a641d8fa6cab651879c9f4addf5dff3f56d1acff,2026-07-13T08:54:08.005Z,4685,4685,4901,60,Suspicious,2026-07-13T08:54:03.413Z,0xe37b95ab3f55fa78d3674dfa916139e218ae3a1c3c4f891565e1d4dc836f4401,,variant-batch live execution
datm-live-2026-07-13T08-53-43-261Z,C,entity-08-malicious,malicious,3,2026-07-13T08:54:03.105Z,2026-07-13T08:54:03.105Z,2026-07-13T08:54:03.105Z,0,2026-07-13T08:54:03.320Z,0xf540d9378954650198c2bb735064d392b9f180be9625888c436dd81b5b83f098,2026-07-13T08:54:08.041Z,success,40290,1000,6376760,0x87e80e18c39a1b978112aa07a641d8fa6cab651879c9f4addf5dff3f56d1acff,2026-07-13T08:54:08.041Z,4721,4721,4936,28,Untrusted,2026-07-13T08:54:03.413Z,0x8c8be3d6e938e5f987f9d1f98a66292ed93dca28d51f35b52c1f0d24e83a6154,,variant-batch live execution
datm-live-2026-07-13T08-53-43-261Z,C,entity-09-malicious,malicious,3,2026-07-13T08:54:03.105Z,2026-07-13T08:54:03.105Z,2026-07-13T08:54:03.105Z,0,2026-07-13T08:54:03.320Z,0x80c41414f7b22c79a1d848c263b16cc34641fc9c9857bfaaa7c8d92c35a844be,2026-07-13T08:54:08.087Z,success,40290,1000,6376760,0x87e80e18c39a1b978112aa07a641d8fa6cab651879c9f4addf5dff3f56d1acff,2026-07-13T08:54:08.087Z,4767,4767,4982,30,Untrusted,2026-07-13T08:54:03.413Z,0x3f51dc908aa1ede1e0c5193d94c3e5e75ddafcd187fc9fd6babaddc0d4dc4ff0,,variant-batch live execution
datm-live-2026-07-13T08-53-43-261Z,C,entity-10-malicious,malicious,3,2026-07-13T08:54:03.105Z,2026-07-13T08:54:03.105Z,2026-07-13T08:54:03.105Z,0,2026-07-13T08:54:03.321Z,0x43b2d31cbd1965ee9f411b8051fd5fec099d40541b4a3bea8ce73ac101641efd,2026-07-13T08:54:08.122Z,success,40278,1000,6376760,0x87e80e18c39a1b978112aa07a641d8fa6cab651879c9f4addf5dff3f56d1acff,2026-07-13T08:54:08.122Z,4801,4801,5017,30,Untrusted,2026-07-13T08:54:03.413Z,0x9f894c355bb568639598749a26dae095aaec14bee8805a79050ab08ef17cb9fc,,variant-batch live execution
datm-live-2026-07-13T08-53-43-261Z,C,entity-01-normal,normal,4,2026-07-13T08:54:13.296Z,2026-07-13T08:54:13.296Z,2026-07-13T08:54:13.296Z,0,2026-07-13T08:54:13.653Z,0x0266e9011462119cd26c55383d5f25749dba0052eec9fffaf9b71158f7306331,2026-07-13T08:54:14.026Z,success,40211,1000,6376762,0xd38fd7880fcde6e7969ad35d65bae187d5857111610036786327238cc8a77e4a,2026-07-13T08:54:14.026Z,373,373,730,91,Trusted,2026-07-13T08:54:13.413Z,0xb55f1277b567e0dca95b195de924f92199ecb2a18968362a532ad7e1dc4edbc5,,variant-batch live execution
datm-live-2026-07-13T08-53-43-261Z,C,entity-02-normal,normal,4,2026-07-13T08:54:13.298Z,2026-07-13T08:54:13.298Z,2026-07-13T08:54:13.298Z,0,2026-07-13T08:54:13.651Z,0x06f6af5221b5e3cd3b6ba782cc7767db45f8b30b1dd16d81546d5b6626a72b7d,2026-07-13T08:54:14.026Z,success,40199,1000,6376762,0xd38fd7880fcde6e7969ad35d65bae187d5857111610036786327238cc8a77e4a,2026-07-13T08:54:14.026Z,375,375,728,93,Trusted,2026-07-13T08:54:13.413Z,0x7339121eb8e754fc8befba69eca0394e59089686b156f9c5ec0edb49a4bbeb23,,variant-batch live execution
datm-live-2026-07-13T08-53-43-261Z,C,entity-03-normal,normal,4,2026-07-13T08:54:13.298Z,2026-07-13T08:54:13.298Z,2026-07-13T08:54:13.298Z,0,2026-07-13T08:54:13.654Z,0x082d36392a8366e9469bd5123374eb586b6c4edf9a6b5abd479ae1d1e29dabf7,2026-07-13T08:54:14.025Z,success,40199,1000,6376762,0xd38fd7880fcde6e7969ad35d65bae187d5857111610036786327238cc8a77e4a,2026-07-13T08:54:14.025Z,371,371,727,93,Trusted,2026-07-13T08:54:13.413Z,0xcc586edfedfe617ebc8026106d795cc75c0a01ae6101c71a6cc33845a845f0d2,,variant-batch live execution
datm-live-2026-07-13T08-53-43-261Z,C,entity-04-normal,normal,4,2026-07-13T08:54:13.299Z,2026-07-13T08:54:13.299Z,2026-07-13T08:54:13.299Z,0,2026-07-13T08:54:13.654Z,0x4e394457bfb6f0e2314cf7d3fc836ceb71c8654cce625de9e99b522a5d96e2f8,2026-07-13T08:54:14.026Z,success,40211,1000,6376762,0xd38fd7880fcde6e7969ad35d65bae187d5857111610036786327238cc8a77e4a,2026-07-13T08:54:14.026Z,372,372,727,91,Trusted,2026-07-13T08:54:13.413Z,0x16ae6d33724e75a960096cf6090deba9cfc194cb4ba866a3dc4a16334b24fe56,,variant-batch live execution
datm-live-2026-07-13T08-53-43-261Z,C,entity-05-suspicious,suspicious,4,2026-07-13T08:54:13.300Z,2026-07-13T08:54:13.300Z,2026-07-13T08:54:13.300Z,0,2026-07-13T08:54:13.680Z,0x77e1c1c18cac66c50168a2825eaced6a5a447088f8cabb77f900a2338337a157,2026-07-13T08:54:14.026Z,success,40291,1000,6376762,0xd38fd7880fcde6e7969ad35d65bae187d5857111610036786327238cc8a77e4a,2026-07-13T08:54:14.026Z,346,346,726,64,Suspicious,2026-07-13T08:54:13.413Z,0x7c36ca8ed50b5a0524da660a9ca118eea765d70242f61851aff2a576bd19610c,,variant-batch live execution
datm-live-2026-07-13T08-53-43-261Z,C,entity-06-suspicious,suspicious,4,2026-07-13T08:54:13.300Z,2026-07-13T08:54:13.300Z,2026-07-13T08:54:13.300Z,0,2026-07-13T08:54:13.680Z,0x7e7548c9458b3ef54b437554d2b3741d2abb403ca3ae019063c9a0336a38477c,2026-07-13T08:54:14.055Z,success,40291,1000,6376762,0xd38fd7880fcde6e7969ad35d65bae187d5857111610036786327238cc8a77e4a,2026-07-13T08:54:14.055Z,375,375,755,61,Suspicious,2026-07-13T08:54:13.413Z,0xfde8bae8237ba8caf6e062ccd49dd0f66f61319934c865955e77399b246bada5,,variant-batch live execution
datm-live-2026-07-13T08-53-43-261Z,C,entity-07-suspicious,suspicious,4,2026-07-13T08:54:13.300Z,2026-07-13T08:54:13.300Z,2026-07-13T08:54:13.300Z,0,2026-07-13T08:54:13.654Z,0x8cd1332877ba6730525404b2e028db82315e5977850564dd9bd3f6e186b725b3,2026-07-13T08:54:14.389Z,success,40291,1000,6376762,0xd38fd7880fcde6e7969ad35d65bae187d5857111610036786327238cc8a77e4a,2026-07-13T08:54:14.389Z,735,735,1089,60,Suspicious,2026-07-13T08:54:13.413Z,0xc2ddebf954b734b41b131e1d9ccf0f2ed33a3cf5cb17cc7ab84a1daa1e6dc520,,variant-batch live execution
datm-live-2026-07-13T08-53-43-261Z,C,entity-08-malicious,malicious,4,2026-07-13T08:54:13.301Z,2026-07-13T08:54:13.301Z,2026-07-13T08:54:13.301Z,0,2026-07-13T08:54:13.655Z,0x1d8241981d4166e2ab056b0d3764a862cde2787052a9451a8a3c5d7ee731916e,2026-07-13T08:54:14.386Z,success,40290,1000,6376762,0xd38fd7880fcde6e7969ad35d65bae187d5857111610036786327238cc8a77e4a,2026-07-13T08:54:14.386Z,731,731,1085,30,Untrusted,2026-07-13T08:54:13.413Z,0x9f1a4d4a6d550ad71e4d40905574926d4ad80aa8c0633fa7a6aab1cf853ff83d,,variant-batch live execution
datm-live-2026-07-13T08-53-43-261Z,C,entity-09-malicious,malicious,4,2026-07-13T08:54:13.301Z,2026-07-13T08:54:13.301Z,2026-07-13T08:54:13.301Z,0,2026-07-13T08:54:13.680Z,0xaccaaebb2ef26c2840b11fecd2fd2cb42bd05073e2c9881d104adcdab10ab69d,2026-07-13T08:54:14.388Z,success,40278,1000,6376762,0xd38fd7880fcde6e7969ad35d65bae187d5857111610036786327238cc8a77e4a,2026-07-13T08:54:14.388Z,708,708,1087,29,Untrusted,2026-07-13T08:54:13.413Z,0x6e9cc5e18462a961209330dd5e005259c3bd3e034bbb0758bf9fcf6b548fdeaa,,variant-batch live execution
datm-live-2026-07-13T08-53-43-261Z,C,entity-10-malicious,malicious,4,2026-07-13T08:54:13.302Z,2026-07-13T08:54:13.302Z,2026-07-13T08:54:13.302Z,0,2026-07-13T08:54:13.681Z,0x378e243ce260752434c526d5dffb23cfbf024161ed2ba3becc021fa6f43c8a08,2026-07-13T08:54:14.415Z,success,40266,1000,6376762,0xd38fd7880fcde6e7969ad35d65bae187d5857111610036786327238cc8a77e4a,2026-07-13T08:54:14.415Z,734,734,1113,29,Untrusted,2026-07-13T08:54:13.413Z,0xba73e7dc30ee0ea225878be3745700012e66f052abdf5461adbac0a286858b3e,,variant-batch live execution
datm-live-2026-07-13T08-53-43-261Z,C,entity-01-normal,normal,5,2026-07-13T08:54:19.721Z,2026-07-13T08:54:19.721Z,2026-07-13T08:54:19.721Z,0,2026-07-13T08:54:19.838Z,0x5ded3c1e725e9a572f19945c2cb255f90b2d94f210c7c641526d8102282c3fc6,2026-07-13T08:54:24.096Z,success,40199,1000,6376764,0x14a7c284cf251bffa83b75d957293fd91d12def49311fa23c4cfd12f0a4ef4f9,2026-07-13T08:54:24.096Z,4258,4258,4375,93,Trusted,2026-07-13T08:54:23.413Z,0x61d5e8741de2e0aa0beeb471139eca6c0e363210097c5b248efbb11e74aa5510,,variant-batch live execution
datm-live-2026-07-13T08-53-43-261Z,C,entity-02-normal,normal,5,2026-07-13T08:54:19.723Z,2026-07-13T08:54:19.723Z,2026-07-13T08:54:19.723Z,0,2026-07-13T08:54:19.838Z,0x9aee936808fe863631679bee3a526a8c080337b41f2fe4032bc48e9ed1007698,2026-07-13T08:54:24.129Z,success,40199,1000,6376764,0x14a7c284cf251bffa83b75d957293fd91d12def49311fa23c4cfd12f0a4ef4f9,2026-07-13T08:54:24.129Z,4291,4291,4406,93,Trusted,2026-07-13T08:54:23.413Z,0x47907c736820640cf578f1c8d9ad74d0f93f0d8aaf4456d33e76adfcc4ac60c9,,variant-batch live execution
datm-live-2026-07-13T08-53-43-261Z,C,entity-03-normal,normal,5,2026-07-13T08:54:19.723Z,2026-07-13T08:54:19.723Z,2026-07-13T08:54:19.723Z,0,2026-07-13T08:54:19.848Z,0x58fd3e60243b47774ec181632ef2b67c0ddd2874730a2a3a163f28c281df87ab,2026-07-13T08:54:24.097Z,success,40199,1000,6376764,0x14a7c284cf251bffa83b75d957293fd91d12def49311fa23c4cfd12f0a4ef4f9,2026-07-13T08:54:24.097Z,4249,4249,4374,92,Trusted,2026-07-13T08:54:23.413Z,0x8de5b85c3dcd5afba375b2e93d8b21a9c317c4dfad3000afdd3592205dff2e39,,variant-batch live execution
datm-live-2026-07-13T08-53-43-261Z,C,entity-04-normal,normal,5,2026-07-13T08:54:19.724Z,2026-07-13T08:54:19.724Z,2026-07-13T08:54:19.724Z,0,2026-07-13T08:54:19.848Z,0xb689f98ee05506653295b5e7ad9bfb2ae32d3bf5c1cefad72a0b5d704a866e0f,2026-07-13T08:54:24.098Z,success,40199,1000,6376764,0x14a7c284cf251bffa83b75d957293fd91d12def49311fa23c4cfd12f0a4ef4f9,2026-07-13T08:54:24.098Z,4250,4250,4374,93,Trusted,2026-07-13T08:54:23.413Z,0x8b55a77bf8a6d9878ff13c5418d904750fd033db41b465439f9a1a568eb9682d,,variant-batch live execution
datm-live-2026-07-13T08-53-43-261Z,C,entity-05-suspicious,suspicious,5,2026-07-13T08:54:19.725Z,2026-07-13T08:54:19.725Z,2026-07-13T08:54:19.725Z,0,2026-07-13T08:54:19.848Z,0x9c8f7a7ec223e267352fa09cb199079d8b3d68af7d730edc211f7284c91a0685,2026-07-13T08:54:24.098Z,success,40291,1000,6376764,0x14a7c284cf251bffa83b75d957293fd91d12def49311fa23c4cfd12f0a4ef4f9,2026-07-13T08:54:24.098Z,4250,4250,4373,61,Suspicious,2026-07-13T08:54:23.413Z,0x40b0726309873e4db62f2c7d75783c3d1836f6fe0720b2f8418dcac618e5a3a3,,variant-batch live execution
datm-live-2026-07-13T08-53-43-261Z,C,entity-06-suspicious,suspicious,5,2026-07-13T08:54:19.725Z,2026-07-13T08:54:19.725Z,2026-07-13T08:54:19.725Z,0,2026-07-13T08:54:19.848Z,0x00f667544948a0446f36eee99b02b070ec1d749ed0f840139e594e3b3729759c,2026-07-13T08:54:24.095Z,success,40291,1000,6376764,0x14a7c284cf251bffa83b75d957293fd91d12def49311fa23c4cfd12f0a4ef4f9,2026-07-13T08:54:24.095Z,4247,4247,4370,59,Suspicious,2026-07-13T08:54:23.413Z,0x9e625ac46525377061a9beee468f4060e93bde75aaf82640cadc4641dd400dc3,,variant-batch live execution
datm-live-2026-07-13T08-53-43-261Z,C,entity-07-suspicious,suspicious,5,2026-07-13T08:54:19.726Z,2026-07-13T08:54:19.726Z,2026-07-13T08:54:19.726Z,0,2026-07-13T08:54:19.848Z,0xa9d95f1189eb349b92d628634efa42c4b767d97bd8023fe9ac83d0c677d88ad8,2026-07-13T08:54:24.309Z,success,40291,1000,6376764,0x14a7c284cf251bffa83b75d957293fd91d12def49311fa23c4cfd12f0a4ef4f9,2026-07-13T08:54:24.309Z,4461,4461,4583,64,Suspicious,2026-07-13T08:54:23.413Z,0x48b6572094347051ff6ce35770a993f102139b644fe55807feb95fd3f8af2ae1,,variant-batch live execution
datm-live-2026-07-13T08-53-43-261Z,C,entity-08-malicious,malicious,5,2026-07-13T08:54:19.726Z,2026-07-13T08:54:19.726Z,2026-07-13T08:54:19.726Z,0,2026-07-13T08:54:19.863Z,0xa79fc981214b22c8384533569c83a62d917feb241c2bde4591a615a1c456a6cf,2026-07-13T08:54:24.289Z,success,40290,1000,6376764,0x14a7c284cf251bffa83b75d957293fd91d12def49311fa23c4cfd12f0a4ef4f9,2026-07-13T08:54:24.289Z,4426,4426,4563,30,Untrusted,2026-07-13T08:54:23.413Z,0x2c7adf98e3bf29f80da6f7b245c6bc61eccc4dfeb909022e517b8531e19d8b5e,,variant-batch live execution
datm-live-2026-07-13T08-53-43-261Z,C,entity-09-malicious,malicious,5,2026-07-13T08:54:19.727Z,2026-07-13T08:54:19.727Z,2026-07-13T08:54:19.727Z,0,2026-07-13T08:54:19.863Z,0xf99dd427f4006513ba14b8ffe191cf279a494fa8332f676c268854f513fe0d2a,2026-07-13T08:54:24.327Z,success,40290,1000,6376764,0x14a7c284cf251bffa83b75d957293fd91d12def49311fa23c4cfd12f0a4ef4f9,2026-07-13T08:54:24.327Z,4464,4464,4600,28,Untrusted,2026-07-13T08:54:23.413Z,0x79c650a7aad26fb61d5552e95d3a83202bd3d078a7f83fad4ef4eff2ec9eaf86,,variant-batch live execution
datm-live-2026-07-13T08-53-43-261Z,C,entity-10-malicious,malicious,5,2026-07-13T08:54:19.727Z,2026-07-13T08:54:19.727Z,2026-07-13T08:54:19.727Z,0,2026-07-13T08:54:19.863Z,0xf2b7c77592793f96fa9467657973bf3e531620f545bd4e5daf2e0bcdeeedf6e2,2026-07-13T08:54:24.326Z,success,40278,1000,6376764,0x14a7c284cf251bffa83b75d957293fd91d12def49311fa23c4cfd12f0a4ef4f9,2026-07-13T08:54:24.326Z,4463,4463,4599,31,Untrusted,2026-07-13T08:54:23.413Z,0x0177a2647e21438aa4b75495e8068fc66f9accf26831c9e5a1a3d1c2fef8cf57,,variant-batch live execution
datm-live-2026-07-13T08-53-43-261Z,C,entity-01-normal,normal,6,2026-07-13T08:54:29.454Z,2026-07-13T08:54:29.454Z,2026-07-13T08:54:29.454Z,0,2026-07-13T08:54:29.565Z,0xfc117a1e0d2398a84acc7dee2a8fb9e33bdac55ebbb898d32f10dc198cd4fe2f,2026-07-13T08:54:37.897Z,success,40187,1000,6376766,0x46d8a58c83dd888cd8a6ad77fda24b8ac40d342a9998104efee8720294a9190d,2026-07-13T08:54:37.897Z,8332,8332,8443,93,Trusted,2026-07-13T08:54:33.413Z,0x87327ab7125862b9795cb2009dc06f7c09ee46b983f35117cc8c6d1626dff38d,,variant-batch live execution
datm-live-2026-07-13T08-53-43-261Z,C,entity-02-normal,normal,6,2026-07-13T08:54:29.456Z,2026-07-13T08:54:29.456Z,2026-07-13T08:54:29.456Z,0,2026-07-13T08:54:29.564Z,0x2bc9dfbd425aeb99db831cec3a08a80d3bac2eda9af40f33b38f1a36bd593124,2026-07-13T08:54:37.879Z,success,40211,1000,6376766,0x46d8a58c83dd888cd8a6ad77fda24b8ac40d342a9998104efee8720294a9190d,2026-07-13T08:54:37.879Z,8315,8315,8423,92,Trusted,2026-07-13T08:54:33.413Z,0x9785f50ec21b6fbf233f5c0e0bf4756b7c199e5e38b9e7787a93babbe84769a1,,variant-batch live execution
datm-live-2026-07-13T08-53-43-261Z,C,entity-03-normal,normal,6,2026-07-13T08:54:29.457Z,2026-07-13T08:54:29.457Z,2026-07-13T08:54:29.457Z,0,2026-07-13T08:54:29.565Z,0x211502b220fc1680a1d8c03f0f2e1c68d92cd7d237a110f7df5b362e763db231,2026-07-13T08:54:37.877Z,success,40199,1000,6376766,0x46d8a58c83dd888cd8a6ad77fda24b8ac40d342a9998104efee8720294a9190d,2026-07-13T08:54:37.877Z,8312,8312,8420,93,Trusted,2026-07-13T08:54:33.413Z,0xa8db147f0e2c1b4320a3ef148fd3f36cc7436af45b983b977bf4abfda83577cb,,variant-batch live execution
datm-live-2026-07-13T08-53-43-261Z,C,entity-04-normal,normal,6,2026-07-13T08:54:29.458Z,2026-07-13T08:54:29.458Z,2026-07-13T08:54:29.458Z,0,2026-07-13T08:54:29.565Z,0xce73b3930e4c265337736a1b3d421433f0474ce35b485b1aebc893e97f24ccd9,2026-07-13T08:54:37.838Z,success,40199,1000,6376766,0x46d8a58c83dd888cd8a6ad77fda24b8ac40d342a9998104efee8720294a9190d,2026-07-13T08:54:37.838Z,8273,8273,8380,93,Trusted,2026-07-13T08:54:33.413Z,0xbd40f2099201ebee5cb2d1b4f79c81fb78f7fad613b2636c59dba510ba26c94d,,variant-batch live execution
datm-live-2026-07-13T08-53-43-261Z,C,entity-05-suspicious,suspicious,6,2026-07-13T08:54:29.459Z,2026-07-13T08:54:29.459Z,2026-07-13T08:54:29.459Z,0,2026-07-13T08:54:29.565Z,0x04f84eb99c688af5ff940f374a3769f51dfc89d6ac205e6d3dfea295fe8137cf,2026-07-13T08:54:37.881Z,success,40291,1000,6376766,0x46d8a58c83dd888cd8a6ad77fda24b8ac40d342a9998104efee8720294a9190d,2026-07-13T08:54:37.881Z,8316,8316,8422,59,Suspicious,2026-07-13T08:54:33.413Z,0x0b7a8ea17eaff6f501895f8d9d19166dece0499601108f0505783a88d3b698eb,,variant-batch live execution
datm-live-2026-07-13T08-53-43-261Z,C,entity-06-suspicious,suspicious,6,2026-07-13T08:54:29.459Z,2026-07-13T08:54:29.459Z,2026-07-13T08:54:29.459Z,0,2026-07-13T08:54:29.593Z,0x4c4a92442162310824c741a962509aeb1bfde3e55457f333a92abc67fc766135,2026-07-13T08:54:37.857Z,success,40291,1000,6376766,0x46d8a58c83dd888cd8a6ad77fda24b8ac40d342a9998104efee8720294a9190d,2026-07-13T08:54:37.857Z,8264,8264,8398,60,Suspicious,2026-07-13T08:54:33.413Z,0x99dc82dac65aad325b2ac47ec2651780230a43fe954e906940e90716fb88766b,,variant-batch live execution
datm-live-2026-07-13T08-53-43-261Z,C,entity-07-suspicious,suspicious,6,2026-07-13T08:54:29.460Z,2026-07-13T08:54:29.460Z,2026-07-13T08:54:29.460Z,0,2026-07-13T08:54:29.593Z,0x7c8f88fc198bf06d8769653bcf7c1bedf4a883c67eac5ca4da46eef9f125b63b,2026-07-13T08:54:38.079Z,success,40291,1000,6376766,0x46d8a58c83dd888cd8a6ad77fda24b8ac40d342a9998104efee8720294a9190d,2026-07-13T08:54:38.079Z,8486,8486,8619,61,Suspicious,2026-07-13T08:54:33.413Z,0x01ac2bc81735868bf8d9122107b21d44d0c7f04fc71b651fdd9360ecf2b7ce21,,variant-batch live execution
datm-live-2026-07-13T08-53-43-261Z,C,entity-08-malicious,malicious,6,2026-07-13T08:54:29.460Z,2026-07-13T08:54:29.460Z,2026-07-13T08:54:29.460Z,0,2026-07-13T08:54:29.593Z,0x72bebc8137287d5991faa619c713bb3fff9f29c3e2f22427458849c2a9032a8f,2026-07-13T08:54:38.069Z,success,40290,1000,6376766,0x46d8a58c83dd888cd8a6ad77fda24b8ac40d342a9998104efee8720294a9190d,2026-07-13T08:54:38.069Z,8476,8476,8609,28,Untrusted,2026-07-13T08:54:33.413Z,0xfa859462e8d93f015e876f2d1aeb50263d0b4c59440e4dcb8bf1f023a1d909dc,,variant-batch live execution
datm-live-2026-07-13T08-53-43-261Z,C,entity-09-malicious,malicious,6,2026-07-13T08:54:29.461Z,2026-07-13T08:54:29.461Z,2026-07-13T08:54:29.461Z,0,2026-07-13T08:54:29.566Z,0xcb72e0f1f0cc277a4286feea7dc4d9a36abc8a23c7b8710f5ff8a94d58e128aa,2026-07-13T08:54:38.067Z,success,40290,1000,6376766,0x46d8a58c83dd888cd8a6ad77fda24b8ac40d342a9998104efee8720294a9190d,2026-07-13T08:54:38.067Z,8501,8501,8606,29,Untrusted,2026-07-13T08:54:33.413Z,0x0b4db83e5bb6441032fec89af1528a263513cb70dd3c5019cc10602bd004ba42,,variant-batch live execution
datm-live-2026-07-13T08-53-43-261Z,C,entity-10-malicious,malicious,6,2026-07-13T08:54:29.462Z,2026-07-13T08:54:29.462Z,2026-07-13T08:54:29.462Z,0,2026-07-13T08:54:29.593Z,0x09753a87bd31cdb6bf39dcb7f06a8a6ce441fddb2bd75631bb4cd879d8529660,2026-07-13T08:54:38.116Z,success,40278,1000,6376766,0x46d8a58c83dd888cd8a6ad77fda24b8ac40d342a9998104efee8720294a9190d,2026-07-13T08:54:38.116Z,8523,8523,8654,30,Untrusted,2026-07-13T08:54:33.413Z,0x49e6048f387b9732c1fd8a926507cea33db0b71be4cd2cdba5c5c30ed1f6ccec,,variant-batch live execution
datm-live-2026-07-13T08-53-43-261Z,C,entity-01-normal,normal,7,2026-07-13T08:54:43.249Z,2026-07-13T08:54:43.249Z,2026-07-13T08:54:43.249Z,0,2026-07-13T08:54:43.377Z,0xc5835742346f814cb702d2005d5e4be61080315541989849c4c9f8eed47edfaf,2026-07-13T08:54:47.651Z,success,40199,1000,6376768,0xf575c4850ed6978c4ee27a43e675a70d5c7236c85fd22affe62991243a6cff53,2026-07-13T08:54:47.651Z,4274,4274,4402,92,Trusted,2026-07-13T08:54:43.413Z,0x1f82efc2747363af83412e4e53f41f7f2e0c1549799c009807891564a1906716,,variant-batch live execution
datm-live-2026-07-13T08-53-43-261Z,C,entity-02-normal,normal,7,2026-07-13T08:54:43.251Z,2026-07-13T08:54:43.251Z,2026-07-13T08:54:43.251Z,0,2026-07-13T08:54:43.377Z,0x178fd05856a5cce621a3786e6c1c77c26c19077e99f5fcbdeefc02aa60482bbb,2026-07-13T08:54:47.680Z,success,40199,1000,6376768,0xf575c4850ed6978c4ee27a43e675a70d5c7236c85fd22affe62991243a6cff53,2026-07-13T08:54:47.680Z,4303,4303,4429,93,Trusted,2026-07-13T08:54:43.413Z,0x87fe0995a5cc167656ca2c73a1da367bad0dc8f38dd22a1ec3c5f2b40c348235,,variant-batch live execution
datm-live-2026-07-13T08-53-43-261Z,C,entity-03-normal,normal,7,2026-07-13T08:54:43.253Z,2026-07-13T08:54:43.253Z,2026-07-13T08:54:43.253Z,0,2026-07-13T08:54:43.377Z,0x41e07a34cc6a611685fafbeac4c01cbd0d46f71100838b512d24d56dfeebdbc1,2026-07-13T08:54:47.658Z,success,40199,1000,6376768,0xf575c4850ed6978c4ee27a43e675a70d5c7236c85fd22affe62991243a6cff53,2026-07-13T08:54:47.658Z,4281,4281,4405,93,Trusted,2026-07-13T08:54:43.413Z,0x5fd48076f44206daa5bb1eaceb13e76e80379aebcc5753a54ba2daaeadb4f8f5,,variant-batch live execution
datm-live-2026-07-13T08-53-43-261Z,C,entity-04-normal,normal,7,2026-07-13T08:54:43.253Z,2026-07-13T08:54:43.253Z,2026-07-13T08:54:43.253Z,0,2026-07-13T08:54:43.378Z,0x2499ea49b466e1fd6dfa1f26954d7a42470900032b9da7f86c48aab3f1fd97b7,2026-07-13T08:54:47.658Z,success,40211,1000,6376768,0xf575c4850ed6978c4ee27a43e675a70d5c7236c85fd22affe62991243a6cff53,2026-07-13T08:54:47.658Z,4280,4280,4405,92,Trusted,2026-07-13T08:54:43.413Z,0xc8b26defeaafbdb3670d9ba4a5e90b60f4c8181bb91d7d62360450c69381b1aa,,variant-batch live execution
datm-live-2026-07-13T08-53-43-261Z,C,entity-05-suspicious,suspicious,7,2026-07-13T08:54:43.254Z,2026-07-13T08:54:43.254Z,2026-07-13T08:54:43.254Z,0,2026-07-13T08:54:43.378Z,0xc87d7d0002edd4272f0df41984fcc1f1a4153d625e0d96dd08ed3b6dd81bc9b4,2026-07-13T08:54:47.658Z,success,40279,1000,6376768,0xf575c4850ed6978c4ee27a43e675a70d5c7236c85fd22affe62991243a6cff53,2026-07-13T08:54:47.658Z,4280,4280,4404,60,Suspicious,2026-07-13T08:54:43.413Z,0x19dba7db353cffb3056cdb0a25540e5b96817041f8b85520a900481bea0f61e5,,variant-batch live execution
datm-live-2026-07-13T08-53-43-261Z,C,entity-06-suspicious,suspicious,7,2026-07-13T08:54:43.255Z,2026-07-13T08:54:43.255Z,2026-07-13T08:54:43.255Z,0,2026-07-13T08:54:43.378Z,0xb64e447598647d539dd15d52363b3e5dfc50c1eed0b5069346441d6a656a3d49,2026-07-13T08:54:47.659Z,success,40291,1000,6376768,0xf575c4850ed6978c4ee27a43e675a70d5c7236c85fd22affe62991243a6cff53,2026-07-13T08:54:47.659Z,4281,4281,4404,62,Suspicious,2026-07-13T08:54:43.413Z,0xf94ec08e3db3f347aca6c870fadf6384537cea93627fdef3cf49e5db9c8152bc,,variant-batch live execution
datm-live-2026-07-13T08-53-43-261Z,C,entity-07-suspicious,suspicious,7,2026-07-13T08:54:43.255Z,2026-07-13T08:54:43.255Z,2026-07-13T08:54:43.255Z,0,2026-07-13T08:54:43.407Z,0x48372a35f7925aeaacf3501510056b792431996aad7c97a4711e976613875738,2026-07-13T08:54:47.854Z,success,40279,1000,6376768,0xf575c4850ed6978c4ee27a43e675a70d5c7236c85fd22affe62991243a6cff53,2026-07-13T08:54:47.854Z,4447,4447,4599,59,Suspicious,2026-07-13T08:54:43.413Z,0xcbc9ade42e00c6f3e37a126eb30a7996c20f6ab5a41f4bf6043f18dd280c2e3f,,variant-batch live execution
datm-live-2026-07-13T08-53-43-261Z,C,entity-08-malicious,malicious,7,2026-07-13T08:54:43.256Z,2026-07-13T08:54:43.256Z,2026-07-13T08:54:43.256Z,0,2026-07-13T08:54:43.407Z,0xca4efe89e46f68275332bdc3e9525658d68cbc164b49674fb2cd71347bed7a70,2026-07-13T08:54:47.884Z,success,40290,1000,6376768,0xf575c4850ed6978c4ee27a43e675a70d5c7236c85fd22affe62991243a6cff53,2026-07-13T08:54:47.884Z,4477,4477,4628,29,Untrusted,2026-07-13T08:54:43.413Z,0x33e1e9f7b659ac9d11231842ee3a7a3edc6c1ae08133694e671b2347d2312561,,variant-batch live execution
datm-live-2026-07-13T08-53-43-261Z,C,entity-09-malicious,malicious,7,2026-07-13T08:54:43.256Z,2026-07-13T08:54:43.256Z,2026-07-13T08:54:43.256Z,0,2026-07-13T08:54:43.408Z,0x5d597b7f8edc4c35dc3c83bfa3310bddf8be4a304630703dec8c9ac6a367ed0d,2026-07-13T08:54:47.856Z,success,40290,1000,6376768,0xf575c4850ed6978c4ee27a43e675a70d5c7236c85fd22affe62991243a6cff53,2026-07-13T08:54:47.856Z,4448,4448,4600,28,Untrusted,2026-07-13T08:54:43.413Z,0x65ec8c3df718e8a823cef8ae0adda5d094961f3543558f22b0a6538dffdbba2f,,variant-batch live execution
datm-live-2026-07-13T08-53-43-261Z,C,entity-10-malicious,malicious,7,2026-07-13T08:54:43.257Z,2026-07-13T08:54:43.257Z,2026-07-13T08:54:43.257Z,0,2026-07-13T08:54:43.408Z,0xaf56305cd0fb138caaed2962da6b50981f3f996b01371aa2c2cf738980f3b609,2026-07-13T08:54:47.855Z,success,40266,1000,6376768,0xf575c4850ed6978c4ee27a43e675a70d5c7236c85fd22affe62991243a6cff53,2026-07-13T08:54:47.855Z,4447,4447,4598,29,Untrusted,2026-07-13T08:54:43.413Z,0x0040f33787fd28f7d13563def82ff8f4750d70638fa768989a6d239f7bd7e46e,,variant-batch live execution
datm-live-2026-07-13T08-53-43-261Z,C,entity-01-normal,normal,8,2026-07-13T08:54:53.003Z,2026-07-13T08:54:53.003Z,2026-07-13T08:54:53.003Z,0,2026-07-13T08:54:53.130Z,0x55d241d9942185275a401e400f6b1807c88f3f44bbcde047ab7509f5dcbbec75,2026-07-13T08:54:57.392Z,success,40187,1000,6376770,0x960a57cd19e1c1fcbec168a39f4b0bf8be75880744d8860cbb067c999c1761a1,2026-07-13T08:54:57.392Z,4262,4262,4389,93,Trusted,2026-07-13T08:54:53.413Z,0xb5db0163578b7bd479402da38aa8da92dedabf9adf71e55e00d37e416bdf3aa3,,variant-batch live execution
datm-live-2026-07-13T08-53-43-261Z,C,entity-02-normal,normal,8,2026-07-13T08:54:53.005Z,2026-07-13T08:54:53.005Z,2026-07-13T08:54:53.005Z,0,2026-07-13T08:54:53.130Z,0x7e5f70233e7a0840265368e964dc53f2f98e297468dcd73552e56a3fef25a591,2026-07-13T08:54:57.391Z,success,40199,1000,6376770,0x960a57cd19e1c1fcbec168a39f4b0bf8be75880744d8860cbb067c999c1761a1,2026-07-13T08:54:57.391Z,4261,4261,4386,93,Trusted,2026-07-13T08:54:53.413Z,0xe7df3e57f328ba25e5f3063120caed6f375c7960942e7c84d863499bc3b9ce77,,variant-batch live execution
datm-live-2026-07-13T08-53-43-261Z,C,entity-03-normal,normal,8,2026-07-13T08:54:53.006Z,2026-07-13T08:54:53.006Z,2026-07-13T08:54:53.006Z,0,2026-07-13T08:54:53.148Z,0x338b1907409fbd81da234ea2d8731fcb3140d5c8f74a6ef896f2369ad93cbe13,2026-07-13T08:54:57.394Z,success,40211,1000,6376770,0x960a57cd19e1c1fcbec168a39f4b0bf8be75880744d8860cbb067c999c1761a1,2026-07-13T08:54:57.394Z,4246,4246,4388,91,Trusted,2026-07-13T08:54:53.413Z,0xd75ae7a0f9b9a00a31174d4a7b70073ac226f45627ac54288942f5ad0a6b0f5a,,variant-batch live execution
datm-live-2026-07-13T08-53-43-261Z,C,entity-04-normal,normal,8,2026-07-13T08:54:53.007Z,2026-07-13T08:54:53.007Z,2026-07-13T08:54:53.007Z,0,2026-07-13T08:54:53.149Z,0x6d7ab54d83c2a49f1d97b778789e8bef7c7ac9e9cfce2583ab0387bcdbc60ce4,2026-07-13T08:54:57.395Z,success,40187,1000,6376770,0x960a57cd19e1c1fcbec168a39f4b0bf8be75880744d8860cbb067c999c1761a1,2026-07-13T08:54:57.395Z,4246,4246,4388,93,Trusted,2026-07-13T08:54:53.413Z,0x2e7232a3e70a1c201637b4e4f4427b66b5d6e3a95c6ef392090067f45f76afc0,,variant-batch live execution
datm-live-2026-07-13T08-53-43-261Z,C,entity-05-suspicious,suspicious,8,2026-07-13T08:54:53.008Z,2026-07-13T08:54:53.008Z,2026-07-13T08:54:53.008Z,0,2026-07-13T08:54:53.149Z,0x7eab59b071bf3c86fa95fd2501d633811711374e486751bb39c815a28c647ab6,2026-07-13T08:54:57.395Z,success,40279,1000,6376770,0x960a57cd19e1c1fcbec168a39f4b0bf8be75880744d8860cbb067c999c1761a1,2026-07-13T08:54:57.395Z,4246,4246,4387,62,Suspicious,2026-07-13T08:54:53.413Z,0x73d414c93122f33c052d7878ba6984002aa912124b094d1b803e4c0568acbe6a,,variant-batch live execution
datm-live-2026-07-13T08-53-43-261Z,C,entity-06-suspicious,suspicious,8,2026-07-13T08:54:53.009Z,2026-07-13T08:54:53.009Z,2026-07-13T08:54:53.009Z,0,2026-07-13T08:54:53.149Z,0x035c5985cbed231129b3e3a157bfdd1ae3865268c319ffce4bb079bb3c1304de,2026-07-13T08:54:57.431Z,success,40291,1000,6376770,0x960a57cd19e1c1fcbec168a39f4b0bf8be75880744d8860cbb067c999c1761a1,2026-07-13T08:54:57.431Z,4282,4282,4422,63,Suspicious,2026-07-13T08:54:53.413Z,0x2de8f901db3785b43029c914735af4261d432176d0b4a8cc6b6d74b3f4386a61,,variant-batch live execution
datm-live-2026-07-13T08-53-43-261Z,C,entity-07-suspicious,suspicious,8,2026-07-13T08:54:53.010Z,2026-07-13T08:54:53.010Z,2026-07-13T08:54:53.010Z,0,2026-07-13T08:54:53.149Z,0xad8a4a208510028a13fa2293597c8b75dbb12fd916c33771c43f886c5b18843a,2026-07-13T08:54:57.630Z,success,40291,1000,6376770,0x960a57cd19e1c1fcbec168a39f4b0bf8be75880744d8860cbb067c999c1761a1,2026-07-13T08:54:57.630Z,4481,4481,4620,60,Suspicious,2026-07-13T08:54:53.413Z,0x10666d74194d6698707c3701f3011e99d8973906d87b69f4eec98ce1b3b845c4,,variant-batch live execution
datm-live-2026-07-13T08-53-43-261Z,C,entity-08-malicious,malicious,8,2026-07-13T08:54:53.010Z,2026-07-13T08:54:53.010Z,2026-07-13T08:54:53.010Z,0,2026-07-13T08:54:53.158Z,0x2fe43309d5f4f8470409d2f34cf5d062b6c228864647ea49be7f587d4dd882db,2026-07-13T08:54:57.658Z,success,40290,1000,6376770,0x960a57cd19e1c1fcbec168a39f4b0bf8be75880744d8860cbb067c999c1761a1,2026-07-13T08:54:57.658Z,4500,4500,4648,28,Untrusted,2026-07-13T08:54:53.413Z,0x22dc7ec168be143c0be0ea957bb767ee6e21319aac3d68e95410e0c57537b2c6,,variant-batch live execution
datm-live-2026-07-13T08-53-43-261Z,C,entity-09-malicious,malicious,8,2026-07-13T08:54:53.011Z,2026-07-13T08:54:53.011Z,2026-07-13T08:54:53.011Z,0,2026-07-13T08:54:53.158Z,0xb0328e91c1d0c3d14bff82fde2fc9a75296465d954b9c1e6e99285c6f7c340c8,2026-07-13T08:54:57.631Z,success,40290,1000,6376770,0x960a57cd19e1c1fcbec168a39f4b0bf8be75880744d8860cbb067c999c1761a1,2026-07-13T08:54:57.631Z,4473,4473,4620,28,Untrusted,2026-07-13T08:54:53.413Z,0xb3a06e6caa89ef192bf6a2b4636205ccef219f71774eade59a0104a888ddbdcb,,variant-batch live execution
datm-live-2026-07-13T08-53-43-261Z,C,entity-10-malicious,malicious,8,2026-07-13T08:54:53.011Z,2026-07-13T08:54:53.011Z,2026-07-13T08:54:53.011Z,0,2026-07-13T08:54:53.158Z,0x0bb38e57c3e0cbdd4aeddbccc28fa1ba1debd9e20f0e51051fbc761ebeb1b0fd,2026-07-13T08:54:57.634Z,success,40278,1000,6376770,0x960a57cd19e1c1fcbec168a39f4b0bf8be75880744d8860cbb067c999c1761a1,2026-07-13T08:54:57.634Z,4476,4476,4623,30,Untrusted,2026-07-13T08:54:53.413Z,0x73876e992d1b6b1276960b8c11e60e5591ba6a4ea68b56138fb3d4ec68f5459c,,variant-batch live execution
datm-live-2026-07-13T08-53-43-261Z,C,entity-01-normal,normal,9,2026-07-13T08:55:02.791Z,2026-07-13T08:55:02.791Z,2026-07-13T08:55:02.791Z,0,2026-07-13T08:55:02.907Z,0x7fe990e422e19f70c17adceecc27d463667c1bb35cb6a3070e4f71242832dec6,2026-07-13T08:55:07.197Z,success,40199,1000,6376772,0xa8b2d7a577d79c643b11c150b1285f17154952784727bb5289ef0ecb5b717ebc,2026-07-13T08:55:07.197Z,4290,4290,4406,93,Trusted,2026-07-13T08:55:03.413Z,0xda689ce910da361a170b18c3659effe74e4d766eceef6e843b084b614c4e4a05,,variant-batch live execution
datm-live-2026-07-13T08-53-43-261Z,C,entity-02-normal,normal,9,2026-07-13T08:55:02.793Z,2026-07-13T08:55:02.793Z,2026-07-13T08:55:02.793Z,0,2026-07-13T08:55:02.904Z,0x436ab0df92122e25a2f714fe4f0cfdc555088fb3c1066e0299f96ae6d5952e8a,2026-07-13T08:55:07.170Z,success,40211,1000,6376772,0xa8b2d7a577d79c643b11c150b1285f17154952784727bb5289ef0ecb5b717ebc,2026-07-13T08:55:07.170Z,4266,4266,4377,92,Trusted,2026-07-13T08:55:03.413Z,0x48d874571605af952df7c18a5ee6b12afdb107539db2228d11ae06d74c379eae,,variant-batch live execution
datm-live-2026-07-13T08-53-43-261Z,C,entity-03-normal,normal,9,2026-07-13T08:55:02.793Z,2026-07-13T08:55:02.793Z,2026-07-13T08:55:02.793Z,0,2026-07-13T08:55:02.907Z,0xd56103a71e1daf18c0fe3164c4359eb7483d318428f612c5f042275a4905a12e,2026-07-13T08:55:07.172Z,success,40199,1000,6376772,0xa8b2d7a577d79c643b11c150b1285f17154952784727bb5289ef0ecb5b717ebc,2026-07-13T08:55:07.172Z,4265,4265,4379,93,Trusted,2026-07-13T08:55:03.413Z,0x3133a23d404bd4b075adb3b0fd9d93b97e87905acd3d4aebce4d9403638ccab1,,variant-batch live execution
datm-live-2026-07-13T08-53-43-261Z,C,entity-04-normal,normal,9,2026-07-13T08:55:02.794Z,2026-07-13T08:55:02.794Z,2026-07-13T08:55:02.794Z,0,2026-07-13T08:55:02.907Z,0x21e4905b7c25b28c59aaeb75408d08027c7e8a19bdf869afd5bb10357d04de0c,2026-07-13T08:55:07.173Z,success,40199,1000,6376772,0xa8b2d7a577d79c643b11c150b1285f17154952784727bb5289ef0ecb5b717ebc,2026-07-13T08:55:07.173Z,4266,4266,4379,93,Trusted,2026-07-13T08:55:03.413Z,0x67f7a9031da875573bc62b6a484393dc6c94a38f19b85f5915b0f7a7fa5991a6,,variant-batch live execution
datm-live-2026-07-13T08-53-43-261Z,C,entity-05-suspicious,suspicious,9,2026-07-13T08:55:02.794Z,2026-07-13T08:55:02.794Z,2026-07-13T08:55:02.794Z,0,2026-07-13T08:55:02.907Z,0xc18ee9b61163cb65e12a3dc9b91e92e79f64eb0c98920309845dc7c6156f7609,2026-07-13T08:55:07.174Z,success,40279,1000,6376772,0xa8b2d7a577d79c643b11c150b1285f17154952784727bb5289ef0ecb5b717ebc,2026-07-13T08:55:07.174Z,4267,4267,4380,63,Suspicious,2026-07-13T08:55:03.413Z,0x411ec780917aaeea1ff300d2a09764427b45bafa0a092a1912a9e274e71db05e,,variant-batch live execution
datm-live-2026-07-13T08-53-43-261Z,C,entity-06-suspicious,suspicious,9,2026-07-13T08:55:02.795Z,2026-07-13T08:55:02.795Z,2026-07-13T08:55:02.795Z,0,2026-07-13T08:55:02.907Z,0xe9ab40da04cb041d1db1b5bfc7103c65ea2968a43a66ffd97dd89b0cc2d480dc,2026-07-13T08:55:07.165Z,success,40291,1000,6376772,0xa8b2d7a577d79c643b11c150b1285f17154952784727bb5289ef0ecb5b717ebc,2026-07-13T08:55:07.165Z,4258,4258,4370,61,Suspicious,2026-07-13T08:55:03.413Z,0xc8d76d92436504015c875811b68ee312cca253b26bee11af74273b1cb9c4e373,,variant-batch live execution
datm-live-2026-07-13T08-53-43-261Z,C,entity-07-suspicious,suspicious,9,2026-07-13T08:55:02.796Z,2026-07-13T08:55:02.796Z,2026-07-13T08:55:02.796Z,0,2026-07-13T08:55:02.934Z,0xaac5ae3a64e486b688d98082564832c10e2edd11020e1f2cf02af9b520073dcf,2026-07-13T08:55:07.369Z,success,40291,1000,6376772,0xa8b2d7a577d79c643b11c150b1285f17154952784727bb5289ef0ecb5b717ebc,2026-07-13T08:55:07.369Z,4435,4435,4573,62,Suspicious,2026-07-13T08:55:03.413Z,0x12a15e7358cee9350fc8209e562416d89f607a3b9dce6607f2fc0b201e72d74e,,variant-batch live execution
datm-live-2026-07-13T08-53-43-261Z,C,entity-08-malicious,malicious,9,2026-07-13T08:55:02.797Z,2026-07-13T08:55:02.797Z,2026-07-13T08:55:02.797Z,0,2026-07-13T08:55:02.934Z,0x618f38eacc6ac3cb6565292ac195361c1e899db548d7146a995d9e87a5b197e8,2026-07-13T08:55:07.344Z,success,40290,1000,6376772,0xa8b2d7a577d79c643b11c150b1285f17154952784727bb5289ef0ecb5b717ebc,2026-07-13T08:55:07.344Z,4410,4410,4547,28,Untrusted,2026-07-13T08:55:03.413Z,0x9d79b6e056ad71977c91bd073a0788ce8339098a32c2144ac8177f53f7c52c34,,variant-batch live execution
datm-live-2026-07-13T08-53-43-261Z,C,entity-09-malicious,malicious,9,2026-07-13T08:55:02.797Z,2026-07-13T08:55:02.797Z,2026-07-13T08:55:02.797Z,0,2026-07-13T08:55:02.935Z,0x54e1924abf093f1baa6cb50fdf3ff0796e6216121a5c777dd00b0391dfe7a3fc,2026-07-13T08:55:07.374Z,success,40290,1000,6376772,0xa8b2d7a577d79c643b11c150b1285f17154952784727bb5289ef0ecb5b717ebc,2026-07-13T08:55:07.374Z,4439,4439,4577,29,Untrusted,2026-07-13T08:55:03.413Z,0x408803a29be81a418c2f2a02d43a91a28145f21d9e3a6ed7ae765aa780fe5513,,variant-batch live execution
datm-live-2026-07-13T08-53-43-261Z,C,entity-10-malicious,malicious,9,2026-07-13T08:55:02.798Z,2026-07-13T08:55:02.798Z,2026-07-13T08:55:02.798Z,0,2026-07-13T08:55:02.935Z,0xb0a345e09016b0cb9d8a8c68757ca7e509c1ba26615ba5917ce3bdf63542b3cd,2026-07-13T08:55:07.394Z,success,40278,1000,6376772,0xa8b2d7a577d79c643b11c150b1285f17154952784727bb5289ef0ecb5b717ebc,2026-07-13T08:55:07.394Z,4459,4459,4596,29,Untrusted,2026-07-13T08:55:03.413Z,0xcc1a956c2a91e5e1028e7ca20d430746a702c4c15c50601d77df360ccc0d3902,,variant-batch live execution
datm-live-2026-07-13T08-53-43-261Z,C,entity-01-normal,normal,10,2026-07-13T08:55:12.504Z,2026-07-13T08:55:12.504Z,2026-07-13T08:55:12.504Z,0,2026-07-13T08:55:12.623Z,0x9f2b57803cdf3f478aaa3c961c928039a8a96666c5bd1d8edd46f0ac18d9bc23,2026-07-13T08:55:16.920Z,success,40211,1000,6376774,0xe177bcc3f986a4f6bf101485cdf25175c3468a48540d710a326d85c4049cacbd,2026-07-13T08:55:16.920Z,4297,4297,4416,91,Trusted,2026-07-13T08:55:13.413Z,0x854186181bb04513ae2268ddbf88db527fa75267934b16f8f5c9311dde0dc5d2,,variant-batch live execution
datm-live-2026-07-13T08-53-43-261Z,C,entity-02-normal,normal,10,2026-07-13T08:55:12.506Z,2026-07-13T08:55:12.506Z,2026-07-13T08:55:12.506Z,0,2026-07-13T08:55:12.623Z,0x3c0482e377fcb90be6ca0ba22af4655b1aa36486c7942839a370aae2a9dc7815,2026-07-13T08:55:16.919Z,success,40199,1000,6376774,0xe177bcc3f986a4f6bf101485cdf25175c3468a48540d710a326d85c4049cacbd,2026-07-13T08:55:16.919Z,4296,4296,4413,93,Trusted,2026-07-13T08:55:13.413Z,0x1fa557ac05204c50b9420a7a5c84941c5179c3a6cfa7b41c5dd280ed3e52c6bf,,variant-batch live execution
datm-live-2026-07-13T08-53-43-261Z,C,entity-03-normal,normal,10,2026-07-13T08:55:12.507Z,2026-07-13T08:55:12.507Z,2026-07-13T08:55:12.507Z,0,2026-07-13T08:55:12.650Z,0xd3ac58f8b32f9863d42a200938ad29bce9c09bac116bc4b1682d28bb0cabee63,2026-07-13T08:55:16.920Z,success,40199,1000,6376774,0xe177bcc3f986a4f6bf101485cdf25175c3468a48540d710a326d85c4049cacbd,2026-07-13T08:55:16.920Z,4270,4270,4413,93,Trusted,2026-07-13T08:55:13.413Z,0x6db81c0a6b53fd404bc2fddfce01ea4a7ba27cce360e37358d68a06acb99a9ed,,variant-batch live execution
datm-live-2026-07-13T08-53-43-261Z,C,entity-04-normal,normal,10,2026-07-13T08:55:12.508Z,2026-07-13T08:55:12.508Z,2026-07-13T08:55:12.508Z,0,2026-07-13T08:55:12.651Z,0x66d4ec16ec7bb991eda3b3b18d7853497fc3cd54d563a849c1b540528a7921b6,2026-07-13T08:55:16.921Z,success,40211,1000,6376774,0xe177bcc3f986a4f6bf101485cdf25175c3468a48540d710a326d85c4049cacbd,2026-07-13T08:55:16.921Z,4270,4270,4413,91,Trusted,2026-07-13T08:55:13.413Z,0x2baa3507acc02cf913191828116945399383a7b3caa51df4f894b49535c3a304,,variant-batch live execution
datm-live-2026-07-13T08-53-43-261Z,C,entity-05-suspicious,suspicious,10,2026-07-13T08:55:12.508Z,2026-07-13T08:55:12.508Z,2026-07-13T08:55:12.508Z,0,2026-07-13T08:55:12.651Z,0xd4047fe5f9c26b1aa98d8c664d745399ea163d30d2b1eeb7dc5d05db311119d8,2026-07-13T08:55:16.947Z,success,40291,1000,6376774,0xe177bcc3f986a4f6bf101485cdf25175c3468a48540d710a326d85c4049cacbd,2026-07-13T08:55:16.947Z,4296,4296,4439,61,Suspicious,2026-07-13T08:55:13.413Z,0xc70621dfd3aa1f1e45f5455e6931eb587119b3dea0eeed23af68f143596ccdee,,variant-batch live execution
datm-live-2026-07-13T08-53-43-261Z,C,entity-06-suspicious,suspicious,10,2026-07-13T08:55:12.509Z,2026-07-13T08:55:12.509Z,2026-07-13T08:55:12.509Z,0,2026-07-13T08:55:12.651Z,0x33bbb7a568e6f18cf4f26967556e65798c11136998ff3db9a6ab708ed374936b,2026-07-13T08:55:16.922Z,success,40291,1000,6376774,0xe177bcc3f986a4f6bf101485cdf25175c3468a48540d710a326d85c4049cacbd,2026-07-13T08:55:16.922Z,4271,4271,4413,60,Suspicious,2026-07-13T08:55:13.413Z,0x82152fd64a43bdba7740e2bb498c43a7501fac6059528394961bddabbdfef776,,variant-batch live execution
datm-live-2026-07-13T08-53-43-261Z,C,entity-07-suspicious,suspicious,10,2026-07-13T08:55:12.509Z,2026-07-13T08:55:12.509Z,2026-07-13T08:55:12.509Z,0,2026-07-13T08:55:12.651Z,0x220be25d7ea011e2f18255075733d9a197e52042bd81c0cb324b7a595ee2939c,2026-07-13T08:55:17.107Z,success,40291,1000,6376774,0xe177bcc3f986a4f6bf101485cdf25175c3468a48540d710a326d85c4049cacbd,2026-07-13T08:55:17.107Z,4456,4456,4598,63,Suspicious,2026-07-13T08:55:13.413Z,0x1b1fb82cfaab9c5df4b6c0558798d1e428eb9d965759dd3a1ce0eb08528ed7f1,,variant-batch live execution
datm-live-2026-07-13T08-53-43-261Z,C,entity-08-malicious,malicious,10,2026-07-13T08:55:12.509Z,2026-07-13T08:55:12.509Z,2026-07-13T08:55:12.509Z,0,2026-07-13T08:55:12.656Z,0xfea41e08de79d0e97a631e7802f69849302ab3ee7200fe954461607af7a47577,2026-07-13T08:55:17.128Z,success,40290,1000,6376774,0xe177bcc3f986a4f6bf101485cdf25175c3468a48540d710a326d85c4049cacbd,2026-07-13T08:55:17.128Z,4472,4472,4619,29,Untrusted,2026-07-13T08:55:13.413Z,0xac15e00851d80974fabfa70ba4ac8c306646e9ea2f5f16b9f56d2e0c071fd4c0,,variant-batch live execution
datm-live-2026-07-13T08-53-43-261Z,C,entity-09-malicious,malicious,10,2026-07-13T08:55:12.510Z,2026-07-13T08:55:12.510Z,2026-07-13T08:55:12.510Z,0,2026-07-13T08:55:12.656Z,0x59526db90b08836d46a3963073136e689606515d9f2ad567d7dc341a35328e0e,2026-07-13T08:55:17.150Z,success,40290,1000,6376774,0xe177bcc3f986a4f6bf101485cdf25175c3468a48540d710a326d85c4049cacbd,2026-07-13T08:55:17.150Z,4494,4494,4640,27,Untrusted,2026-07-13T08:55:13.413Z,0xcf1f6e5673ccb54a58f24b752d08982bb59e3cb65bc45aeb598c1d6de30bad2e,,variant-batch live execution
datm-live-2026-07-13T08-53-43-261Z,C,entity-10-malicious,malicious,10,2026-07-13T08:55:12.510Z,2026-07-13T08:55:12.510Z,2026-07-13T08:55:12.510Z,0,2026-07-13T08:55:12.657Z,0xa118a1b61fa7ac951c92bd77fcd5eb365004e13b8b7f7c1551a5efca692c7cd0,2026-07-13T08:55:17.134Z,success,40278,1000,6376774,0xe177bcc3f986a4f6bf101485cdf25175c3468a48540d710a326d85c4049cacbd,2026-07-13T08:55:17.134Z,4477,4477,4624,29,Untrusted,2026-07-13T08:55:13.413Z,0x62107fb00b9eaeda83f524345ee0d59430cefd9934f981dfc48b3755ee054038,,variant-batch live execution
datm-live-2026-07-13T08-53-43-261Z,C,entity-01-normal,normal,11,2026-07-13T08:55:22.267Z,2026-07-13T08:55:22.267Z,2026-07-13T08:55:22.267Z,0,2026-07-13T08:55:22.389Z,0x1dc4e9c95fa6dab573b59730f1d2e402744bcfaf2a8705914e408d51cdd5b284,2026-07-13T08:55:26.652Z,success,40199,1000,6376776,0x22571d0a41ce0acc62d405adb5e2ff0e2115f91b7cc4a5b214526cb10836934e,2026-07-13T08:55:26.652Z,4263,4263,4385,92,Trusted,2026-07-13T08:55:23.413Z,0x288905007ef2c1c578a0d43eb7428e066f9ba566db101074e3a13aa16fb1c5e2,,variant-batch live execution
datm-live-2026-07-13T08-53-43-261Z,C,entity-02-normal,normal,11,2026-07-13T08:55:22.269Z,2026-07-13T08:55:22.269Z,2026-07-13T08:55:22.269Z,0,2026-07-13T08:55:22.389Z,0x1d84dcda653ab0a91b7df4e086b9209937d02564c3492296ea24288c79037d16,2026-07-13T08:55:26.650Z,success,40211,1000,6376776,0x22571d0a41ce0acc62d405adb5e2ff0e2115f91b7cc4a5b214526cb10836934e,2026-07-13T08:55:26.650Z,4261,4261,4381,92,Trusted,2026-07-13T08:55:23.413Z,0x747027186746f594eb44100e6afb67c163f8f7c5ec6ed57b5bb7e950840e33b7,,variant-batch live execution
datm-live-2026-07-13T08-53-43-261Z,C,entity-03-normal,normal,11,2026-07-13T08:55:22.270Z,2026-07-13T08:55:22.270Z,2026-07-13T08:55:22.270Z,0,2026-07-13T08:55:22.389Z,0x130626522987f36961b94635fb7d5e9229db268b7503b08fc1bbcb5ad3d14f1d,2026-07-13T08:55:26.674Z,success,40223,1000,6376776,0x22571d0a41ce0acc62d405adb5e2ff0e2115f91b7cc4a5b214526cb10836934e,2026-07-13T08:55:26.674Z,4285,4285,4404,91,Trusted,2026-07-13T08:55:23.413Z,0xb939ce1491e028f5ff631ee7f5b88b1a49fd634daea447760971a27d1c88229f,,variant-batch live execution
datm-live-2026-07-13T08-53-43-261Z,C,entity-04-normal,normal,11,2026-07-13T08:55:22.270Z,2026-07-13T08:55:22.270Z,2026-07-13T08:55:22.270Z,0,2026-07-13T08:55:22.389Z,0x35778f5a0debcda7a9d4aafdde92bb0dabbb68fb577015ad42fbfb14b657ab35,2026-07-13T08:55:26.650Z,success,40211,1000,6376776,0x22571d0a41ce0acc62d405adb5e2ff0e2115f91b7cc4a5b214526cb10836934e,2026-07-13T08:55:26.650Z,4261,4261,4380,92,Trusted,2026-07-13T08:55:23.413Z,0x4983ec7fbeb8f58caef3356b6d4637b5891e286d42f2390bfe403f6b960cdc66,,variant-batch live execution
datm-live-2026-07-13T08-53-43-261Z,C,entity-05-suspicious,suspicious,11,2026-07-13T08:55:22.271Z,2026-07-13T08:55:22.271Z,2026-07-13T08:55:22.271Z,0,2026-07-13T08:55:22.399Z,0x3c47ee785fe22e69f80cf5f0cf0ede17faa6617d02c0eadebd893a7191c42931,2026-07-13T08:55:26.653Z,success,40291,1000,6376776,0x22571d0a41ce0acc62d405adb5e2ff0e2115f91b7cc4a5b214526cb10836934e,2026-07-13T08:55:26.653Z,4254,4254,4382,60,Suspicious,2026-07-13T08:55:23.413Z,0x559e242c405dd08458663f547e200eed3df2fd5eb66f2c2785bc07c1bae94168,,variant-batch live execution
datm-live-2026-07-13T08-53-43-261Z,C,entity-06-suspicious,suspicious,11,2026-07-13T08:55:22.271Z,2026-07-13T08:55:22.271Z,2026-07-13T08:55:22.271Z,0,2026-07-13T08:55:22.400Z,0xfe33a8ac28e21dbe42f9c3a9101adc1ef16d934958cc5962e52048103989f78e,2026-07-13T08:55:26.653Z,success,40279,1000,6376776,0x22571d0a41ce0acc62d405adb5e2ff0e2115f91b7cc4a5b214526cb10836934e,2026-07-13T08:55:26.653Z,4253,4253,4382,61,Suspicious,2026-07-13T08:55:23.413Z,0x72e71f1b0206a2091ef4239b5957f8f56830ed00d6b2028fbddb4058310b2733,,variant-batch live execution
datm-live-2026-07-13T08-53-43-261Z,C,entity-07-suspicious,suspicious,11,2026-07-13T08:55:22.272Z,2026-07-13T08:55:22.272Z,2026-07-13T08:55:22.272Z,0,2026-07-13T08:55:22.400Z,0xcdfa49e56057c57757b35f5d2a252eddd8b5790bac8fa089403d5b1051cc4177,2026-07-13T08:55:26.838Z,success,40291,1000,6376776,0x22571d0a41ce0acc62d405adb5e2ff0e2115f91b7cc4a5b214526cb10836934e,2026-07-13T08:55:26.838Z,4438,4438,4566,60,Suspicious,2026-07-13T08:55:23.413Z,0x08ad0e16d3d750394a6e09d48abf988409c6c62980eb684bf4a6b95c44ba6240,,variant-batch live execution
datm-live-2026-07-13T08-53-43-261Z,C,entity-08-malicious,malicious,11,2026-07-13T08:55:22.272Z,2026-07-13T08:55:22.272Z,2026-07-13T08:55:22.272Z,0,2026-07-13T08:55:22.400Z,0x0aed5d028b75faf7347b9f709e7f6ee5b96052bb2fc1c472fae221a6cd9d8b7f,2026-07-13T08:55:26.825Z,success,40290,1000,6376776,0x22571d0a41ce0acc62d405adb5e2ff0e2115f91b7cc4a5b214526cb10836934e,2026-07-13T08:55:26.825Z,4425,4425,4553,27,Untrusted,2026-07-13T08:55:23.413Z,0x8a0e62bea46d818f0ac4ad6ae2ae582ccdd16def9ad7cd078f075707b6ea6583,,variant-batch live execution
datm-live-2026-07-13T08-53-43-261Z,C,entity-09-malicious,malicious,11,2026-07-13T08:55:22.273Z,2026-07-13T08:55:22.273Z,2026-07-13T08:55:22.273Z,0,2026-07-13T08:55:22.417Z,0xa128cbcc6ab1d6182b75ca71b4a8f8a425f5c53ea1fc8ae32bcc262e9f105372,2026-07-13T08:55:26.861Z,success,40290,1000,6376776,0x22571d0a41ce0acc62d405adb5e2ff0e2115f91b7cc4a5b214526cb10836934e,2026-07-13T08:55:26.861Z,4444,4444,4588,27,Untrusted,2026-07-13T08:55:23.413Z,0x21263a8b91e93da12626911f0cee4720d68c61bee4dceaacae1191e53f816d2e,,variant-batch live execution
datm-live-2026-07-13T08-53-43-261Z,C,entity-10-malicious,malicious,11,2026-07-13T08:55:22.273Z,2026-07-13T08:55:22.273Z,2026-07-13T08:55:22.273Z,0,2026-07-13T08:55:22.400Z,0xd7e751c56ad05f5eef7d16664fb0acf1c3d17bbb638abfff79a843333cb9a742,2026-07-13T08:55:26.877Z,success,40278,1000,6376776,0x22571d0a41ce0acc62d405adb5e2ff0e2115f91b7cc4a5b214526cb10836934e,2026-07-13T08:55:26.877Z,4477,4477,4604,30,Untrusted,2026-07-13T08:55:23.413Z,0x9984d289e34fea665f318b3ad7c031862b694becdd2ed8d308a80693e9484e36,,variant-batch live execution
datm-live-2026-07-13T08-53-43-261Z,C,entity-01-normal,normal,12,2026-07-13T08:55:31.987Z,2026-07-13T08:55:31.987Z,2026-07-13T08:55:31.987Z,0,2026-07-13T08:55:32.106Z,0x1bc05c3192c291cdcb7b0ca20f4a5f2d7aa798e99417dc3f6e5466f0fc2aa7cb,2026-07-13T08:55:36.417Z,success,40199,1000,6376778,0x98bf5c5c39441d5c068243c2496a3c1f09cda04a7fc073890e4d91fe8ec7f392,2026-07-13T08:55:36.417Z,4311,4311,4430,93,Trusted,2026-07-13T08:55:33.413Z,0xeb8cc030c55df678fbf8f6cec3ee07ad2224cc2eaf954a9722ea06127629c5ae,,variant-batch live execution
datm-live-2026-07-13T08-53-43-261Z,C,entity-02-normal,normal,12,2026-07-13T08:55:31.988Z,2026-07-13T08:55:31.988Z,2026-07-13T08:55:31.988Z,0,2026-07-13T08:55:32.106Z,0x12b9a8143d91486f81f287f911431c2bca183aaeb2f3ce3707222d3eb8d4c1ec,2026-07-13T08:55:36.418Z,success,40211,1000,6376778,0x98bf5c5c39441d5c068243c2496a3c1f09cda04a7fc073890e4d91fe8ec7f392,2026-07-13T08:55:36.418Z,4312,4312,4430,92,Trusted,2026-07-13T08:55:33.413Z,0xd8cf3a2dde94d302cd36496931d2ecadc4ddc2e79e81a918f1d5cfd44c06202b,,variant-batch live execution
datm-live-2026-07-13T08-53-43-261Z,C,entity-03-normal,normal,12,2026-07-13T08:55:31.989Z,2026-07-13T08:55:31.989Z,2026-07-13T08:55:31.989Z,0,2026-07-13T08:55:32.106Z,0x04fba23c16192aa6647ef2c14a4caded3e9141ee71b44741f72ac6e2ae052bd9,2026-07-13T08:55:36.418Z,success,40199,1000,6376778,0x98bf5c5c39441d5c068243c2496a3c1f09cda04a7fc073890e4d91fe8ec7f392,2026-07-13T08:55:36.418Z,4312,4312,4429,93,Trusted,2026-07-13T08:55:33.413Z,0x2f4650e420f8ec7231905c162759a5aafc43f5df01cb9c6fbaa10d2d34157ea2,,variant-batch live execution
datm-live-2026-07-13T08-53-43-261Z,C,entity-04-normal,normal,12,2026-07-13T08:55:31.989Z,2026-07-13T08:55:31.989Z,2026-07-13T08:55:31.989Z,0,2026-07-13T08:55:32.106Z,0x237ac387271995615610962717c28c3d102c428b0d0d032af171c2f7989df10e,2026-07-13T08:55:36.418Z,success,40199,1000,6376778,0x98bf5c5c39441d5c068243c2496a3c1f09cda04a7fc073890e4d91fe8ec7f392,2026-07-13T08:55:36.418Z,4312,4312,4429,93,Trusted,2026-07-13T08:55:33.413Z,0xf3e90d7a1cc8021c0c9f1a4ff4a47597460642092f4ee6cf785cc85e65f07d37,,variant-batch live execution
datm-live-2026-07-13T08-53-43-261Z,C,entity-05-suspicious,suspicious,12,2026-07-13T08:55:31.989Z,2026-07-13T08:55:31.989Z,2026-07-13T08:55:31.989Z,0,2026-07-13T08:55:32.107Z,0x2aa05c875b387ad299dd4ec9769e6ec778f858de79ca5d0249619b9bc44b1d3b,2026-07-13T08:55:36.420Z,success,40291,1000,6376778,0x98bf5c5c39441d5c068243c2496a3c1f09cda04a7fc073890e4d91fe8ec7f392,2026-07-13T08:55:36.420Z,4313,4313,4431,61,Suspicious,2026-07-13T08:55:33.413Z,0xfac4fd2cec1af0cce8740f03b0a88f609e66e08f218b061e80457dfdc9e4e63f,,variant-batch live execution
datm-live-2026-07-13T08-53-43-261Z,C,entity-06-suspicious,suspicious,12,2026-07-13T08:55:31.990Z,2026-07-13T08:55:31.990Z,2026-07-13T08:55:31.990Z,0,2026-07-13T08:55:32.107Z,0x58b137cacbecacc10de062558dc5d19e8426c58d17805da5dca5bc8cfc25931d,2026-07-13T08:55:36.438Z,success,40291,1000,6376778,0x98bf5c5c39441d5c068243c2496a3c1f09cda04a7fc073890e4d91fe8ec7f392,2026-07-13T08:55:36.438Z,4331,4331,4448,62,Suspicious,2026-07-13T08:55:33.413Z,0xe62efb5e958fdbeafd6768eac955a33fcb8e417ce23a49e51ef68c1942760bc7,,variant-batch live execution
datm-live-2026-07-13T08-53-43-261Z,C,entity-07-suspicious,suspicious,12,2026-07-13T08:55:31.990Z,2026-07-13T08:55:31.990Z,2026-07-13T08:55:31.990Z,0,2026-07-13T08:55:32.133Z,0xf21c410a89b84c2c8a4522377f0512468d40662278217ca7475459e0b73b33f4,2026-07-13T08:55:36.662Z,success,40291,1000,6376778,0x98bf5c5c39441d5c068243c2496a3c1f09cda04a7fc073890e4d91fe8ec7f392,2026-07-13T08:55:36.662Z,4529,4529,4672,60,Suspicious,2026-07-13T08:55:33.413Z,0x01dae6679e2df05cada8d1947dc4e5a4c3c5a0c74201458a361f56059e2496cb,,variant-batch live execution
datm-live-2026-07-13T08-53-43-261Z,C,entity-08-malicious,malicious,12,2026-07-13T08:55:31.990Z,2026-07-13T08:55:31.990Z,2026-07-13T08:55:31.990Z,0,2026-07-13T08:55:32.133Z,0x3ab29d4a8b85e19bc75967e464c4d84ed659741ddb30f6ed25a68e3eb688273f,2026-07-13T08:55:36.666Z,success,40290,1000,6376778,0x98bf5c5c39441d5c068243c2496a3c1f09cda04a7fc073890e4d91fe8ec7f392,2026-07-13T08:55:36.666Z,4533,4533,4676,27,Untrusted,2026-07-13T08:55:33.413Z,0x610a8563242eb8069e25aafea6c15e82f52308fa93bfc0cff6da800957468a45,,variant-batch live execution
datm-live-2026-07-13T08-53-43-261Z,C,entity-09-malicious,malicious,12,2026-07-13T08:55:31.991Z,2026-07-13T08:55:31.991Z,2026-07-13T08:55:31.991Z,0,2026-07-13T08:55:32.134Z,0x93f8e7568ebafc3a022704c8d55bc2c14d484f7988efbd9cca7424a2f739cd7e,2026-07-13T08:55:36.688Z,success,40290,1000,6376778,0x98bf5c5c39441d5c068243c2496a3c1f09cda04a7fc073890e4d91fe8ec7f392,2026-07-13T08:55:36.688Z,4554,4554,4697,29,Untrusted,2026-07-13T08:55:33.413Z,0xbb12aa329e75c9cc30453cd8601e06428a0dd3151f6f4896c4060db5b0e9ca26,,variant-batch live execution
datm-live-2026-07-13T08-53-43-261Z,C,entity-10-malicious,malicious,12,2026-07-13T08:55:31.991Z,2026-07-13T08:55:31.991Z,2026-07-13T08:55:31.991Z,0,2026-07-13T08:55:32.134Z,0xfcbe15b1f6296d8546f22583ce350538db4a4b1e9133b6c19aa566d9025329d6,2026-07-13T08:55:36.665Z,success,40278,1000,6376778,0x98bf5c5c39441d5c068243c2496a3c1f09cda04a7fc073890e4d91fe8ec7f392,2026-07-13T08:55:36.665Z,4531,4531,4674,28,Untrusted,2026-07-13T08:55:33.413Z,0x0b55ccb04b7d7d6d16f88e66e52fe20db6e2c2f42346e735bbfd9313b9c7a18c,,variant-batch live execution
datm-live-2026-07-13T08-53-43-261Z,C,entity-01-normal,normal,13,2026-07-13T08:55:41.856Z,2026-07-13T08:55:41.856Z,2026-07-13T08:55:41.856Z,0,2026-07-13T08:55:42.108Z,0x5b7e6ff293a6aaa418951f8043b7e8cebf7d9d3c4c807f124423508e16979416,2026-07-13T08:55:46.406Z,success,40211,1000,6376780,0xc690f7695f0b78fc37c66fdd719c0f40da81de240dc8b9f174e9a36197ac3ea0,2026-07-13T08:55:46.406Z,4298,4298,4550,92,Trusted,2026-07-13T08:55:43.413Z,0x218df87c4cc4764ee612ecc7b365f90df772faa12f88ff0e68fe3b786eb8ce14,,variant-batch live execution
datm-live-2026-07-13T08-53-43-261Z,C,entity-02-normal,normal,13,2026-07-13T08:55:41.858Z,2026-07-13T08:55:41.858Z,2026-07-13T08:55:41.858Z,0,2026-07-13T08:55:42.157Z,0x0232e1c888d5769c81de8083c978c30cc959b90b0b42d955cb6fc11dbd735f4a,2026-07-13T08:55:46.406Z,success,40199,1000,6376780,0xc690f7695f0b78fc37c66fdd719c0f40da81de240dc8b9f174e9a36197ac3ea0,2026-07-13T08:55:46.406Z,4249,4249,4548,93,Trusted,2026-07-13T08:55:43.413Z,0x78a9b6e254523cf272b4d2138b8090da0b6cecb0cb41b95917d76603e1eef710,,variant-batch live execution
datm-live-2026-07-13T08-53-43-261Z,C,entity-03-normal,normal,13,2026-07-13T08:55:41.859Z,2026-07-13T08:55:41.859Z,2026-07-13T08:55:41.859Z,0,2026-07-13T08:55:42.158Z,0x5e343a923d1e5af521e78930be2c0d34cb1c922ffcdd19ee3d4ce185dad88ae0,2026-07-13T08:55:46.407Z,success,40199,1000,6376780,0xc690f7695f0b78fc37c66fdd719c0f40da81de240dc8b9f174e9a36197ac3ea0,2026-07-13T08:55:46.407Z,4249,4249,4548,93,Trusted,2026-07-13T08:55:43.413Z,0xa8eb836b2cd4ac670b223626cbe063afa6e72e694cafc94c764294360e222e2c,,variant-batch live execution
datm-live-2026-07-13T08-53-43-261Z,C,entity-04-normal,normal,13,2026-07-13T08:55:41.859Z,2026-07-13T08:55:41.859Z,2026-07-13T08:55:41.859Z,0,2026-07-13T08:55:42.158Z,0xe4f9921b121c5b851d69933a4242faddb1606648bd3ce82c59e14aeb9ba2f62b,2026-07-13T08:55:46.410Z,success,40211,1000,6376780,0xc690f7695f0b78fc37c66fdd719c0f40da81de240dc8b9f174e9a36197ac3ea0,2026-07-13T08:55:46.410Z,4252,4252,4551,92,Trusted,2026-07-13T08:55:43.413Z,0xda8e7f589bbad4e518c4343a0d1a37e402d58a1f557a6dff4e9c7e7279723adc,,variant-batch live execution
datm-live-2026-07-13T08-53-43-261Z,C,entity-05-suspicious,suspicious,13,2026-07-13T08:55:41.861Z,2026-07-13T08:55:41.861Z,2026-07-13T08:55:41.861Z,0,2026-07-13T08:55:42.158Z,0x92ae55d91e2d72881f9d266b6dde38db817d86f98902bafeb2639c7fa60a7244,2026-07-13T08:55:46.439Z,success,40291,1000,6376780,0xc690f7695f0b78fc37c66fdd719c0f40da81de240dc8b9f174e9a36197ac3ea0,2026-07-13T08:55:46.439Z,4281,4281,4578,62,Suspicious,2026-07-13T08:55:43.413Z,0xc3951fa653b603835cacb1fc2ee34536be1f2988805ee0f48ba5a7a8a1f25f93,,variant-batch live execution
datm-live-2026-07-13T08-53-43-261Z,C,entity-06-suspicious,suspicious,13,2026-07-13T08:55:41.863Z,2026-07-13T08:55:41.863Z,2026-07-13T08:55:41.863Z,0,2026-07-13T08:55:42.159Z,0x173b4a1faa2adf5987aec484e299fd15cd74a41de975b1a19b664edf458276b8,2026-07-13T08:55:46.408Z,success,40291,1000,6376780,0xc690f7695f0b78fc37c66fdd719c0f40da81de240dc8b9f174e9a36197ac3ea0,2026-07-13T08:55:46.408Z,4249,4249,4545,61,Suspicious,2026-07-13T08:55:43.413Z,0x82779d1f4271c91cb5e08fb14a830bdfa7072a84282840084ba97223c837155d,,variant-batch live execution
datm-live-2026-07-13T08-53-43-261Z,C,entity-07-suspicious,suspicious,13,2026-07-13T08:55:41.864Z,2026-07-13T08:55:41.864Z,2026-07-13T08:55:41.864Z,0,2026-07-13T08:55:42.159Z,0x153430e3b18607f299c8302a0fce5751683d9a5616d6b1624306cf2132af3573,2026-07-13T08:55:46.593Z,success,40291,1000,6376780,0xc690f7695f0b78fc37c66fdd719c0f40da81de240dc8b9f174e9a36197ac3ea0,2026-07-13T08:55:46.593Z,4434,4434,4729,61,Suspicious,2026-07-13T08:55:43.413Z,0x02c322363022121fcb2520d35780eeeced9b7b9332567aaf76d44cc6a8326b05,,variant-batch live execution
datm-live-2026-07-13T08-53-43-261Z,C,entity-08-malicious,malicious,13,2026-07-13T08:55:41.864Z,2026-07-13T08:55:41.864Z,2026-07-13T08:55:41.864Z,0,2026-07-13T08:55:42.159Z,0x33e6930e1ba02c5943833458aa4e349e3733035d76adebcdbfebbec5656ecf0a,2026-07-13T08:55:46.605Z,success,40290,1000,6376780,0xc690f7695f0b78fc37c66fdd719c0f40da81de240dc8b9f174e9a36197ac3ea0,2026-07-13T08:55:46.605Z,4446,4446,4741,29,Untrusted,2026-07-13T08:55:43.413Z,0x3945e4bfc28986fbbba1e6266e6058f7cf2bc0457640c75728f2cac2a16e8581,,variant-batch live execution
datm-live-2026-07-13T08-53-43-261Z,C,entity-09-malicious,malicious,13,2026-07-13T08:55:41.865Z,2026-07-13T08:55:41.865Z,2026-07-13T08:55:41.865Z,0,2026-07-13T08:55:42.159Z,0x32c334f8211693635fbaf8e30924d8fe2e5caaef27cb902766374de81fefd298,2026-07-13T08:55:46.619Z,success,40290,1000,6376780,0xc690f7695f0b78fc37c66fdd719c0f40da81de240dc8b9f174e9a36197ac3ea0,2026-07-13T08:55:46.619Z,4460,4460,4754,27,Untrusted,2026-07-13T08:55:43.413Z,0x70ad95700cf812cb7672e8d9cf4e93eca30e2186bb542f1918297b796af15de5,,variant-batch live execution
datm-live-2026-07-13T08-53-43-261Z,C,entity-10-malicious,malicious,13,2026-07-13T08:55:41.866Z,2026-07-13T08:55:41.866Z,2026-07-13T08:55:41.866Z,0,2026-07-13T08:55:42.160Z,0x6cac68d78bf08aba18bbbdd6e29aec625cec1af53a584f73f94a27fcaafb9706,2026-07-13T08:55:46.631Z,success,40278,1000,6376780,0xc690f7695f0b78fc37c66fdd719c0f40da81de240dc8b9f174e9a36197ac3ea0,2026-07-13T08:55:46.631Z,4471,4471,4765,27,Untrusted,2026-07-13T08:55:43.413Z,0x5b13538c1f02be2975609cd425da8f1e6c055dc13d1786ea9636d3cdbcde9a0c,,variant-batch live execution
datm-live-2026-07-13T08-53-43-261Z,C,entity-01-normal,normal,14,2026-07-13T08:55:51.763Z,2026-07-13T08:55:51.763Z,2026-07-13T08:55:51.763Z,0,2026-07-13T08:55:51.905Z,0x94ccdd7b06e30a45cd408e57ac0dcbcaa6b53b2d3cfdef9901182dac006c5afa,2026-07-13T08:55:56.156Z,success,40199,1000,6376782,0x21fb9776680fdfe2eae30008800d2b46569d6bc56fca820fe7d8e0b03917d578,2026-07-13T08:55:56.156Z,4251,4251,4393,92,Trusted,2026-07-13T08:55:53.413Z,0x7c03f139d88e8c21aca0c8055059391be5bd7a99d8a2434e94022e173f3ce0b7,,variant-batch live execution
datm-live-2026-07-13T08-53-43-261Z,C,entity-02-normal,normal,14,2026-07-13T08:55:51.765Z,2026-07-13T08:55:51.765Z,2026-07-13T08:55:51.765Z,0,2026-07-13T08:55:51.927Z,0xbfb6c5e6f145fc2af2f839d096efd786d2a2e25e073b33ccfddd347d13646a85,2026-07-13T08:55:56.155Z,success,40199,1000,6376782,0x21fb9776680fdfe2eae30008800d2b46569d6bc56fca820fe7d8e0b03917d578,2026-07-13T08:55:56.155Z,4228,4228,4390,93,Trusted,2026-07-13T08:55:53.413Z,0xbb0d446a2dbbfb99fa8336d141e5b6ca9c05907f98ebe02d0ad44a2ed80da4ad,,variant-batch live execution
datm-live-2026-07-13T08-53-43-261Z,C,entity-03-normal,normal,14,2026-07-13T08:55:51.766Z,2026-07-13T08:55:51.766Z,2026-07-13T08:55:51.766Z,0,2026-07-13T08:55:51.927Z,0x4c995b3ecc260015e98412a675f21ea9399fdbba5c2c0e55eb500c62f3d664ac,2026-07-13T08:55:56.156Z,success,40211,1000,6376782,0x21fb9776680fdfe2eae30008800d2b46569d6bc56fca820fe7d8e0b03917d578,2026-07-13T08:55:56.156Z,4229,4229,4390,91,Trusted,2026-07-13T08:55:53.413Z,0x2007fa1b3a243bf39ec172fd7835ff12bfdd0e07141daf0cc8ac48da2dee83a3,,variant-batch live execution
datm-live-2026-07-13T08-53-43-261Z,C,entity-04-normal,normal,14,2026-07-13T08:55:51.767Z,2026-07-13T08:55:51.767Z,2026-07-13T08:55:51.767Z,0,2026-07-13T08:55:51.928Z,0x3d59bb767a6d078b29f6cad426615c0c0fdee51f8d3856cafd551b3e01483f8c,2026-07-13T08:55:56.157Z,success,40199,1000,6376782,0x21fb9776680fdfe2eae30008800d2b46569d6bc56fca820fe7d8e0b03917d578,2026-07-13T08:55:56.157Z,4229,4229,4390,92,Trusted,2026-07-13T08:55:53.413Z,0x31c41263104f32b02d6972faec830fccccba050362023089b3527c260acf86c3,,variant-batch live execution
datm-live-2026-07-13T08-53-43-261Z,C,entity-05-suspicious,suspicious,14,2026-07-13T08:55:51.768Z,2026-07-13T08:55:51.768Z,2026-07-13T08:55:51.768Z,0,2026-07-13T08:55:51.928Z,0x4d72ba94687cc81341a9746fe59e9afc37ad0d81d7897ffdd9f510ef899a530d,2026-07-13T08:55:56.187Z,success,40291,1000,6376782,0x21fb9776680fdfe2eae30008800d2b46569d6bc56fca820fe7d8e0b03917d578,2026-07-13T08:55:56.187Z,4259,4259,4419,61,Suspicious,2026-07-13T08:55:53.413Z,0x8fdc3db68830c8da854e382507a6d38b5a04d7ecc22ae1fa3bb625426757d8ff,,variant-batch live execution
datm-live-2026-07-13T08-53-43-261Z,C,entity-06-suspicious,suspicious,14,2026-07-13T08:55:51.769Z,2026-07-13T08:55:51.769Z,2026-07-13T08:55:51.769Z,0,2026-07-13T08:55:51.928Z,0x05bf90a1e88b6bd403d98ef328c437fbaa98eacd0a002179de875fb7973e10d9,2026-07-13T08:55:56.159Z,success,40291,1000,6376782,0x21fb9776680fdfe2eae30008800d2b46569d6bc56fca820fe7d8e0b03917d578,2026-07-13T08:55:56.159Z,4231,4231,4390,60,Suspicious,2026-07-13T08:55:53.413Z,0xda649a039f6ad7114333d8ab1f74744a99470bf2e78fcf087931f0c6f7eb2c6f,,variant-batch live execution
datm-live-2026-07-13T08-53-43-261Z,C,entity-07-suspicious,suspicious,14,2026-07-13T08:55:51.769Z,2026-07-13T08:55:51.769Z,2026-07-13T08:55:51.769Z,0,2026-07-13T08:55:51.933Z,0x5c34ac93df4b728844f41c55c4e1af9af3900662c99ad3c1f36f4f4d7dbf376e,2026-07-13T08:55:56.347Z,success,40291,1000,6376782,0x21fb9776680fdfe2eae30008800d2b46569d6bc56fca820fe7d8e0b03917d578,2026-07-13T08:55:56.347Z,4414,4414,4578,62,Suspicious,2026-07-13T08:55:53.413Z,0x11464dff2332bfa885a58f405983959cf2cf239b5866b4e2bf5874b7738daa0e,,variant-batch live execution
datm-live-2026-07-13T08-53-43-261Z,C,entity-08-malicious,malicious,14,2026-07-13T08:55:51.770Z,2026-07-13T08:55:51.770Z,2026-07-13T08:55:51.770Z,0,2026-07-13T08:55:51.934Z,0xda825d122813ad2b257c60f439d28d0cb17e33fc63fab8546e1621f49848b5ca,2026-07-13T08:55:56.358Z,success,40290,1000,6376782,0x21fb9776680fdfe2eae30008800d2b46569d6bc56fca820fe7d8e0b03917d578,2026-07-13T08:55:56.358Z,4424,4424,4588,28,Untrusted,2026-07-13T08:55:53.413Z,0xc38c879af71fdc44d093e0c5be5816124ba3b43a866aec18e5c6cc8194aa45c9,,variant-batch live execution
datm-live-2026-07-13T08-53-43-261Z,C,entity-09-malicious,malicious,14,2026-07-13T08:55:51.770Z,2026-07-13T08:55:51.770Z,2026-07-13T08:55:51.770Z,0,2026-07-13T08:55:51.934Z,0xa42e4f4a570a1e8e359759656788379b59d50763d13c2d720aefbf8bf0f7bd68,2026-07-13T08:55:56.372Z,success,40290,1000,6376782,0x21fb9776680fdfe2eae30008800d2b46569d6bc56fca820fe7d8e0b03917d578,2026-07-13T08:55:56.372Z,4438,4438,4602,26,Untrusted,2026-07-13T08:55:53.413Z,0x5dd91832d82919972cd11a62bc1980374452f05ea489bf818130420a7e667652,,variant-batch live execution
datm-live-2026-07-13T08-53-43-261Z,C,entity-10-malicious,malicious,14,2026-07-13T08:55:51.771Z,2026-07-13T08:55:51.771Z,2026-07-13T08:55:51.771Z,0,2026-07-13T08:55:51.934Z,0x21fc325a59fa9a76ddb12a16ef1718a6300428fd24939e90f15d0c3274c22fd4,2026-07-13T08:55:56.394Z,success,40278,1000,6376782,0x21fb9776680fdfe2eae30008800d2b46569d6bc56fca820fe7d8e0b03917d578,2026-07-13T08:55:56.394Z,4460,4460,4623,30,Untrusted,2026-07-13T08:55:53.413Z,0x2e812532fb319685201559cc3074ac54085184a9f6b7a73ad61e633a2267f4a8,,variant-batch live execution
datm-live-2026-07-13T08-53-43-261Z,C,entity-01-normal,normal,15,2026-07-13T08:56:01.513Z,2026-07-13T08:56:01.513Z,2026-07-13T08:56:01.513Z,0,2026-07-13T08:56:01.649Z,0x9383f5dc29b1e1ef5a424163d8b9e6bc2daba4f66ea730ac062c38b4ef814777,2026-07-13T08:56:05.900Z,success,40199,1000,6376784,0x69ee9f810620e728544338b0862e9375cee711581023e028d1e94930e3dea774,2026-07-13T08:56:05.900Z,4251,4251,4387,93,Trusted,2026-07-13T08:56:03.413Z,0x7e4ffcc62a285e54423982b9d3d9ff77fb074852df855da268162f053355733c,,variant-batch live execution
datm-live-2026-07-13T08-53-43-261Z,C,entity-02-normal,normal,15,2026-07-13T08:56:01.514Z,2026-07-13T08:56:01.514Z,2026-07-13T08:56:01.514Z,0,2026-07-13T08:56:01.649Z,0xa04f65e33c0994693c4685af6e09dd348cd55c8e3a37c0f0e942e8acfd131e94,2026-07-13T08:56:05.897Z,success,40211,1000,6376784,0x69ee9f810620e728544338b0862e9375cee711581023e028d1e94930e3dea774,2026-07-13T08:56:05.897Z,4248,4248,4383,91,Trusted,2026-07-13T08:56:03.413Z,0x9e2c587d5c7cf0b0a3549baa0fa0393171d5e3ab933fb397db53c46a89d9dcbc,,variant-batch live execution
datm-live-2026-07-13T08-53-43-261Z,C,entity-03-normal,normal,15,2026-07-13T08:56:01.515Z,2026-07-13T08:56:01.515Z,2026-07-13T08:56:01.515Z,0,2026-07-13T08:56:01.669Z,0xa3f6330e9751574b771a4c2174e9b401a84c93de99b2965242fc4e2f2bc6ad96,2026-07-13T08:56:05.899Z,success,40187,1000,6376784,0x69ee9f810620e728544338b0862e9375cee711581023e028d1e94930e3dea774,2026-07-13T08:56:05.899Z,4230,4230,4384,93,Trusted,2026-07-13T08:56:03.413Z,0x4d248b402c19c7d4a9002124f9fd94d37f8fba6bb4a0b750897132a3989cf8ef,,variant-batch live execution
datm-live-2026-07-13T08-53-43-261Z,C,entity-04-normal,normal,15,2026-07-13T08:56:01.516Z,2026-07-13T08:56:01.516Z,2026-07-13T08:56:01.516Z,0,2026-07-13T08:56:01.669Z,0x018f92496534d3500302a0f9d482cfd6e0d0f5b75ce312cb327d97ae99b2a23f,2026-07-13T08:56:05.901Z,success,40199,1000,6376784,0x69ee9f810620e728544338b0862e9375cee711581023e028d1e94930e3dea774,2026-07-13T08:56:05.901Z,4232,4232,4385,93,Trusted,2026-07-13T08:56:03.413Z,0xac38143746bec7898102c29fdf97585bea09b1b5c0b84a31b1999544453d9a2f,,variant-batch live execution
datm-live-2026-07-13T08-53-43-261Z,C,entity-05-suspicious,suspicious,15,2026-07-13T08:56:01.516Z,2026-07-13T08:56:01.516Z,2026-07-13T08:56:01.516Z,0,2026-07-13T08:56:01.669Z,0x815e6e10b2c8b4c7644236375549ca5700b5951653951fc2f16388c86fc6d73e,2026-07-13T08:56:05.901Z,success,40279,1000,6376784,0x69ee9f810620e728544338b0862e9375cee711581023e028d1e94930e3dea774,2026-07-13T08:56:05.901Z,4232,4232,4385,60,Suspicious,2026-07-13T08:56:03.413Z,0x04cd1557306e00269b83f752da0a7afc5e6e3cf4807d10df6ad62b89b18ad938,,variant-batch live execution
datm-live-2026-07-13T08-53-43-261Z,C,entity-06-suspicious,suspicious,15,2026-07-13T08:56:01.517Z,2026-07-13T08:56:01.517Z,2026-07-13T08:56:01.517Z,0,2026-07-13T08:56:01.669Z,0xf1952a2bab6fd4cf1f319b5ad6b9beac8c3427e6127a4f64b90cacd20ccc45bf,2026-07-13T08:56:05.925Z,success,40291,1000,6376784,0x69ee9f810620e728544338b0862e9375cee711581023e028d1e94930e3dea774,2026-07-13T08:56:05.925Z,4256,4256,4408,64,Suspicious,2026-07-13T08:56:03.413Z,0xc02e3873f0427686f6dda5c1f68de435b35ea0ebe9f6f8d303eee2e0e636c4d2,,variant-batch live execution
datm-live-2026-07-13T08-53-43-261Z,C,entity-07-suspicious,suspicious,15,2026-07-13T08:56:01.518Z,2026-07-13T08:56:01.518Z,2026-07-13T08:56:01.518Z,0,2026-07-13T08:56:01.670Z,0x90abe8ad17ae4f8c2fc29b6a715fa47bdb38700aeec887356b07514b70100c7e,2026-07-13T08:56:06.086Z,success,40291,1000,6376784,0x69ee9f810620e728544338b0862e9375cee711581023e028d1e94930e3dea774,2026-07-13T08:56:06.086Z,4416,4416,4568,61,Suspicious,2026-07-13T08:56:03.413Z,0x43ee964a8a6a4afb8451bddf939eb1ad1608f2313e2eb5de8c0c9e8b0fb86013,,variant-batch live execution
datm-live-2026-07-13T08-53-43-261Z,C,entity-08-malicious,malicious,15,2026-07-13T08:56:01.519Z,2026-07-13T08:56:01.519Z,2026-07-13T08:56:01.519Z,0,2026-07-13T08:56:01.673Z,0xf144e3936334451cf46d3afcf26ce83cd9fb99633f04d2ec3ea047bdfcdb3883,2026-07-13T08:56:06.094Z,success,40290,1000,6376784,0x69ee9f810620e728544338b0862e9375cee711581023e028d1e94930e3dea774,2026-07-13T08:56:06.094Z,4421,4421,4575,26,Untrusted,2026-07-13T08:56:03.413Z,0x5074022ed64542386576861a52bf52c1ab7d8cef8aafa6c5529dad4cc30898e5,,variant-batch live execution
datm-live-2026-07-13T08-53-43-261Z,C,entity-09-malicious,malicious,15,2026-07-13T08:56:01.519Z,2026-07-13T08:56:01.519Z,2026-07-13T08:56:01.519Z,0,2026-07-13T08:56:01.673Z,0x1b932ba70a097d4e07c3c26783ee1fae50931fa2c8916e7fbc843ace229c0e7e,2026-07-13T08:56:06.115Z,success,40290,1000,6376784,0x69ee9f810620e728544338b0862e9375cee711581023e028d1e94930e3dea774,2026-07-13T08:56:06.115Z,4442,4442,4596,28,Untrusted,2026-07-13T08:56:03.413Z,0x703c74bc15ce475fa28d7cdb1b1364e2185233c017a458529041093b0c165cc1,,variant-batch live execution
datm-live-2026-07-13T08-53-43-261Z,C,entity-10-malicious,malicious,15,2026-07-13T08:56:01.520Z,2026-07-13T08:56:01.520Z,2026-07-13T08:56:01.520Z,0,2026-07-13T08:56:01.673Z,0x98caa0cb97946412b5ada370c0bb61c7385f2945bfce027f2bd858ad7480e703,2026-07-13T08:56:06.128Z,success,40278,1000,6376784,0x69ee9f810620e728544338b0862e9375cee711581023e028d1e94930e3dea774,2026-07-13T08:56:06.128Z,4455,4455,4608,28,Untrusted,2026-07-13T08:56:03.413Z,0x58240b53a84038f75d3fe986c8bd313e04e8a096c00f86750f22144226014ab8,,variant-batch live execution
datm-live-2026-07-13T08-53-43-261Z,C,entity-01-normal,normal,16,2026-07-13T08:56:11.248Z,2026-07-13T08:56:11.248Z,2026-07-13T08:56:11.248Z,0,2026-07-13T08:56:11.366Z,0x3526798a96d5dd1967ae65513f505a493e56e0a9726c0c04b3126eb59884d276,2026-07-13T08:56:15.628Z,success,40223,1000,6376786,0x941d74bd3a32af52e2928cf15303a7917459718cea9b5daeeecf011864470763,2026-07-13T08:56:15.628Z,4262,4262,4380,90,Trusted,2026-07-13T08:56:13.413Z,0xc671e5c245ad23057aacad52a28d4f3b249258f388374e99db32486dd09779ae,,variant-batch live execution
datm-live-2026-07-13T08-53-43-261Z,C,entity-02-normal,normal,16,2026-07-13T08:56:11.250Z,2026-07-13T08:56:11.250Z,2026-07-13T08:56:11.250Z,0,2026-07-13T08:56:11.376Z,0xc97bff4470b00b5a187a08a46baad22c6a962a95313f52538bf2533df0ee8e59,2026-07-13T08:56:15.625Z,success,40211,1000,6376786,0x941d74bd3a32af52e2928cf15303a7917459718cea9b5daeeecf011864470763,2026-07-13T08:56:15.625Z,4249,4249,4375,92,Trusted,2026-07-13T08:56:13.413Z,0xeb4935aa1a18a6666383e45bf6f88d17f7b33d86b1cc423e200fd8b3f56a7283,,variant-batch live execution
datm-live-2026-07-13T08-53-43-261Z,C,entity-03-normal,normal,16,2026-07-13T08:56:11.251Z,2026-07-13T08:56:11.251Z,2026-07-13T08:56:11.251Z,0,2026-07-13T08:56:11.376Z,0x5aef2f38b8a3453914dbc5f4de0ff10b23d0ed3315a249a45186f1cad0043659,2026-07-13T08:56:15.628Z,success,40211,1000,6376786,0x941d74bd3a32af52e2928cf15303a7917459718cea9b5daeeecf011864470763,2026-07-13T08:56:15.628Z,4252,4252,4377,92,Trusted,2026-07-13T08:56:13.413Z,0xad27cc9b16c88a930c31554e7043b66b67c2679be573e1d3531b64a9edbcf823,,variant-batch live execution
datm-live-2026-07-13T08-53-43-261Z,C,entity-04-normal,normal,16,2026-07-13T08:56:11.253Z,2026-07-13T08:56:11.253Z,2026-07-13T08:56:11.253Z,0,2026-07-13T08:56:11.376Z,0x8bf1232438630c3666119f1c06e013b862cdd88ba1cf41f412ffe798c229668a,2026-07-13T08:56:15.629Z,success,40211,1000,6376786,0x941d74bd3a32af52e2928cf15303a7917459718cea9b5daeeecf011864470763,2026-07-13T08:56:15.629Z,4253,4253,4376,90,Trusted,2026-07-13T08:56:13.413Z,0xcfbd3ffecabe6ef43898e012629b3be8cc725da199f5bb17059aff96d3005aff,,variant-batch live execution
datm-live-2026-07-13T08-53-43-261Z,C,entity-05-suspicious,suspicious,16,2026-07-13T08:56:11.253Z,2026-07-13T08:56:11.253Z,2026-07-13T08:56:11.253Z,0,2026-07-13T08:56:11.376Z,0xec41d6f010e9cc4c844bd61046838babdd98ad465cebbeace5698880df5dc4d5,2026-07-13T08:56:15.658Z,success,40291,1000,6376786,0x941d74bd3a32af52e2928cf15303a7917459718cea9b5daeeecf011864470763,2026-07-13T08:56:15.658Z,4282,4282,4405,64,Suspicious,2026-07-13T08:56:13.413Z,0xa5c921fa1e871d8adef86acc64ec79ecce3a1da4c5254a253616cf7439dcd930,,variant-batch live execution
datm-live-2026-07-13T08-53-43-261Z,C,entity-06-suspicious,suspicious,16,2026-07-13T08:56:11.254Z,2026-07-13T08:56:11.254Z,2026-07-13T08:56:11.254Z,0,2026-07-13T08:56:11.376Z,0x8aa4c8e9aa217ee6cdc7192736b3abf88560bf22f6574e4fe3f25274450eed96,2026-07-13T08:56:15.629Z,success,40291,1000,6376786,0x941d74bd3a32af52e2928cf15303a7917459718cea9b5daeeecf011864470763,2026-07-13T08:56:15.629Z,4253,4253,4375,61,Suspicious,2026-07-13T08:56:13.413Z,0x433e9bea600563eb88c68e464ff8345ec5c627d9bed56179bf58e22a445653e1,,variant-batch live execution
datm-live-2026-07-13T08-53-43-261Z,C,entity-07-suspicious,suspicious,16,2026-07-13T08:56:11.254Z,2026-07-13T08:56:11.254Z,2026-07-13T08:56:11.254Z,0,2026-07-13T08:56:11.393Z,0x1f5420bd501f87be8c788caded7299fa2e6c61a65336510c1b012585bc60b368,2026-07-13T08:56:15.813Z,success,40279,1000,6376786,0x941d74bd3a32af52e2928cf15303a7917459718cea9b5daeeecf011864470763,2026-07-13T08:56:15.813Z,4420,4420,4559,60,Suspicious,2026-07-13T08:56:13.413Z,0xa906ca8b8680441b83a786126cffd6875417404760b01551d93c460081d52179,,variant-batch live execution
datm-live-2026-07-13T08-53-43-261Z,C,entity-08-malicious,malicious,16,2026-07-13T08:56:11.255Z,2026-07-13T08:56:11.255Z,2026-07-13T08:56:11.255Z,0,2026-07-13T08:56:11.393Z,0xfc6e767f4ec1af869fa33de72f5ddc9eba803810ab7f86c48b6d7be801d5abb4,2026-07-13T08:56:15.847Z,success,40278,1000,6376786,0x941d74bd3a32af52e2928cf15303a7917459718cea9b5daeeecf011864470763,2026-07-13T08:56:15.847Z,4454,4454,4592,28,Untrusted,2026-07-13T08:56:13.413Z,0xedcdb28d8b360aee5f6942c883df97c37c040ba88a3252e6031983001f66853c,,variant-batch live execution
datm-live-2026-07-13T08-53-43-261Z,C,entity-09-malicious,malicious,16,2026-07-13T08:56:11.255Z,2026-07-13T08:56:11.255Z,2026-07-13T08:56:11.255Z,0,2026-07-13T08:56:11.393Z,0x91f94224819d3304841e1b5b6215f3bbd6d625ae2ee5dfc2df517981762a01db,2026-07-13T08:56:15.848Z,success,40278,1000,6376786,0x941d74bd3a32af52e2928cf15303a7917459718cea9b5daeeecf011864470763,2026-07-13T08:56:15.848Z,4455,4455,4593,27,Untrusted,2026-07-13T08:56:13.413Z,0x9b50ceaa730456c2036c1005610d4600810bbf443ffe2a58771d0a79dffdd3be,,variant-batch live execution
datm-live-2026-07-13T08-53-43-261Z,C,entity-10-malicious,malicious,16,2026-07-13T08:56:11.256Z,2026-07-13T08:56:11.256Z,2026-07-13T08:56:11.256Z,0,2026-07-13T08:56:11.393Z,0xbc7a9488838acb6ecef38c12ec7cb6483e57abaa7a81b333115ca5258b648cee,2026-07-13T08:56:15.847Z,success,40254,1000,6376786,0x941d74bd3a32af52e2928cf15303a7917459718cea9b5daeeecf011864470763,2026-07-13T08:56:15.847Z,4454,4454,4591,26,Untrusted,2026-07-13T08:56:13.413Z,0xc5d73f425462d339da6fba003b057e227a399a630bb28274cb59001eb9f69525,,variant-batch live execution
datm-live-2026-07-13T08-53-43-261Z,C,entity-01-normal,normal,17,2026-07-13T08:56:20.978Z,2026-07-13T08:56:20.978Z,2026-07-13T08:56:20.978Z,0,2026-07-13T08:56:21.099Z,0x99bb73fdf600ddafd486035431a3eb794d699933d12622ea16f9c17abd962fd6,2026-07-13T08:56:25.367Z,success,40199,1000,6376788,0x71b9277fc4839b1bc71ce13d66588e2b6dfc5c8e2988d96316eb6f7fef56d719,2026-07-13T08:56:25.367Z,4268,4268,4389,93,Trusted,2026-07-13T08:56:23.413Z,0x57cf6840e399f17efc67935a4768dbb9f56875406b21d7f869a928ec2dbc71b6,,variant-batch live execution
datm-live-2026-07-13T08-53-43-261Z,C,entity-02-normal,normal,17,2026-07-13T08:56:20.980Z,2026-07-13T08:56:20.980Z,2026-07-13T08:56:20.980Z,0,2026-07-13T08:56:21.101Z,0x2d306beb7de64332e78a70666b363ddd0b79903c6c27d769367da001f6262669,2026-07-13T08:56:25.393Z,success,40199,1000,6376788,0x71b9277fc4839b1bc71ce13d66588e2b6dfc5c8e2988d96316eb6f7fef56d719,2026-07-13T08:56:25.393Z,4292,4292,4413,93,Trusted,2026-07-13T08:56:23.413Z,0x9569edaaf1dbbb04d926a3944520ea0b0b80afcae268da9753d4f31a0a497917,,variant-batch live execution
datm-live-2026-07-13T08-53-43-261Z,C,entity-03-normal,normal,17,2026-07-13T08:56:20.981Z,2026-07-13T08:56:20.981Z,2026-07-13T08:56:20.981Z,0,2026-07-13T08:56:21.101Z,0x7e360065766b4aa00b88b468d110a1baf05c0d3ffa012f0e763138ac9cd683a2,2026-07-13T08:56:25.368Z,success,40211,1000,6376788,0x71b9277fc4839b1bc71ce13d66588e2b6dfc5c8e2988d96316eb6f7fef56d719,2026-07-13T08:56:25.368Z,4267,4267,4387,92,Trusted,2026-07-13T08:56:23.413Z,0x6efceaf6731b649cb9a8c49d6959635e1fddaa82fc7bd4ebdb79ff409caf9f5d,,variant-batch live execution
datm-live-2026-07-13T08-53-43-261Z,C,entity-04-normal,normal,17,2026-07-13T08:56:20.982Z,2026-07-13T08:56:20.982Z,2026-07-13T08:56:20.982Z,0,2026-07-13T08:56:21.101Z,0x752ec6f27d9113a5f544b55903e47372e6313e4979776adc8f5a50a5d753f818,2026-07-13T08:56:25.372Z,success,40199,1000,6376788,0x71b9277fc4839b1bc71ce13d66588e2b6dfc5c8e2988d96316eb6f7fef56d719,2026-07-13T08:56:25.372Z,4271,4271,4390,93,Trusted,2026-07-13T08:56:23.413Z,0xb3eb7696e1497cb5ec849abb0dd372e84132f0323ce1947c265da5b0e823ccfb,,variant-batch live execution
datm-live-2026-07-13T08-53-43-261Z,C,entity-05-suspicious,suspicious,17,2026-07-13T08:56:20.982Z,2026-07-13T08:56:20.982Z,2026-07-13T08:56:20.982Z,0,2026-07-13T08:56:21.101Z,0xed8fea42d52b6dc92ead458da106d01a2e93a08a52829fa2cc34cc8f3fea9364,2026-07-13T08:56:25.372Z,success,40291,1000,6376788,0x71b9277fc4839b1bc71ce13d66588e2b6dfc5c8e2988d96316eb6f7fef56d719,2026-07-13T08:56:25.372Z,4271,4271,4390,61,Suspicious,2026-07-13T08:56:23.413Z,0x2788587c7b550f87561903b4797984b4436fbdeefaf0dc105ade6cc8f7225862,,variant-batch live execution
datm-live-2026-07-13T08-53-43-261Z,C,entity-06-suspicious,suspicious,17,2026-07-13T08:56:20.983Z,2026-07-13T08:56:20.983Z,2026-07-13T08:56:20.983Z,0,2026-07-13T08:56:21.102Z,0x11f77d8fe824fbd28ce4b796f652c7afd3bc0beb77804633a1d11521bfde56eb,2026-07-13T08:56:25.372Z,success,40291,1000,6376788,0x71b9277fc4839b1bc71ce13d66588e2b6dfc5c8e2988d96316eb6f7fef56d719,2026-07-13T08:56:25.372Z,4270,4270,4389,58,Suspicious,2026-07-13T08:56:23.413Z,0x5aabc32eda8f925adb6fc5a1bf75f6dc739ce49e07468bc82495959123e55122,,variant-batch live execution
datm-live-2026-07-13T08-53-43-261Z,C,entity-07-suspicious,suspicious,17,2026-07-13T08:56:20.984Z,2026-07-13T08:56:20.984Z,2026-07-13T08:56:20.984Z,0,2026-07-13T08:56:21.141Z,0x61b9f61f21d16eee54428e565691873fa6cf31140cf9270aae3bf204c5bd6156,2026-07-13T08:56:25.558Z,success,40291,1000,6376788,0x71b9277fc4839b1bc71ce13d66588e2b6dfc5c8e2988d96316eb6f7fef56d719,2026-07-13T08:56:25.558Z,4417,4417,4574,64,Suspicious,2026-07-13T08:56:23.413Z,0x11f840e760222dff8550141c1c42484b601305cb200e3ea46d373088cc3f0981,,variant-batch live execution
datm-live-2026-07-13T08-53-43-261Z,C,entity-08-malicious,malicious,17,2026-07-13T08:56:20.984Z,2026-07-13T08:56:20.984Z,2026-07-13T08:56:20.984Z,0,2026-07-13T08:56:21.141Z,0x6cd43f029d33e74638816820a800a9c1cd5c687f5bce95c6f451f79e7f1fa2e9,2026-07-13T08:56:25.566Z,success,40290,1000,6376788,0x71b9277fc4839b1bc71ce13d66588e2b6dfc5c8e2988d96316eb6f7fef56d719,2026-07-13T08:56:25.566Z,4425,4425,4582,27,Untrusted,2026-07-13T08:56:23.413Z,0xe4be3840d36dfcb7337ad2e8aa1926e9c01610e65830294d5b6ceb421ac896c9,,variant-batch live execution
datm-live-2026-07-13T08-53-43-261Z,C,entity-09-malicious,malicious,17,2026-07-13T08:56:20.985Z,2026-07-13T08:56:20.985Z,2026-07-13T08:56:20.985Z,0,2026-07-13T08:56:21.142Z,0xe7b5ea016a1d9ab7ccf180c6f861177377e44195deb66a70fe2fe5ab5e105a1a,2026-07-13T08:56:25.593Z,success,40290,1000,6376788,0x71b9277fc4839b1bc71ce13d66588e2b6dfc5c8e2988d96316eb6f7fef56d719,2026-07-13T08:56:25.593Z,4451,4451,4608,26,Untrusted,2026-07-13T08:56:23.413Z,0x2b29db13f8c40e178e76578a09771f5c27215b6fa142f07409f26f2ba21d6251,,variant-batch live execution
datm-live-2026-07-13T08-53-43-261Z,C,entity-10-malicious,malicious,17,2026-07-13T08:56:20.985Z,2026-07-13T08:56:20.985Z,2026-07-13T08:56:20.985Z,0,2026-07-13T08:56:21.142Z,0x847952b11f354df07415eb9162c8abc6d62e92a8b004201faf381ca2eeee3ac5,2026-07-13T08:56:25.575Z,success,40278,1000,6376788,0x71b9277fc4839b1bc71ce13d66588e2b6dfc5c8e2988d96316eb6f7fef56d719,2026-07-13T08:56:25.575Z,4433,4433,4590,28,Untrusted,2026-07-13T08:56:23.413Z,0x3e59a7d068a31b97ad773db0ac7377d844379068cb936362803599dec7eb176a,,variant-batch live execution
datm-live-2026-07-13T08-53-43-261Z,C,entity-01-normal,normal,18,2026-07-13T08:56:30.725Z,2026-07-13T08:56:30.725Z,2026-07-13T08:56:30.725Z,0,2026-07-13T08:56:30.857Z,0xa13bdf9b271cbcb94026d59a8d7b5fb84c7a1da8ea85887fdbd5d1032c9d2f99,2026-07-13T08:56:35.125Z,success,40187,1000,6376790,0x039379ea00d38bed9e6139bc71ad83a1ebc02c677d3a1d4ee04663d7f5630f46,2026-07-13T08:56:35.125Z,4268,4268,4400,92,Trusted,2026-07-13T08:56:33.413Z,0x1ca0c85a33b6c2f5c40cfcd4ca6513dc39898e17c0009e7c67f91c4d5929ceb5,,variant-batch live execution
datm-live-2026-07-13T08-53-43-261Z,C,entity-02-normal,normal,18,2026-07-13T08:56:30.726Z,2026-07-13T08:56:30.726Z,2026-07-13T08:56:30.726Z,0,2026-07-13T08:56:30.857Z,0x7fc4cdd41fe57fbbdb7b51eb9e527d647537f4b1857e41e7f23b100f9cdd3a33,2026-07-13T08:56:35.128Z,success,40211,1000,6376790,0x039379ea00d38bed9e6139bc71ad83a1ebc02c677d3a1d4ee04663d7f5630f46,2026-07-13T08:56:35.128Z,4271,4271,4402,91,Trusted,2026-07-13T08:56:33.413Z,0xa4ff93fd3a6a2af05238548c5c18132cda62d7fd8ab13c13dae7759040d4181f,,variant-batch live execution
datm-live-2026-07-13T08-53-43-261Z,C,entity-03-normal,normal,18,2026-07-13T08:56:30.728Z,2026-07-13T08:56:30.728Z,2026-07-13T08:56:30.728Z,0,2026-07-13T08:56:30.857Z,0x50fa43e639034433a3df5ebc9a74c89bf3a1cd554f50417857bde95154ef5d86,2026-07-13T08:56:35.128Z,success,40187,1000,6376790,0x039379ea00d38bed9e6139bc71ad83a1ebc02c677d3a1d4ee04663d7f5630f46,2026-07-13T08:56:35.128Z,4271,4271,4400,92,Trusted,2026-07-13T08:56:33.413Z,0x2fa6aa1c5cee0078c41bb1a997092e8cf0a4c64a587842212a4b9922b092d55a,,variant-batch live execution
datm-live-2026-07-13T08-53-43-261Z,C,entity-04-normal,normal,18,2026-07-13T08:56:30.729Z,2026-07-13T08:56:30.729Z,2026-07-13T08:56:30.729Z,0,2026-07-13T08:56:30.857Z,0x4b29fd10d5804ec820c93f39a6841781ebef9805b24c8f799b64a21078bd1a6b,2026-07-13T08:56:35.152Z,success,40199,1000,6376790,0x039379ea00d38bed9e6139bc71ad83a1ebc02c677d3a1d4ee04663d7f5630f46,2026-07-13T08:56:35.152Z,4295,4295,4423,92,Trusted,2026-07-13T08:56:33.413Z,0x67ed26c0c159894ca6ba655c0f0f1bd50c5e8b9e3fb6492d29d79976c7a9a0a7,,variant-batch live execution
datm-live-2026-07-13T08-53-43-261Z,C,entity-05-suspicious,suspicious,18,2026-07-13T08:56:30.730Z,2026-07-13T08:56:30.730Z,2026-07-13T08:56:30.730Z,0,2026-07-13T08:56:30.858Z,0x623caff6d05df4d2f3f9c1c757e820186041457e6448a2fad1a5d3a474a78fe5,2026-07-13T08:56:35.125Z,success,40291,1000,6376790,0x039379ea00d38bed9e6139bc71ad83a1ebc02c677d3a1d4ee04663d7f5630f46,2026-07-13T08:56:35.125Z,4267,4267,4395,58,Suspicious,2026-07-13T08:56:33.413Z,0xc42686e1d3b0a5ebcb2060a1f74976446e075dafc4c75233115385a9259becbd,,variant-batch live execution
datm-live-2026-07-13T08-53-43-261Z,C,entity-06-suspicious,suspicious,18,2026-07-13T08:56:30.731Z,2026-07-13T08:56:30.731Z,2026-07-13T08:56:30.731Z,0,2026-07-13T08:56:30.858Z,0xccd1cba5e970ac79b6892f9d3df6b8837dab1cdaa59508dd5e83c8c476fce51d,2026-07-13T08:56:35.126Z,success,40291,1000,6376790,0x039379ea00d38bed9e6139bc71ad83a1ebc02c677d3a1d4ee04663d7f5630f46,2026-07-13T08:56:35.126Z,4268,4268,4395,60,Suspicious,2026-07-13T08:56:33.413Z,0x108c33368c1d23874ede12fdae50e0b7cdce66600cc0a9e6424ce67b64bc73a4,,variant-batch live execution
datm-live-2026-07-13T08-53-43-261Z,C,entity-07-suspicious,suspicious,18,2026-07-13T08:56:30.731Z,2026-07-13T08:56:30.731Z,2026-07-13T08:56:30.731Z,0,2026-07-13T08:56:30.883Z,0x8b6b17eed9448728728b66777f9cd0cca6b217d09549536fc2ac60d27dc2aa6d,2026-07-13T08:56:35.317Z,success,40291,1000,6376790,0x039379ea00d38bed9e6139bc71ad83a1ebc02c677d3a1d4ee04663d7f5630f46,2026-07-13T08:56:35.317Z,4434,4434,4586,61,Suspicious,2026-07-13T08:56:33.413Z,0x68abcde042f66a594b010e2b6ee49e29ce8473f711f876d6b4c856d3211cbab2,,variant-batch live execution
datm-live-2026-07-13T08-53-43-261Z,C,entity-08-malicious,malicious,18,2026-07-13T08:56:30.731Z,2026-07-13T08:56:30.731Z,2026-07-13T08:56:30.731Z,0,2026-07-13T08:56:30.883Z,0x20a2ec80437a1c01d1ee96662ec19c7a1b2e82ccb92ff5cb4862c2cdcbb5f0f5,2026-07-13T08:56:35.334Z,success,40290,1000,6376790,0x039379ea00d38bed9e6139bc71ad83a1ebc02c677d3a1d4ee04663d7f5630f46,2026-07-13T08:56:35.334Z,4451,4451,4603,26,Untrusted,2026-07-13T08:56:33.413Z,0xa3acd166e94f9fd06ac4946554e3ee8b9c955de494fdbd7d6ef09504f4e514d2,,variant-batch live execution
datm-live-2026-07-13T08-53-43-261Z,C,entity-09-malicious,malicious,18,2026-07-13T08:56:30.732Z,2026-07-13T08:56:30.732Z,2026-07-13T08:56:30.732Z,0,2026-07-13T08:56:30.884Z,0x0d65f4956688dba700f6dab5f8c929e2ef1dbf12610cfc3303988bde483f3f3b,2026-07-13T08:56:35.354Z,success,40290,1000,6376790,0x039379ea00d38bed9e6139bc71ad83a1ebc02c677d3a1d4ee04663d7f5630f46,2026-07-13T08:56:35.354Z,4470,4470,4622,27,Untrusted,2026-07-13T08:56:33.413Z,0x6120221eda83370f5bb1cffa055a8841de424072de29e0a0c954bba30e468f66,,variant-batch live execution
datm-live-2026-07-13T08-53-43-261Z,C,entity-10-malicious,malicious,18,2026-07-13T08:56:30.732Z,2026-07-13T08:56:30.732Z,2026-07-13T08:56:30.732Z,0,2026-07-13T08:56:30.884Z,0xf034cf973ef4501bee7d222ccebb053d31a90708ce943b62719be3850b55d995,2026-07-13T08:56:35.342Z,success,40278,1000,6376790,0x039379ea00d38bed9e6139bc71ad83a1ebc02c677d3a1d4ee04663d7f5630f46,2026-07-13T08:56:35.342Z,4458,4458,4610,28,Untrusted,2026-07-13T08:56:33.413Z,0xa97aee5233a253766ba646adbb4dfb5deddf42c396b532642fea31a83cc9b73d,,variant-batch live execution
datm-live-2026-07-13T08-53-43-261Z,C,entity-01-normal,normal,19,2026-07-13T08:56:40.489Z,2026-07-13T08:56:40.489Z,2026-07-13T08:56:40.489Z,0,2026-07-13T08:56:40.603Z,0x173f49a462109190d9805123e30d8cb7c5e2fb4ac223e75a5005e4952b6ce047,2026-07-13T08:56:44.876Z,success,40211,1000,6376792,0xc3aec3852f84734f2ec7a050f33c9eb1bffe64346e80e3292388eeaf509e10a7,2026-07-13T08:56:44.876Z,4273,4273,4387,92,Trusted,2026-07-13T08:56:43.413Z,0x997fc6fe25fe27bc7714290db0dd5b3f211716010ecd11ffdca9b0b6b097c4bb,,variant-batch live execution
datm-live-2026-07-13T08-53-43-261Z,C,entity-02-normal,normal,19,2026-07-13T08:56:40.490Z,2026-07-13T08:56:40.490Z,2026-07-13T08:56:40.490Z,0,2026-07-13T08:56:40.604Z,0x7c0e63c03039395318899349791fb30bd89763e51af655d76e3521c224868b31,2026-07-13T08:56:44.899Z,success,40199,1000,6376792,0xc3aec3852f84734f2ec7a050f33c9eb1bffe64346e80e3292388eeaf509e10a7,2026-07-13T08:56:44.899Z,4295,4295,4409,93,Trusted,2026-07-13T08:56:43.413Z,0x52e87d9a3b42c1e62c994c7dafdf9e553ffa0e50d5fe0c6fe0a23724d71cd86b,,variant-batch live execution
datm-live-2026-07-13T08-53-43-261Z,C,entity-03-normal,normal,19,2026-07-13T08:56:40.491Z,2026-07-13T08:56:40.491Z,2026-07-13T08:56:40.491Z,0,2026-07-13T08:56:40.604Z,0x423b043747b9502a1dea6794c0bef22fd5c7c92917e75fe43e23ad9ad4925562,2026-07-13T08:56:44.879Z,success,40199,1000,6376792,0xc3aec3852f84734f2ec7a050f33c9eb1bffe64346e80e3292388eeaf509e10a7,2026-07-13T08:56:44.879Z,4275,4275,4388,93,Trusted,2026-07-13T08:56:43.413Z,0xc7be49801fd6cf5c8e46679b989c23c8081ac7ff489364b0cd4140289e493e7e,,variant-batch live execution
datm-live-2026-07-13T08-53-43-261Z,C,entity-04-normal,normal,19,2026-07-13T08:56:40.492Z,2026-07-13T08:56:40.492Z,2026-07-13T08:56:40.492Z,0,2026-07-13T08:56:40.604Z,0x9544035e988a37823868d0b4fbbb7517f2ba2111b550d4191e24e09ccd83dcf3,2026-07-13T08:56:44.879Z,success,40211,1000,6376792,0xc3aec3852f84734f2ec7a050f33c9eb1bffe64346e80e3292388eeaf509e10a7,2026-07-13T08:56:44.879Z,4275,4275,4387,92,Trusted,2026-07-13T08:56:43.413Z,0x43cd11b153016e1a9bf2d3e608aafc5d558a0f7f058ddb6529295cf6bac3601f,,variant-batch live execution
datm-live-2026-07-13T08-53-43-261Z,C,entity-05-suspicious,suspicious,19,2026-07-13T08:56:40.492Z,2026-07-13T08:56:40.492Z,2026-07-13T08:56:40.492Z,0,2026-07-13T08:56:40.604Z,0xa5c456c5ab273e837ff45ca4db414799eb17ecb9b360cfe21d2ee7f89ad6a7b4,2026-07-13T08:56:44.876Z,success,40291,1000,6376792,0xc3aec3852f84734f2ec7a050f33c9eb1bffe64346e80e3292388eeaf509e10a7,2026-07-13T08:56:44.876Z,4272,4272,4384,60,Suspicious,2026-07-13T08:56:43.413Z,0xa95f4e1f8c3160219ea047ee7ad5608dd696d824d85c3b6397b2e278a7cfd388,,variant-batch live execution
datm-live-2026-07-13T08-53-43-261Z,C,entity-06-suspicious,suspicious,19,2026-07-13T08:56:40.493Z,2026-07-13T08:56:40.493Z,2026-07-13T08:56:40.493Z,0,2026-07-13T08:56:40.604Z,0xd1281e2bd591af7295f07943b10920cb3d29d4a827c980e25617521aa62278b6,2026-07-13T08:56:44.870Z,success,40291,1000,6376792,0xc3aec3852f84734f2ec7a050f33c9eb1bffe64346e80e3292388eeaf509e10a7,2026-07-13T08:56:44.870Z,4266,4266,4377,62,Suspicious,2026-07-13T08:56:43.413Z,0x3f09d7bcbdf8dcac59e41906435e57349261ae791186c7f79890d00f43e9c2da,,variant-batch live execution
datm-live-2026-07-13T08-53-43-261Z,C,entity-07-suspicious,suspicious,19,2026-07-13T08:56:40.493Z,2026-07-13T08:56:40.493Z,2026-07-13T08:56:40.493Z,0,2026-07-13T08:56:40.635Z,0x78008a3cadd07ef68c70b9ecff8b7cf250f2d78193de3b61c3f2020ed8405477,2026-07-13T08:56:45.075Z,success,40291,1000,6376792,0xc3aec3852f84734f2ec7a050f33c9eb1bffe64346e80e3292388eeaf509e10a7,2026-07-13T08:56:45.075Z,4440,4440,4582,58,Suspicious,2026-07-13T08:56:43.413Z,0x937d533fe5b5af365b9175e2718330c2c914e1d38247338618d86b1ca330e332,,variant-batch live execution
datm-live-2026-07-13T08-53-43-261Z,C,entity-08-malicious,malicious,19,2026-07-13T08:56:40.494Z,2026-07-13T08:56:40.494Z,2026-07-13T08:56:40.494Z,0,2026-07-13T08:56:40.635Z,0xe6d75a537edf0e890e3533a13f27b3bffd66947ee3aa22143bbfcaff5edf5536,2026-07-13T08:56:45.087Z,success,40290,1000,6376792,0xc3aec3852f84734f2ec7a050f33c9eb1bffe64346e80e3292388eeaf509e10a7,2026-07-13T08:56:45.087Z,4452,4452,4593,27,Untrusted,2026-07-13T08:56:43.413Z,0x6d7cd5a9c352dc954012045551a7aae452d75f1132d52dcfd012d2f0809e170d,,variant-batch live execution
datm-live-2026-07-13T08-53-43-261Z,C,entity-09-malicious,malicious,19,2026-07-13T08:56:40.494Z,2026-07-13T08:56:40.494Z,2026-07-13T08:56:40.494Z,0,2026-07-13T08:56:40.635Z,0xada00ff114416741fa5452496b4baddac9662e8d162956d98c7b2317906f62ae,2026-07-13T08:56:45.093Z,success,40278,1000,6376792,0xc3aec3852f84734f2ec7a050f33c9eb1bffe64346e80e3292388eeaf509e10a7,2026-07-13T08:56:45.093Z,4458,4458,4599,26,Untrusted,2026-07-13T08:56:43.413Z,0xcdadd3f91b67ea4377b0770e3b00b4778c3beebd9d9a9cae64366080a5a31fcd,,variant-batch live execution
datm-live-2026-07-13T08-53-43-261Z,C,entity-10-malicious,malicious,19,2026-07-13T08:56:40.495Z,2026-07-13T08:56:40.495Z,2026-07-13T08:56:40.495Z,0,2026-07-13T08:56:40.635Z,0x86e6ca4ea4ea048af3b14c6ac2848c9399d70ee21fd96e9d6350cd9b9afa18e9,2026-07-13T08:56:45.126Z,success,40278,1000,6376792,0xc3aec3852f84734f2ec7a050f33c9eb1bffe64346e80e3292388eeaf509e10a7,2026-07-13T08:56:45.126Z,4491,4491,4631,27,Untrusted,2026-07-13T08:56:43.413Z,0xa71befc24b99d4ca9df1ed8be7e5fe071822450ea262f92cf7c8e0bb6c97298d,,variant-batch live execution
datm-live-2026-07-13T08-53-43-261Z,C,entity-01-normal,normal,20,2026-07-13T08:56:50.246Z,2026-07-13T08:56:50.246Z,2026-07-13T08:56:50.246Z,0,2026-07-13T08:56:50.372Z,0xdfb3357e11a0a7efa675fe0372a9ab3aef4406efccf66a2271048e435eda4591,2026-07-13T08:56:54.649Z,success,40199,1000,6376794,0x1e96c844612ee1f003bb3e1b3b60edb7c090f3ca4d0e7ef26c816fdcfc9afc3d,2026-07-13T08:56:54.649Z,4277,4277,4403,92,Trusted,2026-07-13T08:56:53.413Z,0x2ebaf39e44eedfe9206f03848d968c8190b049905e4ce19fb83af385e8ec422c,,variant-batch live execution
datm-live-2026-07-13T08-53-43-261Z,C,entity-02-normal,normal,20,2026-07-13T08:56:50.248Z,2026-07-13T08:56:50.248Z,2026-07-13T08:56:50.248Z,0,2026-07-13T08:56:50.372Z,0xa888514bd78d2c20e342f482b05e7e833847e6ce1c56b8af82b5aa10fa257eb6,2026-07-13T08:56:54.626Z,success,40199,1000,6376794,0x1e96c844612ee1f003bb3e1b3b60edb7c090f3ca4d0e7ef26c816fdcfc9afc3d,2026-07-13T08:56:54.626Z,4254,4254,4378,93,Trusted,2026-07-13T08:56:53.413Z,0xc9f97c67ddecb1c99bd6ba7bd6988ea99a74da641520c911d44767e63c6dd20d,,variant-batch live execution
datm-live-2026-07-13T08-53-43-261Z,C,entity-03-normal,normal,20,2026-07-13T08:56:50.249Z,2026-07-13T08:56:50.249Z,2026-07-13T08:56:50.249Z,0,2026-07-13T08:56:50.363Z,0x66242f38dbd0bbe31e661d9f85c66a5b63878a7b8c7c30588aa8f9b7af0a60f5,2026-07-13T08:56:54.624Z,success,40199,1000,6376794,0x1e96c844612ee1f003bb3e1b3b60edb7c090f3ca4d0e7ef26c816fdcfc9afc3d,2026-07-13T08:56:54.624Z,4261,4261,4375,91,Trusted,2026-07-13T08:56:53.413Z,0x66a50098429899aaef57ba7ff8edd5070d65141edf22111e1d26e26a375ffde8,,variant-batch live execution
datm-live-2026-07-13T08-53-43-261Z,C,entity-04-normal,normal,20,2026-07-13T08:56:50.250Z,2026-07-13T08:56:50.250Z,2026-07-13T08:56:50.250Z,0,2026-07-13T08:56:50.372Z,0x950c27308c6d71d60f07b2b485de0abda4b58b8d708e5b55047a43d27aa4ef87,2026-07-13T08:56:54.627Z,success,40199,1000,6376794,0x1e96c844612ee1f003bb3e1b3b60edb7c090f3ca4d0e7ef26c816fdcfc9afc3d,2026-07-13T08:56:54.627Z,4255,4255,4377,92,Trusted,2026-07-13T08:56:53.413Z,0xfdf58ebace3be60cfca83db3597d077f29ac694240969bbb4bcfcc52529887d7,,variant-batch live execution
datm-live-2026-07-13T08-53-43-261Z,C,entity-05-suspicious,suspicious,20,2026-07-13T08:56:50.251Z,2026-07-13T08:56:50.251Z,2026-07-13T08:56:50.251Z,0,2026-07-13T08:56:50.372Z,0x44979a22672ee8c52a81d931a52cd68bad4e9266b61afdc80603d223b1bf3969,2026-07-13T08:56:54.628Z,success,40291,1000,6376794,0x1e96c844612ee1f003bb3e1b3b60edb7c090f3ca4d0e7ef26c816fdcfc9afc3d,2026-07-13T08:56:54.628Z,4256,4256,4377,62,Suspicious,2026-07-13T08:56:53.413Z,0x52290b2d61876c067a76a56d17bccc986f5b303e4d20bbac44f911bbe1c69882,,variant-batch live execution
datm-live-2026-07-13T08-53-43-261Z,C,entity-06-suspicious,suspicious,20,2026-07-13T08:56:50.252Z,2026-07-13T08:56:50.252Z,2026-07-13T08:56:50.252Z,0,2026-07-13T08:56:50.373Z,0x9efb28da3736e525a09294c0179babbf8b0c1721c8e19a0dcb7546165fed1889,2026-07-13T08:56:54.627Z,success,40291,1000,6376794,0x1e96c844612ee1f003bb3e1b3b60edb7c090f3ca4d0e7ef26c816fdcfc9afc3d,2026-07-13T08:56:54.627Z,4254,4254,4375,63,Suspicious,2026-07-13T08:56:53.413Z,0x1b076e576582f512d3217dd68cf44c1923b259a119525da3cc925910b970b955,,variant-batch live execution
datm-live-2026-07-13T08-53-43-261Z,C,entity-07-suspicious,suspicious,20,2026-07-13T08:56:50.252Z,2026-07-13T08:56:50.252Z,2026-07-13T08:56:50.252Z,0,2026-07-13T08:56:50.395Z,0xa46a7caffb8c67b22b460b6adb1f0e01692908e7fd432cdd1d8c7282fef075be,2026-07-13T08:56:54.817Z,success,40291,1000,6376794,0x1e96c844612ee1f003bb3e1b3b60edb7c090f3ca4d0e7ef26c816fdcfc9afc3d,2026-07-13T08:56:54.817Z,4422,4422,4565,60,Suspicious,2026-07-13T08:56:53.413Z,0xba2ce0d9da412107f7ace177c3ba6b07fa5fed80fe53e28eb529cac5676958e4,,variant-batch live execution
datm-live-2026-07-13T08-53-43-261Z,C,entity-08-malicious,malicious,20,2026-07-13T08:56:50.253Z,2026-07-13T08:56:50.253Z,2026-07-13T08:56:50.253Z,0,2026-07-13T08:56:50.395Z,0x9c9ace5a3eb5e24a2c3b2070381a790f8d50611ba69bf4bfd5472e7e54036fe1,2026-07-13T08:56:54.805Z,success,40290,1000,6376794,0x1e96c844612ee1f003bb3e1b3b60edb7c090f3ca4d0e7ef26c816fdcfc9afc3d,2026-07-13T08:56:54.805Z,4410,4410,4552,26,Untrusted,2026-07-13T08:56:53.413Z,0x19f0821e6d481d80c5112aeff082772247f4c5a2f6e702ca36b3893c159db8c9,,variant-batch live execution
datm-live-2026-07-13T08-53-43-261Z,C,entity-09-malicious,malicious,20,2026-07-13T08:56:50.253Z,2026-07-13T08:56:50.253Z,2026-07-13T08:56:50.253Z,0,2026-07-13T08:56:50.395Z,0xae535b577c35d7a94d4400b104c9f393b9b2cbe813453805c67c9c67dc9f30fa,2026-07-13T08:56:54.854Z,success,40290,1000,6376794,0x1e96c844612ee1f003bb3e1b3b60edb7c090f3ca4d0e7ef26c816fdcfc9afc3d,2026-07-13T08:56:54.854Z,4459,4459,4601,26,Untrusted,2026-07-13T08:56:53.413Z,0xdb17a259c9420d06048efe056d559b332ac084e52865404e93f1b27ba50711c5,,variant-batch live execution
datm-live-2026-07-13T08-53-43-261Z,C,entity-10-malicious,malicious,20,2026-07-13T08:56:50.254Z,2026-07-13T08:56:50.254Z,2026-07-13T08:56:50.254Z,0,2026-07-13T08:56:50.395Z,0xa147a80f999237155e535aa50b6574004edf26b94f5c36318232674509140934,2026-07-13T08:56:54.826Z,success,40278,1000,6376794,0x1e96c844612ee1f003bb3e1b3b60edb7c090f3ca4d0e7ef26c816fdcfc9afc3d,2026-07-13T08:56:54.826Z,4431,4431,4572,28,Untrusted,2026-07-13T08:56:53.413Z,0x5188219bbb1f3af9fd907872b3812666d1773286be06715d77fbd30b7edc1780,,variant-batch live execution
datm-live-2026-07-13T08-53-43-261Z,C,entity-01-normal,normal,21,2026-07-13T08:56:59.973Z,2026-07-13T08:56:59.973Z,2026-07-13T08:56:59.973Z,0,2026-07-13T08:57:00.082Z,0x3672bd38da83259c67db3b6d74d8fb7402058ef5fb2826685a8cb679aab0fb86,2026-07-13T08:57:04.358Z,success,40223,1000,6376796,0xbe460c708f60b99deccb7040b25180ca52a1a2383af733f4b27ed503bbced0f9,2026-07-13T08:57:04.358Z,4276,4276,4385,91,Trusted,2026-07-13T08:57:03.413Z,0x3e961f53a4dfcdc0dae333713b2c972eab1a7a4757815794f62e9e8e46ef2c6e,,variant-batch live execution
datm-live-2026-07-13T08-53-43-261Z,C,entity-02-normal,normal,21,2026-07-13T08:56:59.974Z,2026-07-13T08:56:59.974Z,2026-07-13T08:56:59.974Z,0,2026-07-13T08:57:00.087Z,0x6a5d799d57ca43e595b17a95c8d4b88db450922393678750bc6938590660e109,2026-07-13T08:57:04.359Z,success,40235,1000,6376796,0xbe460c708f60b99deccb7040b25180ca52a1a2383af733f4b27ed503bbced0f9,2026-07-13T08:57:04.359Z,4272,4272,4385,89,Trusted,2026-07-13T08:57:03.413Z,0x1e7a4be2e61c4d4944275950efb1cca3c67e83a32da9e2186ca0c086e6e1d639,,variant-batch live execution
datm-live-2026-07-13T08-53-43-261Z,C,entity-03-normal,normal,21,2026-07-13T08:56:59.975Z,2026-07-13T08:56:59.975Z,2026-07-13T08:56:59.975Z,0,2026-07-13T08:57:00.087Z,0x339808e51873b1c9d7bf8ce0698a7d54eec6597f59f5e9a38f850eb2ef705d15,2026-07-13T08:57:04.383Z,success,40223,1000,6376796,0xbe460c708f60b99deccb7040b25180ca52a1a2383af733f4b27ed503bbced0f9,2026-07-13T08:57:04.383Z,4296,4296,4408,91,Trusted,2026-07-13T08:57:03.413Z,0x67710c9125a26222a2c5fd376cdd0ab7a0b8f0e452a8ea65c46ff0be7b156d12,,variant-batch live execution
datm-live-2026-07-13T08-53-43-261Z,C,entity-04-normal,normal,21,2026-07-13T08:56:59.976Z,2026-07-13T08:56:59.976Z,2026-07-13T08:56:59.976Z,0,2026-07-13T08:57:00.087Z,0xe341e8084d4152f79da72417410bb1f3ee2275cec445977a3cff413f710b68c4,2026-07-13T08:57:04.352Z,success,40223,1000,6376796,0xbe460c708f60b99deccb7040b25180ca52a1a2383af733f4b27ed503bbced0f9,2026-07-13T08:57:04.352Z,4265,4265,4376,91,Trusted,2026-07-13T08:57:03.413Z,0x128cda6b155720d096421b46aeae17664cf2f5222ac8d0f1548a66379b220bc5,,variant-batch live execution
datm-live-2026-07-13T08-53-43-261Z,C,entity-05-suspicious,suspicious,21,2026-07-13T08:56:59.976Z,2026-07-13T08:56:59.976Z,2026-07-13T08:56:59.976Z,0,2026-07-13T08:57:00.087Z,0x86a045518319b8f13927babc7dacaef65a8b477f410f21263adb5a6cf2654f60,2026-07-13T08:57:04.360Z,success,40291,1000,6376796,0xbe460c708f60b99deccb7040b25180ca52a1a2383af733f4b27ed503bbced0f9,2026-07-13T08:57:04.360Z,4273,4273,4384,63,Suspicious,2026-07-13T08:57:03.413Z,0x9a90050ca28f1498486b2e3deaf2ea1d1dd5bf8fcba5a3e4c20adb4e038b80d1,,variant-batch live execution
datm-live-2026-07-13T08-53-43-261Z,C,entity-06-suspicious,suspicious,21,2026-07-13T08:56:59.977Z,2026-07-13T08:56:59.977Z,2026-07-13T08:56:59.977Z,0,2026-07-13T08:57:00.087Z,0x50055085d2c9e34477d28749605bd330177940e619df7ef587d0fa16fbb73248,2026-07-13T08:57:04.359Z,success,40291,1000,6376796,0xbe460c708f60b99deccb7040b25180ca52a1a2383af733f4b27ed503bbced0f9,2026-07-13T08:57:04.359Z,4272,4272,4382,61,Suspicious,2026-07-13T08:57:03.413Z,0xd4df1c5e1258e7c86788ebdf2329847a2482e388871d8acd11025928ad7db85d,,variant-batch live execution
datm-live-2026-07-13T08-53-43-261Z,C,entity-07-suspicious,suspicious,21,2026-07-13T08:56:59.977Z,2026-07-13T08:56:59.977Z,2026-07-13T08:56:59.977Z,0,2026-07-13T08:57:00.109Z,0x52b88f8b8df4883d370187ccc1717fa865207616652160a30255a2f0f6e6310d,2026-07-13T08:57:04.547Z,success,40291,1000,6376796,0xbe460c708f60b99deccb7040b25180ca52a1a2383af733f4b27ed503bbced0f9,2026-07-13T08:57:04.547Z,4438,4438,4570,62,Suspicious,2026-07-13T08:57:03.413Z,0xf452f68080193d140903c09e5e0d23fdc3d0ce8efb3beeef10dda671603980ce,,variant-batch live execution
datm-live-2026-07-13T08-53-43-261Z,C,entity-08-malicious,malicious,21,2026-07-13T08:56:59.977Z,2026-07-13T08:56:59.977Z,2026-07-13T08:56:59.977Z,0,2026-07-13T08:57:00.109Z,0x72c9171abac281d8e4bbd030a57838ad8d8677270fbb22417ff799669cb5e805,2026-07-13T08:57:04.558Z,success,40290,1000,6376796,0xbe460c708f60b99deccb7040b25180ca52a1a2383af733f4b27ed503bbced0f9,2026-07-13T08:57:04.558Z,4449,4449,4581,26,Untrusted,2026-07-13T08:57:03.413Z,0x6a475e3341d68bd9bcebdac7d08c2e9d6fe4fd9a592d784293884824fd6930a5,,variant-batch live execution
datm-live-2026-07-13T08-53-43-261Z,C,entity-09-malicious,malicious,21,2026-07-13T08:56:59.978Z,2026-07-13T08:56:59.978Z,2026-07-13T08:56:59.978Z,0,2026-07-13T08:57:00.109Z,0x1e7361e5540f113fea72e2cdbf42f62fa83799c063b58620a91de3628b29c842,2026-07-13T08:57:04.571Z,success,40290,1000,6376796,0xbe460c708f60b99deccb7040b25180ca52a1a2383af733f4b27ed503bbced0f9,2026-07-13T08:57:04.571Z,4462,4462,4593,27,Untrusted,2026-07-13T08:57:03.413Z,0x3bab1cd896bbc9587035c61be453c4fd203e576d061f5812622c639a9ba89187,,variant-batch live execution
datm-live-2026-07-13T08-53-43-261Z,C,entity-10-malicious,malicious,21,2026-07-13T08:56:59.978Z,2026-07-13T08:56:59.978Z,2026-07-13T08:56:59.978Z,0,2026-07-13T08:57:00.109Z,0xc4e3fb3fd732d6523b39650bda8f710eed8df69c5f607b05c6e8e5842fd71f6c,2026-07-13T08:57:04.584Z,success,40278,1000,6376796,0xbe460c708f60b99deccb7040b25180ca52a1a2383af733f4b27ed503bbced0f9,2026-07-13T08:57:04.584Z,4475,4475,4606,26,Untrusted,2026-07-13T08:57:03.413Z,0xa55d39cd302798f0f9bcfbb50b58adae89061666a92c6afe956debe1521daf1a,,variant-batch live execution
datm-live-2026-07-13T08-53-43-261Z,C,entity-01-normal,normal,22,2026-07-13T08:57:09.703Z,2026-07-13T08:57:09.703Z,2026-07-13T08:57:09.703Z,0,2026-07-13T08:57:09.821Z,0x000a961838a1ab0232e1d2d581cc54636695466c15e6cb72c384d8d111f4441d,2026-07-13T08:57:14.147Z,success,40211,1000,6376798,0x2f50aefb0b5aa4d7c69893300c001f5a2be3b9e8a9e080975202c309de9ef296,2026-07-13T08:57:14.147Z,4326,4326,4444,91,Trusted,2026-07-13T08:57:13.413Z,0x20de2809859b1fed115d7d6f894d4d1222d8e05011cf1fdc49221589f143b729,,variant-batch live execution
datm-live-2026-07-13T08-53-43-261Z,C,entity-02-normal,normal,22,2026-07-13T08:57:09.705Z,2026-07-13T08:57:09.705Z,2026-07-13T08:57:09.705Z,0,2026-07-13T08:57:09.821Z,0xbd2314558c04255a04052ecbeaa6ee1f464dbca0edfd8e80bbc40c32a4a52d76,2026-07-13T08:57:14.147Z,success,40199,1000,6376798,0x2f50aefb0b5aa4d7c69893300c001f5a2be3b9e8a9e080975202c309de9ef296,2026-07-13T08:57:14.147Z,4326,4326,4442,93,Trusted,2026-07-13T08:57:13.413Z,0x09c5de08ea5623f3f9fd2bb137611a1fd26dbdad6511f01a2dcad7d783192f07,,variant-batch live execution
datm-live-2026-07-13T08-53-43-261Z,C,entity-03-normal,normal,22,2026-07-13T08:57:09.705Z,2026-07-13T08:57:09.705Z,2026-07-13T08:57:09.705Z,0,2026-07-13T08:57:09.811Z,0x1ddfd5d9bf2824e93339ac137a2c30ddf20f895067d502111bfe385fcc176389,2026-07-13T08:57:14.149Z,success,40199,1000,6376798,0x2f50aefb0b5aa4d7c69893300c001f5a2be3b9e8a9e080975202c309de9ef296,2026-07-13T08:57:14.149Z,4338,4338,4444,92,Trusted,2026-07-13T08:57:13.413Z,0x9971f413fb0dc0f824cc8c9039b65ee2659090dc8c8adac35238b80546821e22,,variant-batch live execution
datm-live-2026-07-13T08-53-43-261Z,C,entity-04-normal,normal,22,2026-07-13T08:57:09.706Z,2026-07-13T08:57:09.706Z,2026-07-13T08:57:09.706Z,0,2026-07-13T08:57:09.821Z,0xcd1eb3fdc6120f07a87ac9fa889d51db0fe0044c64daab94339b100b17058f23,2026-07-13T08:57:14.149Z,success,40211,1000,6376798,0x2f50aefb0b5aa4d7c69893300c001f5a2be3b9e8a9e080975202c309de9ef296,2026-07-13T08:57:14.149Z,4328,4328,4443,91,Trusted,2026-07-13T08:57:13.413Z,0x38ddb717888a77968d277fcaeb78c3142c99479b267d6c242dfc691aee608f91,,variant-batch live execution
datm-live-2026-07-13T08-53-43-261Z,C,entity-05-suspicious,suspicious,22,2026-07-13T08:57:09.707Z,2026-07-13T08:57:09.707Z,2026-07-13T08:57:09.707Z,0,2026-07-13T08:57:09.836Z,0xa9c4c8224fbd277d88eb7b358485eb3346dcf2cd336b87e70d28132c8a7ca004,2026-07-13T08:57:14.149Z,success,40291,1000,6376798,0x2f50aefb0b5aa4d7c69893300c001f5a2be3b9e8a9e080975202c309de9ef296,2026-07-13T08:57:14.149Z,4313,4313,4442,61,Suspicious,2026-07-13T08:57:13.413Z,0x41d74794bf437bee7cc103015e61c2d96fce43105c089d2e21bc9705cc550d7a,,variant-batch live execution
datm-live-2026-07-13T08-53-43-261Z,C,entity-06-suspicious,suspicious,22,2026-07-13T08:57:09.708Z,2026-07-13T08:57:09.708Z,2026-07-13T08:57:09.708Z,0,2026-07-13T08:57:09.821Z,0xfbbb19e03a0dd4e94fe0860f3540fe12a97ab043eed16f2e80c95afa78697a54,2026-07-13T08:57:14.171Z,success,40291,1000,6376798,0x2f50aefb0b5aa4d7c69893300c001f5a2be3b9e8a9e080975202c309de9ef296,2026-07-13T08:57:14.171Z,4350,4350,4463,58,Suspicious,2026-07-13T08:57:13.413Z,0xf25f260fb38f4641dd96f2316635401b4dcc80a025d9c0854f36e3125f9992e9,,variant-batch live execution
datm-live-2026-07-13T08-53-43-261Z,C,entity-07-suspicious,suspicious,22,2026-07-13T08:57:09.708Z,2026-07-13T08:57:09.708Z,2026-07-13T08:57:09.708Z,0,2026-07-13T08:57:09.821Z,0x0b353fbd25e698ddf81855c0a5799b26f2184f314a9ed4dac6e85da05091164e,2026-07-13T08:57:14.356Z,success,40291,1000,6376798,0x2f50aefb0b5aa4d7c69893300c001f5a2be3b9e8a9e080975202c309de9ef296,2026-07-13T08:57:14.356Z,4535,4535,4648,63,Suspicious,2026-07-13T08:57:13.413Z,0x289ef16e2e9c8b3a1b6d96d16b8013adc2753516c296a94b66bf6c0ee65f9679,,variant-batch live execution
datm-live-2026-07-13T08-53-43-261Z,C,entity-08-malicious,malicious,22,2026-07-13T08:57:09.709Z,2026-07-13T08:57:09.709Z,2026-07-13T08:57:09.709Z,0,2026-07-13T08:57:09.836Z,0x81d15c64861a82323e058eb4e36a1a7028a7aa4e3cdfbedaa6d42efbad3fa333,2026-07-13T08:57:14.359Z,success,40290,1000,6376798,0x2f50aefb0b5aa4d7c69893300c001f5a2be3b9e8a9e080975202c309de9ef296,2026-07-13T08:57:14.359Z,4523,4523,4650,27,Untrusted,2026-07-13T08:57:13.413Z,0x60dec624240fd8fcf10af37dca1a4b78480d6181c57ce7fd7c961db5bf7a72f0,,variant-batch live execution
datm-live-2026-07-13T08-53-43-261Z,C,entity-09-malicious,malicious,22,2026-07-13T08:57:09.710Z,2026-07-13T08:57:09.710Z,2026-07-13T08:57:09.710Z,0,2026-07-13T08:57:09.836Z,0x3b5bd287e6e8a0caa7ab3667e8c11b3e50f26b9e801646cdddd904ec729a7aab,2026-07-13T08:57:14.383Z,success,40290,1000,6376798,0x2f50aefb0b5aa4d7c69893300c001f5a2be3b9e8a9e080975202c309de9ef296,2026-07-13T08:57:14.383Z,4547,4547,4673,25,Untrusted,2026-07-13T08:57:13.413Z,0xc8a35853c547a7a925aea8e807e05021d49f869634dbcc26c8e51a7f58226bfd,,variant-batch live execution
datm-live-2026-07-13T08-53-43-261Z,C,entity-10-malicious,malicious,22,2026-07-13T08:57:09.710Z,2026-07-13T08:57:09.710Z,2026-07-13T08:57:09.710Z,0,2026-07-13T08:57:09.836Z,0xe0bfecfa633dbf8412b49584d5b90a338890d862700dacddaf71ff1e48a85a3e,2026-07-13T08:57:14.358Z,success,40278,1000,6376798,0x2f50aefb0b5aa4d7c69893300c001f5a2be3b9e8a9e080975202c309de9ef296,2026-07-13T08:57:14.358Z,4522,4522,4648,26,Untrusted,2026-07-13T08:57:13.413Z,0xd30719d2aaf0205ba2b107726201df670ccb25bc1c2a19ff5ec1f1a68242856a,,variant-batch live execution
datm-live-2026-07-13T08-53-43-261Z,C,entity-01-normal,normal,23,2026-07-13T08:57:19.506Z,2026-07-13T08:57:19.506Z,2026-07-13T08:57:19.506Z,0,2026-07-13T08:57:19.642Z,0x54b1d7ff939d61b6d92ddfa917034b3135c9f317921e92d0a0d752d64e2a6c2c,2026-07-13T08:57:27.930Z,success,40199,1000,6376800,0x78bddffae0ecb0c6ef90f8243ae6f38b7123481d29a14e1199ae1dd4ba336cfc,2026-07-13T08:57:27.930Z,8288,8288,8424,93,Trusted,2026-07-13T08:57:23.413Z,0x4298d8eff07b42a5c805cf4028e4d26b2c041ffdba05fe21233f6db9ec170bf7,,variant-batch live execution
datm-live-2026-07-13T08-53-43-261Z,C,entity-02-normal,normal,23,2026-07-13T08:57:19.509Z,2026-07-13T08:57:19.509Z,2026-07-13T08:57:19.509Z,0,2026-07-13T08:57:19.643Z,0xb8df306367f4bd255189524d9456cc2b98f0f13701b6cf6cd4ff575f9e435700,2026-07-13T08:57:27.981Z,success,40199,1000,6376800,0x78bddffae0ecb0c6ef90f8243ae6f38b7123481d29a14e1199ae1dd4ba336cfc,2026-07-13T08:57:27.981Z,8338,8338,8472,93,Trusted,2026-07-13T08:57:23.413Z,0x1602e1129325b85b49d77971235840495b3255b51c9b8e655347cb27685a815a,,variant-batch live execution
datm-live-2026-07-13T08-53-43-261Z,C,entity-03-normal,normal,23,2026-07-13T08:57:19.510Z,2026-07-13T08:57:19.510Z,2026-07-13T08:57:19.510Z,0,2026-07-13T08:57:19.670Z,0x188ebdb98f5212b996e93f1527fb05cc5b71733b4652b348cf56e5409ea43017,2026-07-13T08:57:27.999Z,success,40211,1000,6376800,0x78bddffae0ecb0c6ef90f8243ae6f38b7123481d29a14e1199ae1dd4ba336cfc,2026-07-13T08:57:27.999Z,8329,8329,8489,92,Trusted,2026-07-13T08:57:23.413Z,0x8ff26a4c50d7eb081ff575fc8ad1896ce29e0fd1b4b8a46a30926da190a82863,,variant-batch live execution
datm-live-2026-07-13T08-53-43-261Z,C,entity-04-normal,normal,23,2026-07-13T08:57:19.511Z,2026-07-13T08:57:19.511Z,2026-07-13T08:57:19.511Z,0,2026-07-13T08:57:19.670Z,0x150965030e7dec1694e5ccf7713a2b7ca63a70dd959f74a0dcc12daca2e75c58,2026-07-13T08:57:27.981Z,success,40199,1000,6376800,0x78bddffae0ecb0c6ef90f8243ae6f38b7123481d29a14e1199ae1dd4ba336cfc,2026-07-13T08:57:27.981Z,8311,8311,8470,93,Trusted,2026-07-13T08:57:23.413Z,0x860934e73651365827d5c85f209accfd3e77fc8e6c11befc269e064ff00d950b,,variant-batch live execution
datm-live-2026-07-13T08-53-43-261Z,C,entity-05-suspicious,suspicious,23,2026-07-13T08:57:19.512Z,2026-07-13T08:57:19.512Z,2026-07-13T08:57:19.512Z,0,2026-07-13T08:57:19.670Z,0xdc81495bf546833872d431ac5c025ade46289df42f1771a9cff51ab10cf7662c,2026-07-13T08:57:27.981Z,success,40291,1000,6376800,0x78bddffae0ecb0c6ef90f8243ae6f38b7123481d29a14e1199ae1dd4ba336cfc,2026-07-13T08:57:27.981Z,8311,8311,8469,58,Suspicious,2026-07-13T08:57:23.413Z,0x42586e5edef30143a25b4a1f44b2210812a37030d7b284aa660ca72cea48910b,,variant-batch live execution
datm-live-2026-07-13T08-53-43-261Z,C,entity-06-suspicious,suspicious,23,2026-07-13T08:57:19.513Z,2026-07-13T08:57:19.513Z,2026-07-13T08:57:19.513Z,0,2026-07-13T08:57:19.670Z,0x247e4812b85d564ebd3d19388183d4801d67acfaf19ef643d94284e47360410a,2026-07-13T08:57:27.959Z,success,40291,1000,6376800,0x78bddffae0ecb0c6ef90f8243ae6f38b7123481d29a14e1199ae1dd4ba336cfc,2026-07-13T08:57:27.959Z,8289,8289,8446,61,Suspicious,2026-07-13T08:57:23.413Z,0x6c58809e2c449d01f304121f5912d00ecb0b6a83248051da05fa621850330d5b,,variant-batch live execution
datm-live-2026-07-13T08-53-43-261Z,C,entity-07-suspicious,suspicious,23,2026-07-13T08:57:19.515Z,2026-07-13T08:57:19.515Z,2026-07-13T08:57:19.515Z,0,2026-07-13T08:57:19.671Z,0x6c5d25129156fdd82eadb8efc042ccfc7be8449ba4a4297856e5328849e0496e,2026-07-13T08:57:28.151Z,success,40291,1000,6376800,0x78bddffae0ecb0c6ef90f8243ae6f38b7123481d29a14e1199ae1dd4ba336cfc,2026-07-13T08:57:28.151Z,8480,8480,8636,61,Suspicious,2026-07-13T08:57:23.413Z,0xf9b902313b0561d291086b9a4e497653f19c788a65161c31a84cf3c36ab28d76,,variant-batch live execution
datm-live-2026-07-13T08-53-43-261Z,C,entity-08-malicious,malicious,23,2026-07-13T08:57:19.516Z,2026-07-13T08:57:19.516Z,2026-07-13T08:57:19.516Z,0,2026-07-13T08:57:19.679Z,0x691463e94c7d58a2a0a1289fc2570d63e90b2402800796163d2b8cf0f03ddae5,2026-07-13T08:57:28.180Z,success,40290,1000,6376800,0x78bddffae0ecb0c6ef90f8243ae6f38b7123481d29a14e1199ae1dd4ba336cfc,2026-07-13T08:57:28.180Z,8501,8501,8664,25,Untrusted,2026-07-13T08:57:23.413Z,0x28987a9e6177c00931e537ff78a7b5f336fefc8fbd5af4b468b944ec5976a383,,variant-batch live execution
datm-live-2026-07-13T08-53-43-261Z,C,entity-09-malicious,malicious,23,2026-07-13T08:57:19.517Z,2026-07-13T08:57:19.517Z,2026-07-13T08:57:19.517Z,0,2026-07-13T08:57:19.679Z,0x1f8d9bb6ecb956db33f46b117e9fedebb4d7a3f44e197d682a0d8436fad4e046,2026-07-13T08:57:28.182Z,success,40290,1000,6376800,0x78bddffae0ecb0c6ef90f8243ae6f38b7123481d29a14e1199ae1dd4ba336cfc,2026-07-13T08:57:28.182Z,8503,8503,8665,25,Untrusted,2026-07-13T08:57:23.413Z,0x3b9f235306de50405a9ed18a3bc9bcc40816eb4e70d6627a1ccf80588af8024f,,variant-batch live execution
datm-live-2026-07-13T08-53-43-261Z,C,entity-10-malicious,malicious,23,2026-07-13T08:57:19.518Z,2026-07-13T08:57:19.518Z,2026-07-13T08:57:19.518Z,0,2026-07-13T08:57:19.680Z,0xd3513087145a128d83cec64c07ccfe00eb8be281728492c5293e4500dac2e88a,2026-07-13T08:57:28.184Z,success,40278,1000,6376800,0x78bddffae0ecb0c6ef90f8243ae6f38b7123481d29a14e1199ae1dd4ba336cfc,2026-07-13T08:57:28.184Z,8504,8504,8666,28,Untrusted,2026-07-13T08:57:23.413Z,0x8122eab0f09f79d7aec27046c01b841403f232750122a21e0dfc21a7595a7ce7,,variant-batch live execution
datm-live-2026-07-13T08-53-43-261Z,C,entity-01-normal,normal,24,2026-07-13T08:57:33.313Z,2026-07-13T08:57:33.313Z,2026-07-13T08:57:33.313Z,0,2026-07-13T08:57:33.439Z,0x5d744af0b7ccf395f650d0a213b3117e5afdedce7e5e5405477736425d385ab5,2026-07-13T08:57:37.700Z,success,40199,1000,6376802,0xa6c986122d703c79ab5fa8f45debef9df1906805bc0b5220779ed011bddf1c97,2026-07-13T08:57:37.700Z,4261,4261,4387,92,Trusted,2026-07-13T08:57:33.413Z,0xe55b3314dc23d44a6110285f1a05ed9b695f0fa00cd03241ec452f5d3da53515,,variant-batch live execution
datm-live-2026-07-13T08-53-43-261Z,C,entity-02-normal,normal,24,2026-07-13T08:57:33.314Z,2026-07-13T08:57:33.314Z,2026-07-13T08:57:33.314Z,0,2026-07-13T08:57:33.444Z,0xc3a9d5dcbd76f1841bad5a07cfa79f548aa5adec83151d4fe33cdcbe55b90b6c,2026-07-13T08:57:37.702Z,success,40211,1000,6376802,0xa6c986122d703c79ab5fa8f45debef9df1906805bc0b5220779ed011bddf1c97,2026-07-13T08:57:37.702Z,4258,4258,4388,91,Trusted,2026-07-13T08:57:33.413Z,0x757550be661f34715ed2915cda223e278bb558d4365de9b8df8d9dd8cc36f5e0,,variant-batch live execution
datm-live-2026-07-13T08-53-43-261Z,C,entity-03-normal,normal,24,2026-07-13T08:57:33.315Z,2026-07-13T08:57:33.315Z,2026-07-13T08:57:33.315Z,0,2026-07-13T08:57:33.444Z,0x6cefc5aed41fc7bb93362602e74e77840b23babc7c5071faed2b688d2bb9f0d0,2026-07-13T08:57:37.706Z,success,40199,1000,6376802,0xa6c986122d703c79ab5fa8f45debef9df1906805bc0b5220779ed011bddf1c97,2026-07-13T08:57:37.706Z,4262,4262,4391,92,Trusted,2026-07-13T08:57:33.413Z,0xb1c464d7ed74d5fc0550bc3055e34b7c321ede380d67cb700dc1afeab7634ff5,,variant-batch live execution
datm-live-2026-07-13T08-53-43-261Z,C,entity-04-normal,normal,24,2026-07-13T08:57:33.316Z,2026-07-13T08:57:33.316Z,2026-07-13T08:57:33.316Z,0,2026-07-13T08:57:33.444Z,0x58e7a852c1050862396462bcb352f8218c508aa1cffb5c760103c13d72c78b4c,2026-07-13T08:57:37.714Z,success,40199,1000,6376802,0xa6c986122d703c79ab5fa8f45debef9df1906805bc0b5220779ed011bddf1c97,2026-07-13T08:57:37.714Z,4270,4270,4398,92,Trusted,2026-07-13T08:57:33.413Z,0x5faa759b45aa54d303bc3f12caecdd7070a00ebad2010c0793e07360d150349a,,variant-batch live execution
datm-live-2026-07-13T08-53-43-261Z,C,entity-05-suspicious,suspicious,24,2026-07-13T08:57:33.317Z,2026-07-13T08:57:33.317Z,2026-07-13T08:57:33.317Z,0,2026-07-13T08:57:33.445Z,0x5c7ec2c0b958e8b85a3f385b4a53000535918e3fb6b1de24b7e5a0f4935ffb1a,2026-07-13T08:57:37.699Z,success,40291,1000,6376802,0xa6c986122d703c79ab5fa8f45debef9df1906805bc0b5220779ed011bddf1c97,2026-07-13T08:57:37.699Z,4254,4254,4382,61,Suspicious,2026-07-13T08:57:33.413Z,0x4aa374e00122b1127de4be96c1380c23581766cfb1b05de53219ee81f57885ba,,variant-batch live execution
datm-live-2026-07-13T08-53-43-261Z,C,entity-06-suspicious,suspicious,24,2026-07-13T08:57:33.318Z,2026-07-13T08:57:33.318Z,2026-07-13T08:57:33.318Z,0,2026-07-13T08:57:33.445Z,0xdeb230f171423447d9e1f16ed7ebc689e2b87f9d738f934787134071164af0d0,2026-07-13T08:57:37.687Z,success,40291,1000,6376802,0xa6c986122d703c79ab5fa8f45debef9df1906805bc0b5220779ed011bddf1c97,2026-07-13T08:57:37.687Z,4242,4242,4369,61,Suspicious,2026-07-13T08:57:33.413Z,0x11a63f86e8886b3fcea8d473720bda4ada247fa3bc9dd81495e0f80a38b89312,,variant-batch live execution
datm-live-2026-07-13T08-53-43-261Z,C,entity-07-suspicious,suspicious,24,2026-07-13T08:57:33.320Z,2026-07-13T08:57:33.320Z,2026-07-13T08:57:33.320Z,0,2026-07-13T08:57:33.468Z,0x3dd25b1d833744bb15ac1d9c6a2a58ce67baa2acdb9ebbfe1be09fcfadf89b40,2026-07-13T08:57:37.891Z,success,40291,1000,6376802,0xa6c986122d703c79ab5fa8f45debef9df1906805bc0b5220779ed011bddf1c97,2026-07-13T08:57:37.891Z,4423,4423,4571,58,Suspicious,2026-07-13T08:57:33.413Z,0x4d9e326fa30e7925244bac068e7303dc6fac4a3699d01be5f85cd312cde80281,,variant-batch live execution
datm-live-2026-07-13T08-53-43-261Z,C,entity-08-malicious,malicious,24,2026-07-13T08:57:33.321Z,2026-07-13T08:57:33.321Z,2026-07-13T08:57:33.321Z,0,2026-07-13T08:57:33.468Z,0x507ce100b209ab859468b9bf0716b6396152e323b994826ff00ee3c4c61c1060,2026-07-13T08:57:37.908Z,success,40290,1000,6376802,0xa6c986122d703c79ab5fa8f45debef9df1906805bc0b5220779ed011bddf1c97,2026-07-13T08:57:37.908Z,4440,4440,4587,25,Untrusted,2026-07-13T08:57:33.413Z,0xe0256d35eb2182d392034edd1b1e39158ca2e0090cc250029f3208b4f3a6c902,,variant-batch live execution
datm-live-2026-07-13T08-53-43-261Z,C,entity-09-malicious,malicious,24,2026-07-13T08:57:33.322Z,2026-07-13T08:57:33.322Z,2026-07-13T08:57:33.322Z,0,2026-07-13T08:57:33.468Z,0x7100a8a495f1c45666cc46b763d8de3df0f60b01381662f70f98d82b48add3fa,2026-07-13T08:57:37.890Z,success,40290,1000,6376802,0xa6c986122d703c79ab5fa8f45debef9df1906805bc0b5220779ed011bddf1c97,2026-07-13T08:57:37.890Z,4422,4422,4568,27,Untrusted,2026-07-13T08:57:33.413Z,0xd4d0b3435ba841baad91ba1ef7f43c68d496146a618327bb77d21c1e3afa618d,,variant-batch live execution
datm-live-2026-07-13T08-53-43-261Z,C,entity-10-malicious,malicious,24,2026-07-13T08:57:33.323Z,2026-07-13T08:57:33.323Z,2026-07-13T08:57:33.323Z,0,2026-07-13T08:57:33.469Z,0x9fb6a59f4dce91f45e49bf27f243c7cfd40d7f1ae74015e880fac6a0fa15a59a,2026-07-13T08:57:37.934Z,success,40278,1000,6376802,0xa6c986122d703c79ab5fa8f45debef9df1906805bc0b5220779ed011bddf1c97,2026-07-13T08:57:37.934Z,4465,4465,4611,26,Untrusted,2026-07-13T08:57:33.413Z,0xf2c9f3f34b53d5a6bba78a18582bca540534d23ef5cde84f08599581a6f3348a,,variant-batch live execution
datm-live-2026-07-13T08-53-43-261Z,C,entity-01-normal,normal,25,2026-07-13T08:57:43.052Z,2026-07-13T08:57:43.052Z,2026-07-13T08:57:43.052Z,0,2026-07-13T08:57:43.188Z,0x7e3d5b7ca074ec26799d9750ead7f8850527fd0b3f981e201aa93a02c5e361ba,2026-07-13T08:57:47.462Z,success,40211,1000,6376804,0x4fda2d9facbcb88a65bbbeae6f4b016129f213e1ecef83d3b8d36900ee53881f,2026-07-13T08:57:47.462Z,4274,4274,4410,92,Trusted,2026-07-13T08:57:43.413Z,0x4d8db7610d483df00d0af650bab393aa26959667dc2889ff98778ee59ed4503c,,variant-batch live execution
datm-live-2026-07-13T08-53-43-261Z,C,entity-02-normal,normal,25,2026-07-13T08:57:43.055Z,2026-07-13T08:57:43.055Z,2026-07-13T08:57:43.055Z,0,2026-07-13T08:57:43.189Z,0xdb7ffb3cdf2ee57f8693b5f6fc72e052a49d9695d1cfab51f72f5d089059ca4d,2026-07-13T08:57:47.462Z,success,40199,1000,6376804,0x4fda2d9facbcb88a65bbbeae6f4b016129f213e1ecef83d3b8d36900ee53881f,2026-07-13T08:57:47.462Z,4273,4273,4407,92,Trusted,2026-07-13T08:57:43.413Z,0x01e0ffd607e58518582db1bf59b31922a23e776f646d6ea99d1fd09552706e4b,,variant-batch live execution
datm-live-2026-07-13T08-53-43-261Z,C,entity-03-normal,normal,25,2026-07-13T08:57:43.056Z,2026-07-13T08:57:43.056Z,2026-07-13T08:57:43.056Z,0,2026-07-13T08:57:43.216Z,0x6c8417cb82f8ffffdf523da930c30a7ae91c93b3be41c0a0c4ff25c24ba23d9c,2026-07-13T08:57:47.463Z,success,40199,1000,6376804,0x4fda2d9facbcb88a65bbbeae6f4b016129f213e1ecef83d3b8d36900ee53881f,2026-07-13T08:57:47.463Z,4247,4247,4407,93,Trusted,2026-07-13T08:57:43.413Z,0xe3d8de7aa1f1195b7f17178e318b727f47f9eb08563316a99db95f2a12f0344f,,variant-batch live execution
datm-live-2026-07-13T08-53-43-261Z,C,entity-04-normal,normal,25,2026-07-13T08:57:43.057Z,2026-07-13T08:57:43.057Z,2026-07-13T08:57:43.057Z,0,2026-07-13T08:57:43.216Z,0xcefc8107f682a7bb113ffaec90192c085337959930cc80bf5fe6ea90e9a50b0a,2026-07-13T08:57:47.464Z,success,40211,1000,6376804,0x4fda2d9facbcb88a65bbbeae6f4b016129f213e1ecef83d3b8d36900ee53881f,2026-07-13T08:57:47.464Z,4248,4248,4407,92,Trusted,2026-07-13T08:57:43.413Z,0x5537ada6b90d02fbc8b6482a4a5fe2c503725e9512266d26b202221c9cb8d1f3,,variant-batch live execution
datm-live-2026-07-13T08-53-43-261Z,C,entity-05-suspicious,suspicious,25,2026-07-13T08:57:43.058Z,2026-07-13T08:57:43.058Z,2026-07-13T08:57:43.058Z,0,2026-07-13T08:57:43.216Z,0xd6dbbb435ddac824ced92c4e75554094f8ef98ddc36ecd70d6722e5874efd343,2026-07-13T08:57:47.488Z,success,40279,1000,6376804,0x4fda2d9facbcb88a65bbbeae6f4b016129f213e1ecef83d3b8d36900ee53881f,2026-07-13T08:57:47.488Z,4272,4272,4430,61,Suspicious,2026-07-13T08:57:43.413Z,0x1573dee7c68ab9aeba650069df5e9b37daf898bba3357b0f707eca8305bd15b3,,variant-batch live execution
datm-live-2026-07-13T08-53-43-261Z,C,entity-06-suspicious,suspicious,25,2026-07-13T08:57:43.059Z,2026-07-13T08:57:43.059Z,2026-07-13T08:57:43.059Z,0,2026-07-13T08:57:43.216Z,0xe58999e94e68f3f7f588fb27e90fa5070e0a19f24ad2649528dfb23e41d28600,2026-07-13T08:57:47.451Z,success,40291,1000,6376804,0x4fda2d9facbcb88a65bbbeae6f4b016129f213e1ecef83d3b8d36900ee53881f,2026-07-13T08:57:47.451Z,4235,4235,4392,61,Suspicious,2026-07-13T08:57:43.413Z,0x1ca11bbe6eb3b22456960dca88e421ba4420556754a0133799109b5d5540968b,,variant-batch live execution
datm-live-2026-07-13T08-53-43-261Z,C,entity-07-suspicious,suspicious,25,2026-07-13T08:57:43.061Z,2026-07-13T08:57:43.061Z,2026-07-13T08:57:43.061Z,0,2026-07-13T08:57:43.216Z,0x8bd37570e20e6cf7a6b7f3d5a6f2b3eab31393ee900fe864260c3fd6b98ffede,2026-07-13T08:57:47.650Z,success,40291,1000,6376804,0x4fda2d9facbcb88a65bbbeae6f4b016129f213e1ecef83d3b8d36900ee53881f,2026-07-13T08:57:47.650Z,4434,4434,4589,61,Suspicious,2026-07-13T08:57:43.413Z,0x96aae2f4acea10a3f9a74cf0d479cf6787c9278ee3d0e553655c16536bb532f2,,variant-batch live execution
datm-live-2026-07-13T08-53-43-261Z,C,entity-08-malicious,malicious,25,2026-07-13T08:57:43.062Z,2026-07-13T08:57:43.062Z,2026-07-13T08:57:43.062Z,0,2026-07-13T08:57:43.225Z,0x7bcd7b8b5ba04f8df4d47ed87fcf26d03ef6be023a475faa19816da8a66c7166,2026-07-13T08:57:47.663Z,success,40290,1000,6376804,0x4fda2d9facbcb88a65bbbeae6f4b016129f213e1ecef83d3b8d36900ee53881f,2026-07-13T08:57:47.663Z,4438,4438,4601,27,Untrusted,2026-07-13T08:57:43.413Z,0xed5e4979db933b2cbc5ae77d42ab9dbb6e4a586a95d3d3ff9fbf50c5e4b93dbe,,variant-batch live execution
datm-live-2026-07-13T08-53-43-261Z,C,entity-09-malicious,malicious,25,2026-07-13T08:57:43.063Z,2026-07-13T08:57:43.063Z,2026-07-13T08:57:43.063Z,0,2026-07-13T08:57:43.225Z,0xae0e9a46a5a8fcb741cf113bd3a334a2e136707be1ac33831d59444c6211750a,2026-07-13T08:57:47.674Z,success,40290,1000,6376804,0x4fda2d9facbcb88a65bbbeae6f4b016129f213e1ecef83d3b8d36900ee53881f,2026-07-13T08:57:47.674Z,4449,4449,4611,25,Untrusted,2026-07-13T08:57:43.413Z,0x7c58cfd9611cf2053f4624080333c77d0a36aff91cddd0fd4e0fa73a40cfc7eb,,variant-batch live execution
datm-live-2026-07-13T08-53-43-261Z,C,entity-10-malicious,malicious,25,2026-07-13T08:57:43.063Z,2026-07-13T08:57:43.063Z,2026-07-13T08:57:43.063Z,0,2026-07-13T08:57:43.226Z,0x3b1ae10ddfa62d756c244f351396739da30112bb599b185574c47100e2051a5f,2026-07-13T08:57:47.696Z,success,40266,1000,6376804,0x4fda2d9facbcb88a65bbbeae6f4b016129f213e1ecef83d3b8d36900ee53881f,2026-07-13T08:57:47.696Z,4470,4470,4633,25,Untrusted,2026-07-13T08:57:43.413Z,0x013a1d06e9c5f09cb952e48a4f3bc1ee00d712b4792bdc82ebfd7e8569436195,,variant-batch live execution
datm-live-2026-07-13T08-53-43-261Z,C,entity-01-normal,normal,26,2026-07-13T08:57:52.811Z,2026-07-13T08:57:52.811Z,2026-07-13T08:57:52.811Z,0,2026-07-13T08:57:52.938Z,0xe04ba43173f7cefeb36dd63116d58e747cace80fb1b384841f40f3c53df61a82,2026-07-13T08:57:57.186Z,success,40199,1000,6376806,0x2355f03995f7900f67ada41b1b1c94dc847fe1585d670085941c9d03f0c4a808,2026-07-13T08:57:57.186Z,4248,4248,4375,92,Trusted,2026-07-13T08:57:53.413Z,0x6f2ae0aa4bf92ce78d7dbe67e380e2f95527ea739f7e4083b3b53b0ed7a7725d,,variant-batch live execution
datm-live-2026-07-13T08-53-43-261Z,C,entity-02-normal,normal,26,2026-07-13T08:57:52.812Z,2026-07-13T08:57:52.812Z,2026-07-13T08:57:52.812Z,0,2026-07-13T08:57:52.939Z,0xada3fe2bfb21ea19ddf389e64eb283fb555c49c851cec6711bd273f2df21d5bf,2026-07-13T08:57:57.187Z,success,40199,1000,6376806,0x2355f03995f7900f67ada41b1b1c94dc847fe1585d670085941c9d03f0c4a808,2026-07-13T08:57:57.187Z,4248,4248,4375,92,Trusted,2026-07-13T08:57:53.413Z,0x3416e7031014b7493eafb487e0ccdb05b339121fbd32e8874d8d3a600c09d05e,,variant-batch live execution
datm-live-2026-07-13T08-53-43-261Z,C,entity-03-normal,normal,26,2026-07-13T08:57:52.813Z,2026-07-13T08:57:52.813Z,2026-07-13T08:57:52.813Z,0,2026-07-13T08:57:52.971Z,0xded1fb353c026fc5ff0bfa0d115cf653275c903ba4853aec1918e122048fcee9,2026-07-13T08:57:57.190Z,success,40211,1000,6376806,0x2355f03995f7900f67ada41b1b1c94dc847fe1585d670085941c9d03f0c4a808,2026-07-13T08:57:57.190Z,4219,4219,4377,91,Trusted,2026-07-13T08:57:53.413Z,0xbfdfe247d6b1688e5f113fb015ca7d9f0556bf0e5ba3bdffb3632d3e27533e0e,,variant-batch live execution
datm-live-2026-07-13T08-53-43-261Z,C,entity-04-normal,normal,26,2026-07-13T08:57:52.813Z,2026-07-13T08:57:52.813Z,2026-07-13T08:57:52.813Z,0,2026-07-13T08:57:52.971Z,0x2f116559b9b2daeeff21905c974733394a68037a0fd00ae2d2f10de23f29a5ee,2026-07-13T08:57:57.189Z,success,40199,1000,6376806,0x2355f03995f7900f67ada41b1b1c94dc847fe1585d670085941c9d03f0c4a808,2026-07-13T08:57:57.189Z,4218,4218,4376,92,Trusted,2026-07-13T08:57:53.413Z,0x442ae89bc332ace358d70ea35cd3ea1b2614a357672f159edf62d7fecf6e2b80,,variant-batch live execution
datm-live-2026-07-13T08-53-43-261Z,C,entity-05-suspicious,suspicious,26,2026-07-13T08:57:52.814Z,2026-07-13T08:57:52.814Z,2026-07-13T08:57:52.814Z,0,2026-07-13T08:57:52.971Z,0xf6be7dc1a8c4ca8d5a06fe2c60c11ea90dfc7f5ccff57a539bc2ec925b84294e,2026-07-13T08:57:57.191Z,success,40291,1000,6376806,0x2355f03995f7900f67ada41b1b1c94dc847fe1585d670085941c9d03f0c4a808,2026-07-13T08:57:57.191Z,4220,4220,4377,61,Suspicious,2026-07-13T08:57:53.413Z,0x9b2c6295699901065c6f45b85d61f51e747e6475ecd264b89470d24991c63d2d,,variant-batch live execution
datm-live-2026-07-13T08-53-43-261Z,C,entity-06-suspicious,suspicious,26,2026-07-13T08:57:52.816Z,2026-07-13T08:57:52.816Z,2026-07-13T08:57:52.816Z,0,2026-07-13T08:57:52.972Z,0x73fee41638723ad624dba2f8fe5290928f0781971fc4f329946c65787df2248e,2026-07-13T08:57:57.218Z,success,40291,1000,6376806,0x2355f03995f7900f67ada41b1b1c94dc847fe1585d670085941c9d03f0c4a808,2026-07-13T08:57:57.218Z,4246,4246,4402,60,Suspicious,2026-07-13T08:57:53.413Z,0x80378d15383b2f6883889e5281c744fcf6fb47378785a7ecb1cec28407c6c520,,variant-batch live execution
datm-live-2026-07-13T08-53-43-261Z,C,entity-07-suspicious,suspicious,26,2026-07-13T08:57:52.816Z,2026-07-13T08:57:52.816Z,2026-07-13T08:57:52.816Z,0,2026-07-13T08:57:52.972Z,0xc08a55a54bfd2b6da3ebbb0327d10c0cc2198f9fd4e0d5a01e4c231c8226be30,2026-07-13T08:57:57.393Z,success,40291,1000,6376806,0x2355f03995f7900f67ada41b1b1c94dc847fe1585d670085941c9d03f0c4a808,2026-07-13T08:57:57.393Z,4421,4421,4577,61,Suspicious,2026-07-13T08:57:53.413Z,0xca79d1c74ffe9eb03bf0ef3b12e122c564ced93857633aa4318ffdf3c89fde45,,variant-batch live execution
datm-live-2026-07-13T08-53-43-261Z,C,entity-08-malicious,malicious,26,2026-07-13T08:57:52.817Z,2026-07-13T08:57:52.817Z,2026-07-13T08:57:52.817Z,0,2026-07-13T08:57:52.972Z,0x7a881483b5180997322ab4eb522e3312bb4f26a9276eaed00a263ed088abad62,2026-07-13T08:57:57.397Z,success,40290,1000,6376806,0x2355f03995f7900f67ada41b1b1c94dc847fe1585d670085941c9d03f0c4a808,2026-07-13T08:57:57.397Z,4425,4425,4580,25,Untrusted,2026-07-13T08:57:53.413Z,0xef4a5baf109d209946fefdc6ad8cd8cc7c0cefd9739a1ecce3f2dd50d7145443,,variant-batch live execution
datm-live-2026-07-13T08-53-43-261Z,C,entity-09-malicious,malicious,26,2026-07-13T08:57:52.817Z,2026-07-13T08:57:52.817Z,2026-07-13T08:57:52.817Z,0,2026-07-13T08:57:52.972Z,0xba026fe8e2604cd8ca750e4075b4ef2bc7914a1aafed43b616acb5304bcd937c,2026-07-13T08:57:57.418Z,success,40290,1000,6376806,0x2355f03995f7900f67ada41b1b1c94dc847fe1585d670085941c9d03f0c4a808,2026-07-13T08:57:57.418Z,4446,4446,4601,24,Untrusted,2026-07-13T08:57:53.413Z,0x495037853a9df1eb63428d0959d6306b4b73e7add57e20b7bd4416ca0d965c8e,,variant-batch live execution
datm-live-2026-07-13T08-53-43-261Z,C,entity-10-malicious,malicious,26,2026-07-13T08:57:52.817Z,2026-07-13T08:57:52.817Z,2026-07-13T08:57:52.817Z,0,2026-07-13T08:57:52.973Z,0x066a42d122cdc591a5a7927544fb5ae8c36f968a055c99c47602ae2fe285f218,2026-07-13T08:57:57.396Z,success,40278,1000,6376806,0x2355f03995f7900f67ada41b1b1c94dc847fe1585d670085941c9d03f0c4a808,2026-07-13T08:57:57.396Z,4423,4423,4579,28,Untrusted,2026-07-13T08:57:53.413Z,0x658e762f3970450a1c613ecc776f69e72908c9f87e84d90d23de19b7cb40235b,,variant-batch live execution
datm-live-2026-07-13T08-53-43-261Z,C,entity-01-normal,normal,27,2026-07-13T08:58:02.528Z,2026-07-13T08:58:02.528Z,2026-07-13T08:58:02.528Z,0,2026-07-13T08:58:02.648Z,0x88fcfddcbabe7ab755546e0a4a398cd0db949a7d64f88268ca0cdf7dfb6e3ae3,2026-07-13T08:58:06.886Z,success,40199,1000,6376808,0x5428e5e641f3611f2b8d05920c6499cb4b066a34bf2f9e6746d0fdb1212650ef,2026-07-13T08:58:06.886Z,4238,4238,4358,93,Trusted,2026-07-13T08:58:03.413Z,0x06946abf57854182363f7a21c2719304090decc21354bd362d265057165cccdb,,variant-batch live execution
datm-live-2026-07-13T08-53-43-261Z,C,entity-02-normal,normal,27,2026-07-13T08:58:02.529Z,2026-07-13T08:58:02.529Z,2026-07-13T08:58:02.529Z,0,2026-07-13T08:58:02.648Z,0x1689c9ad4ca4206bcca78f63a80834ef6ea0577f31dd618cf90ccbd9a85383a4,2026-07-13T08:58:06.886Z,success,40199,1000,6376808,0x5428e5e641f3611f2b8d05920c6499cb4b066a34bf2f9e6746d0fdb1212650ef,2026-07-13T08:58:06.886Z,4238,4238,4357,91,Trusted,2026-07-13T08:58:03.413Z,0xdf570fc54eb41900680629163f5c701b83fe86abeb19d2fbe4f31240e60997f3,,variant-batch live execution
datm-live-2026-07-13T08-53-43-261Z,C,entity-03-normal,normal,27,2026-07-13T08:58:02.530Z,2026-07-13T08:58:02.530Z,2026-07-13T08:58:02.530Z,0,2026-07-13T08:58:02.649Z,0x7c0bf1eab73b0b1b55b5619372629c98477155d1499389f151da8b47ad0170c7,2026-07-13T08:58:06.887Z,success,40199,1000,6376808,0x5428e5e641f3611f2b8d05920c6499cb4b066a34bf2f9e6746d0fdb1212650ef,2026-07-13T08:58:06.887Z,4238,4238,4357,93,Trusted,2026-07-13T08:58:03.413Z,0xea91bf43dfde36806cc070afb9b6ad0825c5d8adc3b2e01e37a661ed53fddb72,,variant-batch live execution
datm-live-2026-07-13T08-53-43-261Z,C,entity-04-normal,normal,27,2026-07-13T08:58:02.530Z,2026-07-13T08:58:02.530Z,2026-07-13T08:58:02.530Z,0,2026-07-13T08:58:02.649Z,0xa55e053ce58087124d7211180e22b52a4c3628c78e6fa9099b62388d9b380667,2026-07-13T08:58:06.910Z,success,40199,1000,6376808,0x5428e5e641f3611f2b8d05920c6499cb4b066a34bf2f9e6746d0fdb1212650ef,2026-07-13T08:58:06.910Z,4261,4261,4380,93,Trusted,2026-07-13T08:58:03.413Z,0xb28ec7b49e9a56af616337ecc3a107153fc1e491fd52aef0f2dc515c035d424e,,variant-batch live execution
datm-live-2026-07-13T08-53-43-261Z,C,entity-05-suspicious,suspicious,27,2026-07-13T08:58:02.530Z,2026-07-13T08:58:02.530Z,2026-07-13T08:58:02.530Z,0,2026-07-13T08:58:02.649Z,0x1c66ddc7e37136835c25c163c80583873210e826f5e088aabf76e7aff7e1e679,2026-07-13T08:58:06.886Z,success,40279,1000,6376808,0x5428e5e641f3611f2b8d05920c6499cb4b066a34bf2f9e6746d0fdb1212650ef,2026-07-13T08:58:06.886Z,4237,4237,4356,60,Suspicious,2026-07-13T08:58:03.413Z,0xbffe0316fa8419e87222f6120a9600fbab4ec9cab26b7877c7d0abb71537b470,,variant-batch live execution
datm-live-2026-07-13T08-53-43-261Z,C,entity-06-suspicious,suspicious,27,2026-07-13T08:58:02.532Z,2026-07-13T08:58:02.532Z,2026-07-13T08:58:02.532Z,0,2026-07-13T08:58:02.649Z,0xc158bd566eb4897915974c82f82ea94c05aeb16cef3605931ad72fa6518e7ee8,2026-07-13T08:58:06.882Z,success,40279,1000,6376808,0x5428e5e641f3611f2b8d05920c6499cb4b066a34bf2f9e6746d0fdb1212650ef,2026-07-13T08:58:06.882Z,4233,4233,4350,63,Suspicious,2026-07-13T08:58:03.413Z,0xd000a284fce40f74d36ec82d461307ee4bbd0f35ec820dced29996cbffe63539,,variant-batch live execution
datm-live-2026-07-13T08-53-43-261Z,C,entity-07-suspicious,suspicious,27,2026-07-13T08:58:02.532Z,2026-07-13T08:58:02.532Z,2026-07-13T08:58:02.532Z,0,2026-07-13T08:58:02.650Z,0xb520ae9351bd37608f98fa13e9efb462a311d976756368ba3c826b9c0d8f2c72,2026-07-13T08:58:07.065Z,success,40291,1000,6376808,0x5428e5e641f3611f2b8d05920c6499cb4b066a34bf2f9e6746d0fdb1212650ef,2026-07-13T08:58:07.065Z,4415,4415,4533,61,Suspicious,2026-07-13T08:58:03.413Z,0x0cac673a3f6422187c37ec935e1e04d533b986fdb352285a29f50d0796f89082,,variant-batch live execution
datm-live-2026-07-13T08-53-43-261Z,C,entity-08-malicious,malicious,27,2026-07-13T08:58:02.533Z,2026-07-13T08:58:02.533Z,2026-07-13T08:58:02.533Z,0,2026-07-13T08:58:02.672Z,0xb935880c6404a9831abcb02d2c18252659295581398dbfdff3cc9c365048a15f,2026-07-13T08:58:07.068Z,success,40290,1000,6376808,0x5428e5e641f3611f2b8d05920c6499cb4b066a34bf2f9e6746d0fdb1212650ef,2026-07-13T08:58:07.068Z,4396,4396,4535,24,Untrusted,2026-07-13T08:58:03.413Z,0xe443edfc4bf6825246c05b25c76b5e0b13e63373c22ff73558d9821107e8f7c4,,variant-batch live execution
datm-live-2026-07-13T08-53-43-261Z,C,entity-09-malicious,malicious,27,2026-07-13T08:58:02.533Z,2026-07-13T08:58:02.533Z,2026-07-13T08:58:02.533Z,0,2026-07-13T08:58:02.672Z,0x9ab1bc344f04ea415db0943466540afd96335db72744b8f409d20f8d599d5987,2026-07-13T08:58:07.091Z,success,40290,1000,6376808,0x5428e5e641f3611f2b8d05920c6499cb4b066a34bf2f9e6746d0fdb1212650ef,2026-07-13T08:58:07.091Z,4419,4419,4558,26,Untrusted,2026-07-13T08:58:03.413Z,0x8eb2941c8059494db9b3673d93bae5fe49f4f5d2b30f80418e852660e9f8e543,,variant-batch live execution
datm-live-2026-07-13T08-53-43-261Z,C,entity-10-malicious,malicious,27,2026-07-13T08:58:02.534Z,2026-07-13T08:58:02.534Z,2026-07-13T08:58:02.534Z,0,2026-07-13T08:58:02.672Z,0x8b6aec0d247ccb2d563e486fae4042d216be804f71e80a9bfe4379bcf2e29848,2026-07-13T08:58:07.106Z,success,40278,1000,6376808,0x5428e5e641f3611f2b8d05920c6499cb4b066a34bf2f9e6746d0fdb1212650ef,2026-07-13T08:58:07.106Z,4434,4434,4572,26,Untrusted,2026-07-13T08:58:03.413Z,0x3dcae5494cd78fc3b4cdb602206ac809ef6dddcd782c82a9c68338903e28f5c9,,variant-batch live execution
datm-live-2026-07-13T08-53-43-261Z,C,entity-01-normal,normal,28,2026-07-13T08:58:12.213Z,2026-07-13T08:58:12.213Z,2026-07-13T08:58:12.213Z,0,2026-07-13T08:58:12.345Z,0x8cf0e7fc8a12971f0fdf94bc2ef4b71808db259be0d8695764bb8d9416be7e3f,2026-07-13T08:58:16.602Z,success,40211,1000,6376810,0x59d2141ef98f998350496eb596d9b015cf3f16b8375722b993ba2462f598a6f9,2026-07-13T08:58:16.602Z,4257,4257,4389,91,Trusted,2026-07-13T08:58:13.413Z,0xfc966108c45a0624bbdc5c327f1215de3476e23773880a3f8ff048efabbeab46,,variant-batch live execution
datm-live-2026-07-13T08-53-43-261Z,C,entity-02-normal,normal,28,2026-07-13T08:58:12.214Z,2026-07-13T08:58:12.214Z,2026-07-13T08:58:12.214Z,0,2026-07-13T08:58:12.346Z,0x49dafeca6cf12bc7a43a4e280c6a421fd1ee794c2a7a2e70688e370d9f23054f,2026-07-13T08:58:16.641Z,success,40199,1000,6376810,0x59d2141ef98f998350496eb596d9b015cf3f16b8375722b993ba2462f598a6f9,2026-07-13T08:58:16.641Z,4295,4295,4427,92,Trusted,2026-07-13T08:58:13.413Z,0xd6c9fedf06ae994c8f0dddc94b9e7b9b9301b60ffb15fd6d7e07c0ccda3411ad,,variant-batch live execution
datm-live-2026-07-13T08-53-43-261Z,C,entity-03-normal,normal,28,2026-07-13T08:58:12.214Z,2026-07-13T08:58:12.214Z,2026-07-13T08:58:12.214Z,0,2026-07-13T08:58:12.346Z,0x536b1e3bb8d1c83c5bace671aaec2311cb2c70fdc1005971c2e152c09a57e7bf,2026-07-13T08:58:16.599Z,success,40199,1000,6376810,0x59d2141ef98f998350496eb596d9b015cf3f16b8375722b993ba2462f598a6f9,2026-07-13T08:58:16.599Z,4253,4253,4385,92,Trusted,2026-07-13T08:58:13.413Z,0xaa133fa1078ed516f2a72da9dd7ba1ef5da4c215a5586a94605aa8586f9d2db3,,variant-batch live execution
datm-live-2026-07-13T08-53-43-261Z,C,entity-04-normal,normal,28,2026-07-13T08:58:12.215Z,2026-07-13T08:58:12.215Z,2026-07-13T08:58:12.215Z,0,2026-07-13T08:58:12.346Z,0xaad2b61a10b92f0ae591946d34ab27c75f03596e5832e87466e5c57975791441,2026-07-13T08:58:16.601Z,success,40211,1000,6376810,0x59d2141ef98f998350496eb596d9b015cf3f16b8375722b993ba2462f598a6f9,2026-07-13T08:58:16.601Z,4255,4255,4386,91,Trusted,2026-07-13T08:58:13.413Z,0x0ea423ba59dc7c4fc6aeb2cb6642faaae684cede5676ac384f608ac48657a226,,variant-batch live execution
datm-live-2026-07-13T08-53-43-261Z,C,entity-05-suspicious,suspicious,28,2026-07-13T08:58:12.216Z,2026-07-13T08:58:12.216Z,2026-07-13T08:58:12.216Z,0,2026-07-13T08:58:12.347Z,0xd2667c31f2af2bc3c1267b72598b18218f77b86cdc99770069bedb02a31731c7,2026-07-13T08:58:16.601Z,success,40291,1000,6376810,0x59d2141ef98f998350496eb596d9b015cf3f16b8375722b993ba2462f598a6f9,2026-07-13T08:58:16.601Z,4254,4254,4385,63,Suspicious,2026-07-13T08:58:13.413Z,0xe62da7cff8a047095937101af95824a2c21df2c48c4bb6e6c5533eb8f418c01d,,variant-batch live execution
datm-live-2026-07-13T08-53-43-261Z,C,entity-06-suspicious,suspicious,28,2026-07-13T08:58:12.217Z,2026-07-13T08:58:12.217Z,2026-07-13T08:58:12.217Z,0,2026-07-13T08:58:12.347Z,0x31516ae7e0c0c8837f4e3bff61210154700707c453c11d38608bba745770669c,2026-07-13T08:58:16.602Z,success,40291,1000,6376810,0x59d2141ef98f998350496eb596d9b015cf3f16b8375722b993ba2462f598a6f9,2026-07-13T08:58:16.602Z,4255,4255,4385,62,Suspicious,2026-07-13T08:58:13.413Z,0x98a0b2f2d381edd09e5c53541796fc350824923e29fc6340dd13b617a393c351,,variant-batch live execution
datm-live-2026-07-13T08-53-43-261Z,C,entity-07-suspicious,suspicious,28,2026-07-13T08:58:12.218Z,2026-07-13T08:58:12.218Z,2026-07-13T08:58:12.218Z,0,2026-07-13T08:58:12.373Z,0x96f2290a871b992b4e9a17e304b298236dc207ac04239cbe7cb338cb2bb4fe27,2026-07-13T08:58:16.797Z,success,40291,1000,6376810,0x59d2141ef98f998350496eb596d9b015cf3f16b8375722b993ba2462f598a6f9,2026-07-13T08:58:16.797Z,4424,4424,4579,60,Suspicious,2026-07-13T08:58:13.413Z,0x2c9a6dbcb3bc0bc5a5592bb47dcc8aaa7c493bd92a0ce4afdfd6fa6b8fade3a7,,variant-batch live execution
datm-live-2026-07-13T08-53-43-261Z,C,entity-08-malicious,malicious,28,2026-07-13T08:58:12.218Z,2026-07-13T08:58:12.218Z,2026-07-13T08:58:12.218Z,0,2026-07-13T08:58:12.373Z,0x7d07a160ef3f542d64b3617b7414015b4b03ca89d031c23d35bd0cce305b4f5b,2026-07-13T08:58:16.826Z,success,40290,1000,6376810,0x59d2141ef98f998350496eb596d9b015cf3f16b8375722b993ba2462f598a6f9,2026-07-13T08:58:16.826Z,4453,4453,4608,26,Untrusted,2026-07-13T08:58:13.413Z,0xf33c3fd3d24d9de4c36ccb0795ecc3b2877bb06362ea7b07bde6ffb3bf784174,,variant-batch live execution
datm-live-2026-07-13T08-53-43-261Z,C,entity-09-malicious,malicious,28,2026-07-13T08:58:12.219Z,2026-07-13T08:58:12.219Z,2026-07-13T08:58:12.219Z,0,2026-07-13T08:58:12.373Z,0xb04b2a178fb7c9b1d73cdf239d482c4dcb0ba291ad292d4b99d33eaa0ecde693,2026-07-13T08:58:16.827Z,success,40290,1000,6376810,0x59d2141ef98f998350496eb596d9b015cf3f16b8375722b993ba2462f598a6f9,2026-07-13T08:58:16.827Z,4454,4454,4608,25,Untrusted,2026-07-13T08:58:13.413Z,0x74f0aaf0b4cbbc3e984bd2f0421b55cb7402f68c79119fcadcd3c9c1ef0bde7e,,variant-batch live execution
datm-live-2026-07-13T08-53-43-261Z,C,entity-10-malicious,malicious,28,2026-07-13T08:58:12.220Z,2026-07-13T08:58:12.220Z,2026-07-13T08:58:12.220Z,0,2026-07-13T08:58:12.373Z,0x5820e8d40a1c32dd0fee0df8ce29f68543dfaf6e8afd36ad8a9f4c3d0f94a17c,2026-07-13T08:58:16.846Z,success,40278,1000,6376810,0x59d2141ef98f998350496eb596d9b015cf3f16b8375722b993ba2462f598a6f9,2026-07-13T08:58:16.846Z,4473,4473,4626,24,Untrusted,2026-07-13T08:58:13.413Z,0x3f38a4a15ff2e56c40c3660792223bf23b1d25efee6b30c1556847ad6cd242bb,,variant-batch live execution
datm-live-2026-07-13T08-53-43-261Z,C,entity-01-normal,normal,29,2026-07-13T08:58:21.976Z,2026-07-13T08:58:21.976Z,2026-07-13T08:58:21.976Z,0,2026-07-13T08:58:22.108Z,0x3b8bd0af9bddb2a97473de12f7d63977d003687ed40cd1e4a6e52c6aecc5a155,2026-07-13T08:58:26.363Z,success,40199,1000,6376812,0xbbda9257217c8ec928fc1756738b14f4a46d3fc3d4bb500517fdfeb5841466a4,2026-07-13T08:58:26.363Z,4255,4255,4387,93,Trusted,2026-07-13T08:58:23.413Z,0xdbf502e65b251a881abb1730066ad01bbd371932f0ae337be561a7424a0e1c4c,,variant-batch live execution
datm-live-2026-07-13T08-53-43-261Z,C,entity-02-normal,normal,29,2026-07-13T08:58:21.977Z,2026-07-13T08:58:21.977Z,2026-07-13T08:58:21.977Z,0,2026-07-13T08:58:22.108Z,0xf95ec666412a9c1981fd3b6dcf25d5de8a1a04f7b0a3bbec5e9276b20937ecba,2026-07-13T08:58:26.356Z,success,40199,1000,6376812,0xbbda9257217c8ec928fc1756738b14f4a46d3fc3d4bb500517fdfeb5841466a4,2026-07-13T08:58:26.356Z,4248,4248,4379,92,Trusted,2026-07-13T08:58:23.413Z,0xa7aa7414adc037211bdb1b4611ef607f3791622b347240564da5c1832f19b992,,variant-batch live execution
datm-live-2026-07-13T08-53-43-261Z,C,entity-03-normal,normal,29,2026-07-13T08:58:21.978Z,2026-07-13T08:58:21.978Z,2026-07-13T08:58:21.978Z,0,2026-07-13T08:58:22.123Z,0xfe5405a8a0b48c465adc2701159c27352866eda14c48df30b13bfdf5076d85e2,2026-07-13T08:58:26.360Z,success,40211,1000,6376812,0xbbda9257217c8ec928fc1756738b14f4a46d3fc3d4bb500517fdfeb5841466a4,2026-07-13T08:58:26.360Z,4237,4237,4382,92,Trusted,2026-07-13T08:58:23.413Z,0x0f9125cc3434bdb85219e3e8897b972146c25d1a5812500c2543791a520e3e2d,,variant-batch live execution
datm-live-2026-07-13T08-53-43-261Z,C,entity-04-normal,normal,29,2026-07-13T08:58:21.980Z,2026-07-13T08:58:21.980Z,2026-07-13T08:58:21.980Z,0,2026-07-13T08:58:22.123Z,0x480c0251675d2d504f9d679cb3183852ac6a19b5782f15c94087ffb3ea364554,2026-07-13T08:58:26.359Z,success,40199,1000,6376812,0xbbda9257217c8ec928fc1756738b14f4a46d3fc3d4bb500517fdfeb5841466a4,2026-07-13T08:58:26.359Z,4236,4236,4379,93,Trusted,2026-07-13T08:58:23.413Z,0xb67377a8a86cb414898024f78711940aceb7575bd1e6c04230815ee1327aa9c1,,variant-batch live execution
datm-live-2026-07-13T08-53-43-261Z,C,entity-05-suspicious,suspicious,29,2026-07-13T08:58:21.981Z,2026-07-13T08:58:21.981Z,2026-07-13T08:58:21.981Z,0,2026-07-13T08:58:22.123Z,0x9a1c0dfd10b0dadf7caeeb51aa9f98c483730228358896186e1d1f4d6fc60b10,2026-07-13T08:58:26.362Z,success,40291,1000,6376812,0xbbda9257217c8ec928fc1756738b14f4a46d3fc3d4bb500517fdfeb5841466a4,2026-07-13T08:58:26.362Z,4239,4239,4381,62,Suspicious,2026-07-13T08:58:23.413Z,0x89bb531ac081a28e3fa3cec3785a45c3c03d8cd47cb78a41bbdfac9a9f055201,,variant-batch live execution
datm-live-2026-07-13T08-53-43-261Z,C,entity-06-suspicious,suspicious,29,2026-07-13T08:58:21.981Z,2026-07-13T08:58:21.981Z,2026-07-13T08:58:21.981Z,0,2026-07-13T08:58:22.123Z,0xd6e7ea874f2184565a3e68c81a82ada4aa525452c5808603541368b6cc263551,2026-07-13T08:58:26.385Z,success,40279,1000,6376812,0xbbda9257217c8ec928fc1756738b14f4a46d3fc3d4bb500517fdfeb5841466a4,2026-07-13T08:58:26.385Z,4262,4262,4404,58,Suspicious,2026-07-13T08:58:23.413Z,0x690adb07f4c4fffa74007b58e4b7204b2369685cecccdbf696cd38edbec85dd8,,variant-batch live execution
datm-live-2026-07-13T08-53-43-261Z,C,entity-07-suspicious,suspicious,29,2026-07-13T08:58:21.982Z,2026-07-13T08:58:21.982Z,2026-07-13T08:58:21.982Z,0,2026-07-13T08:58:22.123Z,0xdffc44d44e0d9c9d346511b0dec98c7cf9adff473e69cdfd18c39f129aa1396c,2026-07-13T08:58:26.592Z,success,40291,1000,6376812,0xbbda9257217c8ec928fc1756738b14f4a46d3fc3d4bb500517fdfeb5841466a4,2026-07-13T08:58:26.592Z,4469,4469,4610,63,Suspicious,2026-07-13T08:58:23.413Z,0xfab5ae5ed8039d36db97d25b98c0303008b7970b387b588e552c8482b15205e4,,variant-batch live execution
datm-live-2026-07-13T08-53-43-261Z,C,entity-08-malicious,malicious,29,2026-07-13T08:58:21.983Z,2026-07-13T08:58:21.983Z,2026-07-13T08:58:21.983Z,0,2026-07-13T08:58:22.132Z,0x2253a5d61406c3b414ec74990bf4efbff1f8c4ca2a8fefa16ed8ede8e9b02226,2026-07-13T08:58:26.619Z,success,40290,1000,6376812,0xbbda9257217c8ec928fc1756738b14f4a46d3fc3d4bb500517fdfeb5841466a4,2026-07-13T08:58:26.619Z,4487,4487,4636,25,Untrusted,2026-07-13T08:58:23.413Z,0x9e44ee6d3124f67e800501bf51e334d79b0ad589e034a85b6ba9fca7843d8dc5,,variant-batch live execution
datm-live-2026-07-13T08-53-43-261Z,C,entity-09-malicious,malicious,29,2026-07-13T08:58:21.985Z,2026-07-13T08:58:21.985Z,2026-07-13T08:58:21.985Z,0,2026-07-13T08:58:22.132Z,0xee55ddd88c0f3d9184eeffa32cd6b24094b9eba08aa6e2ff6feeb20f075e6418,2026-07-13T08:58:26.595Z,success,40290,1000,6376812,0xbbda9257217c8ec928fc1756738b14f4a46d3fc3d4bb500517fdfeb5841466a4,2026-07-13T08:58:26.595Z,4463,4463,4610,24,Untrusted,2026-07-13T08:58:23.413Z,0xa2a4203d61acba2e70c42c53d0d72581b84c3d09148a9a8d5bb35fa21c0a7c06,,variant-batch live execution
datm-live-2026-07-13T08-53-43-261Z,C,entity-10-malicious,malicious,29,2026-07-13T08:58:21.986Z,2026-07-13T08:58:21.986Z,2026-07-13T08:58:21.986Z,0,2026-07-13T08:58:22.133Z,0x0669c5a9385b43b32be6ad945cf6abf472e63c5e1cbc796263dce06b27129dd5,2026-07-13T08:58:26.593Z,success,40266,1000,6376812,0xbbda9257217c8ec928fc1756738b14f4a46d3fc3d4bb500517fdfeb5841466a4,2026-07-13T08:58:26.593Z,4460,4460,4607,26,Untrusted,2026-07-13T08:58:23.413Z,0xd0c4cb1661c6049c73fca8195ce96fb000c492c863dc9781d3d7cfbbbdd03593,,variant-batch live execution
datm-live-2026-07-13T08-53-43-261Z,C,entity-01-normal,normal,30,2026-07-13T08:58:31.731Z,2026-07-13T08:58:31.731Z,2026-07-13T08:58:31.731Z,0,2026-07-13T08:58:31.850Z,0xf6bf80f2425a2a653e6a91d52f5a763490cffd69439d00f9883b111012abb0ec,2026-07-13T08:58:36.114Z,success,40199,1000,6376814,0x18a5c1d8aa8f54ce690ac6d555c03514e6206663826b43b5929724c00997ac58,2026-07-13T08:58:36.114Z,4264,4264,4383,92,Trusted,2026-07-13T08:58:33.413Z,0x2331bf4d8f7ed35c6be5ef8c716e4106f1a7588f12c5f0f2a6f8d1c45a785294,,variant-batch live execution
datm-live-2026-07-13T08-53-43-261Z,C,entity-02-normal,normal,30,2026-07-13T08:58:31.732Z,2026-07-13T08:58:31.732Z,2026-07-13T08:58:31.732Z,0,2026-07-13T08:58:31.850Z,0x1d0c028f97c3115803447072b22188cb192b641d4ddba5d4a1222eb6a3e702e3,2026-07-13T08:58:36.099Z,success,40211,1000,6376814,0x18a5c1d8aa8f54ce690ac6d555c03514e6206663826b43b5929724c00997ac58,2026-07-13T08:58:36.099Z,4249,4249,4367,91,Trusted,2026-07-13T08:58:33.413Z,0xeed55865a8775a9025907c7e5455f113c1fe3a49ef71362cf7cbb790afb38d15,,variant-batch live execution
datm-live-2026-07-13T08-53-43-261Z,C,entity-03-normal,normal,30,2026-07-13T08:58:31.733Z,2026-07-13T08:58:31.733Z,2026-07-13T08:58:31.733Z,0,2026-07-13T08:58:31.848Z,0x4ac086e986ceb7f421a2e9de837f66274e819d268839883fa5c4b69b95df8b89,2026-07-13T08:58:36.112Z,success,40187,1000,6376814,0x18a5c1d8aa8f54ce690ac6d555c03514e6206663826b43b5929724c00997ac58,2026-07-13T08:58:36.112Z,4264,4264,4379,92,Trusted,2026-07-13T08:58:33.413Z,0x27a36bc7b2a5b0a4d139056ad7bf483c5e7664e664f400f644e4025f4b1e6002,,variant-batch live execution
datm-live-2026-07-13T08-53-43-261Z,C,entity-04-normal,normal,30,2026-07-13T08:58:31.735Z,2026-07-13T08:58:31.735Z,2026-07-13T08:58:31.735Z,0,2026-07-13T08:58:31.850Z,0x4ab6936b0bfa8b21396f7d1f76bb16b3cc881accd716f321165dd50dccc2679d,2026-07-13T08:58:36.113Z,success,40199,1000,6376814,0x18a5c1d8aa8f54ce690ac6d555c03514e6206663826b43b5929724c00997ac58,2026-07-13T08:58:36.113Z,4263,4263,4378,92,Trusted,2026-07-13T08:58:33.413Z,0xd7de401d10a9ba194b7ef52d17aa39d00a5ba34b57c7caaa0b8045f09ca9f837,,variant-batch live execution
datm-live-2026-07-13T08-53-43-261Z,C,entity-05-suspicious,suspicious,30,2026-07-13T08:58:31.735Z,2026-07-13T08:58:31.735Z,2026-07-13T08:58:31.735Z,0,2026-07-13T08:58:31.850Z,0xfda0073e09ceb59fa492a25501f366942f63583ae1570e7f1ff8778ec153df20,2026-07-13T08:58:36.113Z,success,40291,1000,6376814,0x18a5c1d8aa8f54ce690ac6d555c03514e6206663826b43b5929724c00997ac58,2026-07-13T08:58:36.113Z,4263,4263,4378,58,Suspicious,2026-07-13T08:58:33.413Z,0x1d2238f767c4a8fd727dae4bca050940aeb725c3f8b61d662093d853d6651754,,variant-batch live execution
datm-live-2026-07-13T08-53-43-261Z,C,entity-06-suspicious,suspicious,30,2026-07-13T08:58:31.736Z,2026-07-13T08:58:31.736Z,2026-07-13T08:58:31.736Z,0,2026-07-13T08:58:31.850Z,0x39b14237e88d3f71584a7317f44b359c8de3acd4e73f5e3cea60e85a4758e342,2026-07-13T08:58:36.124Z,success,40291,1000,6376814,0x18a5c1d8aa8f54ce690ac6d555c03514e6206663826b43b5929724c00997ac58,2026-07-13T08:58:36.124Z,4274,4274,4388,60,Suspicious,2026-07-13T08:58:33.413Z,0xbd4f74b03a63c84c0c9497d9e5fbbafe81e7f0f2473fb5dc337bee89192e05c7,,variant-batch live execution
datm-live-2026-07-13T08-53-43-261Z,C,entity-07-suspicious,suspicious,30,2026-07-13T08:58:31.736Z,2026-07-13T08:58:31.736Z,2026-07-13T08:58:31.736Z,0,2026-07-13T08:58:31.878Z,0xedec80f27099a1b91626f93a6cca50f1231de663319eda6292d18ce8e69cc487,2026-07-13T08:58:36.292Z,success,40291,1000,6376814,0x18a5c1d8aa8f54ce690ac6d555c03514e6206663826b43b5929724c00997ac58,2026-07-13T08:58:36.292Z,4414,4414,4556,62,Suspicious,2026-07-13T08:58:33.413Z,0x1c0e7b5552a4c393c17f80c28be195beace970fdbeb77df2687e7cc2f3205db7,,variant-batch live execution
datm-live-2026-07-13T08-53-43-261Z,C,entity-08-malicious,malicious,30,2026-07-13T08:58:31.737Z,2026-07-13T08:58:31.737Z,2026-07-13T08:58:31.737Z,0,2026-07-13T08:58:31.878Z,0xef969e604706acadad83f43b13831e69986b10111de80bc18505f81e283dfc35,2026-07-13T08:58:36.277Z,success,40290,1000,6376814,0x18a5c1d8aa8f54ce690ac6d555c03514e6206663826b43b5929724c00997ac58,2026-07-13T08:58:36.277Z,4399,4399,4540,24,Untrusted,2026-07-13T08:58:33.413Z,0xb818dfaf65bde1904a4c34f07db6f0735e1990cd1ffb99cfe90cba8be6b9cc1a,,variant-batch live execution
datm-live-2026-07-13T08-53-43-261Z,C,entity-09-malicious,malicious,30,2026-07-13T08:58:31.737Z,2026-07-13T08:58:31.737Z,2026-07-13T08:58:31.737Z,0,2026-07-13T08:58:31.878Z,0x047b109aa47533622cf12da0e79d87e2e4e2432f6bb81b545aa25111a1a26e9b,2026-07-13T08:58:36.311Z,success,40290,1000,6376814,0x18a5c1d8aa8f54ce690ac6d555c03514e6206663826b43b5929724c00997ac58,2026-07-13T08:58:36.311Z,4433,4433,4574,25,Untrusted,2026-07-13T08:58:33.413Z,0x0b6117ecad66220ebdf744c7ee1ccfa72eb85d96148e1352cc10fe0d89626de1,,variant-batch live execution
datm-live-2026-07-13T08-53-43-261Z,C,entity-10-malicious,malicious,30,2026-07-13T08:58:31.737Z,2026-07-13T08:58:31.737Z,2026-07-13T08:58:31.737Z,0,2026-07-13T08:58:31.878Z,0x890897601eb6721fa12f8bf306f9d027cbe4f6b893df293cbaa17dbcc8efaf74,2026-07-13T08:58:36.326Z,success,40278,1000,6376814,0x18a5c1d8aa8f54ce690ac6d555c03514e6206663826b43b5929724c00997ac58,2026-07-13T08:58:36.326Z,4448,4448,4589,26,Untrusted,2026-07-13T08:58:33.413Z,0xb2ecd3875127d5ee4cb34f29cc837e5c1527999fb1084e9ad29152a778084c09,,variant-batch live execution
