run_id,variant,entity_id,entity_profile,sequence_no,scheduled_at,datm_start_at,datm_end_at,datm_processing_ms,submit_at,tx_hash,receipt_at,tx_status,gas_used,effective_gas_price,block_number,block_hash,block_timestamp,confirmation_latency_ms,block_inclusion_latency_ms,end_to_end_latency_ms,ats,trust_state,calc_timestamp,input_hash,error_code,error_message
datm-live-2026-07-13T08-38-00-203Z,A,entity-01-normal,normal,1,2026-07-13T08:38:00.537Z,2026-07-13T08:38:00.537Z,2026-07-13T08:38:00.537Z,0,2026-07-13T08:38:00.996Z,0xd3328f137c392591043c3c974abf8a499f54c272f9fb38e729e9aa50b941940f,2026-07-13T08:38:05.338Z,success,37763,1000,6376568,0x7ada687831dac485d1497b6df3d0e7b3674b9191ec1c18343a0bfd6e087131bc,2026-07-13T08:38:05.338Z,4342,4342,4801,89,Trusted,2026-07-13T08:38:00.341Z,0xe9240d7fc6b1aa932937bf9931bbb000c23d7d33c08d62aaa3f9535e84f8ffc9,,variant-batch live execution
datm-live-2026-07-13T08-38-00-203Z,A,entity-02-normal,normal,1,2026-07-13T08:38:00.542Z,2026-07-13T08:38:00.542Z,2026-07-13T08:38:00.542Z,0,2026-07-13T08:38:01.035Z,0xe224e4a9e751edac48e12d1e7ce284ce9936df36f0dee04e8ac628127d83c692,2026-07-13T08:38:05.335Z,success,37775,1000,6376568,0x7ada687831dac485d1497b6df3d0e7b3674b9191ec1c18343a0bfd6e087131bc,2026-07-13T08:38:05.335Z,4300,4300,4793,90,Trusted,2026-07-13T08:38:00.341Z,0xe22d19b4a6cf04be86027fce68bfc64835d8650aec2759ebab4afe4277886815,,variant-batch live execution
datm-live-2026-07-13T08-38-00-203Z,A,entity-03-normal,normal,1,2026-07-13T08:38:00.543Z,2026-07-13T08:38:00.543Z,2026-07-13T08:38:00.543Z,0,2026-07-13T08:38:01.061Z,0xb0980c44b0d40994d6ad00eab2a92c359c2c2a580ff2048c6078fb501502f116,2026-07-13T08:38:05.336Z,success,91875,1000,6376568,0x7ada687831dac485d1497b6df3d0e7b3674b9191ec1c18343a0bfd6e087131bc,2026-07-13T08:38:05.336Z,4275,4275,4793,90,Trusted,2026-07-13T08:38:00.341Z,0xa4c1f5d91cfd62d15cc2267efd8cf6b8fe22272b55f1644fb5012bb828a45a47,,variant-batch live execution
datm-live-2026-07-13T08-38-00-203Z,A,entity-04-normal,normal,1,2026-07-13T08:38:00.543Z,2026-07-13T08:38:00.543Z,2026-07-13T08:38:00.543Z,0,2026-07-13T08:38:01.062Z,0x554c5107f472f781e4a09a48583ab5ebca8a85b1bc40386016f772c79ca7951a,2026-07-13T08:38:05.337Z,success,91875,1000,6376568,0x7ada687831dac485d1497b6df3d0e7b3674b9191ec1c18343a0bfd6e087131bc,2026-07-13T08:38:05.337Z,4275,4275,4794,89,Trusted,2026-07-13T08:38:00.341Z,0x797646cc58509bab67fccabcfee9089bfd36aa8760e440b07fcb60bfcb3a24d9,,variant-batch live execution
datm-live-2026-07-13T08-38-00-203Z,A,entity-05-suspicious,suspicious,1,2026-07-13T08:38:00.544Z,2026-07-13T08:38:00.544Z,2026-07-13T08:38:00.544Z,0,2026-07-13T08:38:01.062Z,0x746c91e1977af664dc139f946ecc9744aaa32797d53e1f258b35560b023c4721,2026-07-13T08:38:05.338Z,success,91863,1000,6376568,0x7ada687831dac485d1497b6df3d0e7b3674b9191ec1c18343a0bfd6e087131bc,2026-07-13T08:38:05.338Z,4276,4276,4794,63,Suspicious,2026-07-13T08:38:00.341Z,0x79ef406a275d003b31b30a2363e6abecc9cd0f1a1c37ac799f605143e20b4b05,,variant-batch live execution
datm-live-2026-07-13T08-38-00-203Z,A,entity-06-suspicious,suspicious,1,2026-07-13T08:38:00.544Z,2026-07-13T08:38:00.544Z,2026-07-13T08:38:00.544Z,0,2026-07-13T08:38:01.063Z,0x0a49d33c42aa3626047f17740eb1595517ca73a9aa71344f79e2378387cce993,2026-07-13T08:38:05.359Z,success,91875,1000,6376568,0x7ada687831dac485d1497b6df3d0e7b3674b9191ec1c18343a0bfd6e087131bc,2026-07-13T08:38:05.359Z,4296,4296,4815,60,Suspicious,2026-07-13T08:38:00.341Z,0x3bc3ba6502071f44adadcdf47f1dc0364636f5c52d71235997f30fa597a0e42e,,variant-batch live execution
datm-live-2026-07-13T08-38-00-203Z,A,entity-07-suspicious,suspicious,1,2026-07-13T08:38:00.544Z,2026-07-13T08:38:00.544Z,2026-07-13T08:38:00.544Z,0,2026-07-13T08:38:01.091Z,0x59d2d45d6cb68e40c715d86e538ab701e88b738a59f31a594f52e400c97303e5,2026-07-13T08:38:05.551Z,success,91875,1000,6376568,0x7ada687831dac485d1497b6df3d0e7b3674b9191ec1c18343a0bfd6e087131bc,2026-07-13T08:38:05.551Z,4460,4460,5007,61,Suspicious,2026-07-13T08:38:00.341Z,0x2c3d1eaa83a74ae34e343cf33506c2903bb883e1bec54802affcff5e7ef5c07f,,variant-batch live execution
datm-live-2026-07-13T08-38-00-203Z,A,entity-08-malicious,malicious,1,2026-07-13T08:38:00.545Z,2026-07-13T08:38:00.545Z,2026-07-13T08:38:00.545Z,0,2026-07-13T08:38:01.092Z,0xded0a5fd82871be6364e8569137ae0a14a16cf1be42f790dbd7fadf5c7cbc129,2026-07-13T08:38:05.525Z,success,91875,1000,6376568,0x7ada687831dac485d1497b6df3d0e7b3674b9191ec1c18343a0bfd6e087131bc,2026-07-13T08:38:05.525Z,4433,4433,4980,31,Untrusted,2026-07-13T08:38:00.341Z,0xd14f96b2ea414ea7e7b451162ad78ee9f9f731d939bef51c8bc3350f5d232189,,variant-batch live execution
datm-live-2026-07-13T08-38-00-203Z,A,entity-09-malicious,malicious,1,2026-07-13T08:38:00.545Z,2026-07-13T08:38:00.545Z,2026-07-13T08:38:00.545Z,0,2026-07-13T08:38:01.092Z,0x445391847cfae8b7dabb35ddd81969b8f0770f0e5ae2e864e475a3c99042e6ac,2026-07-13T08:38:05.558Z,success,91875,1000,6376568,0x7ada687831dac485d1497b6df3d0e7b3674b9191ec1c18343a0bfd6e087131bc,2026-07-13T08:38:05.558Z,4466,4466,5013,29,Untrusted,2026-07-13T08:38:00.341Z,0x303ce4feea67951ecdbe77a19ad9772dbfcd21776a6639c13418f1ba21621185,,variant-batch live execution
datm-live-2026-07-13T08-38-00-203Z,A,entity-10-malicious,malicious,1,2026-07-13T08:38:00.546Z,2026-07-13T08:38:00.546Z,2026-07-13T08:38:00.546Z,0,2026-07-13T08:38:01.092Z,0xe88d8a5cb0580c13e64ba8994a6319a5662a64f4dbe7ceaca94cf8a8c39f3d79,2026-07-13T08:38:05.560Z,success,91863,1000,6376568,0x7ada687831dac485d1497b6df3d0e7b3674b9191ec1c18343a0bfd6e087131bc,2026-07-13T08:38:05.560Z,4468,4468,5014,29,Untrusted,2026-07-13T08:38:00.341Z,0x2f0845bf4c60f8332d78b8e7e345a23afe93da935e3c1e897983fae774cef5e7,,variant-batch live execution
datm-live-2026-07-13T08-38-00-203Z,A,entity-01-normal,normal,2,2026-07-13T08:38:10.678Z,2026-07-13T08:38:10.678Z,2026-07-13T08:38:10.678Z,0,2026-07-13T08:38:10.838Z,0x1a8bb572343eca81b6b782400eb831c8025a3e721d04b9de81e7d351f3710060,2026-07-13T08:38:15.207Z,success,37763,1000,6376570,0x2c3256f6c60e6fe36c5bdde07efd0d0c5b8f0aa5b47a5d4fc468d7446dd532d1,2026-07-13T08:38:15.207Z,4369,4369,4529,93,Trusted,2026-07-13T08:38:10.341Z,0x9f3a90c3796e6f4144f13ba7d6c47a7cdc3eb6584d00b01f8e9166c5e72e52f7,,variant-batch live execution
datm-live-2026-07-13T08-38-00-203Z,A,entity-02-normal,normal,2,2026-07-13T08:38:10.679Z,2026-07-13T08:38:10.679Z,2026-07-13T08:38:10.679Z,0,2026-07-13T08:38:10.823Z,0x92068c9b4a167bcd28ace5264d7a2b5b4049bfff703f5ba3ef4cb6f5f49e788d,2026-07-13T08:38:15.200Z,success,37775,1000,6376570,0x2c3256f6c60e6fe36c5bdde07efd0d0c5b8f0aa5b47a5d4fc468d7446dd532d1,2026-07-13T08:38:15.200Z,4377,4377,4521,93,Trusted,2026-07-13T08:38:10.341Z,0x6d57f9a54bd746c71abbbe4665bd50eab817d8f305750a6a978e590be7bcb563,,variant-batch live execution
datm-live-2026-07-13T08-38-00-203Z,A,entity-03-normal,normal,2,2026-07-13T08:38:10.680Z,2026-07-13T08:38:10.680Z,2026-07-13T08:38:10.680Z,0,2026-07-13T08:38:10.838Z,0xff55c0972757234d10da9f20319c681dc0dbe5403e0af40ed952ae401debc633,2026-07-13T08:38:15.204Z,success,37775,1000,6376570,0x2c3256f6c60e6fe36c5bdde07efd0d0c5b8f0aa5b47a5d4fc468d7446dd532d1,2026-07-13T08:38:15.204Z,4366,4366,4524,91,Trusted,2026-07-13T08:38:10.341Z,0xabffaf568653afd59b016c77019c93d8e2c2658a6ce9ecb43166874deefb34cf,,variant-batch live execution
datm-live-2026-07-13T08-38-00-203Z,A,entity-04-normal,normal,2,2026-07-13T08:38:10.680Z,2026-07-13T08:38:10.680Z,2026-07-13T08:38:10.680Z,0,2026-07-13T08:38:10.838Z,0x112132cefb9d13e1046f4fee371806f30b23be78bc308913266158b26758b719,2026-07-13T08:38:15.207Z,success,37775,1000,6376570,0x2c3256f6c60e6fe36c5bdde07efd0d0c5b8f0aa5b47a5d4fc468d7446dd532d1,2026-07-13T08:38:15.207Z,4369,4369,4527,93,Trusted,2026-07-13T08:38:10.341Z,0x77eafcccc9d4d4517cddafe7ef38ac5a06a027277ea811d56a2bad668abceec1,,variant-batch live execution
datm-live-2026-07-13T08-38-00-203Z,A,entity-05-suspicious,suspicious,2,2026-07-13T08:38:10.681Z,2026-07-13T08:38:10.681Z,2026-07-13T08:38:10.681Z,0,2026-07-13T08:38:10.838Z,0xa030149a4ef51557725d249139a56552e9f9f8f5e5b8a867ad829b5ed8ef800a,2026-07-13T08:38:15.207Z,success,37763,1000,6376570,0x2c3256f6c60e6fe36c5bdde07efd0d0c5b8f0aa5b47a5d4fc468d7446dd532d1,2026-07-13T08:38:15.207Z,4369,4369,4526,60,Suspicious,2026-07-13T08:38:10.341Z,0xf31d001dc1554de1ecfa1d5d9bad423ca8d37dbbad4fdaee2b082e20b5c03834,,variant-batch live execution
datm-live-2026-07-13T08-38-00-203Z,A,entity-06-suspicious,suspicious,2,2026-07-13T08:38:10.682Z,2026-07-13T08:38:10.682Z,2026-07-13T08:38:10.682Z,0,2026-07-13T08:38:10.838Z,0x1b366fd567ef734f8e0c36c0feff542f7658fb8892f17758be017f2d707d808f,2026-07-13T08:38:15.228Z,success,37775,1000,6376570,0x2c3256f6c60e6fe36c5bdde07efd0d0c5b8f0aa5b47a5d4fc468d7446dd532d1,2026-07-13T08:38:15.228Z,4390,4390,4546,60,Suspicious,2026-07-13T08:38:10.341Z,0x0915c733cb679605492988b7612269675a0c8d6fbb14507b20bf0667255158d8,,variant-batch live execution
datm-live-2026-07-13T08-38-00-203Z,A,entity-07-suspicious,suspicious,2,2026-07-13T08:38:10.682Z,2026-07-13T08:38:10.682Z,2026-07-13T08:38:10.682Z,0,2026-07-13T08:38:10.856Z,0xd5930859c8dfeb8fbc91801acf3c48f8d568141bd689f7ab10ad915c34ce3001,2026-07-13T08:38:15.407Z,success,37775,1000,6376570,0x2c3256f6c60e6fe36c5bdde07efd0d0c5b8f0aa5b47a5d4fc468d7446dd532d1,2026-07-13T08:38:15.407Z,4551,4551,4725,63,Suspicious,2026-07-13T08:38:10.341Z,0x5b1469aab52093aa86c5d7eca2fa2e4a06bc18d8b82c029c8f6d3e6437bb94ce,,variant-batch live execution
datm-live-2026-07-13T08-38-00-203Z,A,entity-08-malicious,malicious,2,2026-07-13T08:38:10.682Z,2026-07-13T08:38:10.682Z,2026-07-13T08:38:10.682Z,0,2026-07-13T08:38:10.857Z,0xa4f4f7c57f3fa7c406c65829aafebe09f54f89c551ccf533ff1650ab0b0200fe,2026-07-13T08:38:15.430Z,success,37775,1000,6376570,0x2c3256f6c60e6fe36c5bdde07efd0d0c5b8f0aa5b47a5d4fc468d7446dd532d1,2026-07-13T08:38:15.430Z,4573,4573,4748,30,Untrusted,2026-07-13T08:38:10.341Z,0xa2e1a3c4c7599595ff45f418f006cddcb63b2a5bf283c23acd95be7313d45ecb,,variant-batch live execution
datm-live-2026-07-13T08-38-00-203Z,A,entity-09-malicious,malicious,2,2026-07-13T08:38:10.683Z,2026-07-13T08:38:10.683Z,2026-07-13T08:38:10.683Z,0,2026-07-13T08:38:10.857Z,0x23f483374eadfcee7bf952f001a5e1bda24dd33260609ddd0edef01034e1146c,2026-07-13T08:38:15.445Z,success,37763,1000,6376570,0x2c3256f6c60e6fe36c5bdde07efd0d0c5b8f0aa5b47a5d4fc468d7446dd532d1,2026-07-13T08:38:15.445Z,4588,4588,4762,28,Untrusted,2026-07-13T08:38:10.341Z,0x3bde3e9fb8b533e414fdad8691008ba70e80a2d5b2a60ce79f54b44c34d0d253,,variant-batch live execution
datm-live-2026-07-13T08-38-00-203Z,A,entity-10-malicious,malicious,2,2026-07-13T08:38:10.683Z,2026-07-13T08:38:10.683Z,2026-07-13T08:38:10.683Z,0,2026-07-13T08:38:10.857Z,0x1c7eb5a163d42f6768213d8511bb279d81764ed25c854b4aa17506a55a2b2de6,2026-07-13T08:38:15.439Z,success,37763,1000,6376570,0x2c3256f6c60e6fe36c5bdde07efd0d0c5b8f0aa5b47a5d4fc468d7446dd532d1,2026-07-13T08:38:15.439Z,4582,4582,4756,32,Untrusted,2026-07-13T08:38:10.341Z,0xd41acc54f44d99b3218f8603d3b21be24708d376314c4608d238810ac9719518,,variant-batch live execution
datm-live-2026-07-13T08-38-00-203Z,A,entity-01-normal,normal,3,2026-07-13T08:38:20.592Z,2026-07-13T08:38:20.592Z,2026-07-13T08:38:20.592Z,0,2026-07-13T08:38:20.763Z,0xad2ee3c4977111ddabd5957eb2b8b640c74bbce572649ae6f3435171e7538256,2026-07-13T08:38:25.045Z,success,37763,1000,6376572,0x105612b015f4785695810a66a97b6e19a171a6ffe0c082f09ed79d9f6c898499,2026-07-13T08:38:25.045Z,4282,4282,4453,93,Trusted,2026-07-13T08:38:20.341Z,0xac7bba9b56a7c121303b6543b4ba62a6b465e6e738783c62f728dc3d29097700,,variant-batch live execution
datm-live-2026-07-13T08-38-00-203Z,A,entity-02-normal,normal,3,2026-07-13T08:38:20.593Z,2026-07-13T08:38:20.593Z,2026-07-13T08:38:20.593Z,0,2026-07-13T08:38:20.763Z,0x39e911aaa1ee9a85bfeb531c56b36050f50bed835c9032b42733e809afa89012,2026-07-13T08:38:25.051Z,success,37775,1000,6376572,0x105612b015f4785695810a66a97b6e19a171a6ffe0c082f09ed79d9f6c898499,2026-07-13T08:38:25.051Z,4288,4288,4458,92,Trusted,2026-07-13T08:38:20.341Z,0xf615043d27f75aa48a41055a5e7c3bae1539681c32df36e7a71a88d536df85e1,,variant-batch live execution
datm-live-2026-07-13T08-38-00-203Z,A,entity-03-normal,normal,3,2026-07-13T08:38:20.594Z,2026-07-13T08:38:20.594Z,2026-07-13T08:38:20.594Z,0,2026-07-13T08:38:20.783Z,0x255b644b480bb9b56484443ad5e93441dd184245c696cdfd19c9234611135614,2026-07-13T08:38:25.053Z,success,37775,1000,6376572,0x105612b015f4785695810a66a97b6e19a171a6ffe0c082f09ed79d9f6c898499,2026-07-13T08:38:25.053Z,4270,4270,4459,93,Trusted,2026-07-13T08:38:20.341Z,0xd45a4f8611368a51dd55c13c61a72e3dd64b6568a7a3151d353c755d6f14ee6a,,variant-batch live execution
datm-live-2026-07-13T08-38-00-203Z,A,entity-04-normal,normal,3,2026-07-13T08:38:20.594Z,2026-07-13T08:38:20.594Z,2026-07-13T08:38:20.594Z,0,2026-07-13T08:38:20.783Z,0x3f2b00d916132c619e603cc34c4fc2d10dcc37ca44375d6cb352f9161fc9b857,2026-07-13T08:38:25.050Z,success,37775,1000,6376572,0x105612b015f4785695810a66a97b6e19a171a6ffe0c082f09ed79d9f6c898499,2026-07-13T08:38:25.050Z,4267,4267,4456,93,Trusted,2026-07-13T08:38:20.341Z,0xbf439e4ff3c103ace229cd7a69e6a1a4f95f7772e558461a8bd7c857e23df136,,variant-batch live execution
datm-live-2026-07-13T08-38-00-203Z,A,entity-05-suspicious,suspicious,3,2026-07-13T08:38:20.595Z,2026-07-13T08:38:20.595Z,2026-07-13T08:38:20.595Z,0,2026-07-13T08:38:20.784Z,0x446d4c37a4e20c7cbe4b30e53c0530d11a0c4f2ae4c9a48d345a986c0ee2d8b1,2026-07-13T08:38:25.051Z,success,37775,1000,6376572,0x105612b015f4785695810a66a97b6e19a171a6ffe0c082f09ed79d9f6c898499,2026-07-13T08:38:25.051Z,4267,4267,4456,60,Suspicious,2026-07-13T08:38:20.341Z,0xc23a6cc29b63476de62bb6e18722040bfc38928bed63a3820394cfaf07b5e3d0,,variant-batch live execution
datm-live-2026-07-13T08-38-00-203Z,A,entity-06-suspicious,suspicious,3,2026-07-13T08:38:20.595Z,2026-07-13T08:38:20.595Z,2026-07-13T08:38:20.595Z,0,2026-07-13T08:38:20.811Z,0xd7434a96d60830eb805340a47b1048a5730fe88acf9198678e316b92070be40b,2026-07-13T08:38:25.076Z,success,37775,1000,6376572,0x105612b015f4785695810a66a97b6e19a171a6ffe0c082f09ed79d9f6c898499,2026-07-13T08:38:25.076Z,4265,4265,4481,64,Suspicious,2026-07-13T08:38:20.341Z,0x5027066e3be96032469140aabcc830cc25022d4461a042f68dcbb91b5966529d,,variant-batch live execution
datm-live-2026-07-13T08-38-00-203Z,A,entity-07-suspicious,suspicious,3,2026-07-13T08:38:20.596Z,2026-07-13T08:38:20.596Z,2026-07-13T08:38:20.596Z,0,2026-07-13T08:38:20.784Z,0x7ca42f552ce384e71f10c543fac10873e06b43d501e5db806efaab17a83c8a29,2026-07-13T08:38:25.282Z,success,37775,1000,6376572,0x105612b015f4785695810a66a97b6e19a171a6ffe0c082f09ed79d9f6c898499,2026-07-13T08:38:25.282Z,4498,4498,4686,60,Suspicious,2026-07-13T08:38:20.341Z,0xe37b95ab3f55fa78d3674dfa916139e218ae3a1c3c4f891565e1d4dc836f4401,,variant-batch live execution
datm-live-2026-07-13T08-38-00-203Z,A,entity-08-malicious,malicious,3,2026-07-13T08:38:20.597Z,2026-07-13T08:38:20.597Z,2026-07-13T08:38:20.597Z,0,2026-07-13T08:38:20.785Z,0x078ea75d1708485e2b2016861d2ae98aee79770dd6f9d5120482e5e21c3d73ee,2026-07-13T08:38:25.285Z,success,37775,1000,6376572,0x105612b015f4785695810a66a97b6e19a171a6ffe0c082f09ed79d9f6c898499,2026-07-13T08:38:25.285Z,4500,4500,4688,28,Untrusted,2026-07-13T08:38:20.341Z,0x8c8be3d6e938e5f987f9d1f98a66292ed93dca28d51f35b52c1f0d24e83a6154,,variant-batch live execution
datm-live-2026-07-13T08-38-00-203Z,A,entity-09-malicious,malicious,3,2026-07-13T08:38:20.597Z,2026-07-13T08:38:20.597Z,2026-07-13T08:38:20.597Z,0,2026-07-13T08:38:20.811Z,0x598641ed6d9237ce08d2b49cc5457e6cd930e44689b72733e3de5b2c28dc430a,2026-07-13T08:38:25.284Z,success,37775,1000,6376572,0x105612b015f4785695810a66a97b6e19a171a6ffe0c082f09ed79d9f6c898499,2026-07-13T08:38:25.284Z,4473,4473,4687,30,Untrusted,2026-07-13T08:38:20.341Z,0x3f51dc908aa1ede1e0c5193d94c3e5e75ddafcd187fc9fd6babaddc0d4dc4ff0,,variant-batch live execution
datm-live-2026-07-13T08-38-00-203Z,A,entity-10-malicious,malicious,3,2026-07-13T08:38:20.598Z,2026-07-13T08:38:20.598Z,2026-07-13T08:38:20.598Z,0,2026-07-13T08:38:20.812Z,0xa7fad4a9e6ccab5d6cb12c04309d4957f5a78d16f11f94097f86ce0c35b23bc8,2026-07-13T08:38:25.315Z,success,37763,1000,6376572,0x105612b015f4785695810a66a97b6e19a171a6ffe0c082f09ed79d9f6c898499,2026-07-13T08:38:25.315Z,4503,4503,4717,30,Untrusted,2026-07-13T08:38:20.341Z,0x9f894c355bb568639598749a26dae095aaec14bee8805a79050ab08ef17cb9fc,,variant-batch live execution
datm-live-2026-07-13T08-38-00-203Z,A,entity-01-normal,normal,4,2026-07-13T08:38:30.447Z,2026-07-13T08:38:30.447Z,2026-07-13T08:38:30.447Z,0,2026-07-13T08:38:30.563Z,0x4088f19a959e6e12e626bdbdfe5c23d0cb37c23fca9dcfd2ef38861b13ac2989,2026-07-13T08:38:34.883Z,success,37775,1000,6376574,0x340617e00e0da8afdb03b42f0edf4e8881e223790f5d2447ce939872e980ce1e,2026-07-13T08:38:34.883Z,4320,4320,4436,91,Trusted,2026-07-13T08:38:30.341Z,0xb55f1277b567e0dca95b195de924f92199ecb2a18968362a532ad7e1dc4edbc5,,variant-batch live execution
datm-live-2026-07-13T08-38-00-203Z,A,entity-02-normal,normal,4,2026-07-13T08:38:30.448Z,2026-07-13T08:38:30.448Z,2026-07-13T08:38:30.448Z,0,2026-07-13T08:38:30.563Z,0x863d1e9d571d45449f77deec22df55b3253b2b05ea7b7274bf98bd3db180a861,2026-07-13T08:38:34.845Z,success,37775,1000,6376574,0x340617e00e0da8afdb03b42f0edf4e8881e223790f5d2447ce939872e980ce1e,2026-07-13T08:38:34.845Z,4282,4282,4397,93,Trusted,2026-07-13T08:38:30.341Z,0x7339121eb8e754fc8befba69eca0394e59089686b156f9c5ec0edb49a4bbeb23,,variant-batch live execution
datm-live-2026-07-13T08-38-00-203Z,A,entity-03-normal,normal,4,2026-07-13T08:38:30.449Z,2026-07-13T08:38:30.449Z,2026-07-13T08:38:30.449Z,0,2026-07-13T08:38:30.582Z,0x3c68c8e8b9e19462a01732c83c9b829ee72499aaa884e83470a0e4fb0e695423,2026-07-13T08:38:34.837Z,success,37775,1000,6376574,0x340617e00e0da8afdb03b42f0edf4e8881e223790f5d2447ce939872e980ce1e,2026-07-13T08:38:34.837Z,4255,4255,4388,93,Trusted,2026-07-13T08:38:30.341Z,0xcc586edfedfe617ebc8026106d795cc75c0a01ae6101c71a6cc33845a845f0d2,,variant-batch live execution
datm-live-2026-07-13T08-38-00-203Z,A,entity-04-normal,normal,4,2026-07-13T08:38:30.449Z,2026-07-13T08:38:30.449Z,2026-07-13T08:38:30.449Z,0,2026-07-13T08:38:30.582Z,0x8435f3c7585ef05b2158bf6f08e1dd9a622cf945feb8cfea8e8e0b36cb4804d1,2026-07-13T08:38:34.838Z,success,37775,1000,6376574,0x340617e00e0da8afdb03b42f0edf4e8881e223790f5d2447ce939872e980ce1e,2026-07-13T08:38:34.838Z,4256,4256,4389,91,Trusted,2026-07-13T08:38:30.341Z,0x16ae6d33724e75a960096cf6090deba9cfc194cb4ba866a3dc4a16334b24fe56,,variant-batch live execution
datm-live-2026-07-13T08-38-00-203Z,A,entity-05-suspicious,suspicious,4,2026-07-13T08:38:30.450Z,2026-07-13T08:38:30.450Z,2026-07-13T08:38:30.450Z,0,2026-07-13T08:38:30.582Z,0x21f80143e4f84add640550c9a74352ca56f22f529886450e3853a875357e81e9,2026-07-13T08:38:34.840Z,success,37775,1000,6376574,0x340617e00e0da8afdb03b42f0edf4e8881e223790f5d2447ce939872e980ce1e,2026-07-13T08:38:34.840Z,4258,4258,4390,64,Suspicious,2026-07-13T08:38:30.341Z,0x7c36ca8ed50b5a0524da660a9ca118eea765d70242f61851aff2a576bd19610c,,variant-batch live execution
datm-live-2026-07-13T08-38-00-203Z,A,entity-06-suspicious,suspicious,4,2026-07-13T08:38:30.450Z,2026-07-13T08:38:30.450Z,2026-07-13T08:38:30.450Z,0,2026-07-13T08:38:30.583Z,0x772a51aa4bd521467952d82ac1c06ef2d43242dee2265323beafb0c8bdecf12c,2026-07-13T08:38:34.846Z,success,37775,1000,6376574,0x340617e00e0da8afdb03b42f0edf4e8881e223790f5d2447ce939872e980ce1e,2026-07-13T08:38:34.846Z,4263,4263,4396,61,Suspicious,2026-07-13T08:38:30.341Z,0xfde8bae8237ba8caf6e062ccd49dd0f66f61319934c865955e77399b246bada5,,variant-batch live execution
datm-live-2026-07-13T08-38-00-203Z,A,entity-07-suspicious,suspicious,4,2026-07-13T08:38:30.450Z,2026-07-13T08:38:30.450Z,2026-07-13T08:38:30.450Z,0,2026-07-13T08:38:30.583Z,0x882b247c7877b2ff2a9ede9bd47cd57dd598c167d61f2109f0506ce10db477df,2026-07-13T08:38:35.038Z,success,37775,1000,6376574,0x340617e00e0da8afdb03b42f0edf4e8881e223790f5d2447ce939872e980ce1e,2026-07-13T08:38:35.038Z,4455,4455,4588,60,Suspicious,2026-07-13T08:38:30.341Z,0xc2ddebf954b734b41b131e1d9ccf0f2ed33a3cf5cb17cc7ab84a1daa1e6dc520,,variant-batch live execution
datm-live-2026-07-13T08-38-00-203Z,A,entity-08-malicious,malicious,4,2026-07-13T08:38:30.451Z,2026-07-13T08:38:30.451Z,2026-07-13T08:38:30.451Z,0,2026-07-13T08:38:30.588Z,0xa875dbb1c019b8218b6a894686e2be2507885b6b56d65cae6bb198563b8f2ba2,2026-07-13T08:38:35.050Z,success,37775,1000,6376574,0x340617e00e0da8afdb03b42f0edf4e8881e223790f5d2447ce939872e980ce1e,2026-07-13T08:38:35.050Z,4462,4462,4599,30,Untrusted,2026-07-13T08:38:30.341Z,0x9f1a4d4a6d550ad71e4d40905574926d4ad80aa8c0633fa7a6aab1cf853ff83d,,variant-batch live execution
datm-live-2026-07-13T08-38-00-203Z,A,entity-09-malicious,malicious,4,2026-07-13T08:38:30.451Z,2026-07-13T08:38:30.451Z,2026-07-13T08:38:30.451Z,0,2026-07-13T08:38:30.588Z,0x06fa86a4eb86d389efa8de85b3a8a47054afc3c53b7aee46957959697da97b20,2026-07-13T08:38:35.065Z,success,37763,1000,6376574,0x340617e00e0da8afdb03b42f0edf4e8881e223790f5d2447ce939872e980ce1e,2026-07-13T08:38:35.065Z,4477,4477,4614,29,Untrusted,2026-07-13T08:38:30.341Z,0x6e9cc5e18462a961209330dd5e005259c3bd3e034bbb0758bf9fcf6b548fdeaa,,variant-batch live execution
datm-live-2026-07-13T08-38-00-203Z,A,entity-10-malicious,malicious,4,2026-07-13T08:38:30.451Z,2026-07-13T08:38:30.451Z,2026-07-13T08:38:30.451Z,0,2026-07-13T08:38:30.589Z,0xde6c7cbafe9344e7f9bd1e565cc82bc9ba34b939cffac68b57eb33734deb9b6f,2026-07-13T08:38:35.070Z,success,37751,1000,6376574,0x340617e00e0da8afdb03b42f0edf4e8881e223790f5d2447ce939872e980ce1e,2026-07-13T08:38:35.070Z,4481,4481,4619,29,Untrusted,2026-07-13T08:38:30.341Z,0xba73e7dc30ee0ea225878be3745700012e66f052abdf5461adbac0a286858b3e,,variant-batch live execution
datm-live-2026-07-13T08-38-00-203Z,A,entity-01-normal,normal,5,2026-07-13T08:38:40.194Z,2026-07-13T08:38:40.194Z,2026-07-13T08:38:40.194Z,0,2026-07-13T08:38:40.313Z,0x2d22b6742646e286104afaf097a10be1216731ff7e08aee282727b0f74e5640b,2026-07-13T08:38:44.570Z,success,37775,1000,6376576,0xe653acc495e8dbaf35371330db59e07dec0e6ffc5904df49fe4a8c5e877b098f,2026-07-13T08:38:44.570Z,4257,4257,4376,93,Trusted,2026-07-13T08:38:40.341Z,0x61d5e8741de2e0aa0beeb471139eca6c0e363210097c5b248efbb11e74aa5510,,variant-batch live execution
datm-live-2026-07-13T08-38-00-203Z,A,entity-02-normal,normal,5,2026-07-13T08:38:40.195Z,2026-07-13T08:38:40.195Z,2026-07-13T08:38:40.195Z,0,2026-07-13T08:38:40.325Z,0x959e092247b414329088bd0a9c4ff6b6b34f9b810ac4529afd1b2f96b5c8499c,2026-07-13T08:38:44.568Z,success,37775,1000,6376576,0xe653acc495e8dbaf35371330db59e07dec0e6ffc5904df49fe4a8c5e877b098f,2026-07-13T08:38:44.568Z,4243,4243,4373,93,Trusted,2026-07-13T08:38:40.341Z,0x47907c736820640cf578f1c8d9ad74d0f93f0d8aaf4456d33e76adfcc4ac60c9,,variant-batch live execution
datm-live-2026-07-13T08-38-00-203Z,A,entity-03-normal,normal,5,2026-07-13T08:38:40.195Z,2026-07-13T08:38:40.195Z,2026-07-13T08:38:40.195Z,0,2026-07-13T08:38:40.326Z,0x3002ba6f5086f4e0f7755d05787179e1a6fb824bba6f4244ab167170dec7c32c,2026-07-13T08:38:44.596Z,success,37763,1000,6376576,0xe653acc495e8dbaf35371330db59e07dec0e6ffc5904df49fe4a8c5e877b098f,2026-07-13T08:38:44.596Z,4270,4270,4401,92,Trusted,2026-07-13T08:38:40.341Z,0x8de5b85c3dcd5afba375b2e93d8b21a9c317c4dfad3000afdd3592205dff2e39,,variant-batch live execution
datm-live-2026-07-13T08-38-00-203Z,A,entity-04-normal,normal,5,2026-07-13T08:38:40.196Z,2026-07-13T08:38:40.196Z,2026-07-13T08:38:40.196Z,0,2026-07-13T08:38:40.326Z,0x161abd40586fee3ed5421d62ddbe883865425b546490104870a91c2afeec70e5,2026-07-13T08:38:44.568Z,success,37775,1000,6376576,0xe653acc495e8dbaf35371330db59e07dec0e6ffc5904df49fe4a8c5e877b098f,2026-07-13T08:38:44.568Z,4242,4242,4372,93,Trusted,2026-07-13T08:38:40.341Z,0x8b55a77bf8a6d9878ff13c5418d904750fd033db41b465439f9a1a568eb9682d,,variant-batch live execution
datm-live-2026-07-13T08-38-00-203Z,A,entity-05-suspicious,suspicious,5,2026-07-13T08:38:40.196Z,2026-07-13T08:38:40.196Z,2026-07-13T08:38:40.196Z,0,2026-07-13T08:38:40.326Z,0xfc9b76dfb279b707dfa0ead8aa581ae07f56593eed30df786702f8fd8c1eda9a,2026-07-13T08:38:44.571Z,success,37775,1000,6376576,0xe653acc495e8dbaf35371330db59e07dec0e6ffc5904df49fe4a8c5e877b098f,2026-07-13T08:38:44.571Z,4245,4245,4375,61,Suspicious,2026-07-13T08:38:40.341Z,0x40b0726309873e4db62f2c7d75783c3d1836f6fe0720b2f8418dcac618e5a3a3,,variant-batch live execution
datm-live-2026-07-13T08-38-00-203Z,A,entity-06-suspicious,suspicious,5,2026-07-13T08:38:40.196Z,2026-07-13T08:38:40.196Z,2026-07-13T08:38:40.196Z,0,2026-07-13T08:38:40.345Z,0x087967dd216468914942302e4f1ae9054dc62d4f857e61c53232823b253ac91f,2026-07-13T08:38:44.567Z,success,37775,1000,6376576,0xe653acc495e8dbaf35371330db59e07dec0e6ffc5904df49fe4a8c5e877b098f,2026-07-13T08:38:44.567Z,4222,4222,4371,59,Suspicious,2026-07-13T08:38:40.341Z,0x9e625ac46525377061a9beee468f4060e93bde75aaf82640cadc4641dd400dc3,,variant-batch live execution
datm-live-2026-07-13T08-38-00-203Z,A,entity-07-suspicious,suspicious,5,2026-07-13T08:38:40.197Z,2026-07-13T08:38:40.197Z,2026-07-13T08:38:40.197Z,0,2026-07-13T08:38:40.326Z,0xbdfe4926c017cce19b59d4ca297344c70d1462dba1f66eeae9df7c316324b7c3,2026-07-13T08:38:44.794Z,success,37775,1000,6376576,0xe653acc495e8dbaf35371330db59e07dec0e6ffc5904df49fe4a8c5e877b098f,2026-07-13T08:38:44.794Z,4468,4468,4597,64,Suspicious,2026-07-13T08:38:40.341Z,0x48b6572094347051ff6ce35770a993f102139b644fe55807feb95fd3f8af2ae1,,variant-batch live execution
datm-live-2026-07-13T08-38-00-203Z,A,entity-08-malicious,malicious,5,2026-07-13T08:38:40.197Z,2026-07-13T08:38:40.197Z,2026-07-13T08:38:40.197Z,0,2026-07-13T08:38:40.345Z,0xa3e8bc59c46ada05dcb77bdd7980c90378ab7bc737fcfe4e44b703aa217e7cf7,2026-07-13T08:38:44.760Z,success,37775,1000,6376576,0xe653acc495e8dbaf35371330db59e07dec0e6ffc5904df49fe4a8c5e877b098f,2026-07-13T08:38:44.760Z,4415,4415,4563,30,Untrusted,2026-07-13T08:38:40.341Z,0x2c7adf98e3bf29f80da6f7b245c6bc61eccc4dfeb909022e517b8531e19d8b5e,,variant-batch live execution
datm-live-2026-07-13T08-38-00-203Z,A,entity-09-malicious,malicious,5,2026-07-13T08:38:40.197Z,2026-07-13T08:38:40.197Z,2026-07-13T08:38:40.197Z,0,2026-07-13T08:38:40.345Z,0xc07a0bcdcd5d16ad7adc85f1900f96238aef6310592be897d06a0eded16645e7,2026-07-13T08:38:44.809Z,success,37775,1000,6376576,0xe653acc495e8dbaf35371330db59e07dec0e6ffc5904df49fe4a8c5e877b098f,2026-07-13T08:38:44.809Z,4464,4464,4612,28,Untrusted,2026-07-13T08:38:40.341Z,0x79c650a7aad26fb61d5552e95d3a83202bd3d078a7f83fad4ef4eff2ec9eaf86,,variant-batch live execution
datm-live-2026-07-13T08-38-00-203Z,A,entity-10-malicious,malicious,5,2026-07-13T08:38:40.197Z,2026-07-13T08:38:40.197Z,2026-07-13T08:38:40.197Z,0,2026-07-13T08:38:40.345Z,0xa7494e74aaf5ab63bdfc9eaedb9ad7f05948be4cdb7347a6edd3dfe0796bc19f,2026-07-13T08:38:44.808Z,success,37763,1000,6376576,0xe653acc495e8dbaf35371330db59e07dec0e6ffc5904df49fe4a8c5e877b098f,2026-07-13T08:38:44.808Z,4463,4463,4611,31,Untrusted,2026-07-13T08:38:40.341Z,0x0177a2647e21438aa4b75495e8068fc66f9accf26831c9e5a1a3d1c2fef8cf57,,variant-batch live execution
datm-live-2026-07-13T08-38-00-203Z,A,entity-01-normal,normal,6,2026-07-13T08:38:49.952Z,2026-07-13T08:38:49.952Z,2026-07-13T08:38:49.952Z,0,2026-07-13T08:38:50.086Z,0x3ad1b451a8b68d3f34b1ede42e71ef834c9a08f86c28a33bb1542f9fc86c4d3b,2026-07-13T08:38:54.585Z,success,37763,1000,6376578,0xcb3181f39d3e2665fbabfc1476af50bb8649408161ef236911c27d8e897f402e,2026-07-13T08:38:54.585Z,4499,4499,4633,93,Trusted,2026-07-13T08:38:50.341Z,0x87327ab7125862b9795cb2009dc06f7c09ee46b983f35117cc8c6d1626dff38d,,variant-batch live execution
datm-live-2026-07-13T08-38-00-203Z,A,entity-02-normal,normal,6,2026-07-13T08:38:49.953Z,2026-07-13T08:38:49.953Z,2026-07-13T08:38:49.953Z,0,2026-07-13T08:38:50.085Z,0xa2014c7ca4a8b73a657595048ebaf15f2078430f69d3773d26b0d23971057417,2026-07-13T08:38:54.573Z,success,37775,1000,6376578,0xcb3181f39d3e2665fbabfc1476af50bb8649408161ef236911c27d8e897f402e,2026-07-13T08:38:54.573Z,4488,4488,4620,92,Trusted,2026-07-13T08:38:50.341Z,0x9785f50ec21b6fbf233f5c0e0bf4756b7c199e5e38b9e7787a93babbe84769a1,,variant-batch live execution
datm-live-2026-07-13T08-38-00-203Z,A,entity-03-normal,normal,6,2026-07-13T08:38:49.954Z,2026-07-13T08:38:49.954Z,2026-07-13T08:38:49.954Z,0,2026-07-13T08:38:50.113Z,0x36ffc644fe0954d4a88eba8ac105bff52d3a5a555a12ed39abfcec4a641c3eaa,2026-07-13T08:38:54.568Z,success,37775,1000,6376578,0xcb3181f39d3e2665fbabfc1476af50bb8649408161ef236911c27d8e897f402e,2026-07-13T08:38:54.568Z,4455,4455,4614,93,Trusted,2026-07-13T08:38:50.341Z,0xa8db147f0e2c1b4320a3ef148fd3f36cc7436af45b983b977bf4abfda83577cb,,variant-batch live execution
datm-live-2026-07-13T08-38-00-203Z,A,entity-04-normal,normal,6,2026-07-13T08:38:49.954Z,2026-07-13T08:38:49.954Z,2026-07-13T08:38:49.954Z,0,2026-07-13T08:38:50.086Z,0xc4181679c0f9620fb7ffd5744d21d138b88a49864f28adffeef47fa67ffb0f6b,2026-07-13T08:38:54.532Z,success,37775,1000,6376578,0xcb3181f39d3e2665fbabfc1476af50bb8649408161ef236911c27d8e897f402e,2026-07-13T08:38:54.532Z,4446,4446,4578,93,Trusted,2026-07-13T08:38:50.341Z,0xbd40f2099201ebee5cb2d1b4f79c81fb78f7fad613b2636c59dba510ba26c94d,,variant-batch live execution
datm-live-2026-07-13T08-38-00-203Z,A,entity-05-suspicious,suspicious,6,2026-07-13T08:38:49.955Z,2026-07-13T08:38:49.955Z,2026-07-13T08:38:49.955Z,0,2026-07-13T08:38:50.113Z,0x0064ac6b1bc0a7f0ea115c4df1a833d12f15ac9eacd383d482bf8457dcab24bf,2026-07-13T08:38:54.672Z,success,37775,1000,6376578,0xcb3181f39d3e2665fbabfc1476af50bb8649408161ef236911c27d8e897f402e,2026-07-13T08:38:54.672Z,4559,4559,4717,59,Suspicious,2026-07-13T08:38:50.341Z,0x0b7a8ea17eaff6f501895f8d9d19166dece0499601108f0505783a88d3b698eb,,variant-batch live execution
datm-live-2026-07-13T08-38-00-203Z,A,entity-06-suspicious,suspicious,6,2026-07-13T08:38:49.955Z,2026-07-13T08:38:49.955Z,2026-07-13T08:38:49.955Z,0,2026-07-13T08:38:50.086Z,0xdc098b9d1595d7fad44830bdfa455b073d413050197c2878999de58b149b06c6,2026-07-13T08:38:54.598Z,success,37775,1000,6376578,0xcb3181f39d3e2665fbabfc1476af50bb8649408161ef236911c27d8e897f402e,2026-07-13T08:38:54.598Z,4512,4512,4643,60,Suspicious,2026-07-13T08:38:50.341Z,0x99dc82dac65aad325b2ac47ec2651780230a43fe954e906940e90716fb88766b,,variant-batch live execution
datm-live-2026-07-13T08-38-00-203Z,A,entity-07-suspicious,suspicious,6,2026-07-13T08:38:49.955Z,2026-07-13T08:38:49.955Z,2026-07-13T08:38:49.955Z,0,2026-07-13T08:38:50.086Z,0x0a2dd42e9ab111d505f83ba5fd3ac468a05e14844c1d5809a9df786381bd3326,2026-07-13T08:38:54.864Z,success,37775,1000,6376578,0xcb3181f39d3e2665fbabfc1476af50bb8649408161ef236911c27d8e897f402e,2026-07-13T08:38:54.864Z,4778,4778,4909,61,Suspicious,2026-07-13T08:38:50.341Z,0x01ac2bc81735868bf8d9122107b21d44d0c7f04fc71b651fdd9360ecf2b7ce21,,variant-batch live execution
datm-live-2026-07-13T08-38-00-203Z,A,entity-08-malicious,malicious,6,2026-07-13T08:38:49.955Z,2026-07-13T08:38:49.955Z,2026-07-13T08:38:49.955Z,0,2026-07-13T08:38:50.086Z,0x995e0c7dc288a3a27712543f847ebab840e42fe95e7a0505654ad821a5e471a3,2026-07-13T08:38:54.965Z,success,37775,1000,6376578,0xcb3181f39d3e2665fbabfc1476af50bb8649408161ef236911c27d8e897f402e,2026-07-13T08:38:54.965Z,4879,4879,5010,28,Untrusted,2026-07-13T08:38:50.341Z,0xfa859462e8d93f015e876f2d1aeb50263d0b4c59440e4dcb8bf1f023a1d909dc,,variant-batch live execution
datm-live-2026-07-13T08-38-00-203Z,A,entity-09-malicious,malicious,6,2026-07-13T08:38:49.956Z,2026-07-13T08:38:49.956Z,2026-07-13T08:38:49.956Z,0,2026-07-13T08:38:50.113Z,0x0ab17efd938f3f719413c6d795b56ed6f3e13b2a4703dc9455990979b76f9259,2026-07-13T08:38:54.966Z,success,37775,1000,6376578,0xcb3181f39d3e2665fbabfc1476af50bb8649408161ef236911c27d8e897f402e,2026-07-13T08:38:54.966Z,4853,4853,5010,29,Untrusted,2026-07-13T08:38:50.341Z,0x0b4db83e5bb6441032fec89af1528a263513cb70dd3c5019cc10602bd004ba42,,variant-batch live execution
datm-live-2026-07-13T08-38-00-203Z,A,entity-10-malicious,malicious,6,2026-07-13T08:38:49.956Z,2026-07-13T08:38:49.956Z,2026-07-13T08:38:49.956Z,0,2026-07-13T08:38:50.114Z,0xaae874d041571bdacffa7342aeb696cba2e857e4675a6d51b326adb8106386a2,2026-07-13T08:38:54.997Z,success,37763,1000,6376578,0xcb3181f39d3e2665fbabfc1476af50bb8649408161ef236911c27d8e897f402e,2026-07-13T08:38:54.997Z,4883,4883,5041,30,Untrusted,2026-07-13T08:38:50.341Z,0x49e6048f387b9732c1fd8a926507cea33db0b71be4cd2cdba5c5c30ed1f6ccec,,variant-batch live execution
datm-live-2026-07-13T08-38-00-203Z,A,entity-01-normal,normal,7,2026-07-13T08:39:00.129Z,2026-07-13T08:39:00.129Z,2026-07-13T08:39:00.129Z,0,2026-07-13T08:39:00.267Z,0x1816cd1b836bc819add58104277537c33d2c69c7e1e8b895cde73c3f191c8930,2026-07-13T08:39:04.580Z,success,37763,1000,6376580,0x4ad394924699bcda482f3c9874d72a8d0e6ab78948bd0f9498a2e0c00adc13a2,2026-07-13T08:39:04.580Z,4313,4313,4451,92,Trusted,2026-07-13T08:39:00.341Z,0x1f82efc2747363af83412e4e53f41f7f2e0c1549799c009807891564a1906716,,variant-batch live execution
datm-live-2026-07-13T08-38-00-203Z,A,entity-02-normal,normal,7,2026-07-13T08:39:00.130Z,2026-07-13T08:39:00.130Z,2026-07-13T08:39:00.130Z,0,2026-07-13T08:39:00.241Z,0xfad64a399419aef60a8628a164a712c3ea33720b1bfec6e003861234dd20e805,2026-07-13T08:39:04.571Z,success,37775,1000,6376580,0x4ad394924699bcda482f3c9874d72a8d0e6ab78948bd0f9498a2e0c00adc13a2,2026-07-13T08:39:04.571Z,4330,4330,4441,93,Trusted,2026-07-13T08:39:00.341Z,0x87fe0995a5cc167656ca2c73a1da367bad0dc8f38dd22a1ec3c5f2b40c348235,,variant-batch live execution
datm-live-2026-07-13T08-38-00-203Z,A,entity-03-normal,normal,7,2026-07-13T08:39:00.131Z,2026-07-13T08:39:00.131Z,2026-07-13T08:39:00.131Z,0,2026-07-13T08:39:00.267Z,0xc45543c0c6ecdf0921fec8d3d8e58361d18a494420ab1cc9760982857de7759a,2026-07-13T08:39:04.578Z,success,37775,1000,6376580,0x4ad394924699bcda482f3c9874d72a8d0e6ab78948bd0f9498a2e0c00adc13a2,2026-07-13T08:39:04.578Z,4311,4311,4447,93,Trusted,2026-07-13T08:39:00.341Z,0x5fd48076f44206daa5bb1eaceb13e76e80379aebcc5753a54ba2daaeadb4f8f5,,variant-batch live execution
datm-live-2026-07-13T08-38-00-203Z,A,entity-04-normal,normal,7,2026-07-13T08:39:00.131Z,2026-07-13T08:39:00.131Z,2026-07-13T08:39:00.131Z,0,2026-07-13T08:39:00.279Z,0x66610f8943ac8ffbd7ed0a4356115cc49132c30f6103e4e5fa2a4d0b68bbc41c,2026-07-13T08:39:04.580Z,success,37775,1000,6376580,0x4ad394924699bcda482f3c9874d72a8d0e6ab78948bd0f9498a2e0c00adc13a2,2026-07-13T08:39:04.580Z,4301,4301,4449,92,Trusted,2026-07-13T08:39:00.341Z,0xc8b26defeaafbdb3670d9ba4a5e90b60f4c8181bb91d7d62360450c69381b1aa,,variant-batch live execution
datm-live-2026-07-13T08-38-00-203Z,A,entity-05-suspicious,suspicious,7,2026-07-13T08:39:00.131Z,2026-07-13T08:39:00.131Z,2026-07-13T08:39:00.131Z,0,2026-07-13T08:39:00.279Z,0x2484235088eebab2b2fde1b34ea44e9f60278269ec8087cd928c5cfb3c1edde7,2026-07-13T08:39:04.580Z,success,37763,1000,6376580,0x4ad394924699bcda482f3c9874d72a8d0e6ab78948bd0f9498a2e0c00adc13a2,2026-07-13T08:39:04.580Z,4301,4301,4449,60,Suspicious,2026-07-13T08:39:00.341Z,0x19dba7db353cffb3056cdb0a25540e5b96817041f8b85520a900481bea0f61e5,,variant-batch live execution
datm-live-2026-07-13T08-38-00-203Z,A,entity-06-suspicious,suspicious,7,2026-07-13T08:39:00.131Z,2026-07-13T08:39:00.131Z,2026-07-13T08:39:00.131Z,0,2026-07-13T08:39:00.279Z,0x5f4745ed6e72beac7f6943c4802ab7b5eb0878cb839c873c081ba52a8bdc1a9d,2026-07-13T08:39:04.622Z,success,37775,1000,6376580,0x4ad394924699bcda482f3c9874d72a8d0e6ab78948bd0f9498a2e0c00adc13a2,2026-07-13T08:39:04.622Z,4343,4343,4491,62,Suspicious,2026-07-13T08:39:00.341Z,0xf94ec08e3db3f347aca6c870fadf6384537cea93627fdef3cf49e5db9c8152bc,,variant-batch live execution
datm-live-2026-07-13T08-38-00-203Z,A,entity-07-suspicious,suspicious,7,2026-07-13T08:39:00.132Z,2026-07-13T08:39:00.132Z,2026-07-13T08:39:00.132Z,0,2026-07-13T08:39:00.280Z,0xfce56ec8f49e06dae1ab7a2eb0f6e4eeef09ee43b885336f572c0704863a8d1a,2026-07-13T08:39:04.981Z,success,37763,1000,6376580,0x4ad394924699bcda482f3c9874d72a8d0e6ab78948bd0f9498a2e0c00adc13a2,2026-07-13T08:39:04.981Z,4701,4701,4849,59,Suspicious,2026-07-13T08:39:00.341Z,0xcbc9ade42e00c6f3e37a126eb30a7996c20f6ab5a41f4bf6043f18dd280c2e3f,,variant-batch live execution
datm-live-2026-07-13T08-38-00-203Z,A,entity-08-malicious,malicious,7,2026-07-13T08:39:00.132Z,2026-07-13T08:39:00.132Z,2026-07-13T08:39:00.132Z,0,2026-07-13T08:39:00.294Z,0xa79977906c260901ed7161f4897abceb51749f99324bc26d10d4198a8847ba63,2026-07-13T08:39:04.999Z,success,37775,1000,6376580,0x4ad394924699bcda482f3c9874d72a8d0e6ab78948bd0f9498a2e0c00adc13a2,2026-07-13T08:39:04.999Z,4705,4705,4867,29,Untrusted,2026-07-13T08:39:00.341Z,0x33e1e9f7b659ac9d11231842ee3a7a3edc6c1ae08133694e671b2347d2312561,,variant-batch live execution
datm-live-2026-07-13T08-38-00-203Z,A,entity-09-malicious,malicious,7,2026-07-13T08:39:00.132Z,2026-07-13T08:39:00.132Z,2026-07-13T08:39:00.132Z,0,2026-07-13T08:39:00.280Z,0xf14a6158c6bd5e6f7ade81b4d8351703a8e164df7e0b209871abba5b39229e60,2026-07-13T08:39:05.013Z,success,37775,1000,6376580,0x4ad394924699bcda482f3c9874d72a8d0e6ab78948bd0f9498a2e0c00adc13a2,2026-07-13T08:39:05.013Z,4733,4733,4881,28,Untrusted,2026-07-13T08:39:00.341Z,0x65ec8c3df718e8a823cef8ae0adda5d094961f3543558f22b0a6538dffdbba2f,,variant-batch live execution
datm-live-2026-07-13T08-38-00-203Z,A,entity-10-malicious,malicious,7,2026-07-13T08:39:00.133Z,2026-07-13T08:39:00.133Z,2026-07-13T08:39:00.133Z,0,2026-07-13T08:39:00.295Z,0x49e6bae3961fbf4f0f493f27f31cafb09c977f197e37541518cdf6ff248485b5,2026-07-13T08:39:05.070Z,success,37751,1000,6376580,0x4ad394924699bcda482f3c9874d72a8d0e6ab78948bd0f9498a2e0c00adc13a2,2026-07-13T08:39:05.070Z,4775,4775,4937,29,Untrusted,2026-07-13T08:39:00.341Z,0x0040f33787fd28f7d13563def82ff8f4750d70638fa768989a6d239f7bd7e46e,,variant-batch live execution
datm-live-2026-07-13T08-38-00-203Z,A,entity-01-normal,normal,8,2026-07-13T08:39:10.561Z,2026-07-13T08:39:10.561Z,2026-07-13T08:39:10.561Z,0,2026-07-13T08:39:10.813Z,0x48cdc8777496d9405e4ad64de247ab9a7799d43407ed6e7eb902f253ef0d29a1,2026-07-13T08:39:16.123Z,success,37763,1000,6376582,0x047cc62949564a4ea69fe45d1f4519ee13af6049e8b38338a6bbbc6f216d66a9,2026-07-13T08:39:16.123Z,5310,5310,5562,93,Trusted,2026-07-13T08:39:10.341Z,0xb5db0163578b7bd479402da38aa8da92dedabf9adf71e55e00d37e416bdf3aa3,,variant-batch live execution
datm-live-2026-07-13T08-38-00-203Z,A,entity-02-normal,normal,8,2026-07-13T08:39:10.562Z,2026-07-13T08:39:10.562Z,2026-07-13T08:39:10.562Z,0,2026-07-13T08:39:10.812Z,0x8b26e19f6be32cdb5c181b9029a7443613406398bf4e5c149ae914b890c19063,2026-07-13T08:39:16.570Z,success,37775,1000,6376582,0x047cc62949564a4ea69fe45d1f4519ee13af6049e8b38338a6bbbc6f216d66a9,2026-07-13T08:39:16.570Z,5758,5758,6008,93,Trusted,2026-07-13T08:39:10.341Z,0xe7df3e57f328ba25e5f3063120caed6f375c7960942e7c84d863499bc3b9ce77,,variant-batch live execution
datm-live-2026-07-13T08-38-00-203Z,A,entity-03-normal,normal,8,2026-07-13T08:39:10.562Z,2026-07-13T08:39:10.562Z,2026-07-13T08:39:10.562Z,0,2026-07-13T08:39:10.813Z,0x5b6e10eceb8a8c7b501fe1ff0b9489e3a427f4754b86539fd6f0c0fd4b1a5143,2026-07-13T08:39:16.122Z,success,37775,1000,6376582,0x047cc62949564a4ea69fe45d1f4519ee13af6049e8b38338a6bbbc6f216d66a9,2026-07-13T08:39:16.122Z,5309,5309,5560,91,Trusted,2026-07-13T08:39:10.341Z,0xd75ae7a0f9b9a00a31174d4a7b70073ac226f45627ac54288942f5ad0a6b0f5a,,variant-batch live execution
datm-live-2026-07-13T08-38-00-203Z,A,entity-04-normal,normal,8,2026-07-13T08:39:10.563Z,2026-07-13T08:39:10.563Z,2026-07-13T08:39:10.563Z,0,2026-07-13T08:39:10.813Z,0x875e4ba0a272579f262ca7f8a1f337bacc4179bace25a33926329c119f29b7d4,2026-07-13T08:39:16.119Z,success,37763,1000,6376582,0x047cc62949564a4ea69fe45d1f4519ee13af6049e8b38338a6bbbc6f216d66a9,2026-07-13T08:39:16.119Z,5306,5306,5556,93,Trusted,2026-07-13T08:39:10.341Z,0x2e7232a3e70a1c201637b4e4f4427b66b5d6e3a95c6ef392090067f45f76afc0,,variant-batch live execution
datm-live-2026-07-13T08-38-00-203Z,A,entity-05-suspicious,suspicious,8,2026-07-13T08:39:10.563Z,2026-07-13T08:39:10.563Z,2026-07-13T08:39:10.563Z,0,2026-07-13T08:39:10.813Z,0x40ea93f8ff01e05f1db06637177f7a27e5a0b91b3143722b40dcb0ef32a07c82,2026-07-13T08:39:16.123Z,success,37763,1000,6376582,0x047cc62949564a4ea69fe45d1f4519ee13af6049e8b38338a6bbbc6f216d66a9,2026-07-13T08:39:16.123Z,5310,5310,5560,62,Suspicious,2026-07-13T08:39:10.341Z,0x73d414c93122f33c052d7878ba6984002aa912124b094d1b803e4c0568acbe6a,,variant-batch live execution
datm-live-2026-07-13T08-38-00-203Z,A,entity-06-suspicious,suspicious,8,2026-07-13T08:39:10.563Z,2026-07-13T08:39:10.563Z,2026-07-13T08:39:10.563Z,0,2026-07-13T08:39:10.814Z,0xb28ca329f6db8d3e1cda78772192ea3a5a10b2d27ef0bab92c09af014c4a34f7,2026-07-13T08:39:16.124Z,success,37775,1000,6376582,0x047cc62949564a4ea69fe45d1f4519ee13af6049e8b38338a6bbbc6f216d66a9,2026-07-13T08:39:16.124Z,5310,5310,5561,63,Suspicious,2026-07-13T08:39:10.341Z,0x2de8f901db3785b43029c914735af4261d432176d0b4a8cc6b6d74b3f4386a61,,variant-batch live execution
datm-live-2026-07-13T08-38-00-203Z,A,entity-07-suspicious,suspicious,8,2026-07-13T08:39:10.563Z,2026-07-13T08:39:10.563Z,2026-07-13T08:39:10.563Z,0,2026-07-13T08:39:10.877Z,0xe0c5fe6edcd26a62da0a352e11f7eb28b94d9817303e2f9ded1cd464e56837ca,2026-07-13T08:39:18.100Z,success,37775,1000,6376582,0x047cc62949564a4ea69fe45d1f4519ee13af6049e8b38338a6bbbc6f216d66a9,2026-07-13T08:39:18.100Z,7223,7223,7537,60,Suspicious,2026-07-13T08:39:10.341Z,0x10666d74194d6698707c3701f3011e99d8973906d87b69f4eec98ce1b3b845c4,,variant-batch live execution
datm-live-2026-07-13T08-38-00-203Z,A,entity-08-malicious,malicious,8,2026-07-13T08:39:10.564Z,2026-07-13T08:39:10.564Z,2026-07-13T08:39:10.564Z,0,2026-07-13T08:39:10.878Z,0x60c1f5c4477582ba3c5bbade1fa15c5892eb20a6294addcce1bb32897ebb24cb,2026-07-13T08:39:17.895Z,success,37775,1000,6376582,0x047cc62949564a4ea69fe45d1f4519ee13af6049e8b38338a6bbbc6f216d66a9,2026-07-13T08:39:17.895Z,7017,7017,7331,28,Untrusted,2026-07-13T08:39:10.341Z,0x22dc7ec168be143c0be0ea957bb767ee6e21319aac3d68e95410e0c57537b2c6,,variant-batch live execution
datm-live-2026-07-13T08-38-00-203Z,A,entity-09-malicious,malicious,8,2026-07-13T08:39:10.564Z,2026-07-13T08:39:10.564Z,2026-07-13T08:39:10.564Z,0,2026-07-13T08:39:10.878Z,0x937706393411d281ee91da81902e6d0c594ab751b40c1c7353573926d3af9035,2026-07-13T08:39:18.099Z,success,37775,1000,6376582,0x047cc62949564a4ea69fe45d1f4519ee13af6049e8b38338a6bbbc6f216d66a9,2026-07-13T08:39:18.099Z,7221,7221,7535,28,Untrusted,2026-07-13T08:39:10.341Z,0xb3a06e6caa89ef192bf6a2b4636205ccef219f71774eade59a0104a888ddbdcb,,variant-batch live execution
datm-live-2026-07-13T08-38-00-203Z,A,entity-10-malicious,malicious,8,2026-07-13T08:39:10.564Z,2026-07-13T08:39:10.564Z,2026-07-13T08:39:10.564Z,0,2026-07-13T08:39:10.878Z,0x45eeb4e67a03a4509202fb6518e4695d44a8e3093f88a4444a2332fa07cb0596,2026-07-13T08:39:18.258Z,success,37763,1000,6376582,0x047cc62949564a4ea69fe45d1f4519ee13af6049e8b38338a6bbbc6f216d66a9,2026-07-13T08:39:18.258Z,7380,7380,7694,30,Untrusted,2026-07-13T08:39:10.341Z,0x73876e992d1b6b1276960b8c11e60e5591ba6a4ea68b56138fb3d4ec68f5459c,,variant-batch live execution
datm-live-2026-07-13T08-38-00-203Z,A,entity-01-normal,normal,9,2026-07-13T08:39:25.380Z,2026-07-13T08:39:25.380Z,2026-07-13T08:39:25.380Z,0,2026-07-13T08:39:25.520Z,0x52b00e309cd3ed9e4fbe57ced80c3dac855737e8c02464504a0587ce0a50c986,2026-07-13T08:39:30.564Z,success,37775,1000,6376585,0x2888a81348dfaf539115fc600ed4909021bad7a047656d1679105abee0dffa0b,2026-07-13T08:39:30.564Z,5044,5044,5184,93,Trusted,2026-07-13T08:39:20.341Z,0xda689ce910da361a170b18c3659effe74e4d766eceef6e843b084b614c4e4a05,,variant-batch live execution
datm-live-2026-07-13T08-38-00-203Z,A,entity-02-normal,normal,9,2026-07-13T08:39:25.381Z,2026-07-13T08:39:25.381Z,2026-07-13T08:39:25.381Z,0,2026-07-13T08:39:25.520Z,0x83adf96474ed3884c6e7f00b1bdb1240fd6c9a1ff36d962227c9085363e89165,2026-07-13T08:39:30.573Z,success,37775,1000,6376585,0x2888a81348dfaf539115fc600ed4909021bad7a047656d1679105abee0dffa0b,2026-07-13T08:39:30.573Z,5053,5053,5192,92,Trusted,2026-07-13T08:39:20.341Z,0x48d874571605af952df7c18a5ee6b12afdb107539db2228d11ae06d74c379eae,,variant-batch live execution
datm-live-2026-07-13T08-38-00-203Z,A,entity-03-normal,normal,9,2026-07-13T08:39:25.381Z,2026-07-13T08:39:25.381Z,2026-07-13T08:39:25.381Z,0,2026-07-13T08:39:25.545Z,0x64eb1878294b02928932d2721243b21dd22dbaa70acf6b77997138dbf5a62061,2026-07-13T08:39:30.539Z,success,37775,1000,6376585,0x2888a81348dfaf539115fc600ed4909021bad7a047656d1679105abee0dffa0b,2026-07-13T08:39:30.539Z,4994,4994,5158,93,Trusted,2026-07-13T08:39:20.341Z,0x3133a23d404bd4b075adb3b0fd9d93b97e87905acd3d4aebce4d9403638ccab1,,variant-batch live execution
datm-live-2026-07-13T08-38-00-203Z,A,entity-04-normal,normal,9,2026-07-13T08:39:25.381Z,2026-07-13T08:39:25.381Z,2026-07-13T08:39:25.381Z,0,2026-07-13T08:39:25.545Z,0xf806860bf4f4a2faf0893da7280351e7c52a1d034dcba955bb600838e6e40501,2026-07-13T08:39:30.541Z,success,37775,1000,6376585,0x2888a81348dfaf539115fc600ed4909021bad7a047656d1679105abee0dffa0b,2026-07-13T08:39:30.541Z,4996,4996,5160,93,Trusted,2026-07-13T08:39:20.341Z,0x67f7a9031da875573bc62b6a484393dc6c94a38f19b85f5915b0f7a7fa5991a6,,variant-batch live execution
datm-live-2026-07-13T08-38-00-203Z,A,entity-05-suspicious,suspicious,9,2026-07-13T08:39:25.381Z,2026-07-13T08:39:25.381Z,2026-07-13T08:39:25.381Z,0,2026-07-13T08:39:25.545Z,0x52761549fe0a518d13a2ca74f40310b4a3ed6516915428b3702541a0dd2cc72d,2026-07-13T08:39:30.536Z,success,37763,1000,6376585,0x2888a81348dfaf539115fc600ed4909021bad7a047656d1679105abee0dffa0b,2026-07-13T08:39:30.536Z,4991,4991,5155,63,Suspicious,2026-07-13T08:39:20.341Z,0x411ec780917aaeea1ff300d2a09764427b45bafa0a092a1912a9e274e71db05e,,variant-batch live execution
datm-live-2026-07-13T08-38-00-203Z,A,entity-06-suspicious,suspicious,9,2026-07-13T08:39:25.382Z,2026-07-13T08:39:25.382Z,2026-07-13T08:39:25.382Z,0,2026-07-13T08:39:25.545Z,0xc66c9c8a7a620e5e87c7f2e7459dc658b1619428cb8f43a7a64df17637c7db0c,2026-07-13T08:39:30.541Z,success,37775,1000,6376585,0x2888a81348dfaf539115fc600ed4909021bad7a047656d1679105abee0dffa0b,2026-07-13T08:39:30.541Z,4996,4996,5159,61,Suspicious,2026-07-13T08:39:20.341Z,0xc8d76d92436504015c875811b68ee312cca253b26bee11af74273b1cb9c4e373,,variant-batch live execution
datm-live-2026-07-13T08-38-00-203Z,A,entity-07-suspicious,suspicious,9,2026-07-13T08:39:25.382Z,2026-07-13T08:39:25.382Z,2026-07-13T08:39:25.382Z,0,2026-07-13T08:39:25.545Z,0x267039b1846f9002b615f0c0bc6bbc65a9d15b8d62bf50c6652af09568a24f5b,2026-07-13T08:39:30.747Z,success,37775,1000,6376585,0x2888a81348dfaf539115fc600ed4909021bad7a047656d1679105abee0dffa0b,2026-07-13T08:39:30.747Z,5202,5202,5365,62,Suspicious,2026-07-13T08:39:20.341Z,0x12a15e7358cee9350fc8209e562416d89f607a3b9dce6607f2fc0b201e72d74e,,variant-batch live execution
datm-live-2026-07-13T08-38-00-203Z,A,entity-08-malicious,malicious,9,2026-07-13T08:39:25.382Z,2026-07-13T08:39:25.382Z,2026-07-13T08:39:25.382Z,0,2026-07-13T08:39:25.589Z,0x2206d6bc8804ca5058ca54b84b611f0fc3db2271b769032865bbc814c0ead5c5,2026-07-13T08:39:30.755Z,success,37775,1000,6376585,0x2888a81348dfaf539115fc600ed4909021bad7a047656d1679105abee0dffa0b,2026-07-13T08:39:30.755Z,5166,5166,5373,28,Untrusted,2026-07-13T08:39:20.341Z,0x9d79b6e056ad71977c91bd073a0788ce8339098a32c2144ac8177f53f7c52c34,,variant-batch live execution
datm-live-2026-07-13T08-38-00-203Z,A,entity-09-malicious,malicious,9,2026-07-13T08:39:25.382Z,2026-07-13T08:39:25.382Z,2026-07-13T08:39:25.382Z,0,2026-07-13T08:39:25.589Z,0xafbbec6b99196098680ba5ba045853738afa968193ae691916361a9e4a42cd12,2026-07-13T08:39:30.771Z,success,37775,1000,6376585,0x2888a81348dfaf539115fc600ed4909021bad7a047656d1679105abee0dffa0b,2026-07-13T08:39:30.771Z,5182,5182,5389,29,Untrusted,2026-07-13T08:39:20.341Z,0x408803a29be81a418c2f2a02d43a91a28145f21d9e3a6ed7ae765aa780fe5513,,variant-batch live execution
datm-live-2026-07-13T08-38-00-203Z,A,entity-10-malicious,malicious,9,2026-07-13T08:39:25.383Z,2026-07-13T08:39:25.383Z,2026-07-13T08:39:25.383Z,0,2026-07-13T08:39:25.589Z,0x9d9c0c422cb8cb5531142c40f6d3a4aca57269dd41ee25bebed07cda0c2c7bea,2026-07-13T08:39:30.788Z,success,37763,1000,6376585,0x2888a81348dfaf539115fc600ed4909021bad7a047656d1679105abee0dffa0b,2026-07-13T08:39:30.788Z,5199,5199,5405,29,Untrusted,2026-07-13T08:39:20.341Z,0xcc1a956c2a91e5e1028e7ca20d430746a702c4c15c50601d77df360ccc0d3902,,variant-batch live execution
datm-live-2026-07-13T08-38-00-203Z,A,entity-01-normal,normal,10,2026-07-13T08:39:35.903Z,2026-07-13T08:39:35.903Z,2026-07-13T08:39:35.903Z,0,2026-07-13T08:39:36.027Z,0xb746be9a7ad791ed6c7907f8fead6f6a48f677445961e9baf66ab1185c083c14,2026-07-13T08:39:40.292Z,success,37775,1000,6376587,0xfc869009c1a3252bf40ea343368eb77415cefd952587d33fa563f0218725a75f,2026-07-13T08:39:40.292Z,4265,4265,4389,91,Trusted,2026-07-13T08:39:30.341Z,0x854186181bb04513ae2268ddbf88db527fa75267934b16f8f5c9311dde0dc5d2,,variant-batch live execution
datm-live-2026-07-13T08-38-00-203Z,A,entity-02-normal,normal,10,2026-07-13T08:39:35.904Z,2026-07-13T08:39:35.904Z,2026-07-13T08:39:35.904Z,0,2026-07-13T08:39:36.027Z,0x2330a9691d1c7f9ce706a6b578fd110ca4902be4d4b69565eb93e55758135e2a,2026-07-13T08:39:40.287Z,success,37775,1000,6376587,0xfc869009c1a3252bf40ea343368eb77415cefd952587d33fa563f0218725a75f,2026-07-13T08:39:40.287Z,4260,4260,4383,93,Trusted,2026-07-13T08:39:30.341Z,0x1fa557ac05204c50b9420a7a5c84941c5179c3a6cfa7b41c5dd280ed3e52c6bf,,variant-batch live execution
datm-live-2026-07-13T08-38-00-203Z,A,entity-03-normal,normal,10,2026-07-13T08:39:35.905Z,2026-07-13T08:39:35.905Z,2026-07-13T08:39:35.905Z,0,2026-07-13T08:39:36.053Z,0xe9bec92136b514da6a0776f94c009d0d3ce4b2c32f68f04771142c54ca4f5c97,2026-07-13T08:39:40.294Z,success,37775,1000,6376587,0xfc869009c1a3252bf40ea343368eb77415cefd952587d33fa563f0218725a75f,2026-07-13T08:39:40.294Z,4241,4241,4389,93,Trusted,2026-07-13T08:39:30.341Z,0x6db81c0a6b53fd404bc2fddfce01ea4a7ba27cce360e37358d68a06acb99a9ed,,variant-batch live execution
datm-live-2026-07-13T08-38-00-203Z,A,entity-04-normal,normal,10,2026-07-13T08:39:35.905Z,2026-07-13T08:39:35.905Z,2026-07-13T08:39:35.905Z,0,2026-07-13T08:39:36.039Z,0xe18a5adff1d0cf4d3709986310f61277ae93f9636e31041baaa5081b011cca37,2026-07-13T08:39:40.329Z,success,37775,1000,6376587,0xfc869009c1a3252bf40ea343368eb77415cefd952587d33fa563f0218725a75f,2026-07-13T08:39:40.329Z,4290,4290,4424,91,Trusted,2026-07-13T08:39:30.341Z,0x2baa3507acc02cf913191828116945399383a7b3caa51df4f894b49535c3a304,,variant-batch live execution
datm-live-2026-07-13T08-38-00-203Z,A,entity-05-suspicious,suspicious,10,2026-07-13T08:39:35.906Z,2026-07-13T08:39:35.906Z,2026-07-13T08:39:35.906Z,0,2026-07-13T08:39:36.039Z,0xc7a7e8eff936512f840d3b96068e23b1ad0d3438c9b9d13c1ae852fed9ff6784,2026-07-13T08:39:40.290Z,success,37775,1000,6376587,0xfc869009c1a3252bf40ea343368eb77415cefd952587d33fa563f0218725a75f,2026-07-13T08:39:40.290Z,4251,4251,4384,61,Suspicious,2026-07-13T08:39:30.341Z,0xc70621dfd3aa1f1e45f5455e6931eb587119b3dea0eeed23af68f143596ccdee,,variant-batch live execution
datm-live-2026-07-13T08-38-00-203Z,A,entity-06-suspicious,suspicious,10,2026-07-13T08:39:35.906Z,2026-07-13T08:39:35.906Z,2026-07-13T08:39:35.906Z,0,2026-07-13T08:39:36.039Z,0x6afbe52f75bf44045038a02880ffd6baa632c06b8a66777e7918165fea62794e,2026-07-13T08:39:40.294Z,success,37775,1000,6376587,0xfc869009c1a3252bf40ea343368eb77415cefd952587d33fa563f0218725a75f,2026-07-13T08:39:40.294Z,4255,4255,4388,60,Suspicious,2026-07-13T08:39:30.341Z,0x82152fd64a43bdba7740e2bb498c43a7501fac6059528394961bddabbdfef776,,variant-batch live execution
datm-live-2026-07-13T08-38-00-203Z,A,entity-07-suspicious,suspicious,10,2026-07-13T08:39:35.906Z,2026-07-13T08:39:35.906Z,2026-07-13T08:39:35.906Z,0,2026-07-13T08:39:36.040Z,0x194f4c7f5b61d5efda5ed153392faf047661652b0a4e471f00d002167ba53f3c,2026-07-13T08:39:40.907Z,success,37775,1000,6376587,0xfc869009c1a3252bf40ea343368eb77415cefd952587d33fa563f0218725a75f,2026-07-13T08:39:40.907Z,4867,4867,5001,63,Suspicious,2026-07-13T08:39:30.341Z,0x1b1fb82cfaab9c5df4b6c0558798d1e428eb9d965759dd3a1ce0eb08528ed7f1,,variant-batch live execution
datm-live-2026-07-13T08-38-00-203Z,A,entity-08-malicious,malicious,10,2026-07-13T08:39:35.906Z,2026-07-13T08:39:35.906Z,2026-07-13T08:39:35.906Z,0,2026-07-13T08:39:36.040Z,0x14a6c13508ba93294a82f587691c24eddfcb0fb4efeb5a8e2f0afae1bad9433e,2026-07-13T08:39:40.927Z,success,37775,1000,6376587,0xfc869009c1a3252bf40ea343368eb77415cefd952587d33fa563f0218725a75f,2026-07-13T08:39:40.927Z,4887,4887,5021,29,Untrusted,2026-07-13T08:39:30.341Z,0xac15e00851d80974fabfa70ba4ac8c306646e9ea2f5f16b9f56d2e0c071fd4c0,,variant-batch live execution
datm-live-2026-07-13T08-38-00-203Z,A,entity-09-malicious,malicious,10,2026-07-13T08:39:35.907Z,2026-07-13T08:39:35.907Z,2026-07-13T08:39:35.907Z,0,2026-07-13T08:39:36.053Z,0x44e2a66300e34ea2ccef00892acf7817901035be7261d04798a5134de4dbbeb9,2026-07-13T08:39:40.950Z,success,37775,1000,6376587,0xfc869009c1a3252bf40ea343368eb77415cefd952587d33fa563f0218725a75f,2026-07-13T08:39:40.950Z,4897,4897,5043,27,Untrusted,2026-07-13T08:39:30.341Z,0xcf1f6e5673ccb54a58f24b752d08982bb59e3cb65bc45aeb598c1d6de30bad2e,,variant-batch live execution
datm-live-2026-07-13T08-38-00-203Z,A,entity-10-malicious,malicious,10,2026-07-13T08:39:35.907Z,2026-07-13T08:39:35.907Z,2026-07-13T08:39:35.907Z,0,2026-07-13T08:39:36.054Z,0xc02571962d3b20a682595bee594cb95b256e323030bfb4cc0adfe9aa593f94a2,2026-07-13T08:39:40.955Z,success,37763,1000,6376587,0xfc869009c1a3252bf40ea343368eb77415cefd952587d33fa563f0218725a75f,2026-07-13T08:39:40.955Z,4901,4901,5048,29,Untrusted,2026-07-13T08:39:30.341Z,0x62107fb00b9eaeda83f524345ee0d59430cefd9934f981dfc48b3755ee054038,,variant-batch live execution
datm-live-2026-07-13T08-38-00-203Z,A,entity-01-normal,normal,11,2026-07-13T08:39:46.203Z,2026-07-13T08:39:46.203Z,2026-07-13T08:39:46.203Z,0,2026-07-13T08:39:46.340Z,0x51210ea3d23fb77b7568ea2bc19288f7303a15fcb6d9fa323f93f63e23b5ca2c,2026-07-13T08:39:51.285Z,success,37763,1000,6376589,0x4511b0052fa9740398edbab5c3620c92df2b92a565729e6534a5e188d0ec36b5,2026-07-13T08:39:51.285Z,4945,4945,5082,92,Trusted,2026-07-13T08:39:40.341Z,0x288905007ef2c1c578a0d43eb7428e066f9ba566db101074e3a13aa16fb1c5e2,,variant-batch live execution
datm-live-2026-07-13T08-38-00-203Z,A,entity-02-normal,normal,11,2026-07-13T08:39:46.204Z,2026-07-13T08:39:46.204Z,2026-07-13T08:39:46.204Z,0,2026-07-13T08:39:46.340Z,0x61be9c206edce7649a00446ec566b9ecd2f2969b9204ee267e492754cf0353f0,2026-07-13T08:39:51.315Z,success,37775,1000,6376589,0x4511b0052fa9740398edbab5c3620c92df2b92a565729e6534a5e188d0ec36b5,2026-07-13T08:39:51.315Z,4975,4975,5111,92,Trusted,2026-07-13T08:39:40.341Z,0x747027186746f594eb44100e6afb67c163f8f7c5ec6ed57b5bb7e950840e33b7,,variant-batch live execution
datm-live-2026-07-13T08-38-00-203Z,A,entity-03-normal,normal,11,2026-07-13T08:39:46.204Z,2026-07-13T08:39:46.204Z,2026-07-13T08:39:46.204Z,0,2026-07-13T08:39:46.351Z,0xf181a67f628b50bb81acd2170834f5a6f1a26f09b91a6d1cf8e9d63091a8c26c,2026-07-13T08:39:51.322Z,success,37775,1000,6376589,0x4511b0052fa9740398edbab5c3620c92df2b92a565729e6534a5e188d0ec36b5,2026-07-13T08:39:51.322Z,4971,4971,5118,91,Trusted,2026-07-13T08:39:40.341Z,0xb939ce1491e028f5ff631ee7f5b88b1a49fd634daea447760971a27d1c88229f,,variant-batch live execution
datm-live-2026-07-13T08-38-00-203Z,A,entity-04-normal,normal,11,2026-07-13T08:39:46.204Z,2026-07-13T08:39:46.204Z,2026-07-13T08:39:46.204Z,0,2026-07-13T08:39:46.351Z,0x63c19981c2c5ba77a6aa0d19570b078b5566ca1eb6acd46c70f4c66b63acfb27,2026-07-13T08:39:51.285Z,success,37775,1000,6376589,0x4511b0052fa9740398edbab5c3620c92df2b92a565729e6534a5e188d0ec36b5,2026-07-13T08:39:51.285Z,4934,4934,5081,92,Trusted,2026-07-13T08:39:40.341Z,0x4983ec7fbeb8f58caef3356b6d4637b5891e286d42f2390bfe403f6b960cdc66,,variant-batch live execution
datm-live-2026-07-13T08-38-00-203Z,A,entity-05-suspicious,suspicious,11,2026-07-13T08:39:46.205Z,2026-07-13T08:39:46.205Z,2026-07-13T08:39:46.205Z,0,2026-07-13T08:39:46.351Z,0xeece3ad82e90ff6c7c3097df49a81870ef09900310fda74d26372a78a059960b,2026-07-13T08:39:51.287Z,success,37775,1000,6376589,0x4511b0052fa9740398edbab5c3620c92df2b92a565729e6534a5e188d0ec36b5,2026-07-13T08:39:51.287Z,4936,4936,5082,60,Suspicious,2026-07-13T08:39:40.341Z,0x559e242c405dd08458663f547e200eed3df2fd5eb66f2c2785bc07c1bae94168,,variant-batch live execution
datm-live-2026-07-13T08-38-00-203Z,A,entity-06-suspicious,suspicious,11,2026-07-13T08:39:46.205Z,2026-07-13T08:39:46.205Z,2026-07-13T08:39:46.205Z,0,2026-07-13T08:39:46.352Z,0x656e5bc5abed6579d2088b5b2502ff36ed1beaca70b48524d489d63614b0a5ac,2026-07-13T08:39:51.314Z,success,37763,1000,6376589,0x4511b0052fa9740398edbab5c3620c92df2b92a565729e6534a5e188d0ec36b5,2026-07-13T08:39:51.314Z,4962,4962,5109,61,Suspicious,2026-07-13T08:39:40.341Z,0x72e71f1b0206a2091ef4239b5957f8f56830ed00d6b2028fbddb4058310b2733,,variant-batch live execution
datm-live-2026-07-13T08-38-00-203Z,A,entity-07-suspicious,suspicious,11,2026-07-13T08:39:46.205Z,2026-07-13T08:39:46.205Z,2026-07-13T08:39:46.205Z,0,2026-07-13T08:39:46.352Z,0xc157dd077219a18a8c967d538c3af7b4c6635f3371133499fa3f6e6af2f0072c,2026-07-13T08:39:51.483Z,success,37775,1000,6376589,0x4511b0052fa9740398edbab5c3620c92df2b92a565729e6534a5e188d0ec36b5,2026-07-13T08:39:51.483Z,5131,5131,5278,60,Suspicious,2026-07-13T08:39:40.341Z,0x08ad0e16d3d750394a6e09d48abf988409c6c62980eb684bf4a6b95c44ba6240,,variant-batch live execution
datm-live-2026-07-13T08-38-00-203Z,A,entity-08-malicious,malicious,11,2026-07-13T08:39:46.205Z,2026-07-13T08:39:46.205Z,2026-07-13T08:39:46.205Z,0,2026-07-13T08:39:46.376Z,0x19896540e7d9edce7fb720b09ab84fa6aa55301abbfe15f086a0f8af3848a994,2026-07-13T08:39:51.484Z,success,37775,1000,6376589,0x4511b0052fa9740398edbab5c3620c92df2b92a565729e6534a5e188d0ec36b5,2026-07-13T08:39:51.484Z,5108,5108,5279,27,Untrusted,2026-07-13T08:39:40.341Z,0x8a0e62bea46d818f0ac4ad6ae2ae582ccdd16def9ad7cd078f075707b6ea6583,,variant-batch live execution
datm-live-2026-07-13T08-38-00-203Z,A,entity-09-malicious,malicious,11,2026-07-13T08:39:46.205Z,2026-07-13T08:39:46.205Z,2026-07-13T08:39:46.205Z,0,2026-07-13T08:39:46.376Z,0xda54458bda5bd36ad9d7b6c0bbe3baccc7a150304a1977cc53a95f2781fa080f,2026-07-13T08:39:51.525Z,success,37775,1000,6376589,0x4511b0052fa9740398edbab5c3620c92df2b92a565729e6534a5e188d0ec36b5,2026-07-13T08:39:51.525Z,5149,5149,5320,27,Untrusted,2026-07-13T08:39:40.341Z,0x21263a8b91e93da12626911f0cee4720d68c61bee4dceaacae1191e53f816d2e,,variant-batch live execution
datm-live-2026-07-13T08-38-00-203Z,A,entity-10-malicious,malicious,11,2026-07-13T08:39:46.206Z,2026-07-13T08:39:46.206Z,2026-07-13T08:39:46.206Z,0,2026-07-13T08:39:46.376Z,0x4dbe5bba9e7f744eece23ed6dc4091ade548d27a698f6bdcb1120a5a1dc57c35,2026-07-13T08:39:51.552Z,success,37763,1000,6376589,0x4511b0052fa9740398edbab5c3620c92df2b92a565729e6534a5e188d0ec36b5,2026-07-13T08:39:51.552Z,5176,5176,5346,30,Untrusted,2026-07-13T08:39:40.341Z,0x9984d289e34fea665f318b3ad7c031862b694becdd2ed8d308a80693e9484e36,,variant-batch live execution
datm-live-2026-07-13T08-38-00-203Z,A,entity-01-normal,normal,12,2026-07-13T08:39:56.714Z,2026-07-13T08:39:56.714Z,2026-07-13T08:39:56.714Z,0,2026-07-13T08:39:56.826Z,0x5de095adbaa2b7a9775c69dfa688588364c0cf50f2fd05b50c630d986e03a490,2026-07-13T08:40:01.087Z,success,37775,1000,6376591,0xd35cabf45c920f831819ce8e00ff0c97be62353fd7eb1a7fc93ff7467cf1b214,2026-07-13T08:40:01.087Z,4261,4261,4373,93,Trusted,2026-07-13T08:39:50.341Z,0xeb8cc030c55df678fbf8f6cec3ee07ad2224cc2eaf954a9722ea06127629c5ae,,variant-batch live execution
datm-live-2026-07-13T08-38-00-203Z,A,entity-02-normal,normal,12,2026-07-13T08:39:56.715Z,2026-07-13T08:39:56.715Z,2026-07-13T08:39:56.715Z,0,2026-07-13T08:39:56.851Z,0xabb561ef9457dd282735c140c2c25a12d693ba8a12edf59a220f458c6adde220,2026-07-13T08:40:01.123Z,success,37775,1000,6376591,0xd35cabf45c920f831819ce8e00ff0c97be62353fd7eb1a7fc93ff7467cf1b214,2026-07-13T08:40:01.123Z,4272,4272,4408,92,Trusted,2026-07-13T08:39:50.341Z,0xd8cf3a2dde94d302cd36496931d2ecadc4ddc2e79e81a918f1d5cfd44c06202b,,variant-batch live execution
datm-live-2026-07-13T08-38-00-203Z,A,entity-03-normal,normal,12,2026-07-13T08:39:56.715Z,2026-07-13T08:39:56.715Z,2026-07-13T08:39:56.715Z,0,2026-07-13T08:39:56.852Z,0x3e99e865f983f7f475877b0ab5e61655396462fca22295f397970570427a2f95,2026-07-13T08:40:01.086Z,success,37775,1000,6376591,0xd35cabf45c920f831819ce8e00ff0c97be62353fd7eb1a7fc93ff7467cf1b214,2026-07-13T08:40:01.086Z,4234,4234,4371,93,Trusted,2026-07-13T08:39:50.341Z,0x2f4650e420f8ec7231905c162759a5aafc43f5df01cb9c6fbaa10d2d34157ea2,,variant-batch live execution
datm-live-2026-07-13T08-38-00-203Z,A,entity-04-normal,normal,12,2026-07-13T08:39:56.716Z,2026-07-13T08:39:56.716Z,2026-07-13T08:39:56.716Z,0,2026-07-13T08:39:56.852Z,0x52a7049ef8a459263acaff1e79a73a6b2a1679924f7995144cf8fbc70bd94bc1,2026-07-13T08:40:01.087Z,success,37775,1000,6376591,0xd35cabf45c920f831819ce8e00ff0c97be62353fd7eb1a7fc93ff7467cf1b214,2026-07-13T08:40:01.087Z,4235,4235,4371,93,Trusted,2026-07-13T08:39:50.341Z,0xf3e90d7a1cc8021c0c9f1a4ff4a47597460642092f4ee6cf785cc85e65f07d37,,variant-batch live execution
datm-live-2026-07-13T08-38-00-203Z,A,entity-05-suspicious,suspicious,12,2026-07-13T08:39:56.716Z,2026-07-13T08:39:56.716Z,2026-07-13T08:39:56.716Z,0,2026-07-13T08:39:56.852Z,0xc3f958cf052b606ad8cb0aa7810893b58d7f53f8d88ec9f54f5f1efba9d8f5c3,2026-07-13T08:40:01.086Z,success,37775,1000,6376591,0xd35cabf45c920f831819ce8e00ff0c97be62353fd7eb1a7fc93ff7467cf1b214,2026-07-13T08:40:01.086Z,4234,4234,4370,61,Suspicious,2026-07-13T08:39:50.341Z,0xfac4fd2cec1af0cce8740f03b0a88f609e66e08f218b061e80457dfdc9e4e63f,,variant-batch live execution
datm-live-2026-07-13T08-38-00-203Z,A,entity-06-suspicious,suspicious,12,2026-07-13T08:39:56.716Z,2026-07-13T08:39:56.716Z,2026-07-13T08:39:56.716Z,0,2026-07-13T08:39:56.852Z,0xe7033070e5cba9062ea4e5858ea99e1bdf58cd50d795d991779fe5962496f730,2026-07-13T08:40:01.121Z,success,37775,1000,6376591,0xd35cabf45c920f831819ce8e00ff0c97be62353fd7eb1a7fc93ff7467cf1b214,2026-07-13T08:40:01.121Z,4269,4269,4405,62,Suspicious,2026-07-13T08:39:50.341Z,0xe62efb5e958fdbeafd6768eac955a33fcb8e417ce23a49e51ef68c1942760bc7,,variant-batch live execution
datm-live-2026-07-13T08-38-00-203Z,A,entity-07-suspicious,suspicious,12,2026-07-13T08:39:56.717Z,2026-07-13T08:39:56.717Z,2026-07-13T08:39:56.717Z,0,2026-07-13T08:39:56.852Z,0x563aa1ebb2611ea5d65e8c0a9fa5b3d8ecf4c37d40a0eedfae50ad1340407fde,2026-07-13T08:40:01.284Z,success,37775,1000,6376591,0xd35cabf45c920f831819ce8e00ff0c97be62353fd7eb1a7fc93ff7467cf1b214,2026-07-13T08:40:01.284Z,4432,4432,4567,60,Suspicious,2026-07-13T08:39:50.341Z,0x01dae6679e2df05cada8d1947dc4e5a4c3c5a0c74201458a361f56059e2496cb,,variant-batch live execution
datm-live-2026-07-13T08-38-00-203Z,A,entity-08-malicious,malicious,12,2026-07-13T08:39:56.717Z,2026-07-13T08:39:56.717Z,2026-07-13T08:39:56.717Z,0,2026-07-13T08:39:56.852Z,0x60218d2a51015a39040c2af5617c6559f52b3ee45dd09107f3450b3daf4a99f4,2026-07-13T08:40:01.303Z,success,37775,1000,6376591,0xd35cabf45c920f831819ce8e00ff0c97be62353fd7eb1a7fc93ff7467cf1b214,2026-07-13T08:40:01.303Z,4451,4451,4586,27,Untrusted,2026-07-13T08:39:50.341Z,0x610a8563242eb8069e25aafea6c15e82f52308fa93bfc0cff6da800957468a45,,variant-batch live execution
datm-live-2026-07-13T08-38-00-203Z,A,entity-09-malicious,malicious,12,2026-07-13T08:39:56.718Z,2026-07-13T08:39:56.718Z,2026-07-13T08:39:56.718Z,0,2026-07-13T08:39:56.852Z,0x1c45dc22cc14b917490c7227df5b32356fa4a60167df5c78155ab72ec396a062,2026-07-13T08:40:01.311Z,success,37775,1000,6376591,0xd35cabf45c920f831819ce8e00ff0c97be62353fd7eb1a7fc93ff7467cf1b214,2026-07-13T08:40:01.311Z,4459,4459,4593,29,Untrusted,2026-07-13T08:39:50.341Z,0xbb12aa329e75c9cc30453cd8601e06428a0dd3151f6f4896c4060db5b0e9ca26,,variant-batch live execution
datm-live-2026-07-13T08-38-00-203Z,A,entity-10-malicious,malicious,12,2026-07-13T08:39:56.718Z,2026-07-13T08:39:56.718Z,2026-07-13T08:39:56.718Z,0,2026-07-13T08:39:56.852Z,0x20313b022c2ae177b3c3fc3fc2880e66a3ab9bc703bab12a9c91db6fd39725be,2026-07-13T08:40:01.327Z,success,37763,1000,6376591,0xd35cabf45c920f831819ce8e00ff0c97be62353fd7eb1a7fc93ff7467cf1b214,2026-07-13T08:40:01.327Z,4475,4475,4609,28,Untrusted,2026-07-13T08:39:50.341Z,0x0b55ccb04b7d7d6d16f88e66e52fe20db6e2c2f42346e735bbfd9313b9c7a18c,,variant-batch live execution
datm-live-2026-07-13T08-38-00-203Z,A,entity-01-normal,normal,13,2026-07-13T08:40:06.472Z,2026-07-13T08:40:06.472Z,2026-07-13T08:40:06.472Z,0,2026-07-13T08:40:06.594Z,0x82ca1b0a75be0eb84c99ac5188a65506dd1c8ab8b2399b03914b3d88b8c85118,2026-07-13T08:40:10.883Z,success,37775,1000,6376593,0x93c35455aaadc8c4b05ecadd0f687dac4fac9832589923fa4e35e9b4fedc864d,2026-07-13T08:40:10.883Z,4289,4289,4411,92,Trusted,2026-07-13T08:40:00.341Z,0x218df87c4cc4764ee612ecc7b365f90df772faa12f88ff0e68fe3b786eb8ce14,,variant-batch live execution
datm-live-2026-07-13T08-38-00-203Z,A,entity-02-normal,normal,13,2026-07-13T08:40:06.473Z,2026-07-13T08:40:06.473Z,2026-07-13T08:40:06.473Z,0,2026-07-13T08:40:06.594Z,0x3c92f4b55196ba9f6583cdec7c4746f72339b7beada1a55c8bb8606ca23a38e4,2026-07-13T08:40:10.909Z,success,37775,1000,6376593,0x93c35455aaadc8c4b05ecadd0f687dac4fac9832589923fa4e35e9b4fedc864d,2026-07-13T08:40:10.909Z,4315,4315,4436,93,Trusted,2026-07-13T08:40:00.341Z,0x78a9b6e254523cf272b4d2138b8090da0b6cecb0cb41b95917d76603e1eef710,,variant-batch live execution
datm-live-2026-07-13T08-38-00-203Z,A,entity-03-normal,normal,13,2026-07-13T08:40:06.473Z,2026-07-13T08:40:06.473Z,2026-07-13T08:40:06.473Z,0,2026-07-13T08:40:06.594Z,0x8a229fc1a7c5a5c3b8bd6a540f3fde24711e80a20d138b288abb2ae8ea2fcba4,2026-07-13T08:40:10.886Z,success,37775,1000,6376593,0x93c35455aaadc8c4b05ecadd0f687dac4fac9832589923fa4e35e9b4fedc864d,2026-07-13T08:40:10.886Z,4292,4292,4413,93,Trusted,2026-07-13T08:40:00.341Z,0xa8eb836b2cd4ac670b223626cbe063afa6e72e694cafc94c764294360e222e2c,,variant-batch live execution
datm-live-2026-07-13T08-38-00-203Z,A,entity-04-normal,normal,13,2026-07-13T08:40:06.474Z,2026-07-13T08:40:06.474Z,2026-07-13T08:40:06.474Z,0,2026-07-13T08:40:06.594Z,0xa1f20ccc59203ff8dac128482a854095b9d439ec12d7a835bd2913c290e0949c,2026-07-13T08:40:10.908Z,success,37775,1000,6376593,0x93c35455aaadc8c4b05ecadd0f687dac4fac9832589923fa4e35e9b4fedc864d,2026-07-13T08:40:10.908Z,4314,4314,4434,92,Trusted,2026-07-13T08:40:00.341Z,0xda8e7f589bbad4e518c4343a0d1a37e402d58a1f557a6dff4e9c7e7279723adc,,variant-batch live execution
datm-live-2026-07-13T08-38-00-203Z,A,entity-05-suspicious,suspicious,13,2026-07-13T08:40:06.474Z,2026-07-13T08:40:06.474Z,2026-07-13T08:40:06.474Z,0,2026-07-13T08:40:06.623Z,0xdc093e1081e60b95d781efb2bd16d27e1cedeed6ad7fcc03013563c188e5d634,2026-07-13T08:40:10.883Z,success,37775,1000,6376593,0x93c35455aaadc8c4b05ecadd0f687dac4fac9832589923fa4e35e9b4fedc864d,2026-07-13T08:40:10.883Z,4260,4260,4409,62,Suspicious,2026-07-13T08:40:00.341Z,0xc3951fa653b603835cacb1fc2ee34536be1f2988805ee0f48ba5a7a8a1f25f93,,variant-batch live execution
datm-live-2026-07-13T08-38-00-203Z,A,entity-06-suspicious,suspicious,13,2026-07-13T08:40:06.474Z,2026-07-13T08:40:06.474Z,2026-07-13T08:40:06.474Z,0,2026-07-13T08:40:06.623Z,0x0e11d6597584904930d6b28a542518740deed2aaafd48da6f0af1ac3b3f32849,2026-07-13T08:40:10.883Z,success,37775,1000,6376593,0x93c35455aaadc8c4b05ecadd0f687dac4fac9832589923fa4e35e9b4fedc864d,2026-07-13T08:40:10.883Z,4260,4260,4409,61,Suspicious,2026-07-13T08:40:00.341Z,0x82779d1f4271c91cb5e08fb14a830bdfa7072a84282840084ba97223c837155d,,variant-batch live execution
datm-live-2026-07-13T08-38-00-203Z,A,entity-07-suspicious,suspicious,13,2026-07-13T08:40:06.474Z,2026-07-13T08:40:06.474Z,2026-07-13T08:40:06.474Z,0,2026-07-13T08:40:06.594Z,0x8b89a947aac6fa59dbe1ad353f31d1dbfcaad97420e20ba68a5574d30b939e9a,2026-07-13T08:40:11.089Z,success,37775,1000,6376593,0x93c35455aaadc8c4b05ecadd0f687dac4fac9832589923fa4e35e9b4fedc864d,2026-07-13T08:40:11.089Z,4495,4495,4615,61,Suspicious,2026-07-13T08:40:00.341Z,0x02c322363022121fcb2520d35780eeeced9b7b9332567aaf76d44cc6a8326b05,,variant-batch live execution
datm-live-2026-07-13T08-38-00-203Z,A,entity-08-malicious,malicious,13,2026-07-13T08:40:06.475Z,2026-07-13T08:40:06.475Z,2026-07-13T08:40:06.475Z,0,2026-07-13T08:40:06.594Z,0x9e49ee3a2ff5844cc47a3061defb0f37114e54e4911e7e839ff2f93dd54cce35,2026-07-13T08:40:11.073Z,success,37775,1000,6376593,0x93c35455aaadc8c4b05ecadd0f687dac4fac9832589923fa4e35e9b4fedc864d,2026-07-13T08:40:11.073Z,4479,4479,4598,29,Untrusted,2026-07-13T08:40:00.341Z,0x3945e4bfc28986fbbba1e6266e6058f7cf2bc0457640c75728f2cac2a16e8581,,variant-batch live execution
datm-live-2026-07-13T08-38-00-203Z,A,entity-09-malicious,malicious,13,2026-07-13T08:40:06.475Z,2026-07-13T08:40:06.475Z,2026-07-13T08:40:06.475Z,0,2026-07-13T08:40:06.624Z,0x4cee13ee0ffcc05ae8fa87851f951458d572ae3f9bad1010c2aacf582d72c98c,2026-07-13T08:40:11.109Z,success,37775,1000,6376593,0x93c35455aaadc8c4b05ecadd0f687dac4fac9832589923fa4e35e9b4fedc864d,2026-07-13T08:40:11.109Z,4485,4485,4634,27,Untrusted,2026-07-13T08:40:00.341Z,0x70ad95700cf812cb7672e8d9cf4e93eca30e2186bb542f1918297b796af15de5,,variant-batch live execution
datm-live-2026-07-13T08-38-00-203Z,A,entity-10-malicious,malicious,13,2026-07-13T08:40:06.475Z,2026-07-13T08:40:06.475Z,2026-07-13T08:40:06.475Z,0,2026-07-13T08:40:06.624Z,0xbbe14aef2fc63939061d460f4d41812d04567f8ea0badfd93a61755798662bac,2026-07-13T08:40:11.103Z,success,37763,1000,6376593,0x93c35455aaadc8c4b05ecadd0f687dac4fac9832589923fa4e35e9b4fedc864d,2026-07-13T08:40:11.103Z,4479,4479,4628,27,Untrusted,2026-07-13T08:40:00.341Z,0x5b13538c1f02be2975609cd425da8f1e6c055dc13d1786ea9636d3cdbcde9a0c,,variant-batch live execution
datm-live-2026-07-13T08-38-00-203Z,A,entity-01-normal,normal,14,2026-07-13T08:40:16.251Z,2026-07-13T08:40:16.251Z,2026-07-13T08:40:16.251Z,0,2026-07-13T08:40:16.378Z,0x569f4a7393e3978a7d4876a23913c36ac20ff286b648549ff3598b4addd2c536,2026-07-13T08:40:20.653Z,success,37775,1000,6376595,0xb2cf768fc7e550c4901a7cc6ce1c0ed3abe09b578bf3228608f0f6cb649f2544,2026-07-13T08:40:20.653Z,4275,4275,4402,92,Trusted,2026-07-13T08:40:10.341Z,0x7c03f139d88e8c21aca0c8055059391be5bd7a99d8a2434e94022e173f3ce0b7,,variant-batch live execution
datm-live-2026-07-13T08-38-00-203Z,A,entity-02-normal,normal,14,2026-07-13T08:40:16.252Z,2026-07-13T08:40:16.252Z,2026-07-13T08:40:16.252Z,0,2026-07-13T08:40:16.378Z,0xcfb0d8f2664a79e6860108b6579efe38289a4969c8280f2c92b157432205c575,2026-07-13T08:40:20.689Z,success,37775,1000,6376595,0xb2cf768fc7e550c4901a7cc6ce1c0ed3abe09b578bf3228608f0f6cb649f2544,2026-07-13T08:40:20.689Z,4311,4311,4437,93,Trusted,2026-07-13T08:40:10.341Z,0xbb0d446a2dbbfb99fa8336d141e5b6ca9c05907f98ebe02d0ad44a2ed80da4ad,,variant-batch live execution
datm-live-2026-07-13T08-38-00-203Z,A,entity-03-normal,normal,14,2026-07-13T08:40:16.252Z,2026-07-13T08:40:16.252Z,2026-07-13T08:40:16.252Z,0,2026-07-13T08:40:16.378Z,0x647f366661cf4b914ea9217df45752b7a8e795e1d056d5702e5a615aea3c142a,2026-07-13T08:40:20.664Z,success,37775,1000,6376595,0xb2cf768fc7e550c4901a7cc6ce1c0ed3abe09b578bf3228608f0f6cb649f2544,2026-07-13T08:40:20.664Z,4286,4286,4412,91,Trusted,2026-07-13T08:40:10.341Z,0x2007fa1b3a243bf39ec172fd7835ff12bfdd0e07141daf0cc8ac48da2dee83a3,,variant-batch live execution
datm-live-2026-07-13T08-38-00-203Z,A,entity-04-normal,normal,14,2026-07-13T08:40:16.253Z,2026-07-13T08:40:16.253Z,2026-07-13T08:40:16.253Z,0,2026-07-13T08:40:16.408Z,0x2e5ff1cc289f9ee3e9ce163e3b615b027b6e30922b832876b03703f432c4faae,2026-07-13T08:40:20.654Z,success,37775,1000,6376595,0xb2cf768fc7e550c4901a7cc6ce1c0ed3abe09b578bf3228608f0f6cb649f2544,2026-07-13T08:40:20.654Z,4246,4246,4401,92,Trusted,2026-07-13T08:40:10.341Z,0x31c41263104f32b02d6972faec830fccccba050362023089b3527c260acf86c3,,variant-batch live execution
datm-live-2026-07-13T08-38-00-203Z,A,entity-05-suspicious,suspicious,14,2026-07-13T08:40:16.253Z,2026-07-13T08:40:16.253Z,2026-07-13T08:40:16.253Z,0,2026-07-13T08:40:16.378Z,0xe560b25e71ed60b009cc1373eaa5b91c0c57ba3c36a7df6cbee656c62add2fcc,2026-07-13T08:40:20.689Z,success,37775,1000,6376595,0xb2cf768fc7e550c4901a7cc6ce1c0ed3abe09b578bf3228608f0f6cb649f2544,2026-07-13T08:40:20.689Z,4311,4311,4436,61,Suspicious,2026-07-13T08:40:10.341Z,0x8fdc3db68830c8da854e382507a6d38b5a04d7ecc22ae1fa3bb625426757d8ff,,variant-batch live execution
datm-live-2026-07-13T08-38-00-203Z,A,entity-06-suspicious,suspicious,14,2026-07-13T08:40:16.253Z,2026-07-13T08:40:16.253Z,2026-07-13T08:40:16.253Z,0,2026-07-13T08:40:16.378Z,0x6451ce50ef056640d9fd5b2f040b8f30fe02cec44b11d2edaf1556011756b2f9,2026-07-13T08:40:20.654Z,success,37775,1000,6376595,0xb2cf768fc7e550c4901a7cc6ce1c0ed3abe09b578bf3228608f0f6cb649f2544,2026-07-13T08:40:20.654Z,4276,4276,4401,60,Suspicious,2026-07-13T08:40:10.341Z,0xda649a039f6ad7114333d8ab1f74744a99470bf2e78fcf087931f0c6f7eb2c6f,,variant-batch live execution
datm-live-2026-07-13T08-38-00-203Z,A,entity-07-suspicious,suspicious,14,2026-07-13T08:40:16.254Z,2026-07-13T08:40:16.254Z,2026-07-13T08:40:16.254Z,0,2026-07-13T08:40:16.378Z,0x29f378bc2876f31b1785c9bb40c8c899dfb574c3797bbd5f88752ef2810fb574,2026-07-13T08:40:20.865Z,success,37775,1000,6376595,0xb2cf768fc7e550c4901a7cc6ce1c0ed3abe09b578bf3228608f0f6cb649f2544,2026-07-13T08:40:20.865Z,4487,4487,4611,62,Suspicious,2026-07-13T08:40:10.341Z,0x11464dff2332bfa885a58f405983959cf2cf239b5866b4e2bf5874b7738daa0e,,variant-batch live execution
datm-live-2026-07-13T08-38-00-203Z,A,entity-08-malicious,malicious,14,2026-07-13T08:40:16.254Z,2026-07-13T08:40:16.254Z,2026-07-13T08:40:16.254Z,0,2026-07-13T08:40:16.408Z,0xadd86914c07d0473e62cbf5ca5422ef1aec1cc939c4d2adea8c7279311a610fa,2026-07-13T08:40:20.847Z,success,37775,1000,6376595,0xb2cf768fc7e550c4901a7cc6ce1c0ed3abe09b578bf3228608f0f6cb649f2544,2026-07-13T08:40:20.847Z,4439,4439,4593,28,Untrusted,2026-07-13T08:40:10.341Z,0xc38c879af71fdc44d093e0c5be5816124ba3b43a866aec18e5c6cc8194aa45c9,,variant-batch live execution
datm-live-2026-07-13T08-38-00-203Z,A,entity-09-malicious,malicious,14,2026-07-13T08:40:16.254Z,2026-07-13T08:40:16.254Z,2026-07-13T08:40:16.254Z,0,2026-07-13T08:40:16.408Z,0xe6fe65c8946c5d847f75f676f7d88879320bf103e8a525c59e60afd1c7eaa433,2026-07-13T08:40:20.872Z,success,37775,1000,6376595,0xb2cf768fc7e550c4901a7cc6ce1c0ed3abe09b578bf3228608f0f6cb649f2544,2026-07-13T08:40:20.872Z,4464,4464,4618,26,Untrusted,2026-07-13T08:40:10.341Z,0x5dd91832d82919972cd11a62bc1980374452f05ea489bf818130420a7e667652,,variant-batch live execution
datm-live-2026-07-13T08-38-00-203Z,A,entity-10-malicious,malicious,14,2026-07-13T08:40:16.254Z,2026-07-13T08:40:16.254Z,2026-07-13T08:40:16.254Z,0,2026-07-13T08:40:16.409Z,0x35d83a5abab336281a959428093b3ac5190ef1cda151d22dc4df090daf61de8d,2026-07-13T08:40:20.891Z,success,37763,1000,6376595,0xb2cf768fc7e550c4901a7cc6ce1c0ed3abe09b578bf3228608f0f6cb649f2544,2026-07-13T08:40:20.891Z,4482,4482,4637,30,Untrusted,2026-07-13T08:40:10.341Z,0x2e812532fb319685201559cc3074ac54085184a9f6b7a73ad61e633a2267f4a8,,variant-batch live execution
datm-live-2026-07-13T08-38-00-203Z,A,entity-01-normal,normal,15,2026-07-13T08:40:26.017Z,2026-07-13T08:40:26.017Z,2026-07-13T08:40:26.017Z,0,2026-07-13T08:40:26.120Z,0x5aeaad591eecef036ad2e73f8236b12793b307cc8cd9771e482a30254a03515b,2026-07-13T08:40:30.543Z,success,37775,1000,6376597,0xd778e0a800ca56fe3230d3cd449a88152e7ee13bcf7107f2ed6457b87e8d7f95,2026-07-13T08:40:30.543Z,4423,4423,4526,93,Trusted,2026-07-13T08:40:20.341Z,0x7e4ffcc62a285e54423982b9d3d9ff77fb074852df855da268162f053355733c,,variant-batch live execution
datm-live-2026-07-13T08-38-00-203Z,A,entity-02-normal,normal,15,2026-07-13T08:40:26.017Z,2026-07-13T08:40:26.017Z,2026-07-13T08:40:26.017Z,0,2026-07-13T08:40:26.127Z,0x41cf8dcd5e4e9cf1d9c1761c7044ebdcd48ceaf44bf281ac9e5c921e471f5819,2026-07-13T08:40:30.545Z,success,37775,1000,6376597,0xd778e0a800ca56fe3230d3cd449a88152e7ee13bcf7107f2ed6457b87e8d7f95,2026-07-13T08:40:30.545Z,4418,4418,4528,91,Trusted,2026-07-13T08:40:20.341Z,0x9e2c587d5c7cf0b0a3549baa0fa0393171d5e3ab933fb397db53c46a89d9dcbc,,variant-batch live execution
datm-live-2026-07-13T08-38-00-203Z,A,entity-03-normal,normal,15,2026-07-13T08:40:26.018Z,2026-07-13T08:40:26.018Z,2026-07-13T08:40:26.018Z,0,2026-07-13T08:40:26.127Z,0x0a591b774cb9e429b3cf63d50132026a2510de875d65c20eb4c39f4b691cd64e,2026-07-13T08:40:30.574Z,success,37763,1000,6376597,0xd778e0a800ca56fe3230d3cd449a88152e7ee13bcf7107f2ed6457b87e8d7f95,2026-07-13T08:40:30.574Z,4447,4447,4556,93,Trusted,2026-07-13T08:40:20.341Z,0x4d248b402c19c7d4a9002124f9fd94d37f8fba6bb4a0b750897132a3989cf8ef,,variant-batch live execution
datm-live-2026-07-13T08-38-00-203Z,A,entity-04-normal,normal,15,2026-07-13T08:40:26.018Z,2026-07-13T08:40:26.018Z,2026-07-13T08:40:26.018Z,0,2026-07-13T08:40:26.127Z,0x732b3543dd1fc0258f37392c20e8a52680ef47b5e105d7c24622d3fdd41d5e2c,2026-07-13T08:40:30.547Z,success,37775,1000,6376597,0xd778e0a800ca56fe3230d3cd449a88152e7ee13bcf7107f2ed6457b87e8d7f95,2026-07-13T08:40:30.547Z,4420,4420,4529,93,Trusted,2026-07-13T08:40:20.341Z,0xac38143746bec7898102c29fdf97585bea09b1b5c0b84a31b1999544453d9a2f,,variant-batch live execution
datm-live-2026-07-13T08-38-00-203Z,A,entity-05-suspicious,suspicious,15,2026-07-13T08:40:26.018Z,2026-07-13T08:40:26.018Z,2026-07-13T08:40:26.018Z,0,2026-07-13T08:40:26.127Z,0x2cd1103bb7248983689fd5dfa30e7e3003f6e582c814edc9b72836204c7eab61,2026-07-13T08:40:30.545Z,success,37763,1000,6376597,0xd778e0a800ca56fe3230d3cd449a88152e7ee13bcf7107f2ed6457b87e8d7f95,2026-07-13T08:40:30.545Z,4418,4418,4527,60,Suspicious,2026-07-13T08:40:20.341Z,0x04cd1557306e00269b83f752da0a7afc5e6e3cf4807d10df6ad62b89b18ad938,,variant-batch live execution
datm-live-2026-07-13T08-38-00-203Z,A,entity-06-suspicious,suspicious,15,2026-07-13T08:40:26.019Z,2026-07-13T08:40:26.019Z,2026-07-13T08:40:26.019Z,0,2026-07-13T08:40:26.127Z,0x6b645aebfec0551ac75a0bd1f4f0def81dc999d98b8a65705d185a84f3ddf274,2026-07-13T08:40:30.546Z,success,37775,1000,6376597,0xd778e0a800ca56fe3230d3cd449a88152e7ee13bcf7107f2ed6457b87e8d7f95,2026-07-13T08:40:30.546Z,4419,4419,4527,64,Suspicious,2026-07-13T08:40:20.341Z,0xc02e3873f0427686f6dda5c1f68de435b35ea0ebe9f6f8d303eee2e0e636c4d2,,variant-batch live execution
datm-live-2026-07-13T08-38-00-203Z,A,entity-07-suspicious,suspicious,15,2026-07-13T08:40:26.019Z,2026-07-13T08:40:26.019Z,2026-07-13T08:40:26.019Z,0,2026-07-13T08:40:26.155Z,0xfa4a94375b35c96e86ff248697e95ab613932b68916250c59f3a5d1b77158103,2026-07-13T08:40:30.752Z,success,37775,1000,6376597,0xd778e0a800ca56fe3230d3cd449a88152e7ee13bcf7107f2ed6457b87e8d7f95,2026-07-13T08:40:30.752Z,4597,4597,4733,61,Suspicious,2026-07-13T08:40:20.341Z,0x43ee964a8a6a4afb8451bddf939eb1ad1608f2313e2eb5de8c0c9e8b0fb86013,,variant-batch live execution
datm-live-2026-07-13T08-38-00-203Z,A,entity-08-malicious,malicious,15,2026-07-13T08:40:26.020Z,2026-07-13T08:40:26.020Z,2026-07-13T08:40:26.020Z,0,2026-07-13T08:40:26.155Z,0xc6bd82fd91f5a267db74596617b5b9de467374511d6e633ccf0e0fdcc631e8ef,2026-07-13T08:40:30.772Z,success,37775,1000,6376597,0xd778e0a800ca56fe3230d3cd449a88152e7ee13bcf7107f2ed6457b87e8d7f95,2026-07-13T08:40:30.772Z,4617,4617,4752,26,Untrusted,2026-07-13T08:40:20.341Z,0x5074022ed64542386576861a52bf52c1ab7d8cef8aafa6c5529dad4cc30898e5,,variant-batch live execution
datm-live-2026-07-13T08-38-00-203Z,A,entity-09-malicious,malicious,15,2026-07-13T08:40:26.020Z,2026-07-13T08:40:26.020Z,2026-07-13T08:40:26.020Z,0,2026-07-13T08:40:26.155Z,0x10591cc0276d32cb8fea34d2900b4c46fb1187c3464bb6ac8b805cfed6b6afd3,2026-07-13T08:40:30.778Z,success,37775,1000,6376597,0xd778e0a800ca56fe3230d3cd449a88152e7ee13bcf7107f2ed6457b87e8d7f95,2026-07-13T08:40:30.778Z,4623,4623,4758,28,Untrusted,2026-07-13T08:40:20.341Z,0x703c74bc15ce475fa28d7cdb1b1364e2185233c017a458529041093b0c165cc1,,variant-batch live execution
datm-live-2026-07-13T08-38-00-203Z,A,entity-10-malicious,malicious,15,2026-07-13T08:40:26.020Z,2026-07-13T08:40:26.020Z,2026-07-13T08:40:26.020Z,0,2026-07-13T08:40:26.155Z,0x1c2981a1b8350707440a267c0be5776398b0a68978172efda7411e57317326d8,2026-07-13T08:40:30.801Z,success,37763,1000,6376597,0xd778e0a800ca56fe3230d3cd449a88152e7ee13bcf7107f2ed6457b87e8d7f95,2026-07-13T08:40:30.801Z,4646,4646,4781,28,Untrusted,2026-07-13T08:40:20.341Z,0x58240b53a84038f75d3fe986c8bd313e04e8a096c00f86750f22144226014ab8,,variant-batch live execution
datm-live-2026-07-13T08-38-00-203Z,A,entity-01-normal,normal,16,2026-07-13T08:40:35.912Z,2026-07-13T08:40:35.912Z,2026-07-13T08:40:35.912Z,0,2026-07-13T08:40:38.088Z,0x756da4d8190a3ed7e833d91df2865eaebb87cf8706df3abdc6d86bf2cba9993d,2026-07-13T08:40:42.484Z,success,37775,1000,6376599,0x10532ebff74ac711a10bbce9a0c5d43a20f8cc3bfecfd582926e7f21cd95ffde,2026-07-13T08:40:42.484Z,4396,4396,6572,90,Trusted,2026-07-13T08:40:30.341Z,0xc671e5c245ad23057aacad52a28d4f3b249258f388374e99db32486dd09779ae,,variant-batch live execution
datm-live-2026-07-13T08-38-00-203Z,A,entity-02-normal,normal,16,2026-07-13T08:40:35.913Z,2026-07-13T08:40:35.913Z,2026-07-13T08:40:35.913Z,0,2026-07-13T08:40:38.088Z,0x5e9e167f3e1b5b8013847782ba789ae3be62818ccc2341198672b7a241ee3efa,2026-07-13T08:40:42.488Z,success,37775,1000,6376599,0x10532ebff74ac711a10bbce9a0c5d43a20f8cc3bfecfd582926e7f21cd95ffde,2026-07-13T08:40:42.488Z,4400,4400,6575,92,Trusted,2026-07-13T08:40:30.341Z,0xeb4935aa1a18a6666383e45bf6f88d17f7b33d86b1cc423e200fd8b3f56a7283,,variant-batch live execution
datm-live-2026-07-13T08-38-00-203Z,A,entity-03-normal,normal,16,2026-07-13T08:40:35.914Z,2026-07-13T08:40:35.914Z,2026-07-13T08:40:35.914Z,0,2026-07-13T08:40:37.779Z,0x2646e46f05331b4945fb4e2305057d711e4570259930f1d7a63668a0384d212b,2026-07-13T08:40:42.489Z,success,37775,1000,6376599,0x10532ebff74ac711a10bbce9a0c5d43a20f8cc3bfecfd582926e7f21cd95ffde,2026-07-13T08:40:42.489Z,4710,4710,6575,92,Trusted,2026-07-13T08:40:30.341Z,0xad27cc9b16c88a930c31554e7043b66b67c2679be573e1d3531b64a9edbcf823,,variant-batch live execution
datm-live-2026-07-13T08-38-00-203Z,A,entity-04-normal,normal,16,2026-07-13T08:40:35.914Z,2026-07-13T08:40:35.914Z,2026-07-13T08:40:35.914Z,0,2026-07-13T08:40:37.779Z,0xd2aea2cffde310581a6a6cc9f71ba044271f85bb29beb760f77d1d43a755b65b,2026-07-13T08:40:42.513Z,success,37763,1000,6376599,0x10532ebff74ac711a10bbce9a0c5d43a20f8cc3bfecfd582926e7f21cd95ffde,2026-07-13T08:40:42.513Z,4734,4734,6599,90,Trusted,2026-07-13T08:40:30.341Z,0xcfbd3ffecabe6ef43898e012629b3be8cc725da199f5bb17059aff96d3005aff,,variant-batch live execution
datm-live-2026-07-13T08-38-00-203Z,A,entity-05-suspicious,suspicious,16,2026-07-13T08:40:35.915Z,2026-07-13T08:40:35.915Z,2026-07-13T08:40:35.915Z,0,2026-07-13T08:40:37.780Z,0x627c751127be860663a9b0575f74a565931c9369d58c7ee3ae3a5b5da5103f59,2026-07-13T08:40:42.487Z,success,37775,1000,6376599,0x10532ebff74ac711a10bbce9a0c5d43a20f8cc3bfecfd582926e7f21cd95ffde,2026-07-13T08:40:42.487Z,4707,4707,6572,64,Suspicious,2026-07-13T08:40:30.341Z,0xa5c921fa1e871d8adef86acc64ec79ecce3a1da4c5254a253616cf7439dcd930,,variant-batch live execution
datm-live-2026-07-13T08-38-00-203Z,A,entity-06-suspicious,suspicious,16,2026-07-13T08:40:35.915Z,2026-07-13T08:40:35.915Z,2026-07-13T08:40:35.915Z,0,2026-07-13T08:40:37.780Z,0x0673fb217acc92a3f318a6f9e393baa98de321dcc10231cae35b0a4d7ef0f509,2026-07-13T08:40:42.489Z,success,37775,1000,6376599,0x10532ebff74ac711a10bbce9a0c5d43a20f8cc3bfecfd582926e7f21cd95ffde,2026-07-13T08:40:42.489Z,4709,4709,6574,61,Suspicious,2026-07-13T08:40:30.341Z,0x433e9bea600563eb88c68e464ff8345ec5c627d9bed56179bf58e22a445653e1,,variant-batch live execution
datm-live-2026-07-13T08-38-00-203Z,A,entity-07-suspicious,suspicious,16,2026-07-13T08:40:35.915Z,2026-07-13T08:40:35.915Z,2026-07-13T08:40:35.915Z,0,2026-07-13T08:40:37.780Z,0x95d4b9d82f67af92f98456cb7837222d3379fc30e4fc44e4572d9f19d32a9d0f,2026-07-13T08:40:42.712Z,success,37763,1000,6376599,0x10532ebff74ac711a10bbce9a0c5d43a20f8cc3bfecfd582926e7f21cd95ffde,2026-07-13T08:40:42.712Z,4932,4932,6797,60,Suspicious,2026-07-13T08:40:30.341Z,0xa906ca8b8680441b83a786126cffd6875417404760b01551d93c460081d52179,,variant-batch live execution
datm-live-2026-07-13T08-38-00-203Z,A,entity-08-malicious,malicious,16,2026-07-13T08:40:35.915Z,2026-07-13T08:40:35.915Z,2026-07-13T08:40:35.915Z,0,2026-07-13T08:40:38.088Z,0x27cb049d81638c2d7e0795ef5ddde3abbe5fea0c8ed6b495cb2146f65cee5b36,2026-07-13T08:40:42.740Z,success,37763,1000,6376599,0x10532ebff74ac711a10bbce9a0c5d43a20f8cc3bfecfd582926e7f21cd95ffde,2026-07-13T08:40:42.740Z,4652,4652,6825,28,Untrusted,2026-07-13T08:40:30.341Z,0xedcdb28d8b360aee5f6942c883df97c37c040ba88a3252e6031983001f66853c,,variant-batch live execution
datm-live-2026-07-13T08-38-00-203Z,A,entity-09-malicious,malicious,16,2026-07-13T08:40:35.916Z,2026-07-13T08:40:35.916Z,2026-07-13T08:40:35.916Z,0,2026-07-13T08:40:37.780Z,0xfefcb4ce25c2d5576fafb26865a6fc25d4b1cf8b438fd2bc4e70d9acdf35c83b,2026-07-13T08:40:42.704Z,success,37763,1000,6376599,0x10532ebff74ac711a10bbce9a0c5d43a20f8cc3bfecfd582926e7f21cd95ffde,2026-07-13T08:40:42.704Z,4924,4924,6788,27,Untrusted,2026-07-13T08:40:30.341Z,0x9b50ceaa730456c2036c1005610d4600810bbf443ffe2a58771d0a79dffdd3be,,variant-batch live execution
datm-live-2026-07-13T08-38-00-203Z,A,entity-10-malicious,malicious,16,2026-07-13T08:40:35.916Z,2026-07-13T08:40:35.916Z,2026-07-13T08:40:35.916Z,0,2026-07-13T08:40:38.089Z,0xc528fb31d680bff3498421e50deacc45232a3360b76da3ab71ca264f8d2bf8a4,2026-07-13T08:40:42.713Z,success,37739,1000,6376599,0x10532ebff74ac711a10bbce9a0c5d43a20f8cc3bfecfd582926e7f21cd95ffde,2026-07-13T08:40:42.713Z,4624,4624,6797,26,Untrusted,2026-07-13T08:40:30.341Z,0xc5d73f425462d339da6fba003b057e227a399a630bb28274cb59001eb9f69525,,variant-batch live execution
datm-live-2026-07-13T08-38-00-203Z,A,entity-01-normal,normal,17,2026-07-13T08:40:47.861Z,2026-07-13T08:40:47.861Z,2026-07-13T08:40:47.861Z,0,2026-07-13T08:40:47.981Z,0xe4400dc84c1de767ee4c21cc32c5866238bd27b3abc847e5405534809be6c940,2026-07-13T08:40:52.282Z,success,37775,1000,6376601,0xbd6ab365f6a4e0e4a8a3de74e6041ba406353bbfdff40665171e4b58a555b002,2026-07-13T08:40:52.282Z,4301,4301,4421,93,Trusted,2026-07-13T08:40:40.341Z,0x57cf6840e399f17efc67935a4768dbb9f56875406b21d7f869a928ec2dbc71b6,,variant-batch live execution
datm-live-2026-07-13T08-38-00-203Z,A,entity-02-normal,normal,17,2026-07-13T08:40:47.862Z,2026-07-13T08:40:47.862Z,2026-07-13T08:40:47.862Z,0,2026-07-13T08:40:47.993Z,0x5b1edd4199b1eee1d4d84ce5954b1e370f1632f9951b8b8d604e45f7ea5383e2,2026-07-13T08:40:52.270Z,success,37775,1000,6376601,0xbd6ab365f6a4e0e4a8a3de74e6041ba406353bbfdff40665171e4b58a555b002,2026-07-13T08:40:52.270Z,4277,4277,4408,93,Trusted,2026-07-13T08:40:40.341Z,0x9569edaaf1dbbb04d926a3944520ea0b0b80afcae268da9753d4f31a0a497917,,variant-batch live execution
datm-live-2026-07-13T08-38-00-203Z,A,entity-03-normal,normal,17,2026-07-13T08:40:47.863Z,2026-07-13T08:40:47.863Z,2026-07-13T08:40:47.863Z,0,2026-07-13T08:40:47.993Z,0x2c1c36f8c4bfb099bf2a53832a11cd123996e39e788ca11d0b08748847f91b1b,2026-07-13T08:40:52.270Z,success,37775,1000,6376601,0xbd6ab365f6a4e0e4a8a3de74e6041ba406353bbfdff40665171e4b58a555b002,2026-07-13T08:40:52.270Z,4277,4277,4407,92,Trusted,2026-07-13T08:40:40.341Z,0x6efceaf6731b649cb9a8c49d6959635e1fddaa82fc7bd4ebdb79ff409caf9f5d,,variant-batch live execution
datm-live-2026-07-13T08-38-00-203Z,A,entity-04-normal,normal,17,2026-07-13T08:40:47.863Z,2026-07-13T08:40:47.863Z,2026-07-13T08:40:47.863Z,0,2026-07-13T08:40:47.993Z,0x3a46ed1ac760909f3e872b29edfac88c91173b811da4fc6842b06d18d3ba01e5,2026-07-13T08:40:52.270Z,success,37775,1000,6376601,0xbd6ab365f6a4e0e4a8a3de74e6041ba406353bbfdff40665171e4b58a555b002,2026-07-13T08:40:52.270Z,4277,4277,4407,93,Trusted,2026-07-13T08:40:40.341Z,0xb3eb7696e1497cb5ec849abb0dd372e84132f0323ce1947c265da5b0e823ccfb,,variant-batch live execution
datm-live-2026-07-13T08-38-00-203Z,A,entity-05-suspicious,suspicious,17,2026-07-13T08:40:47.863Z,2026-07-13T08:40:47.863Z,2026-07-13T08:40:47.863Z,0,2026-07-13T08:40:47.993Z,0x327c54e963ce1998e68558b512b1fc3a4cf20fa01c47519b73fa8b2a2bc2ac97,2026-07-13T08:40:52.257Z,success,37775,1000,6376601,0xbd6ab365f6a4e0e4a8a3de74e6041ba406353bbfdff40665171e4b58a555b002,2026-07-13T08:40:52.257Z,4264,4264,4394,61,Suspicious,2026-07-13T08:40:40.341Z,0x2788587c7b550f87561903b4797984b4436fbdeefaf0dc105ade6cc8f7225862,,variant-batch live execution
datm-live-2026-07-13T08-38-00-203Z,A,entity-06-suspicious,suspicious,17,2026-07-13T08:40:47.864Z,2026-07-13T08:40:47.864Z,2026-07-13T08:40:47.864Z,0,2026-07-13T08:40:47.993Z,0x5be053e4731f51dae2e9f097cce182c683559f58eb1c78406233e1890ec57e02,2026-07-13T08:40:52.259Z,success,37775,1000,6376601,0xbd6ab365f6a4e0e4a8a3de74e6041ba406353bbfdff40665171e4b58a555b002,2026-07-13T08:40:52.259Z,4266,4266,4395,58,Suspicious,2026-07-13T08:40:40.341Z,0x5aabc32eda8f925adb6fc5a1bf75f6dc739ce49e07468bc82495959123e55122,,variant-batch live execution
datm-live-2026-07-13T08-38-00-203Z,A,entity-07-suspicious,suspicious,17,2026-07-13T08:40:47.864Z,2026-07-13T08:40:47.864Z,2026-07-13T08:40:47.864Z,0,2026-07-13T08:40:48.019Z,0x628449284ed99e8b24c61e9894adc639ab2e46322889de5d5c4f4b19c306502e,2026-07-13T08:40:52.451Z,success,37775,1000,6376601,0xbd6ab365f6a4e0e4a8a3de74e6041ba406353bbfdff40665171e4b58a555b002,2026-07-13T08:40:52.451Z,4432,4432,4587,64,Suspicious,2026-07-13T08:40:40.341Z,0x11f840e760222dff8550141c1c42484b601305cb200e3ea46d373088cc3f0981,,variant-batch live execution
datm-live-2026-07-13T08-38-00-203Z,A,entity-08-malicious,malicious,17,2026-07-13T08:40:47.864Z,2026-07-13T08:40:47.864Z,2026-07-13T08:40:47.864Z,0,2026-07-13T08:40:48.019Z,0xbaf8317b119c5cfd80f16cc53826f1fea90018e16a26eb8c5251d720f0e21131,2026-07-13T08:40:52.466Z,success,37775,1000,6376601,0xbd6ab365f6a4e0e4a8a3de74e6041ba406353bbfdff40665171e4b58a555b002,2026-07-13T08:40:52.466Z,4447,4447,4602,27,Untrusted,2026-07-13T08:40:40.341Z,0xe4be3840d36dfcb7337ad2e8aa1926e9c01610e65830294d5b6ceb421ac896c9,,variant-batch live execution
datm-live-2026-07-13T08-38-00-203Z,A,entity-09-malicious,malicious,17,2026-07-13T08:40:47.864Z,2026-07-13T08:40:47.864Z,2026-07-13T08:40:47.864Z,0,2026-07-13T08:40:48.019Z,0x08b64745acc40e8c235a1bfc3d650100948db04d136bac1467f9010c749a92a8,2026-07-13T08:40:52.483Z,success,37775,1000,6376601,0xbd6ab365f6a4e0e4a8a3de74e6041ba406353bbfdff40665171e4b58a555b002,2026-07-13T08:40:52.483Z,4464,4464,4619,26,Untrusted,2026-07-13T08:40:40.341Z,0x2b29db13f8c40e178e76578a09771f5c27215b6fa142f07409f26f2ba21d6251,,variant-batch live execution
datm-live-2026-07-13T08-38-00-203Z,A,entity-10-malicious,malicious,17,2026-07-13T08:40:47.865Z,2026-07-13T08:40:47.865Z,2026-07-13T08:40:47.865Z,0,2026-07-13T08:40:48.020Z,0x6396e1b0c109e658da3424aec8090b17405bb1db7bb86609c879e1c49e472ba5,2026-07-13T08:40:52.489Z,success,37763,1000,6376601,0xbd6ab365f6a4e0e4a8a3de74e6041ba406353bbfdff40665171e4b58a555b002,2026-07-13T08:40:52.489Z,4469,4469,4624,28,Untrusted,2026-07-13T08:40:40.341Z,0x3e59a7d068a31b97ad773db0ac7377d844379068cb936362803599dec7eb176a,,variant-batch live execution
datm-live-2026-07-13T08-38-00-203Z,A,entity-01-normal,normal,18,2026-07-13T08:40:57.619Z,2026-07-13T08:40:57.619Z,2026-07-13T08:40:57.619Z,0,2026-07-13T08:40:57.736Z,0xad2968a530dcf016cc7948563aea3727081045bfb32668687e3d5e1a152bea92,2026-07-13T08:41:01.996Z,success,37763,1000,6376603,0x9130cc8f0164ba047de6e6e768d7c064db3865028f241162256cb73adcd78152,2026-07-13T08:41:01.996Z,4260,4260,4377,92,Trusted,2026-07-13T08:40:50.341Z,0x1ca0c85a33b6c2f5c40cfcd4ca6513dc39898e17c0009e7c67f91c4d5929ceb5,,variant-batch live execution
datm-live-2026-07-13T08-38-00-203Z,A,entity-02-normal,normal,18,2026-07-13T08:40:57.619Z,2026-07-13T08:40:57.619Z,2026-07-13T08:40:57.619Z,0,2026-07-13T08:40:57.736Z,0x2da86d2185f29f82d863d80463d7341ab8e5b4691baaa57806f6c59cab1e9c74,2026-07-13T08:41:01.993Z,success,37775,1000,6376603,0x9130cc8f0164ba047de6e6e768d7c064db3865028f241162256cb73adcd78152,2026-07-13T08:41:01.993Z,4257,4257,4374,91,Trusted,2026-07-13T08:40:50.341Z,0xa4ff93fd3a6a2af05238548c5c18132cda62d7fd8ab13c13dae7759040d4181f,,variant-batch live execution
datm-live-2026-07-13T08-38-00-203Z,A,entity-03-normal,normal,18,2026-07-13T08:40:57.620Z,2026-07-13T08:40:57.620Z,2026-07-13T08:40:57.620Z,0,2026-07-13T08:40:57.756Z,0xe12a108cb5df14c410b656e6384de90d5f53e090322e2ab471dca605e77beef7,2026-07-13T08:41:01.997Z,success,37763,1000,6376603,0x9130cc8f0164ba047de6e6e768d7c064db3865028f241162256cb73adcd78152,2026-07-13T08:41:01.997Z,4241,4241,4377,92,Trusted,2026-07-13T08:40:50.341Z,0x2fa6aa1c5cee0078c41bb1a997092e8cf0a4c64a587842212a4b9922b092d55a,,variant-batch live execution
datm-live-2026-07-13T08-38-00-203Z,A,entity-04-normal,normal,18,2026-07-13T08:40:57.620Z,2026-07-13T08:40:57.620Z,2026-07-13T08:40:57.620Z,0,2026-07-13T08:40:57.757Z,0x706fec7992028a482c538c6d0cfcf5ded1f254f6422fe60c13a768ee489af64b,2026-07-13T08:41:02.017Z,success,37775,1000,6376603,0x9130cc8f0164ba047de6e6e768d7c064db3865028f241162256cb73adcd78152,2026-07-13T08:41:02.017Z,4260,4260,4397,92,Trusted,2026-07-13T08:40:50.341Z,0x67ed26c0c159894ca6ba655c0f0f1bd50c5e8b9e3fb6492d29d79976c7a9a0a7,,variant-batch live execution
datm-live-2026-07-13T08-38-00-203Z,A,entity-05-suspicious,suspicious,18,2026-07-13T08:40:57.620Z,2026-07-13T08:40:57.620Z,2026-07-13T08:40:57.620Z,0,2026-07-13T08:40:57.757Z,0x81ee0a1b48e2c7338b0c865c27f3879e8a9971890fd32503989e1985f908fd56,2026-07-13T08:41:01.987Z,success,37775,1000,6376603,0x9130cc8f0164ba047de6e6e768d7c064db3865028f241162256cb73adcd78152,2026-07-13T08:41:01.987Z,4230,4230,4367,58,Suspicious,2026-07-13T08:40:50.341Z,0xc42686e1d3b0a5ebcb2060a1f74976446e075dafc4c75233115385a9259becbd,,variant-batch live execution
datm-live-2026-07-13T08-38-00-203Z,A,entity-06-suspicious,suspicious,18,2026-07-13T08:40:57.620Z,2026-07-13T08:40:57.620Z,2026-07-13T08:40:57.620Z,0,2026-07-13T08:40:57.757Z,0x60cba2435bb1a20d4a05c2d89aaba96950feddfd08c8082670c65180de8c8992,2026-07-13T08:41:01.989Z,success,37775,1000,6376603,0x9130cc8f0164ba047de6e6e768d7c064db3865028f241162256cb73adcd78152,2026-07-13T08:41:01.989Z,4232,4232,4369,60,Suspicious,2026-07-13T08:40:50.341Z,0x108c33368c1d23874ede12fdae50e0b7cdce66600cc0a9e6424ce67b64bc73a4,,variant-batch live execution
datm-live-2026-07-13T08-38-00-203Z,A,entity-07-suspicious,suspicious,18,2026-07-13T08:40:57.620Z,2026-07-13T08:40:57.620Z,2026-07-13T08:40:57.620Z,0,2026-07-13T08:40:57.757Z,0x44030fd7ae87824eb95023a57bbedc2bcf26310f44b7f1dc0ac7c7bb416bbef4,2026-07-13T08:41:02.177Z,success,37775,1000,6376603,0x9130cc8f0164ba047de6e6e768d7c064db3865028f241162256cb73adcd78152,2026-07-13T08:41:02.177Z,4420,4420,4557,61,Suspicious,2026-07-13T08:40:50.341Z,0x68abcde042f66a594b010e2b6ee49e29ce8473f711f876d6b4c856d3211cbab2,,variant-batch live execution
datm-live-2026-07-13T08-38-00-203Z,A,entity-08-malicious,malicious,18,2026-07-13T08:40:57.620Z,2026-07-13T08:40:57.620Z,2026-07-13T08:40:57.620Z,0,2026-07-13T08:40:57.762Z,0xdf1e2807e969ede104124c6210ef491215d9f56d9c12bb7b2f3d5b80674bf9cc,2026-07-13T08:41:02.186Z,success,37775,1000,6376603,0x9130cc8f0164ba047de6e6e768d7c064db3865028f241162256cb73adcd78152,2026-07-13T08:41:02.186Z,4424,4424,4566,26,Untrusted,2026-07-13T08:40:50.341Z,0xa3acd166e94f9fd06ac4946554e3ee8b9c955de494fdbd7d6ef09504f4e514d2,,variant-batch live execution
datm-live-2026-07-13T08-38-00-203Z,A,entity-09-malicious,malicious,18,2026-07-13T08:40:57.620Z,2026-07-13T08:40:57.620Z,2026-07-13T08:40:57.620Z,0,2026-07-13T08:40:57.762Z,0xf7672f9b16cfdba2a3ea94cbee2bb0a8b4f852a63be9370e467c51e332a4cb8c,2026-07-13T08:41:02.216Z,success,37775,1000,6376603,0x9130cc8f0164ba047de6e6e768d7c064db3865028f241162256cb73adcd78152,2026-07-13T08:41:02.216Z,4454,4454,4596,27,Untrusted,2026-07-13T08:40:50.341Z,0x6120221eda83370f5bb1cffa055a8841de424072de29e0a0c954bba30e468f66,,variant-batch live execution
datm-live-2026-07-13T08-38-00-203Z,A,entity-10-malicious,malicious,18,2026-07-13T08:40:57.621Z,2026-07-13T08:40:57.621Z,2026-07-13T08:40:57.621Z,0,2026-07-13T08:40:57.762Z,0xc342950cf18a014541000db30959bc0f0bb88326acc78e4b6faab85a7b27cdef,2026-07-13T08:41:02.201Z,success,37763,1000,6376603,0x9130cc8f0164ba047de6e6e768d7c064db3865028f241162256cb73adcd78152,2026-07-13T08:41:02.201Z,4439,4439,4580,28,Untrusted,2026-07-13T08:40:50.341Z,0xa97aee5233a253766ba646adbb4dfb5deddf42c396b532642fea31a83cc9b73d,,variant-batch live execution
datm-live-2026-07-13T08-38-00-203Z,A,entity-01-normal,normal,19,2026-07-13T08:41:07.340Z,2026-07-13T08:41:07.340Z,2026-07-13T08:41:07.340Z,0,2026-07-13T08:41:07.453Z,0x1f528b88f8a670db4b9347b7a6f88a0166532b6de68b4a0e3142e83afb2a21f7,2026-07-13T08:41:11.705Z,success,37775,1000,6376605,0xf3778f8474dfa2333710916ae88d6f895269a5a7cc39fa705bee41b0c19411c0,2026-07-13T08:41:11.705Z,4252,4252,4365,92,Trusted,2026-07-13T08:41:00.341Z,0x997fc6fe25fe27bc7714290db0dd5b3f211716010ecd11ffdca9b0b6b097c4bb,,variant-batch live execution
datm-live-2026-07-13T08-38-00-203Z,A,entity-02-normal,normal,19,2026-07-13T08:41:07.340Z,2026-07-13T08:41:07.340Z,2026-07-13T08:41:07.340Z,0,2026-07-13T08:41:07.482Z,0xe9b2ed380c40ee7518640be8e46b9934553f2f4c386773d8381840fd6013ed7a,2026-07-13T08:41:11.708Z,success,37775,1000,6376605,0xf3778f8474dfa2333710916ae88d6f895269a5a7cc39fa705bee41b0c19411c0,2026-07-13T08:41:11.708Z,4226,4226,4368,93,Trusted,2026-07-13T08:41:00.341Z,0x52e87d9a3b42c1e62c994c7dafdf9e553ffa0e50d5fe0c6fe0a23724d71cd86b,,variant-batch live execution
datm-live-2026-07-13T08-38-00-203Z,A,entity-03-normal,normal,19,2026-07-13T08:41:07.341Z,2026-07-13T08:41:07.341Z,2026-07-13T08:41:07.341Z,0,2026-07-13T08:41:07.454Z,0x62626f7c840b3357c520139a2f5b60820bb1a615eec1f994ccdf4d671f3d9cd2,2026-07-13T08:41:11.728Z,success,37775,1000,6376605,0xf3778f8474dfa2333710916ae88d6f895269a5a7cc39fa705bee41b0c19411c0,2026-07-13T08:41:11.728Z,4274,4274,4387,93,Trusted,2026-07-13T08:41:00.341Z,0xc7be49801fd6cf5c8e46679b989c23c8081ac7ff489364b0cd4140289e493e7e,,variant-batch live execution
datm-live-2026-07-13T08-38-00-203Z,A,entity-04-normal,normal,19,2026-07-13T08:41:07.341Z,2026-07-13T08:41:07.341Z,2026-07-13T08:41:07.341Z,0,2026-07-13T08:41:07.454Z,0xec5f67c7fd94efc7f3ae66adba05cc6d70f5de0c2e13a81bb1e6866ee4e96bd7,2026-07-13T08:41:11.710Z,success,37775,1000,6376605,0xf3778f8474dfa2333710916ae88d6f895269a5a7cc39fa705bee41b0c19411c0,2026-07-13T08:41:11.710Z,4256,4256,4369,92,Trusted,2026-07-13T08:41:00.341Z,0x43cd11b153016e1a9bf2d3e608aafc5d558a0f7f058ddb6529295cf6bac3601f,,variant-batch live execution
datm-live-2026-07-13T08-38-00-203Z,A,entity-05-suspicious,suspicious,19,2026-07-13T08:41:07.341Z,2026-07-13T08:41:07.341Z,2026-07-13T08:41:07.341Z,0,2026-07-13T08:41:07.483Z,0xad27833ba11a66c57defad1b99c3f1fcc8ccaee8b6f04c5e93be5557e148850e,2026-07-13T08:41:11.703Z,success,37775,1000,6376605,0xf3778f8474dfa2333710916ae88d6f895269a5a7cc39fa705bee41b0c19411c0,2026-07-13T08:41:11.703Z,4220,4220,4362,60,Suspicious,2026-07-13T08:41:00.341Z,0xa95f4e1f8c3160219ea047ee7ad5608dd696d824d85c3b6397b2e278a7cfd388,,variant-batch live execution
datm-live-2026-07-13T08-38-00-203Z,A,entity-06-suspicious,suspicious,19,2026-07-13T08:41:07.341Z,2026-07-13T08:41:07.341Z,2026-07-13T08:41:07.341Z,0,2026-07-13T08:41:07.454Z,0x332025d6513c360764fba7894fc88406628c06e4cb69f1f7346eb22270889ebd,2026-07-13T08:41:11.707Z,success,37775,1000,6376605,0xf3778f8474dfa2333710916ae88d6f895269a5a7cc39fa705bee41b0c19411c0,2026-07-13T08:41:11.707Z,4253,4253,4366,62,Suspicious,2026-07-13T08:41:00.341Z,0x3f09d7bcbdf8dcac59e41906435e57349261ae791186c7f79890d00f43e9c2da,,variant-batch live execution
datm-live-2026-07-13T08-38-00-203Z,A,entity-07-suspicious,suspicious,19,2026-07-13T08:41:07.341Z,2026-07-13T08:41:07.341Z,2026-07-13T08:41:07.341Z,0,2026-07-13T08:41:07.483Z,0x37303c93c5e338c74248659322050a8e7c47f23adea0fb3c28c1b180519be3ad,2026-07-13T08:41:11.881Z,success,37775,1000,6376605,0xf3778f8474dfa2333710916ae88d6f895269a5a7cc39fa705bee41b0c19411c0,2026-07-13T08:41:11.881Z,4398,4398,4540,58,Suspicious,2026-07-13T08:41:00.341Z,0x937d533fe5b5af365b9175e2718330c2c914e1d38247338618d86b1ca330e332,,variant-batch live execution
datm-live-2026-07-13T08-38-00-203Z,A,entity-08-malicious,malicious,19,2026-07-13T08:41:07.341Z,2026-07-13T08:41:07.341Z,2026-07-13T08:41:07.341Z,0,2026-07-13T08:41:07.454Z,0xb18466c0282804749342a6ed67788b66f002a1f30225b2d0f58ee08c92811443,2026-07-13T08:41:11.899Z,success,37775,1000,6376605,0xf3778f8474dfa2333710916ae88d6f895269a5a7cc39fa705bee41b0c19411c0,2026-07-13T08:41:11.899Z,4445,4445,4558,27,Untrusted,2026-07-13T08:41:00.341Z,0x6d7cd5a9c352dc954012045551a7aae452d75f1132d52dcfd012d2f0809e170d,,variant-batch live execution
datm-live-2026-07-13T08-38-00-203Z,A,entity-09-malicious,malicious,19,2026-07-13T08:41:07.342Z,2026-07-13T08:41:07.342Z,2026-07-13T08:41:07.342Z,0,2026-07-13T08:41:07.483Z,0x72d44db4c9d9effeceeb8afe8a47b53242198fc92b76eb1f7b2f7736e84edc57,2026-07-13T08:41:11.912Z,success,37763,1000,6376605,0xf3778f8474dfa2333710916ae88d6f895269a5a7cc39fa705bee41b0c19411c0,2026-07-13T08:41:11.912Z,4429,4429,4570,26,Untrusted,2026-07-13T08:41:00.341Z,0xcdadd3f91b67ea4377b0770e3b00b4778c3beebd9d9a9cae64366080a5a31fcd,,variant-batch live execution
datm-live-2026-07-13T08-38-00-203Z,A,entity-10-malicious,malicious,19,2026-07-13T08:41:07.342Z,2026-07-13T08:41:07.342Z,2026-07-13T08:41:07.342Z,0,2026-07-13T08:41:07.454Z,0xe8cc4e872ca44cff6da0a0bc9df2068ac6898ac5e68dd5fea6d7dcfbebf202f0,2026-07-13T08:41:11.921Z,success,37763,1000,6376605,0xf3778f8474dfa2333710916ae88d6f895269a5a7cc39fa705bee41b0c19411c0,2026-07-13T08:41:11.921Z,4467,4467,4579,27,Untrusted,2026-07-13T08:41:00.341Z,0xa71befc24b99d4ca9df1ed8be7e5fe071822450ea262f92cf7c8e0bb6c97298d,,variant-batch live execution
datm-live-2026-07-13T08-38-00-203Z,A,entity-01-normal,normal,20,2026-07-13T08:41:17.032Z,2026-07-13T08:41:17.032Z,2026-07-13T08:41:17.032Z,0,2026-07-13T08:41:17.447Z,0x0ba6075ab3341bf6c2ed60d91b89e311b033abbb2572786b0d8b9c03634e41fa,2026-07-13T08:41:22.602Z,success,37775,1000,6376607,0x2a2745afa9f1f4b5d14d7b4a134e20e73d6c9bc0bb9d5f63dd2faf2dc827e829,2026-07-13T08:41:22.602Z,5155,5155,5570,92,Trusted,2026-07-13T08:41:10.341Z,0x2ebaf39e44eedfe9206f03848d968c8190b049905e4ce19fb83af385e8ec422c,,variant-batch live execution
datm-live-2026-07-13T08-38-00-203Z,A,entity-02-normal,normal,20,2026-07-13T08:41:17.033Z,2026-07-13T08:41:17.033Z,2026-07-13T08:41:17.033Z,0,2026-07-13T08:41:17.447Z,0x1f57668f71e099ccdf6ce37033e398a8c499e7a5c816ff284315d1e13ccd43e5,2026-07-13T08:41:22.602Z,success,37775,1000,6376607,0x2a2745afa9f1f4b5d14d7b4a134e20e73d6c9bc0bb9d5f63dd2faf2dc827e829,2026-07-13T08:41:22.602Z,5155,5155,5569,93,Trusted,2026-07-13T08:41:10.341Z,0xc9f97c67ddecb1c99bd6ba7bd6988ea99a74da641520c911d44767e63c6dd20d,,variant-batch live execution
datm-live-2026-07-13T08-38-00-203Z,A,entity-03-normal,normal,20,2026-07-13T08:41:17.033Z,2026-07-13T08:41:17.033Z,2026-07-13T08:41:17.033Z,0,2026-07-13T08:41:17.447Z,0x8c2b7708415ef1c9f863085758d46b1c1bc8ec64c4ab11f039a2d3ad7e1319fe,2026-07-13T08:41:22.924Z,success,37763,1000,6376607,0x2a2745afa9f1f4b5d14d7b4a134e20e73d6c9bc0bb9d5f63dd2faf2dc827e829,2026-07-13T08:41:22.924Z,5477,5477,5891,91,Trusted,2026-07-13T08:41:10.341Z,0x66a50098429899aaef57ba7ff8edd5070d65141edf22111e1d26e26a375ffde8,,variant-batch live execution
datm-live-2026-07-13T08-38-00-203Z,A,entity-04-normal,normal,20,2026-07-13T08:41:17.034Z,2026-07-13T08:41:17.034Z,2026-07-13T08:41:17.034Z,0,2026-07-13T08:41:17.526Z,0x5de2f9fa34557c739bd7f73632d4d5bb38e15b3308182f1329c3bb256fd3bf4f,2026-07-13T08:41:22.602Z,success,37775,1000,6376607,0x2a2745afa9f1f4b5d14d7b4a134e20e73d6c9bc0bb9d5f63dd2faf2dc827e829,2026-07-13T08:41:22.602Z,5076,5076,5568,92,Trusted,2026-07-13T08:41:10.341Z,0xfdf58ebace3be60cfca83db3597d077f29ac694240969bbb4bcfcc52529887d7,,variant-batch live execution
datm-live-2026-07-13T08-38-00-203Z,A,entity-05-suspicious,suspicious,20,2026-07-13T08:41:17.034Z,2026-07-13T08:41:17.034Z,2026-07-13T08:41:17.034Z,0,2026-07-13T08:41:17.526Z,0x2ec81d723e43be6b86f9a17da34e7eca2d15c5352de6a6279351f40bc28443e6,2026-07-13T08:41:22.601Z,success,37775,1000,6376607,0x2a2745afa9f1f4b5d14d7b4a134e20e73d6c9bc0bb9d5f63dd2faf2dc827e829,2026-07-13T08:41:22.601Z,5075,5075,5567,62,Suspicious,2026-07-13T08:41:10.341Z,0x52290b2d61876c067a76a56d17bccc986f5b303e4d20bbac44f911bbe1c69882,,variant-batch live execution
datm-live-2026-07-13T08-38-00-203Z,A,entity-06-suspicious,suspicious,20,2026-07-13T08:41:17.034Z,2026-07-13T08:41:17.034Z,2026-07-13T08:41:17.034Z,0,2026-07-13T08:41:17.447Z,0x933edebc83768e7249093043b020c5f2657e4f999bec2bf38d5732938d0b9a10,2026-07-13T08:41:22.601Z,success,37775,1000,6376607,0x2a2745afa9f1f4b5d14d7b4a134e20e73d6c9bc0bb9d5f63dd2faf2dc827e829,2026-07-13T08:41:22.601Z,5154,5154,5567,63,Suspicious,2026-07-13T08:41:10.341Z,0x1b076e576582f512d3217dd68cf44c1923b259a119525da3cc925910b970b955,,variant-batch live execution
datm-live-2026-07-13T08-38-00-203Z,A,entity-07-suspicious,suspicious,20,2026-07-13T08:41:17.034Z,2026-07-13T08:41:17.034Z,2026-07-13T08:41:17.034Z,0,2026-07-13T08:41:17.447Z,0xc30538efdd633ddfb7561f58b6414456edeb75e4648ec2150e419b4b60886001,2026-07-13T08:41:23.448Z,success,37775,1000,6376607,0x2a2745afa9f1f4b5d14d7b4a134e20e73d6c9bc0bb9d5f63dd2faf2dc827e829,2026-07-13T08:41:23.448Z,6001,6001,6414,60,Suspicious,2026-07-13T08:41:10.341Z,0xba2ce0d9da412107f7ace177c3ba6b07fa5fed80fe53e28eb529cac5676958e4,,variant-batch live execution
datm-live-2026-07-13T08-38-00-203Z,A,entity-08-malicious,malicious,20,2026-07-13T08:41:17.034Z,2026-07-13T08:41:17.034Z,2026-07-13T08:41:17.034Z,0,2026-07-13T08:41:17.447Z,0x8e7b4fc02001eeec54ea44628e04014da713a8fdd47089f481da041742793606,2026-07-13T08:41:23.446Z,success,37775,1000,6376607,0x2a2745afa9f1f4b5d14d7b4a134e20e73d6c9bc0bb9d5f63dd2faf2dc827e829,2026-07-13T08:41:23.446Z,5999,5999,6412,26,Untrusted,2026-07-13T08:41:10.341Z,0x19f0821e6d481d80c5112aeff082772247f4c5a2f6e702ca36b3893c159db8c9,,variant-batch live execution
datm-live-2026-07-13T08-38-00-203Z,A,entity-09-malicious,malicious,20,2026-07-13T08:41:17.034Z,2026-07-13T08:41:17.034Z,2026-07-13T08:41:17.034Z,0,2026-07-13T08:41:17.526Z,0xe64afa2806b07fe153dd5611b8641323cd5c3888f3d352a57f890e1ea7b661d8,2026-07-13T08:41:23.403Z,success,37775,1000,6376607,0x2a2745afa9f1f4b5d14d7b4a134e20e73d6c9bc0bb9d5f63dd2faf2dc827e829,2026-07-13T08:41:23.403Z,5877,5877,6369,26,Untrusted,2026-07-13T08:41:10.341Z,0xdb17a259c9420d06048efe056d559b332ac084e52865404e93f1b27ba50711c5,,variant-batch live execution
datm-live-2026-07-13T08-38-00-203Z,A,entity-10-malicious,malicious,20,2026-07-13T08:41:17.035Z,2026-07-13T08:41:17.035Z,2026-07-13T08:41:17.035Z,0,2026-07-13T08:41:17.526Z,0xa192a5f6efabc346a11d460d2fb42e0c18102bdfcc49ea875828549e91f4dec5,2026-07-13T08:41:23.447Z,success,37763,1000,6376607,0x2a2745afa9f1f4b5d14d7b4a134e20e73d6c9bc0bb9d5f63dd2faf2dc827e829,2026-07-13T08:41:23.447Z,5921,5921,6412,28,Untrusted,2026-07-13T08:41:10.341Z,0x5188219bbb1f3af9fd907872b3812666d1773286be06715d77fbd30b7edc1780,,variant-batch live execution
datm-live-2026-07-13T08-38-00-203Z,A,entity-01-normal,normal,21,2026-07-13T08:41:28.702Z,2026-07-13T08:41:28.702Z,2026-07-13T08:41:28.702Z,0,2026-07-13T08:41:29.091Z,0x379e0e905b9967ea56a2b448ebbc672ab2d50c6bb96ec741959341bfee2aeed4,2026-07-13T08:41:37.484Z,success,37775,1000,6376610,0xf9fc24c3080764289c0ec2bc6f4bfa6663deaba8f874670ec0e320429c5cd867,2026-07-13T08:41:37.484Z,8393,8393,8782,91,Trusted,2026-07-13T08:41:20.341Z,0x3e961f53a4dfcdc0dae333713b2c972eab1a7a4757815794f62e9e8e46ef2c6e,,variant-batch live execution
datm-live-2026-07-13T08-38-00-203Z,A,entity-02-normal,normal,21,2026-07-13T08:41:28.703Z,2026-07-13T08:41:28.703Z,2026-07-13T08:41:28.703Z,0,2026-07-13T08:41:29.123Z,0x2ffae9368a5e053383c6f65da6ced108fceaafaaee43e2af76f8a8c9142a8409,2026-07-13T08:41:37.478Z,success,37775,1000,6376610,0xf9fc24c3080764289c0ec2bc6f4bfa6663deaba8f874670ec0e320429c5cd867,2026-07-13T08:41:37.478Z,8355,8355,8775,89,Trusted,2026-07-13T08:41:20.341Z,0x1e7a4be2e61c4d4944275950efb1cca3c67e83a32da9e2186ca0c086e6e1d639,,variant-batch live execution
datm-live-2026-07-13T08-38-00-203Z,A,entity-03-normal,normal,21,2026-07-13T08:41:28.703Z,2026-07-13T08:41:28.703Z,2026-07-13T08:41:28.703Z,0,2026-07-13T08:41:29.124Z,0xef02a4f8780291991ffdc6e91fe02a8dad32c5dcd34db41ecc14c3546bf14264,2026-07-13T08:41:37.443Z,success,37775,1000,6376610,0xf9fc24c3080764289c0ec2bc6f4bfa6663deaba8f874670ec0e320429c5cd867,2026-07-13T08:41:37.443Z,8319,8319,8740,91,Trusted,2026-07-13T08:41:20.341Z,0x67710c9125a26222a2c5fd376cdd0ab7a0b8f0e452a8ea65c46ff0be7b156d12,,variant-batch live execution
datm-live-2026-07-13T08-38-00-203Z,A,entity-04-normal,normal,21,2026-07-13T08:41:28.703Z,2026-07-13T08:41:28.703Z,2026-07-13T08:41:28.703Z,0,2026-07-13T08:41:29.128Z,0xee5ce13da8e4b11d2a0d7432ee08e0fab65238ec40efae67aca0b8806f12b80c,2026-07-13T08:41:37.376Z,success,37775,1000,6376610,0xf9fc24c3080764289c0ec2bc6f4bfa6663deaba8f874670ec0e320429c5cd867,2026-07-13T08:41:37.376Z,8248,8248,8673,91,Trusted,2026-07-13T08:41:20.341Z,0x128cda6b155720d096421b46aeae17664cf2f5222ac8d0f1548a66379b220bc5,,variant-batch live execution
datm-live-2026-07-13T08-38-00-203Z,A,entity-05-suspicious,suspicious,21,2026-07-13T08:41:28.704Z,2026-07-13T08:41:28.704Z,2026-07-13T08:41:28.704Z,0,2026-07-13T08:41:29.124Z,0x8974c5df1b8d61aa402d5991a55a5e1855d2e3093c666fc886786702a3297e3c,2026-07-13T08:41:37.448Z,success,37775,1000,6376610,0xf9fc24c3080764289c0ec2bc6f4bfa6663deaba8f874670ec0e320429c5cd867,2026-07-13T08:41:37.448Z,8324,8324,8744,63,Suspicious,2026-07-13T08:41:20.341Z,0x9a90050ca28f1498486b2e3deaf2ea1d1dd5bf8fcba5a3e4c20adb4e038b80d1,,variant-batch live execution
datm-live-2026-07-13T08-38-00-203Z,A,entity-06-suspicious,suspicious,21,2026-07-13T08:41:28.704Z,2026-07-13T08:41:28.704Z,2026-07-13T08:41:28.704Z,0,2026-07-13T08:41:29.124Z,0x637813724678e004c9376807e2c9adca4095819c275cd4eec387b7c252c0f89d,2026-07-13T08:41:37.412Z,success,37775,1000,6376610,0xf9fc24c3080764289c0ec2bc6f4bfa6663deaba8f874670ec0e320429c5cd867,2026-07-13T08:41:37.412Z,8288,8288,8708,61,Suspicious,2026-07-13T08:41:20.341Z,0xd4df1c5e1258e7c86788ebdf2329847a2482e388871d8acd11025928ad7db85d,,variant-batch live execution
datm-live-2026-07-13T08-38-00-203Z,A,entity-07-suspicious,suspicious,21,2026-07-13T08:41:28.704Z,2026-07-13T08:41:28.704Z,2026-07-13T08:41:28.704Z,0,2026-07-13T08:41:29.124Z,0x5217d223524a6530680c6b20ffac8e86108e115fdb8aca6185a3d4a838f8f621,2026-07-13T08:41:37.671Z,success,37775,1000,6376610,0xf9fc24c3080764289c0ec2bc6f4bfa6663deaba8f874670ec0e320429c5cd867,2026-07-13T08:41:37.671Z,8547,8547,8967,62,Suspicious,2026-07-13T08:41:20.341Z,0xf452f68080193d140903c09e5e0d23fdc3d0ce8efb3beeef10dda671603980ce,,variant-batch live execution
datm-live-2026-07-13T08-38-00-203Z,A,entity-08-malicious,malicious,21,2026-07-13T08:41:28.704Z,2026-07-13T08:41:28.704Z,2026-07-13T08:41:28.704Z,0,2026-07-13T08:41:29.128Z,0x4df757573b221096a992fd708909f08250c8f5f2bfe79bbc3d52da801e67f1aa,2026-07-13T08:41:37.662Z,success,37775,1000,6376610,0xf9fc24c3080764289c0ec2bc6f4bfa6663deaba8f874670ec0e320429c5cd867,2026-07-13T08:41:37.662Z,8534,8534,8958,26,Untrusted,2026-07-13T08:41:20.341Z,0x6a475e3341d68bd9bcebdac7d08c2e9d6fe4fd9a592d784293884824fd6930a5,,variant-batch live execution
datm-live-2026-07-13T08-38-00-203Z,A,entity-09-malicious,malicious,21,2026-07-13T08:41:28.704Z,2026-07-13T08:41:28.704Z,2026-07-13T08:41:28.704Z,0,2026-07-13T08:41:29.128Z,0xc921634e9d20056d6a3ccb54fbd4ad1c351629a0bdac40d8b072b61aaf40df03,2026-07-13T08:41:37.658Z,success,37775,1000,6376610,0xf9fc24c3080764289c0ec2bc6f4bfa6663deaba8f874670ec0e320429c5cd867,2026-07-13T08:41:37.658Z,8530,8530,8954,27,Untrusted,2026-07-13T08:41:20.341Z,0x3bab1cd896bbc9587035c61be453c4fd203e576d061f5812622c639a9ba89187,,variant-batch live execution
datm-live-2026-07-13T08-38-00-203Z,A,entity-10-malicious,malicious,21,2026-07-13T08:41:28.704Z,2026-07-13T08:41:28.704Z,2026-07-13T08:41:28.704Z,0,2026-07-13T08:41:29.128Z,0x15d40a6942bf8be4e9d2781862706dcd7c6563228483fbc736cf9e9f4a14fa32,2026-07-13T08:41:37.710Z,success,37763,1000,6376610,0xf9fc24c3080764289c0ec2bc6f4bfa6663deaba8f874670ec0e320429c5cd867,2026-07-13T08:41:37.710Z,8582,8582,9006,26,Untrusted,2026-07-13T08:41:20.341Z,0xa55d39cd302798f0f9bcfbb50b58adae89061666a92c6afe956debe1521daf1a,,variant-batch live execution
datm-live-2026-07-13T08-38-00-203Z,A,entity-01-normal,normal,22,2026-07-13T08:41:42.842Z,2026-07-13T08:41:42.842Z,2026-07-13T08:41:42.842Z,0,2026-07-13T08:41:42.988Z,0xca4aa5b418d60167927ef304ec6b81b06678b52fec90d5e6c797a2228522145a,2026-07-13T08:41:47.241Z,success,37775,1000,6376612,0x4c679b2ad7e272a424e0da6f3ea01d9e161b10ff41c56c2fcfeb12f433b846a3,2026-07-13T08:41:47.241Z,4253,4253,4399,91,Trusted,2026-07-13T08:41:30.341Z,0x20de2809859b1fed115d7d6f894d4d1222d8e05011cf1fdc49221589f143b729,,variant-batch live execution
datm-live-2026-07-13T08-38-00-203Z,A,entity-02-normal,normal,22,2026-07-13T08:41:42.844Z,2026-07-13T08:41:42.844Z,2026-07-13T08:41:42.844Z,0,2026-07-13T08:41:42.967Z,0xaed32a19631aea7fd13e8d4722749e5acf6691d7632db24f3814453e0bcb52b8,2026-07-13T08:41:47.234Z,success,37775,1000,6376612,0x4c679b2ad7e272a424e0da6f3ea01d9e161b10ff41c56c2fcfeb12f433b846a3,2026-07-13T08:41:47.234Z,4267,4267,4390,93,Trusted,2026-07-13T08:41:30.341Z,0x09c5de08ea5623f3f9fd2bb137611a1fd26dbdad6511f01a2dcad7d783192f07,,variant-batch live execution
datm-live-2026-07-13T08-38-00-203Z,A,entity-03-normal,normal,22,2026-07-13T08:41:42.844Z,2026-07-13T08:41:42.844Z,2026-07-13T08:41:42.844Z,0,2026-07-13T08:41:42.959Z,0x801a9c53579f7c0a8856f3af53d3f8893d5554637642924c484966f147a841f3,2026-07-13T08:41:47.241Z,success,37775,1000,6376612,0x4c679b2ad7e272a424e0da6f3ea01d9e161b10ff41c56c2fcfeb12f433b846a3,2026-07-13T08:41:47.241Z,4282,4282,4397,92,Trusted,2026-07-13T08:41:30.341Z,0x9971f413fb0dc0f824cc8c9039b65ee2659090dc8c8adac35238b80546821e22,,variant-batch live execution
datm-live-2026-07-13T08-38-00-203Z,A,entity-04-normal,normal,22,2026-07-13T08:41:42.845Z,2026-07-13T08:41:42.845Z,2026-07-13T08:41:42.845Z,0,2026-07-13T08:41:42.967Z,0xea63bf863344dc6e4813e692324cf7d166941e58df02711c4ddb134a836e5ebe,2026-07-13T08:41:47.260Z,success,37775,1000,6376612,0x4c679b2ad7e272a424e0da6f3ea01d9e161b10ff41c56c2fcfeb12f433b846a3,2026-07-13T08:41:47.260Z,4293,4293,4415,91,Trusted,2026-07-13T08:41:30.341Z,0x38ddb717888a77968d277fcaeb78c3142c99479b267d6c242dfc691aee608f91,,variant-batch live execution
datm-live-2026-07-13T08-38-00-203Z,A,entity-05-suspicious,suspicious,22,2026-07-13T08:41:42.845Z,2026-07-13T08:41:42.845Z,2026-07-13T08:41:42.845Z,0,2026-07-13T08:41:42.988Z,0x4cd3fd2296cfb6a30b394023b1a925f1fd7670a0583d3a3b4d7f93bb25e09b49,2026-07-13T08:41:47.241Z,success,37775,1000,6376612,0x4c679b2ad7e272a424e0da6f3ea01d9e161b10ff41c56c2fcfeb12f433b846a3,2026-07-13T08:41:47.241Z,4253,4253,4396,61,Suspicious,2026-07-13T08:41:30.341Z,0x41d74794bf437bee7cc103015e61c2d96fce43105c089d2e21bc9705cc550d7a,,variant-batch live execution
datm-live-2026-07-13T08-38-00-203Z,A,entity-06-suspicious,suspicious,22,2026-07-13T08:41:42.846Z,2026-07-13T08:41:42.846Z,2026-07-13T08:41:42.846Z,0,2026-07-13T08:41:42.967Z,0x5b34cfa503d5a24e24e7aa9077fb29d00984932a178eaef52b485337449ab09b,2026-07-13T08:41:47.240Z,success,37775,1000,6376612,0x4c679b2ad7e272a424e0da6f3ea01d9e161b10ff41c56c2fcfeb12f433b846a3,2026-07-13T08:41:47.240Z,4273,4273,4394,58,Suspicious,2026-07-13T08:41:30.341Z,0xf25f260fb38f4641dd96f2316635401b4dcc80a025d9c0854f36e3125f9992e9,,variant-batch live execution
datm-live-2026-07-13T08-38-00-203Z,A,entity-07-suspicious,suspicious,22,2026-07-13T08:41:42.846Z,2026-07-13T08:41:42.846Z,2026-07-13T08:41:42.846Z,0,2026-07-13T08:41:42.967Z,0xaba1af9f7df37d69712901ac06a054a9c771169da48320d9c927023cace896a6,2026-07-13T08:41:47.456Z,success,37775,1000,6376612,0x4c679b2ad7e272a424e0da6f3ea01d9e161b10ff41c56c2fcfeb12f433b846a3,2026-07-13T08:41:47.456Z,4489,4489,4610,63,Suspicious,2026-07-13T08:41:30.341Z,0x289ef16e2e9c8b3a1b6d96d16b8013adc2753516c296a94b66bf6c0ee65f9679,,variant-batch live execution
datm-live-2026-07-13T08-38-00-203Z,A,entity-08-malicious,malicious,22,2026-07-13T08:41:42.847Z,2026-07-13T08:41:42.847Z,2026-07-13T08:41:42.847Z,0,2026-07-13T08:41:42.988Z,0xf045c94f8ff36c1eae04fa9ac377233550bdbb8f20e6f41fb551b712ba40326b,2026-07-13T08:41:47.482Z,success,37775,1000,6376612,0x4c679b2ad7e272a424e0da6f3ea01d9e161b10ff41c56c2fcfeb12f433b846a3,2026-07-13T08:41:47.482Z,4494,4494,4635,27,Untrusted,2026-07-13T08:41:30.341Z,0x60dec624240fd8fcf10af37dca1a4b78480d6181c57ce7fd7c961db5bf7a72f0,,variant-batch live execution
datm-live-2026-07-13T08-38-00-203Z,A,entity-09-malicious,malicious,22,2026-07-13T08:41:42.847Z,2026-07-13T08:41:42.847Z,2026-07-13T08:41:42.847Z,0,2026-07-13T08:41:42.989Z,0x410775bac307be95528e16e30ed2b546c2f6a2c7414df537bd3b8180409acdbc,2026-07-13T08:41:47.460Z,success,37775,1000,6376612,0x4c679b2ad7e272a424e0da6f3ea01d9e161b10ff41c56c2fcfeb12f433b846a3,2026-07-13T08:41:47.460Z,4471,4471,4613,25,Untrusted,2026-07-13T08:41:30.341Z,0xc8a35853c547a7a925aea8e807e05021d49f869634dbcc26c8e51a7f58226bfd,,variant-batch live execution
datm-live-2026-07-13T08-38-00-203Z,A,entity-10-malicious,malicious,22,2026-07-13T08:41:42.848Z,2026-07-13T08:41:42.848Z,2026-07-13T08:41:42.848Z,0,2026-07-13T08:41:42.968Z,0x02451f4d00e9939ab917d3885c61c6ae7527c50a99c85865a7b08cd0725e58ff,2026-07-13T08:41:47.458Z,success,37763,1000,6376612,0x4c679b2ad7e272a424e0da6f3ea01d9e161b10ff41c56c2fcfeb12f433b846a3,2026-07-13T08:41:47.458Z,4490,4490,4610,26,Untrusted,2026-07-13T08:41:30.341Z,0xd30719d2aaf0205ba2b107726201df670ccb25bc1c2a19ff5ec1f1a68242856a,,variant-batch live execution
datm-live-2026-07-13T08-38-00-203Z,A,entity-01-normal,normal,23,2026-07-13T08:41:52.608Z,2026-07-13T08:41:52.608Z,2026-07-13T08:41:52.608Z,0,2026-07-13T08:41:52.728Z,0xe6bb614f94661c9b69e29d34ef016568e797f98e018c88604c475c6823ad1d4c,2026-07-13T08:41:57.008Z,success,37775,1000,6376614,0x5ba1688b0663fa7cccc729549c89a0a08fe315bd7163211d697c8622683bf062,2026-07-13T08:41:57.008Z,4280,4280,4400,93,Trusted,2026-07-13T08:41:40.341Z,0x4298d8eff07b42a5c805cf4028e4d26b2c041ffdba05fe21233f6db9ec170bf7,,variant-batch live execution
datm-live-2026-07-13T08-38-00-203Z,A,entity-02-normal,normal,23,2026-07-13T08:41:52.609Z,2026-07-13T08:41:52.609Z,2026-07-13T08:41:52.609Z,0,2026-07-13T08:41:52.723Z,0x8bba166fd2a3c7bf893640e72e0fbf9e662eeac08527afa5991ed1417c83d9a2,2026-07-13T08:41:57.006Z,success,37775,1000,6376614,0x5ba1688b0663fa7cccc729549c89a0a08fe315bd7163211d697c8622683bf062,2026-07-13T08:41:57.006Z,4283,4283,4397,93,Trusted,2026-07-13T08:41:40.341Z,0x1602e1129325b85b49d77971235840495b3255b51c9b8e655347cb27685a815a,,variant-batch live execution
datm-live-2026-07-13T08-38-00-203Z,A,entity-03-normal,normal,23,2026-07-13T08:41:52.610Z,2026-07-13T08:41:52.610Z,2026-07-13T08:41:52.610Z,0,2026-07-13T08:41:52.728Z,0xb77db9e8538b3ed8fb79632295ff5b6ebad79c44cd710d0465087cb3a3eb32c5,2026-07-13T08:41:57.006Z,success,37775,1000,6376614,0x5ba1688b0663fa7cccc729549c89a0a08fe315bd7163211d697c8622683bf062,2026-07-13T08:41:57.006Z,4278,4278,4396,92,Trusted,2026-07-13T08:41:40.341Z,0x8ff26a4c50d7eb081ff575fc8ad1896ce29e0fd1b4b8a46a30926da190a82863,,variant-batch live execution
datm-live-2026-07-13T08-38-00-203Z,A,entity-04-normal,normal,23,2026-07-13T08:41:52.610Z,2026-07-13T08:41:52.610Z,2026-07-13T08:41:52.610Z,0,2026-07-13T08:41:52.728Z,0xa77cc0d24a6b2581092c4c9b5a40769d79e2adc6294ec9024c54e223169e9403,2026-07-13T08:41:57.007Z,success,37775,1000,6376614,0x5ba1688b0663fa7cccc729549c89a0a08fe315bd7163211d697c8622683bf062,2026-07-13T08:41:57.007Z,4279,4279,4397,93,Trusted,2026-07-13T08:41:40.341Z,0x860934e73651365827d5c85f209accfd3e77fc8e6c11befc269e064ff00d950b,,variant-batch live execution
datm-live-2026-07-13T08-38-00-203Z,A,entity-05-suspicious,suspicious,23,2026-07-13T08:41:52.610Z,2026-07-13T08:41:52.610Z,2026-07-13T08:41:52.610Z,0,2026-07-13T08:41:52.728Z,0xf07ee0f240b4e43bc9eb283c2825a9b0c2a5119c2ea630c5157ad6ae85765aa2,2026-07-13T08:41:57.007Z,success,37775,1000,6376614,0x5ba1688b0663fa7cccc729549c89a0a08fe315bd7163211d697c8622683bf062,2026-07-13T08:41:57.007Z,4279,4279,4397,58,Suspicious,2026-07-13T08:41:40.341Z,0x42586e5edef30143a25b4a1f44b2210812a37030d7b284aa660ca72cea48910b,,variant-batch live execution
datm-live-2026-07-13T08-38-00-203Z,A,entity-06-suspicious,suspicious,23,2026-07-13T08:41:52.611Z,2026-07-13T08:41:52.611Z,2026-07-13T08:41:52.611Z,0,2026-07-13T08:41:52.729Z,0xede84b7e83231c3d40243eb5de00b7238c05ad48a40e2f0e1659fe410a98c65e,2026-07-13T08:41:57.033Z,success,37775,1000,6376614,0x5ba1688b0663fa7cccc729549c89a0a08fe315bd7163211d697c8622683bf062,2026-07-13T08:41:57.033Z,4304,4304,4422,61,Suspicious,2026-07-13T08:41:40.341Z,0x6c58809e2c449d01f304121f5912d00ecb0b6a83248051da05fa621850330d5b,,variant-batch live execution
datm-live-2026-07-13T08-38-00-203Z,A,entity-07-suspicious,suspicious,23,2026-07-13T08:41:52.611Z,2026-07-13T08:41:52.611Z,2026-07-13T08:41:52.611Z,0,2026-07-13T08:41:52.751Z,0x545b2415ab3fb88d97e427efc92220b7eaa538987b7d4cdc358006e270d725d2,2026-07-13T08:41:57.192Z,success,37775,1000,6376614,0x5ba1688b0663fa7cccc729549c89a0a08fe315bd7163211d697c8622683bf062,2026-07-13T08:41:57.192Z,4441,4441,4581,61,Suspicious,2026-07-13T08:41:40.341Z,0xf9b902313b0561d291086b9a4e497653f19c788a65161c31a84cf3c36ab28d76,,variant-batch live execution
datm-live-2026-07-13T08-38-00-203Z,A,entity-08-malicious,malicious,23,2026-07-13T08:41:52.611Z,2026-07-13T08:41:52.611Z,2026-07-13T08:41:52.611Z,0,2026-07-13T08:41:52.751Z,0x58889bb8295aa6d56c388f69b1608f76a8b205b8e039375faaba01e6744455ff,2026-07-13T08:41:57.215Z,success,37775,1000,6376614,0x5ba1688b0663fa7cccc729549c89a0a08fe315bd7163211d697c8622683bf062,2026-07-13T08:41:57.215Z,4464,4464,4604,25,Untrusted,2026-07-13T08:41:40.341Z,0x28987a9e6177c00931e537ff78a7b5f336fefc8fbd5af4b468b944ec5976a383,,variant-batch live execution
datm-live-2026-07-13T08-38-00-203Z,A,entity-09-malicious,malicious,23,2026-07-13T08:41:52.612Z,2026-07-13T08:41:52.612Z,2026-07-13T08:41:52.612Z,0,2026-07-13T08:41:52.751Z,0x24671055392658a9c35a7084244c12e11bba9b59eea6410a4c670ba536d5ade8,2026-07-13T08:41:57.221Z,success,37775,1000,6376614,0x5ba1688b0663fa7cccc729549c89a0a08fe315bd7163211d697c8622683bf062,2026-07-13T08:41:57.221Z,4470,4470,4609,25,Untrusted,2026-07-13T08:41:40.341Z,0x3b9f235306de50405a9ed18a3bc9bcc40816eb4e70d6627a1ccf80588af8024f,,variant-batch live execution
datm-live-2026-07-13T08-38-00-203Z,A,entity-10-malicious,malicious,23,2026-07-13T08:41:52.612Z,2026-07-13T08:41:52.612Z,2026-07-13T08:41:52.612Z,0,2026-07-13T08:41:52.751Z,0xf254e185f10b4ccdd67cd1fa504ce9ad90c973769a5785bd046ba7b7e893f897,2026-07-13T08:41:57.247Z,success,37763,1000,6376614,0x5ba1688b0663fa7cccc729549c89a0a08fe315bd7163211d697c8622683bf062,2026-07-13T08:41:57.247Z,4496,4496,4635,28,Untrusted,2026-07-13T08:41:40.341Z,0x8122eab0f09f79d7aec27046c01b841403f232750122a21e0dfc21a7595a7ce7,,variant-batch live execution
datm-live-2026-07-13T08-38-00-203Z,A,entity-01-normal,normal,24,2026-07-13T08:42:02.356Z,2026-07-13T08:42:02.356Z,2026-07-13T08:42:02.356Z,0,2026-07-13T08:42:02.482Z,0x8cd60ce66bf948c71eff111119202b300542c8bed347adf384e2a17a243fc845,2026-07-13T08:42:06.762Z,success,37775,1000,6376616,0xa2e7e6a88012244b29c8a3eeb47fd553bd94f26df6fecd30a9336f0ecc79a1b8,2026-07-13T08:42:06.762Z,4280,4280,4406,92,Trusted,2026-07-13T08:41:50.341Z,0xe55b3314dc23d44a6110285f1a05ed9b695f0fa00cd03241ec452f5d3da53515,,variant-batch live execution
datm-live-2026-07-13T08-38-00-203Z,A,entity-02-normal,normal,24,2026-07-13T08:42:02.357Z,2026-07-13T08:42:02.357Z,2026-07-13T08:42:02.357Z,0,2026-07-13T08:42:02.482Z,0x52b2d00267b148baeaedff1cf025f8eb47fb41067dbd13b9159c7a592ebf8e18,2026-07-13T08:42:06.738Z,success,37775,1000,6376616,0xa2e7e6a88012244b29c8a3eeb47fd553bd94f26df6fecd30a9336f0ecc79a1b8,2026-07-13T08:42:06.738Z,4256,4256,4381,91,Trusted,2026-07-13T08:41:50.341Z,0x757550be661f34715ed2915cda223e278bb558d4365de9b8df8d9dd8cc36f5e0,,variant-batch live execution
datm-live-2026-07-13T08-38-00-203Z,A,entity-03-normal,normal,24,2026-07-13T08:42:02.357Z,2026-07-13T08:42:02.357Z,2026-07-13T08:42:02.357Z,0,2026-07-13T08:42:02.480Z,0xf1fc7d2163fdb6a89889944ab0f15c0992cc34feb1d465e521753a905e7d3bcf,2026-07-13T08:42:06.739Z,success,37775,1000,6376616,0xa2e7e6a88012244b29c8a3eeb47fd553bd94f26df6fecd30a9336f0ecc79a1b8,2026-07-13T08:42:06.739Z,4259,4259,4382,92,Trusted,2026-07-13T08:41:50.341Z,0xb1c464d7ed74d5fc0550bc3055e34b7c321ede380d67cb700dc1afeab7634ff5,,variant-batch live execution
datm-live-2026-07-13T08-38-00-203Z,A,entity-04-normal,normal,24,2026-07-13T08:42:02.357Z,2026-07-13T08:42:02.357Z,2026-07-13T08:42:02.357Z,0,2026-07-13T08:42:02.482Z,0x546eb0396460d70e159c49f1234609cd6fb962e7ae4dfeecb3abc151222d9c1c,2026-07-13T08:42:06.734Z,success,37775,1000,6376616,0xa2e7e6a88012244b29c8a3eeb47fd553bd94f26df6fecd30a9336f0ecc79a1b8,2026-07-13T08:42:06.734Z,4252,4252,4377,92,Trusted,2026-07-13T08:41:50.341Z,0x5faa759b45aa54d303bc3f12caecdd7070a00ebad2010c0793e07360d150349a,,variant-batch live execution
datm-live-2026-07-13T08-38-00-203Z,A,entity-05-suspicious,suspicious,24,2026-07-13T08:42:02.358Z,2026-07-13T08:42:02.358Z,2026-07-13T08:42:02.358Z,0,2026-07-13T08:42:02.505Z,0xa55fea442b30664c8a13159b540ce287180b6c3c279047d537fa7f15f4e206c9,2026-07-13T08:42:06.735Z,success,37775,1000,6376616,0xa2e7e6a88012244b29c8a3eeb47fd553bd94f26df6fecd30a9336f0ecc79a1b8,2026-07-13T08:42:06.735Z,4230,4230,4377,61,Suspicious,2026-07-13T08:41:50.341Z,0x4aa374e00122b1127de4be96c1380c23581766cfb1b05de53219ee81f57885ba,,variant-batch live execution
datm-live-2026-07-13T08-38-00-203Z,A,entity-06-suspicious,suspicious,24,2026-07-13T08:42:02.358Z,2026-07-13T08:42:02.358Z,2026-07-13T08:42:02.358Z,0,2026-07-13T08:42:02.482Z,0xb5d45e3e807a2570ceb35cdbf6c2c42e75d90b6cbe90cabe65fc794c25b1c397,2026-07-13T08:42:06.736Z,success,37775,1000,6376616,0xa2e7e6a88012244b29c8a3eeb47fd553bd94f26df6fecd30a9336f0ecc79a1b8,2026-07-13T08:42:06.736Z,4254,4254,4378,61,Suspicious,2026-07-13T08:41:50.341Z,0x11a63f86e8886b3fcea8d473720bda4ada247fa3bc9dd81495e0f80a38b89312,,variant-batch live execution
datm-live-2026-07-13T08-38-00-203Z,A,entity-07-suspicious,suspicious,24,2026-07-13T08:42:02.359Z,2026-07-13T08:42:02.359Z,2026-07-13T08:42:02.359Z,0,2026-07-13T08:42:02.483Z,0x9102e5d5daecc7b2bfc8d4fd1cec1069b031eb1fb5bf8ee3b3456bdba3ade73b,2026-07-13T08:42:06.909Z,success,37775,1000,6376616,0xa2e7e6a88012244b29c8a3eeb47fd553bd94f26df6fecd30a9336f0ecc79a1b8,2026-07-13T08:42:06.909Z,4426,4426,4550,58,Suspicious,2026-07-13T08:41:50.341Z,0x4d9e326fa30e7925244bac068e7303dc6fac4a3699d01be5f85cd312cde80281,,variant-batch live execution
datm-live-2026-07-13T08-38-00-203Z,A,entity-08-malicious,malicious,24,2026-07-13T08:42:02.359Z,2026-07-13T08:42:02.359Z,2026-07-13T08:42:02.359Z,0,2026-07-13T08:42:02.505Z,0x8f68389c0ab3f4148888d0864f3f06a105cc10c035590754d872501247f058cf,2026-07-13T08:42:06.921Z,success,37775,1000,6376616,0xa2e7e6a88012244b29c8a3eeb47fd553bd94f26df6fecd30a9336f0ecc79a1b8,2026-07-13T08:42:06.921Z,4416,4416,4562,25,Untrusted,2026-07-13T08:41:50.341Z,0xe0256d35eb2182d392034edd1b1e39158ca2e0090cc250029f3208b4f3a6c902,,variant-batch live execution
datm-live-2026-07-13T08-38-00-203Z,A,entity-09-malicious,malicious,24,2026-07-13T08:42:02.359Z,2026-07-13T08:42:02.359Z,2026-07-13T08:42:02.359Z,0,2026-07-13T08:42:02.505Z,0x24cb64a24cc406c6c298a6daff6c845a6f3bff0d6315ef7aa48212d34fad1f02,2026-07-13T08:42:06.935Z,success,37775,1000,6376616,0xa2e7e6a88012244b29c8a3eeb47fd553bd94f26df6fecd30a9336f0ecc79a1b8,2026-07-13T08:42:06.935Z,4430,4430,4576,27,Untrusted,2026-07-13T08:41:50.341Z,0xd4d0b3435ba841baad91ba1ef7f43c68d496146a618327bb77d21c1e3afa618d,,variant-batch live execution
datm-live-2026-07-13T08-38-00-203Z,A,entity-10-malicious,malicious,24,2026-07-13T08:42:02.359Z,2026-07-13T08:42:02.359Z,2026-07-13T08:42:02.359Z,0,2026-07-13T08:42:02.506Z,0x744f68959a17803edeb59061f0fabef9860d0248898fe51bdfff8d215f358894,2026-07-13T08:42:06.953Z,success,37763,1000,6376616,0xa2e7e6a88012244b29c8a3eeb47fd553bd94f26df6fecd30a9336f0ecc79a1b8,2026-07-13T08:42:06.953Z,4447,4447,4594,26,Untrusted,2026-07-13T08:41:50.341Z,0xf2c9f3f34b53d5a6bba78a18582bca540534d23ef5cde84f08599581a6f3348a,,variant-batch live execution
datm-live-2026-07-13T08-38-00-203Z,A,entity-01-normal,normal,25,2026-07-13T08:42:12.072Z,2026-07-13T08:42:12.072Z,2026-07-13T08:42:12.072Z,0,2026-07-13T08:42:12.209Z,0x424958ea1d920e4b3d41ef92d5076c8cd28622ca0827bd3a6e266f0edbb9d84d,2026-07-13T08:42:16.445Z,success,37775,1000,6376618,0x9f37c2448a7a66ebbc4feacffc566cca6e5d71af333d47a1c24365820dcb20d5,2026-07-13T08:42:16.445Z,4236,4236,4373,92,Trusted,2026-07-13T08:42:00.341Z,0x4d8db7610d483df00d0af650bab393aa26959667dc2889ff98778ee59ed4503c,,variant-batch live execution
datm-live-2026-07-13T08-38-00-203Z,A,entity-02-normal,normal,25,2026-07-13T08:42:12.072Z,2026-07-13T08:42:12.072Z,2026-07-13T08:42:12.072Z,0,2026-07-13T08:42:12.209Z,0x7646450746a650c537fbebc517ee7556bb62d4d619a348fc01ee9372b461c54c,2026-07-13T08:42:16.442Z,success,37775,1000,6376618,0x9f37c2448a7a66ebbc4feacffc566cca6e5d71af333d47a1c24365820dcb20d5,2026-07-13T08:42:16.442Z,4233,4233,4370,92,Trusted,2026-07-13T08:42:00.341Z,0x01e0ffd607e58518582db1bf59b31922a23e776f646d6ea99d1fd09552706e4b,,variant-batch live execution
datm-live-2026-07-13T08-38-00-203Z,A,entity-03-normal,normal,25,2026-07-13T08:42:12.073Z,2026-07-13T08:42:12.073Z,2026-07-13T08:42:12.073Z,0,2026-07-13T08:42:12.191Z,0x3c3c9b778259fec2a533267acabe112bbffbc8e30e87f11745bcbc48498b2130,2026-07-13T08:42:16.446Z,success,37775,1000,6376618,0x9f37c2448a7a66ebbc4feacffc566cca6e5d71af333d47a1c24365820dcb20d5,2026-07-13T08:42:16.446Z,4255,4255,4373,93,Trusted,2026-07-13T08:42:00.341Z,0xe3d8de7aa1f1195b7f17178e318b727f47f9eb08563316a99db95f2a12f0344f,,variant-batch live execution
datm-live-2026-07-13T08-38-00-203Z,A,entity-04-normal,normal,25,2026-07-13T08:42:12.073Z,2026-07-13T08:42:12.073Z,2026-07-13T08:42:12.073Z,0,2026-07-13T08:42:12.209Z,0xdd39dd29c6c9fd0d1410f1a60078abfa5d2d9a68863a8422e4ffe87512a034c5,2026-07-13T08:42:16.448Z,success,37775,1000,6376618,0x9f37c2448a7a66ebbc4feacffc566cca6e5d71af333d47a1c24365820dcb20d5,2026-07-13T08:42:16.448Z,4239,4239,4375,92,Trusted,2026-07-13T08:42:00.341Z,0x5537ada6b90d02fbc8b6482a4a5fe2c503725e9512266d26b202221c9cb8d1f3,,variant-batch live execution
datm-live-2026-07-13T08-38-00-203Z,A,entity-05-suspicious,suspicious,25,2026-07-13T08:42:12.073Z,2026-07-13T08:42:12.073Z,2026-07-13T08:42:12.073Z,0,2026-07-13T08:42:12.209Z,0x8243f4ef5ff48a397cf0aaed4d1109926a494df60de72449491267958e033f05,2026-07-13T08:42:16.448Z,success,37763,1000,6376618,0x9f37c2448a7a66ebbc4feacffc566cca6e5d71af333d47a1c24365820dcb20d5,2026-07-13T08:42:16.448Z,4239,4239,4375,61,Suspicious,2026-07-13T08:42:00.341Z,0x1573dee7c68ab9aeba650069df5e9b37daf898bba3357b0f707eca8305bd15b3,,variant-batch live execution
datm-live-2026-07-13T08-38-00-203Z,A,entity-06-suspicious,suspicious,25,2026-07-13T08:42:12.073Z,2026-07-13T08:42:12.073Z,2026-07-13T08:42:12.073Z,0,2026-07-13T08:42:12.209Z,0x2409ce046b76bf7cf8b93fe893bdfd99a5504d88ae2bfdd8bc0cc5d1786a3ecb,2026-07-13T08:42:16.476Z,success,37775,1000,6376618,0x9f37c2448a7a66ebbc4feacffc566cca6e5d71af333d47a1c24365820dcb20d5,2026-07-13T08:42:16.476Z,4267,4267,4403,61,Suspicious,2026-07-13T08:42:00.341Z,0x1ca11bbe6eb3b22456960dca88e421ba4420556754a0133799109b5d5540968b,,variant-batch live execution
datm-live-2026-07-13T08-38-00-203Z,A,entity-07-suspicious,suspicious,25,2026-07-13T08:42:12.074Z,2026-07-13T08:42:12.074Z,2026-07-13T08:42:12.074Z,0,2026-07-13T08:42:12.216Z,0x3036a8dacd3ffd42699eed5d205d4d158441ec2c3528b58e84a2ea29b676d4b8,2026-07-13T08:42:16.634Z,success,37775,1000,6376618,0x9f37c2448a7a66ebbc4feacffc566cca6e5d71af333d47a1c24365820dcb20d5,2026-07-13T08:42:16.634Z,4418,4418,4560,61,Suspicious,2026-07-13T08:42:00.341Z,0x96aae2f4acea10a3f9a74cf0d479cf6787c9278ee3d0e553655c16536bb532f2,,variant-batch live execution
datm-live-2026-07-13T08-38-00-203Z,A,entity-08-malicious,malicious,25,2026-07-13T08:42:12.075Z,2026-07-13T08:42:12.075Z,2026-07-13T08:42:12.075Z,0,2026-07-13T08:42:12.216Z,0xb7d056a76939e320e050808bf894e312be2d3277f7380d5a47864c1ad96eb29a,2026-07-13T08:42:16.646Z,success,37775,1000,6376618,0x9f37c2448a7a66ebbc4feacffc566cca6e5d71af333d47a1c24365820dcb20d5,2026-07-13T08:42:16.646Z,4430,4430,4571,27,Untrusted,2026-07-13T08:42:00.341Z,0xed5e4979db933b2cbc5ae77d42ab9dbb6e4a586a95d3d3ff9fbf50c5e4b93dbe,,variant-batch live execution
datm-live-2026-07-13T08-38-00-203Z,A,entity-09-malicious,malicious,25,2026-07-13T08:42:12.075Z,2026-07-13T08:42:12.075Z,2026-07-13T08:42:12.075Z,0,2026-07-13T08:42:12.216Z,0x637932a1118bcafe6fe02f748ad21368890049e2b46c687d86d8054438a18afe,2026-07-13T08:42:16.659Z,success,37775,1000,6376618,0x9f37c2448a7a66ebbc4feacffc566cca6e5d71af333d47a1c24365820dcb20d5,2026-07-13T08:42:16.659Z,4443,4443,4584,25,Untrusted,2026-07-13T08:42:00.341Z,0x7c58cfd9611cf2053f4624080333c77d0a36aff91cddd0fd4e0fa73a40cfc7eb,,variant-batch live execution
datm-live-2026-07-13T08-38-00-203Z,A,entity-10-malicious,malicious,25,2026-07-13T08:42:12.076Z,2026-07-13T08:42:12.076Z,2026-07-13T08:42:12.076Z,0,2026-07-13T08:42:12.217Z,0x07964f9c3ba773a95006e27aeeef98db2693b2da3b0749571d4afe296fc47200,2026-07-13T08:42:16.674Z,success,37751,1000,6376618,0x9f37c2448a7a66ebbc4feacffc566cca6e5d71af333d47a1c24365820dcb20d5,2026-07-13T08:42:16.674Z,4457,4457,4598,25,Untrusted,2026-07-13T08:42:00.341Z,0x013a1d06e9c5f09cb952e48a4f3bc1ee00d712b4792bdc82ebfd7e8569436195,,variant-batch live execution
datm-live-2026-07-13T08-38-00-203Z,A,entity-01-normal,normal,26,2026-07-13T08:42:21.781Z,2026-07-13T08:42:21.781Z,2026-07-13T08:42:21.781Z,0,2026-07-13T08:42:21.906Z,0x9f6459c34baeeec4b12986d8217d53a7791d56c7a0fa97556d6c25e1e779a301,2026-07-13T08:42:26.161Z,success,37775,1000,6376620,0x03c9b992648d285bf91d7fa8a5f69bafd78eceda586ed09220e456944b9a1ca9,2026-07-13T08:42:26.161Z,4255,4255,4380,92,Trusted,2026-07-13T08:42:10.341Z,0x6f2ae0aa4bf92ce78d7dbe67e380e2f95527ea739f7e4083b3b53b0ed7a7725d,,variant-batch live execution
datm-live-2026-07-13T08-38-00-203Z,A,entity-02-normal,normal,26,2026-07-13T08:42:21.782Z,2026-07-13T08:42:21.782Z,2026-07-13T08:42:21.782Z,0,2026-07-13T08:42:21.907Z,0xd8f1bcb186f5a4086469a457b2a989b886d4cb6622d8af2b4fa4cd398d6ad2ff,2026-07-13T08:42:26.157Z,success,37775,1000,6376620,0x03c9b992648d285bf91d7fa8a5f69bafd78eceda586ed09220e456944b9a1ca9,2026-07-13T08:42:26.157Z,4250,4250,4375,92,Trusted,2026-07-13T08:42:10.341Z,0x3416e7031014b7493eafb487e0ccdb05b339121fbd32e8874d8d3a600c09d05e,,variant-batch live execution
datm-live-2026-07-13T08-38-00-203Z,A,entity-03-normal,normal,26,2026-07-13T08:42:21.782Z,2026-07-13T08:42:21.782Z,2026-07-13T08:42:21.782Z,0,2026-07-13T08:42:21.919Z,0x29dfd332f273239102bae0a2667ce14602c8c9ddf749e973c129ce4ce332c54b,2026-07-13T08:42:26.162Z,success,37775,1000,6376620,0x03c9b992648d285bf91d7fa8a5f69bafd78eceda586ed09220e456944b9a1ca9,2026-07-13T08:42:26.162Z,4243,4243,4380,91,Trusted,2026-07-13T08:42:10.341Z,0xbfdfe247d6b1688e5f113fb015ca7d9f0556bf0e5ba3bdffb3632d3e27533e0e,,variant-batch live execution
datm-live-2026-07-13T08-38-00-203Z,A,entity-04-normal,normal,26,2026-07-13T08:42:21.783Z,2026-07-13T08:42:21.783Z,2026-07-13T08:42:21.783Z,0,2026-07-13T08:42:21.919Z,0x38fbbddb67a685d2dd4d917880dc40725f8f1e2db301ceff332b0a605ab93d98,2026-07-13T08:42:26.163Z,success,37775,1000,6376620,0x03c9b992648d285bf91d7fa8a5f69bafd78eceda586ed09220e456944b9a1ca9,2026-07-13T08:42:26.163Z,4244,4244,4380,92,Trusted,2026-07-13T08:42:10.341Z,0x442ae89bc332ace358d70ea35cd3ea1b2614a357672f159edf62d7fecf6e2b80,,variant-batch live execution
datm-live-2026-07-13T08-38-00-203Z,A,entity-05-suspicious,suspicious,26,2026-07-13T08:42:21.783Z,2026-07-13T08:42:21.783Z,2026-07-13T08:42:21.783Z,0,2026-07-13T08:42:21.919Z,0xe46be8eef653cf1dff2497ea5ab3eb849336f9b3820190026937d6552ffad2ec,2026-07-13T08:42:26.182Z,success,37775,1000,6376620,0x03c9b992648d285bf91d7fa8a5f69bafd78eceda586ed09220e456944b9a1ca9,2026-07-13T08:42:26.182Z,4263,4263,4399,61,Suspicious,2026-07-13T08:42:10.341Z,0x9b2c6295699901065c6f45b85d61f51e747e6475ecd264b89470d24991c63d2d,,variant-batch live execution
datm-live-2026-07-13T08-38-00-203Z,A,entity-06-suspicious,suspicious,26,2026-07-13T08:42:21.784Z,2026-07-13T08:42:21.784Z,2026-07-13T08:42:21.784Z,0,2026-07-13T08:42:21.919Z,0x51a29e595616ecc9b6bf0e62ec78e0c30800a8e904ab009998b5790f632af89f,2026-07-13T08:42:26.163Z,success,37775,1000,6376620,0x03c9b992648d285bf91d7fa8a5f69bafd78eceda586ed09220e456944b9a1ca9,2026-07-13T08:42:26.163Z,4244,4244,4379,60,Suspicious,2026-07-13T08:42:10.341Z,0x80378d15383b2f6883889e5281c744fcf6fb47378785a7ecb1cec28407c6c520,,variant-batch live execution
datm-live-2026-07-13T08-38-00-203Z,A,entity-07-suspicious,suspicious,26,2026-07-13T08:42:21.784Z,2026-07-13T08:42:21.784Z,2026-07-13T08:42:21.784Z,0,2026-07-13T08:42:21.919Z,0x7f128e286a406db2f114f00897e3c648bbccaf368b0d228656cbb94acc44c84a,2026-07-13T08:42:26.333Z,success,37775,1000,6376620,0x03c9b992648d285bf91d7fa8a5f69bafd78eceda586ed09220e456944b9a1ca9,2026-07-13T08:42:26.333Z,4414,4414,4549,61,Suspicious,2026-07-13T08:42:10.341Z,0xca79d1c74ffe9eb03bf0ef3b12e122c564ced93857633aa4318ffdf3c89fde45,,variant-batch live execution
datm-live-2026-07-13T08-38-00-203Z,A,entity-08-malicious,malicious,26,2026-07-13T08:42:21.784Z,2026-07-13T08:42:21.784Z,2026-07-13T08:42:21.784Z,0,2026-07-13T08:42:21.936Z,0x5201d6124a2e1291fc276e1f3ae348a36ca693ab477d896c27f582290f460263,2026-07-13T08:42:26.352Z,success,37775,1000,6376620,0x03c9b992648d285bf91d7fa8a5f69bafd78eceda586ed09220e456944b9a1ca9,2026-07-13T08:42:26.352Z,4416,4416,4568,25,Untrusted,2026-07-13T08:42:10.341Z,0xef4a5baf109d209946fefdc6ad8cd8cc7c0cefd9739a1ecce3f2dd50d7145443,,variant-batch live execution
datm-live-2026-07-13T08-38-00-203Z,A,entity-09-malicious,malicious,26,2026-07-13T08:42:21.785Z,2026-07-13T08:42:21.785Z,2026-07-13T08:42:21.785Z,0,2026-07-13T08:42:21.937Z,0x42b82578839480de9369391427cc61a6640a268c9fedc4d66a7a08dad1ae36ec,2026-07-13T08:42:26.370Z,success,37775,1000,6376620,0x03c9b992648d285bf91d7fa8a5f69bafd78eceda586ed09220e456944b9a1ca9,2026-07-13T08:42:26.370Z,4433,4433,4585,24,Untrusted,2026-07-13T08:42:10.341Z,0x495037853a9df1eb63428d0959d6306b4b73e7add57e20b7bd4416ca0d965c8e,,variant-batch live execution
datm-live-2026-07-13T08-38-00-203Z,A,entity-10-malicious,malicious,26,2026-07-13T08:42:21.785Z,2026-07-13T08:42:21.785Z,2026-07-13T08:42:21.785Z,0,2026-07-13T08:42:21.937Z,0x71fe40bf7b947225ecdbd3c6d0f47815a9ac415489ee3d861de136da968c82df,2026-07-13T08:42:26.372Z,success,37763,1000,6376620,0x03c9b992648d285bf91d7fa8a5f69bafd78eceda586ed09220e456944b9a1ca9,2026-07-13T08:42:26.372Z,4435,4435,4587,28,Untrusted,2026-07-13T08:42:10.341Z,0x658e762f3970450a1c613ecc776f69e72908c9f87e84d90d23de19b7cb40235b,,variant-batch live execution
datm-live-2026-07-13T08-38-00-203Z,A,entity-01-normal,normal,27,2026-07-13T08:42:31.487Z,2026-07-13T08:42:31.487Z,2026-07-13T08:42:31.487Z,0,2026-07-13T08:42:31.615Z,0x2a36e3d8bea7cf6adbf4f6c74488a2072df867eeccba31d1fd3656243a9276bb,2026-07-13T08:42:35.877Z,success,37775,1000,6376622,0x3dc4858ef332415a8546ed264b2c846d813654a26d9da316c5860d9d041cf4a2,2026-07-13T08:42:35.877Z,4262,4262,4390,93,Trusted,2026-07-13T08:42:20.341Z,0x06946abf57854182363f7a21c2719304090decc21354bd362d265057165cccdb,,variant-batch live execution
datm-live-2026-07-13T08-38-00-203Z,A,entity-02-normal,normal,27,2026-07-13T08:42:31.488Z,2026-07-13T08:42:31.488Z,2026-07-13T08:42:31.488Z,0,2026-07-13T08:42:31.615Z,0x30961860d49f9957e74f2bd7477caf5481811742c61f11d9818e629d5f22302f,2026-07-13T08:42:35.868Z,success,37763,1000,6376622,0x3dc4858ef332415a8546ed264b2c846d813654a26d9da316c5860d9d041cf4a2,2026-07-13T08:42:35.868Z,4253,4253,4380,91,Trusted,2026-07-13T08:42:20.341Z,0xdf570fc54eb41900680629163f5c701b83fe86abeb19d2fbe4f31240e60997f3,,variant-batch live execution
datm-live-2026-07-13T08-38-00-203Z,A,entity-03-normal,normal,27,2026-07-13T08:42:31.488Z,2026-07-13T08:42:31.488Z,2026-07-13T08:42:31.488Z,0,2026-07-13T08:42:31.616Z,0x43072b64a38961b9b02e7ed467dc8efc560ee2f4153b5175f93c8abe2c793ea6,2026-07-13T08:42:35.872Z,success,37775,1000,6376622,0x3dc4858ef332415a8546ed264b2c846d813654a26d9da316c5860d9d041cf4a2,2026-07-13T08:42:35.872Z,4256,4256,4384,93,Trusted,2026-07-13T08:42:20.341Z,0xea91bf43dfde36806cc070afb9b6ad0825c5d8adc3b2e01e37a661ed53fddb72,,variant-batch live execution
datm-live-2026-07-13T08-38-00-203Z,A,entity-04-normal,normal,27,2026-07-13T08:42:31.488Z,2026-07-13T08:42:31.488Z,2026-07-13T08:42:31.488Z,0,2026-07-13T08:42:31.641Z,0xe60805a86545fc1fe0a1f869bf92e145269c264780d6b7334d51bf058f7fd49b,2026-07-13T08:42:35.897Z,success,37775,1000,6376622,0x3dc4858ef332415a8546ed264b2c846d813654a26d9da316c5860d9d041cf4a2,2026-07-13T08:42:35.897Z,4256,4256,4409,93,Trusted,2026-07-13T08:42:20.341Z,0xb28ec7b49e9a56af616337ecc3a107153fc1e491fd52aef0f2dc515c035d424e,,variant-batch live execution
datm-live-2026-07-13T08-38-00-203Z,A,entity-05-suspicious,suspicious,27,2026-07-13T08:42:31.489Z,2026-07-13T08:42:31.489Z,2026-07-13T08:42:31.489Z,0,2026-07-13T08:42:31.641Z,0x339329e05180f33290536865833eb36c89b6c5dbfce91d71483a3c81c2b55f34,2026-07-13T08:42:35.875Z,success,37763,1000,6376622,0x3dc4858ef332415a8546ed264b2c846d813654a26d9da316c5860d9d041cf4a2,2026-07-13T08:42:35.875Z,4234,4234,4386,60,Suspicious,2026-07-13T08:42:20.341Z,0xbffe0316fa8419e87222f6120a9600fbab4ec9cab26b7877c7d0abb71537b470,,variant-batch live execution
datm-live-2026-07-13T08-38-00-203Z,A,entity-06-suspicious,suspicious,27,2026-07-13T08:42:31.489Z,2026-07-13T08:42:31.489Z,2026-07-13T08:42:31.489Z,0,2026-07-13T08:42:31.616Z,0xafeac8a9e5097ddf05bb879f8153cf509804ab106580754b7bdd771692908d18,2026-07-13T08:42:35.875Z,success,37763,1000,6376622,0x3dc4858ef332415a8546ed264b2c846d813654a26d9da316c5860d9d041cf4a2,2026-07-13T08:42:35.875Z,4259,4259,4386,63,Suspicious,2026-07-13T08:42:20.341Z,0xd000a284fce40f74d36ec82d461307ee4bbd0f35ec820dced29996cbffe63539,,variant-batch live execution
datm-live-2026-07-13T08-38-00-203Z,A,entity-07-suspicious,suspicious,27,2026-07-13T08:42:31.489Z,2026-07-13T08:42:31.489Z,2026-07-13T08:42:31.489Z,0,2026-07-13T08:42:31.616Z,0x8af85670889544b2e7eb9609102fba1463a06d148166175085d7deeb553f5c98,2026-07-13T08:42:36.061Z,success,37775,1000,6376622,0x3dc4858ef332415a8546ed264b2c846d813654a26d9da316c5860d9d041cf4a2,2026-07-13T08:42:36.061Z,4445,4445,4572,61,Suspicious,2026-07-13T08:42:20.341Z,0x0cac673a3f6422187c37ec935e1e04d533b986fdb352285a29f50d0796f89082,,variant-batch live execution
datm-live-2026-07-13T08-38-00-203Z,A,entity-08-malicious,malicious,27,2026-07-13T08:42:31.490Z,2026-07-13T08:42:31.490Z,2026-07-13T08:42:31.490Z,0,2026-07-13T08:42:31.641Z,0xd0bc6683262e81e9c21ee6439159e8e0dad042fa68af61b6f906318831ba3e35,2026-07-13T08:42:36.041Z,success,37775,1000,6376622,0x3dc4858ef332415a8546ed264b2c846d813654a26d9da316c5860d9d041cf4a2,2026-07-13T08:42:36.041Z,4400,4400,4551,24,Untrusted,2026-07-13T08:42:20.341Z,0xe443edfc4bf6825246c05b25c76b5e0b13e63373c22ff73558d9821107e8f7c4,,variant-batch live execution
datm-live-2026-07-13T08-38-00-203Z,A,entity-09-malicious,malicious,27,2026-07-13T08:42:31.490Z,2026-07-13T08:42:31.490Z,2026-07-13T08:42:31.490Z,0,2026-07-13T08:42:31.617Z,0xc8fa5c566e17e1ddb35f95a8cc9d0428eb3bc538e61dddf84c42762f4e5cac92,2026-07-13T08:42:36.355Z,success,37775,1000,6376622,0x3dc4858ef332415a8546ed264b2c846d813654a26d9da316c5860d9d041cf4a2,2026-07-13T08:42:36.355Z,4738,4738,4865,26,Untrusted,2026-07-13T08:42:20.341Z,0x8eb2941c8059494db9b3673d93bae5fe49f4f5d2b30f80418e852660e9f8e543,,variant-batch live execution
datm-live-2026-07-13T08-38-00-203Z,A,entity-10-malicious,malicious,27,2026-07-13T08:42:31.492Z,2026-07-13T08:42:31.492Z,2026-07-13T08:42:31.492Z,0,2026-07-13T08:42:31.642Z,0x58d4171268120d41810a3d0d7b51dda080187d9b6a3a3bd876becdd4eba38c46,2026-07-13T08:42:36.377Z,success,37763,1000,6376622,0x3dc4858ef332415a8546ed264b2c846d813654a26d9da316c5860d9d041cf4a2,2026-07-13T08:42:36.377Z,4735,4735,4885,26,Untrusted,2026-07-13T08:42:20.341Z,0x3dcae5494cd78fc3b4cdb602206ac809ef6dddcd782c82a9c68338903e28f5c9,,variant-batch live execution
datm-live-2026-07-13T08-38-00-203Z,A,entity-01-normal,normal,28,2026-07-13T08:42:41.500Z,2026-07-13T08:42:41.500Z,2026-07-13T08:42:41.500Z,0,2026-07-13T08:42:41.630Z,0x947ddce769740d04707f2f751405fcb06a3e686b179705d8162bd864a0c447f5,2026-07-13T08:42:45.907Z,success,37775,1000,6376624,0x73514563c09e3b419024343d9452323dd282c731b5b856ea481a2b7e3f4de03c,2026-07-13T08:42:45.907Z,4277,4277,4407,91,Trusted,2026-07-13T08:42:30.341Z,0xfc966108c45a0624bbdc5c327f1215de3476e23773880a3f8ff048efabbeab46,,variant-batch live execution
datm-live-2026-07-13T08-38-00-203Z,A,entity-02-normal,normal,28,2026-07-13T08:42:41.501Z,2026-07-13T08:42:41.501Z,2026-07-13T08:42:41.501Z,0,2026-07-13T08:42:41.630Z,0x7bdabf4225bee53d8ba75fdfbc18e7fd0f50416c2d46da8aed594de90b488b39,2026-07-13T08:42:45.909Z,success,37775,1000,6376624,0x73514563c09e3b419024343d9452323dd282c731b5b856ea481a2b7e3f4de03c,2026-07-13T08:42:45.909Z,4279,4279,4408,92,Trusted,2026-07-13T08:42:30.341Z,0xd6c9fedf06ae994c8f0dddc94b9e7b9b9301b60ffb15fd6d7e07c0ccda3411ad,,variant-batch live execution
datm-live-2026-07-13T08-38-00-203Z,A,entity-03-normal,normal,28,2026-07-13T08:42:41.501Z,2026-07-13T08:42:41.501Z,2026-07-13T08:42:41.501Z,0,2026-07-13T08:42:41.658Z,0x59bedc6abb1a8a2266b008ae7a0f39939aa105ff32e8744db07b9c3bc736e67a,2026-07-13T08:42:45.905Z,success,37775,1000,6376624,0x73514563c09e3b419024343d9452323dd282c731b5b856ea481a2b7e3f4de03c,2026-07-13T08:42:45.905Z,4247,4247,4404,92,Trusted,2026-07-13T08:42:30.341Z,0xaa133fa1078ed516f2a72da9dd7ba1ef5da4c215a5586a94605aa8586f9d2db3,,variant-batch live execution
datm-live-2026-07-13T08-38-00-203Z,A,entity-04-normal,normal,28,2026-07-13T08:42:41.502Z,2026-07-13T08:42:41.502Z,2026-07-13T08:42:41.502Z,0,2026-07-13T08:42:41.659Z,0x907f043d8181c265df3ab994cf8b93b5f87dc8e2cd429e87e21b8121ba87b98e,2026-07-13T08:42:45.930Z,success,37775,1000,6376624,0x73514563c09e3b419024343d9452323dd282c731b5b856ea481a2b7e3f4de03c,2026-07-13T08:42:45.930Z,4271,4271,4428,91,Trusted,2026-07-13T08:42:30.341Z,0x0ea423ba59dc7c4fc6aeb2cb6642faaae684cede5676ac384f608ac48657a226,,variant-batch live execution
datm-live-2026-07-13T08-38-00-203Z,A,entity-05-suspicious,suspicious,28,2026-07-13T08:42:41.502Z,2026-07-13T08:42:41.502Z,2026-07-13T08:42:41.502Z,0,2026-07-13T08:42:41.659Z,0xa20d9c57384addcbf61784421a91aa3f8050abb7a96091659eb794ec4c88c2fe,2026-07-13T08:42:45.931Z,success,37775,1000,6376624,0x73514563c09e3b419024343d9452323dd282c731b5b856ea481a2b7e3f4de03c,2026-07-13T08:42:45.931Z,4272,4272,4429,63,Suspicious,2026-07-13T08:42:30.341Z,0xe62da7cff8a047095937101af95824a2c21df2c48c4bb6e6c5533eb8f418c01d,,variant-batch live execution
datm-live-2026-07-13T08-38-00-203Z,A,entity-06-suspicious,suspicious,28,2026-07-13T08:42:41.502Z,2026-07-13T08:42:41.502Z,2026-07-13T08:42:41.502Z,0,2026-07-13T08:42:41.659Z,0x593742bb9c09da1cff1c2ec34b2c40d75aea4ce51b5c2dec1570e78341b56419,2026-07-13T08:42:45.901Z,success,37775,1000,6376624,0x73514563c09e3b419024343d9452323dd282c731b5b856ea481a2b7e3f4de03c,2026-07-13T08:42:45.901Z,4242,4242,4399,62,Suspicious,2026-07-13T08:42:30.341Z,0x98a0b2f2d381edd09e5c53541796fc350824923e29fc6340dd13b617a393c351,,variant-batch live execution
datm-live-2026-07-13T08-38-00-203Z,A,entity-07-suspicious,suspicious,28,2026-07-13T08:42:41.502Z,2026-07-13T08:42:41.502Z,2026-07-13T08:42:41.502Z,0,2026-07-13T08:42:41.659Z,0x6d532ad6d2db198e184606a0f6fc63f04fe877e186d027c1e940f94cb8b705f2,2026-07-13T08:42:46.075Z,success,37775,1000,6376624,0x73514563c09e3b419024343d9452323dd282c731b5b856ea481a2b7e3f4de03c,2026-07-13T08:42:46.075Z,4416,4416,4573,60,Suspicious,2026-07-13T08:42:30.341Z,0x2c9a6dbcb3bc0bc5a5592bb47dcc8aaa7c493bd92a0ce4afdfd6fa6b8fade3a7,,variant-batch live execution
datm-live-2026-07-13T08-38-00-203Z,A,entity-08-malicious,malicious,28,2026-07-13T08:42:41.502Z,2026-07-13T08:42:41.502Z,2026-07-13T08:42:41.502Z,0,2026-07-13T08:42:41.659Z,0x984e3d953ee854d8f20b01c40534e8a32322523b708c7458bbfbe1c51763c6f2,2026-07-13T08:42:46.103Z,success,37775,1000,6376624,0x73514563c09e3b419024343d9452323dd282c731b5b856ea481a2b7e3f4de03c,2026-07-13T08:42:46.103Z,4444,4444,4601,26,Untrusted,2026-07-13T08:42:30.341Z,0xf33c3fd3d24d9de4c36ccb0795ecc3b2877bb06362ea7b07bde6ffb3bf784174,,variant-batch live execution
datm-live-2026-07-13T08-38-00-203Z,A,entity-09-malicious,malicious,28,2026-07-13T08:42:41.502Z,2026-07-13T08:42:41.502Z,2026-07-13T08:42:41.502Z,0,2026-07-13T08:42:41.659Z,0xa6ba27d1dbea4266d181e9754a51b90ec8d9921a8badd2df9f59af2861b0dc16,2026-07-13T08:42:46.115Z,success,37775,1000,6376624,0x73514563c09e3b419024343d9452323dd282c731b5b856ea481a2b7e3f4de03c,2026-07-13T08:42:46.115Z,4456,4456,4613,25,Untrusted,2026-07-13T08:42:30.341Z,0x74f0aaf0b4cbbc3e984bd2f0421b55cb7402f68c79119fcadcd3c9c1ef0bde7e,,variant-batch live execution
datm-live-2026-07-13T08-38-00-203Z,A,entity-10-malicious,malicious,28,2026-07-13T08:42:41.503Z,2026-07-13T08:42:41.503Z,2026-07-13T08:42:41.503Z,0,2026-07-13T08:42:41.659Z,0x142545e7004371546453a5ce3727bf7fb85f966ca3673d4f866583a763516127,2026-07-13T08:42:46.106Z,success,37763,1000,6376624,0x73514563c09e3b419024343d9452323dd282c731b5b856ea481a2b7e3f4de03c,2026-07-13T08:42:46.106Z,4447,4447,4603,24,Untrusted,2026-07-13T08:42:30.341Z,0x3f38a4a15ff2e56c40c3660792223bf23b1d25efee6b30c1556847ad6cd242bb,,variant-batch live execution
datm-live-2026-07-13T08-38-00-203Z,A,entity-01-normal,normal,29,2026-07-13T08:42:51.219Z,2026-07-13T08:42:51.219Z,2026-07-13T08:42:51.219Z,0,2026-07-13T08:42:51.356Z,0xff071e3dfb41a3512ecd13e2cfe04c6ad883d949bb4b11bcd199f811729a2b77,2026-07-13T08:42:55.625Z,success,37763,1000,6376626,0xf8f3c4b98fd6792d3a5d67c3416ead86227a7b04e51129d32f1ec04ff2ba44b4,2026-07-13T08:42:55.625Z,4269,4269,4406,93,Trusted,2026-07-13T08:42:40.341Z,0xdbf502e65b251a881abb1730066ad01bbd371932f0ae337be561a7424a0e1c4c,,variant-batch live execution
datm-live-2026-07-13T08-38-00-203Z,A,entity-02-normal,normal,29,2026-07-13T08:42:51.220Z,2026-07-13T08:42:51.220Z,2026-07-13T08:42:51.220Z,0,2026-07-13T08:42:51.357Z,0x8dbfa9ade0ea57a91a8466804b5c600130f2deda7d88918e4350b6e5fe7ede7e,2026-07-13T08:42:55.625Z,success,37763,1000,6376626,0xf8f3c4b98fd6792d3a5d67c3416ead86227a7b04e51129d32f1ec04ff2ba44b4,2026-07-13T08:42:55.625Z,4268,4268,4405,92,Trusted,2026-07-13T08:42:40.341Z,0xa7aa7414adc037211bdb1b4611ef607f3791622b347240564da5c1832f19b992,,variant-batch live execution
datm-live-2026-07-13T08-38-00-203Z,A,entity-03-normal,normal,29,2026-07-13T08:42:51.220Z,2026-07-13T08:42:51.220Z,2026-07-13T08:42:51.220Z,0,2026-07-13T08:42:51.357Z,0x1ef59f35a0ecf95fb315e90f312d1979ba142917a68b6b433c153cc7a4016a5b,2026-07-13T08:42:55.634Z,success,37763,1000,6376626,0xf8f3c4b98fd6792d3a5d67c3416ead86227a7b04e51129d32f1ec04ff2ba44b4,2026-07-13T08:42:55.634Z,4277,4277,4414,92,Trusted,2026-07-13T08:42:40.341Z,0x0f9125cc3434bdb85219e3e8897b972146c25d1a5812500c2543791a520e3e2d,,variant-batch live execution
datm-live-2026-07-13T08-38-00-203Z,A,entity-04-normal,normal,29,2026-07-13T08:42:51.221Z,2026-07-13T08:42:51.221Z,2026-07-13T08:42:51.221Z,0,2026-07-13T08:42:51.357Z,0x7d9b130b2f365f96f7fa35f398a26779572510fba883bad5deb9cec76554c6c7,2026-07-13T08:42:55.686Z,success,37763,1000,6376626,0xf8f3c4b98fd6792d3a5d67c3416ead86227a7b04e51129d32f1ec04ff2ba44b4,2026-07-13T08:42:55.686Z,4329,4329,4465,93,Trusted,2026-07-13T08:42:40.341Z,0xb67377a8a86cb414898024f78711940aceb7575bd1e6c04230815ee1327aa9c1,,variant-batch live execution
datm-live-2026-07-13T08-38-00-203Z,A,entity-05-suspicious,suspicious,29,2026-07-13T08:42:51.221Z,2026-07-13T08:42:51.221Z,2026-07-13T08:42:51.221Z,0,2026-07-13T08:42:51.358Z,0xcc0cbd0744d36edff8d9fdf2aaca029cb4cd757ccaedb3225f7008c408fb48bf,2026-07-13T08:42:55.627Z,success,37763,1000,6376626,0xf8f3c4b98fd6792d3a5d67c3416ead86227a7b04e51129d32f1ec04ff2ba44b4,2026-07-13T08:42:55.627Z,4269,4269,4406,62,Suspicious,2026-07-13T08:42:40.341Z,0x89bb531ac081a28e3fa3cec3785a45c3c03d8cd47cb78a41bbdfac9a9f055201,,variant-batch live execution
datm-live-2026-07-13T08-38-00-203Z,A,entity-06-suspicious,suspicious,29,2026-07-13T08:42:51.222Z,2026-07-13T08:42:51.222Z,2026-07-13T08:42:51.222Z,0,2026-07-13T08:42:51.358Z,0x4ed1e4ecb63ac349d0f55c437f63257ec3fd0f302a35fda7509c7c7f4eea482b,2026-07-13T08:42:55.624Z,success,37751,1000,6376626,0xf8f3c4b98fd6792d3a5d67c3416ead86227a7b04e51129d32f1ec04ff2ba44b4,2026-07-13T08:42:55.624Z,4266,4266,4402,58,Suspicious,2026-07-13T08:42:40.341Z,0x690adb07f4c4fffa74007b58e4b7204b2369685cecccdbf696cd38edbec85dd8,,variant-batch live execution
datm-live-2026-07-13T08-38-00-203Z,A,entity-07-suspicious,suspicious,29,2026-07-13T08:42:51.222Z,2026-07-13T08:42:51.222Z,2026-07-13T08:42:51.222Z,0,2026-07-13T08:42:51.395Z,0xa24f1e30200aa66192b0ebc689ffc8a0d81db0c0c5f23c0f0c8cd87758d37152,2026-07-13T08:42:55.859Z,success,37763,1000,6376626,0xf8f3c4b98fd6792d3a5d67c3416ead86227a7b04e51129d32f1ec04ff2ba44b4,2026-07-13T08:42:55.859Z,4464,4464,4637,63,Suspicious,2026-07-13T08:42:40.341Z,0xfab5ae5ed8039d36db97d25b98c0303008b7970b387b588e552c8482b15205e4,,variant-batch live execution
datm-live-2026-07-13T08-38-00-203Z,A,entity-08-malicious,malicious,29,2026-07-13T08:42:51.223Z,2026-07-13T08:42:51.223Z,2026-07-13T08:42:51.223Z,0,2026-07-13T08:42:51.395Z,0xf5b7d69e18f76c4ba2fe7407f2bfd76250a41d1b8b39161e39a3c8a866d14349,2026-07-13T08:42:55.866Z,success,37763,1000,6376626,0xf8f3c4b98fd6792d3a5d67c3416ead86227a7b04e51129d32f1ec04ff2ba44b4,2026-07-13T08:42:55.866Z,4471,4471,4643,25,Untrusted,2026-07-13T08:42:40.341Z,0x9e44ee6d3124f67e800501bf51e334d79b0ad589e034a85b6ba9fca7843d8dc5,,variant-batch live execution
datm-live-2026-07-13T08-38-00-203Z,A,entity-09-malicious,malicious,29,2026-07-13T08:42:51.223Z,2026-07-13T08:42:51.223Z,2026-07-13T08:42:51.223Z,0,2026-07-13T08:42:51.396Z,0x13c113a285c32e323d87fd0ec6a2ab01609ed1ff76eb88027d97c2ff638d10ce,2026-07-13T08:42:55.888Z,success,37763,1000,6376626,0xf8f3c4b98fd6792d3a5d67c3416ead86227a7b04e51129d32f1ec04ff2ba44b4,2026-07-13T08:42:55.888Z,4492,4492,4665,24,Untrusted,2026-07-13T08:42:40.341Z,0xa2a4203d61acba2e70c42c53d0d72581b84c3d09148a9a8d5bb35fa21c0a7c06,,variant-batch live execution
datm-live-2026-07-13T08-38-00-203Z,A,entity-10-malicious,malicious,29,2026-07-13T08:42:51.224Z,2026-07-13T08:42:51.224Z,2026-07-13T08:42:51.224Z,0,2026-07-13T08:42:51.396Z,0x8ab8a086d891167edd1c0674222669e2eb1fa164f0cb46acb0a6bbc1ef616f32,2026-07-13T08:42:55.894Z,success,37739,1000,6376626,0xf8f3c4b98fd6792d3a5d67c3416ead86227a7b04e51129d32f1ec04ff2ba44b4,2026-07-13T08:42:55.894Z,4498,4498,4670,26,Untrusted,2026-07-13T08:42:40.341Z,0xd0c4cb1661c6049c73fca8195ce96fb000c492c863dc9781d3d7cfbbbdd03593,,variant-batch live execution
datm-live-2026-07-13T08-38-00-203Z,A,entity-01-normal,normal,30,2026-07-13T08:43:01.062Z,2026-07-13T08:43:01.062Z,2026-07-13T08:43:01.062Z,0,2026-07-13T08:43:01.194Z,0xaa808a012e6e5130b8cffb73855ae4252dfaca75006fd4e6ba3a74d12d1c4994,2026-07-13T08:43:05.465Z,success,37775,1000,6376628,0xd927a2a42b42cc60b616339ee005ced8750117b3f45d2161c5a9f3dc5ac82a6a,2026-07-13T08:43:05.465Z,4271,4271,4403,92,Trusted,2026-07-13T08:42:50.341Z,0x2331bf4d8f7ed35c6be5ef8c716e4106f1a7588f12c5f0f2a6f8d1c45a785294,,variant-batch live execution
datm-live-2026-07-13T08-38-00-203Z,A,entity-02-normal,normal,30,2026-07-13T08:43:01.063Z,2026-07-13T08:43:01.063Z,2026-07-13T08:43:01.063Z,0,2026-07-13T08:43:01.195Z,0xa5ccd182b052b258dd128d2688bb9d8ffeadaef022d12d042ac79c7db2d7427d,2026-07-13T08:43:05.463Z,success,37775,1000,6376628,0xd927a2a42b42cc60b616339ee005ced8750117b3f45d2161c5a9f3dc5ac82a6a,2026-07-13T08:43:05.463Z,4268,4268,4400,91,Trusted,2026-07-13T08:42:50.341Z,0xeed55865a8775a9025907c7e5455f113c1fe3a49ef71362cf7cbb790afb38d15,,variant-batch live execution
datm-live-2026-07-13T08-38-00-203Z,A,entity-03-normal,normal,30,2026-07-13T08:43:01.063Z,2026-07-13T08:43:01.063Z,2026-07-13T08:43:01.063Z,0,2026-07-13T08:43:01.195Z,0x4dc025c12c8eebb035c5de18c53cebcfab4135e993a5069ebeddc97842ec2518,2026-07-13T08:43:05.463Z,success,37763,1000,6376628,0xd927a2a42b42cc60b616339ee005ced8750117b3f45d2161c5a9f3dc5ac82a6a,2026-07-13T08:43:05.463Z,4268,4268,4400,92,Trusted,2026-07-13T08:42:50.341Z,0x27a36bc7b2a5b0a4d139056ad7bf483c5e7664e664f400f644e4025f4b1e6002,,variant-batch live execution
datm-live-2026-07-13T08-38-00-203Z,A,entity-04-normal,normal,30,2026-07-13T08:43:01.063Z,2026-07-13T08:43:01.063Z,2026-07-13T08:43:01.063Z,0,2026-07-13T08:43:01.195Z,0x29ba49332234578e21ad187876771d07b71f4b9776fff06b0cdb2a172c4aa6d0,2026-07-13T08:43:05.486Z,success,37775,1000,6376628,0xd927a2a42b42cc60b616339ee005ced8750117b3f45d2161c5a9f3dc5ac82a6a,2026-07-13T08:43:05.486Z,4291,4291,4423,92,Trusted,2026-07-13T08:42:50.341Z,0xd7de401d10a9ba194b7ef52d17aa39d00a5ba34b57c7caaa0b8045f09ca9f837,,variant-batch live execution
datm-live-2026-07-13T08-38-00-203Z,A,entity-05-suspicious,suspicious,30,2026-07-13T08:43:01.064Z,2026-07-13T08:43:01.064Z,2026-07-13T08:43:01.064Z,0,2026-07-13T08:43:01.195Z,0x5729f6b3d01325e6509c4b1c90fb44e1cfde23bdaaef41153012cff54dd99934,2026-07-13T08:43:05.458Z,success,37775,1000,6376628,0xd927a2a42b42cc60b616339ee005ced8750117b3f45d2161c5a9f3dc5ac82a6a,2026-07-13T08:43:05.458Z,4263,4263,4394,58,Suspicious,2026-07-13T08:42:50.341Z,0x1d2238f767c4a8fd727dae4bca050940aeb725c3f8b61d662093d853d6651754,,variant-batch live execution
datm-live-2026-07-13T08-38-00-203Z,A,entity-06-suspicious,suspicious,30,2026-07-13T08:43:01.064Z,2026-07-13T08:43:01.064Z,2026-07-13T08:43:01.064Z,0,2026-07-13T08:43:01.222Z,0xaf462c351abad702a318a8d1c1fd0253f88552a3356198663d745cb681899a3c,2026-07-13T08:43:05.465Z,success,37775,1000,6376628,0xd927a2a42b42cc60b616339ee005ced8750117b3f45d2161c5a9f3dc5ac82a6a,2026-07-13T08:43:05.465Z,4243,4243,4401,60,Suspicious,2026-07-13T08:42:50.341Z,0xbd4f74b03a63c84c0c9497d9e5fbbafe81e7f0f2473fb5dc337bee89192e05c7,,variant-batch live execution
datm-live-2026-07-13T08-38-00-203Z,A,entity-07-suspicious,suspicious,30,2026-07-13T08:43:01.065Z,2026-07-13T08:43:01.065Z,2026-07-13T08:43:01.065Z,0,2026-07-13T08:43:01.195Z,0xb6a1172c9d5cb4ef73037c5389dcc0713ce2f216e60abc784bdf86fa683aeda9,2026-07-13T08:43:05.655Z,success,37775,1000,6376628,0xd927a2a42b42cc60b616339ee005ced8750117b3f45d2161c5a9f3dc5ac82a6a,2026-07-13T08:43:05.655Z,4460,4460,4590,62,Suspicious,2026-07-13T08:42:50.341Z,0x1c0e7b5552a4c393c17f80c28be195beace970fdbeb77df2687e7cc2f3205db7,,variant-batch live execution
datm-live-2026-07-13T08-38-00-203Z,A,entity-08-malicious,malicious,30,2026-07-13T08:43:01.065Z,2026-07-13T08:43:01.065Z,2026-07-13T08:43:01.065Z,0,2026-07-13T08:43:01.223Z,0xecb8c89139d66077ca66dc60bf7e6260ec03249f92d48e90f912977c3ef4c898,2026-07-13T08:43:05.660Z,success,37775,1000,6376628,0xd927a2a42b42cc60b616339ee005ced8750117b3f45d2161c5a9f3dc5ac82a6a,2026-07-13T08:43:05.660Z,4437,4437,4595,24,Untrusted,2026-07-13T08:42:50.341Z,0xb818dfaf65bde1904a4c34f07db6f0735e1990cd1ffb99cfe90cba8be6b9cc1a,,variant-batch live execution
datm-live-2026-07-13T08-38-00-203Z,A,entity-09-malicious,malicious,30,2026-07-13T08:43:01.065Z,2026-07-13T08:43:01.065Z,2026-07-13T08:43:01.065Z,0,2026-07-13T08:43:01.223Z,0x0a2dffbf9b299f6ff280360ddebd10c331f44d2c8e98c191b0025d0706f445d9,2026-07-13T08:43:05.686Z,success,37775,1000,6376628,0xd927a2a42b42cc60b616339ee005ced8750117b3f45d2161c5a9f3dc5ac82a6a,2026-07-13T08:43:05.686Z,4463,4463,4621,25,Untrusted,2026-07-13T08:42:50.341Z,0x0b6117ecad66220ebdf744c7ee1ccfa72eb85d96148e1352cc10fe0d89626de1,,variant-batch live execution
datm-live-2026-07-13T08-38-00-203Z,A,entity-10-malicious,malicious,30,2026-07-13T08:43:01.065Z,2026-07-13T08:43:01.065Z,2026-07-13T08:43:01.065Z,0,2026-07-13T08:43:01.223Z,0x50fa53175558ed0d441ba8aa907952656dc5be89dc25e28d37105d7ab2c995d0,2026-07-13T08:43:05.675Z,success,37763,1000,6376628,0xd927a2a42b42cc60b616339ee005ced8750117b3f45d2161c5a9f3dc5ac82a6a,2026-07-13T08:43:05.675Z,4452,4452,4610,26,Untrusted,2026-07-13T08:42:50.341Z,0xb2ecd3875127d5ee4cb34f29cc837e5c1527999fb1084e9ad29152a778084c09,,variant-batch live execution
