run_id,variant,entity_id,entity_profile,sequence_no,scheduled_at,datm_start_at,datm_end_at,datm_processing_ms,submit_at,tx_hash,receipt_at,tx_status,gas_used,effective_gas_price,block_number,block_hash,block_timestamp,confirmation_latency_ms,block_inclusion_latency_ms,end_to_end_latency_ms,ats,trust_state,calc_timestamp,input_hash,error_code,error_message
datm-live-2026-07-13T09-14-26-552Z,C,entity-01-normal,normal,1,2026-07-13T09:14:27.063Z,2026-07-13T09:14:27.063Z,2026-07-13T09:14:27.063Z,0,2026-07-13T09:14:27.196Z,0x603c7d92530e2463e2b42afa18c641c471d9b22fa76f1bc3e027297e12f8001c,2026-07-13T09:14:31.485Z,success,40235,1000,6377005,0xe78b52d2c83df48f8118d46c1b24633ab4e320d86f753003c1425d2ebd0928ab,2026-07-13T09:14:31.485Z,4289,4289,4422,89,Trusted,2026-07-13T09:14:26.805Z,0xe9240d7fc6b1aa932937bf9931bbb000c23d7d33c08d62aaa3f9535e84f8ffc9,,variant-batch live execution
datm-live-2026-07-13T09-14-26-552Z,C,entity-02-normal,normal,1,2026-07-13T09:14:27.067Z,2026-07-13T09:14:27.067Z,2026-07-13T09:14:27.067Z,0,2026-07-13T09:14:27.208Z,0x2ff41cdd606033129f3cca584d6e16f7017e718556fb64f997026ba878a143fe,2026-07-13T09:14:31.488Z,success,40235,1000,6377005,0xe78b52d2c83df48f8118d46c1b24633ab4e320d86f753003c1425d2ebd0928ab,2026-07-13T09:14:31.488Z,4280,4280,4421,90,Trusted,2026-07-13T09:14:26.805Z,0xe22d19b4a6cf04be86027fce68bfc64835d8650aec2759ebab4afe4277886815,,variant-batch live execution
datm-live-2026-07-13T09-14-26-552Z,C,entity-03-normal,normal,1,2026-07-13T09:14:27.068Z,2026-07-13T09:14:27.068Z,2026-07-13T09:14:27.068Z,0,2026-07-13T09:14:27.208Z,0x7d5910126b20176bed94c957c9603a678241ab28900b84182261be1daf8eeed6,2026-07-13T09:14:31.490Z,success,40235,1000,6377005,0xe78b52d2c83df48f8118d46c1b24633ab4e320d86f753003c1425d2ebd0928ab,2026-07-13T09:14:31.490Z,4282,4282,4422,90,Trusted,2026-07-13T09:14:26.805Z,0xa4c1f5d91cfd62d15cc2267efd8cf6b8fe22272b55f1644fb5012bb828a45a47,,variant-batch live execution
datm-live-2026-07-13T09-14-26-552Z,C,entity-04-normal,normal,1,2026-07-13T09:14:27.069Z,2026-07-13T09:14:27.069Z,2026-07-13T09:14:27.069Z,0,2026-07-13T09:14:27.231Z,0xcef087f6addb194da90f4e8af0dd3e8b681d550586651cb20b1e4e1944c17265,2026-07-13T09:14:31.486Z,success,40247,1000,6377005,0xe78b52d2c83df48f8118d46c1b24633ab4e320d86f753003c1425d2ebd0928ab,2026-07-13T09:14:31.486Z,4255,4255,4417,89,Trusted,2026-07-13T09:14:26.805Z,0x797646cc58509bab67fccabcfee9089bfd36aa8760e440b07fcb60bfcb3a24d9,,variant-batch live execution
datm-live-2026-07-13T09-14-26-552Z,C,entity-05-suspicious,suspicious,1,2026-07-13T09:14:27.070Z,2026-07-13T09:14:27.070Z,2026-07-13T09:14:27.070Z,0,2026-07-13T09:14:27.208Z,0x78988c7c78e769db9adffdb2aa0d9f7f98319487c3325856b55962efff2ccb8f,2026-07-13T09:14:31.517Z,success,40279,1000,6377005,0xe78b52d2c83df48f8118d46c1b24633ab4e320d86f753003c1425d2ebd0928ab,2026-07-13T09:14:31.517Z,4309,4309,4447,63,Suspicious,2026-07-13T09:14:26.805Z,0x79ef406a275d003b31b30a2363e6abecc9cd0f1a1c37ac799f605143e20b4b05,,variant-batch live execution
datm-live-2026-07-13T09-14-26-552Z,C,entity-06-suspicious,suspicious,1,2026-07-13T09:14:27.071Z,2026-07-13T09:14:27.071Z,2026-07-13T09:14:27.071Z,0,2026-07-13T09:14:27.209Z,0x94130d434d79769308089283092305c66f26b7ad680489a2382a93eaf2b75b8a,2026-07-13T09:14:31.497Z,success,40291,1000,6377005,0xe78b52d2c83df48f8118d46c1b24633ab4e320d86f753003c1425d2ebd0928ab,2026-07-13T09:14:31.497Z,4288,4288,4426,60,Suspicious,2026-07-13T09:14:26.805Z,0x3bc3ba6502071f44adadcdf47f1dc0364636f5c52d71235997f30fa597a0e42e,,variant-batch live execution
datm-live-2026-07-13T09-14-26-552Z,C,entity-07-suspicious,suspicious,1,2026-07-13T09:14:27.072Z,2026-07-13T09:14:27.072Z,2026-07-13T09:14:27.072Z,0,2026-07-13T09:14:27.209Z,0x9e8101eb326f6330f11da739e8ea92c9838946f5fa4940d9319d904a6d4e6014,2026-07-13T09:14:31.703Z,success,40291,1000,6377005,0xe78b52d2c83df48f8118d46c1b24633ab4e320d86f753003c1425d2ebd0928ab,2026-07-13T09:14:31.703Z,4494,4494,4631,61,Suspicious,2026-07-13T09:14:26.805Z,0x2c3d1eaa83a74ae34e343cf33506c2903bb883e1bec54802affcff5e7ef5c07f,,variant-batch live execution
datm-live-2026-07-13T09-14-26-552Z,C,entity-08-malicious,malicious,1,2026-07-13T09:14:27.073Z,2026-07-13T09:14:27.073Z,2026-07-13T09:14:27.073Z,0,2026-07-13T09:14:27.231Z,0x9927c5febeafbab14dd8ab242884e3be8fb4b85f1d20a5cfaf16cc0567a6fa0e,2026-07-13T09:14:31.708Z,success,40290,1000,6377005,0xe78b52d2c83df48f8118d46c1b24633ab4e320d86f753003c1425d2ebd0928ab,2026-07-13T09:14:31.708Z,4477,4477,4635,31,Untrusted,2026-07-13T09:14:26.805Z,0xd14f96b2ea414ea7e7b451162ad78ee9f9f731d939bef51c8bc3350f5d232189,,variant-batch live execution
datm-live-2026-07-13T09-14-26-552Z,C,entity-09-malicious,malicious,1,2026-07-13T09:14:27.073Z,2026-07-13T09:14:27.073Z,2026-07-13T09:14:27.073Z,0,2026-07-13T09:14:27.231Z,0xc6499d63e3328c012f6475986f183b09745fa0f636611070cae342561c4ece78,2026-07-13T09:14:31.732Z,success,40290,1000,6377005,0xe78b52d2c83df48f8118d46c1b24633ab4e320d86f753003c1425d2ebd0928ab,2026-07-13T09:14:31.732Z,4501,4501,4659,29,Untrusted,2026-07-13T09:14:26.805Z,0x303ce4feea67951ecdbe77a19ad9772dbfcd21776a6639c13418f1ba21621185,,variant-batch live execution
datm-live-2026-07-13T09-14-26-552Z,C,entity-10-malicious,malicious,1,2026-07-13T09:14:27.074Z,2026-07-13T09:14:27.074Z,2026-07-13T09:14:27.074Z,0,2026-07-13T09:14:27.231Z,0xb6f68b8417463da308fde0a84cf39dbc076ec7f234575a198bba8d8d84dce7d4,2026-07-13T09:14:31.707Z,success,40278,1000,6377005,0xe78b52d2c83df48f8118d46c1b24633ab4e320d86f753003c1425d2ebd0928ab,2026-07-13T09:14:31.707Z,4476,4476,4633,29,Untrusted,2026-07-13T09:14:26.805Z,0x2f0845bf4c60f8332d78b8e7e345a23afe93da935e3c1e897983fae774cef5e7,,variant-batch live execution
datm-live-2026-07-13T09-14-26-552Z,C,entity-01-normal,normal,2,2026-07-13T09:14:36.854Z,2026-07-13T09:14:36.854Z,2026-07-13T09:14:36.854Z,0,2026-07-13T09:14:37.006Z,0x7f043c6120b20a5ed0b18db4fe60f504edcb704689ad602ae6528ac543467c7c,2026-07-13T09:14:41.268Z,success,40187,1000,6377007,0x45cbf51ba05c3459ee7535255fd87ce4787f8fb52ca2e081d1af5aa7ec80a276,2026-07-13T09:14:41.268Z,4262,4262,4414,93,Trusted,2026-07-13T09:14:36.805Z,0x9f3a90c3796e6f4144f13ba7d6c47a7cdc3eb6584d00b01f8e9166c5e72e52f7,,variant-batch live execution
datm-live-2026-07-13T09-14-26-552Z,C,entity-02-normal,normal,2,2026-07-13T09:14:36.856Z,2026-07-13T09:14:36.856Z,2026-07-13T09:14:36.856Z,0,2026-07-13T09:14:37.006Z,0x4e542e87c0072516b42e25a5e360cc91a874b33ddb4ec7a1fa451fd7928b7b78,2026-07-13T09:14:41.264Z,success,40199,1000,6377007,0x45cbf51ba05c3459ee7535255fd87ce4787f8fb52ca2e081d1af5aa7ec80a276,2026-07-13T09:14:41.264Z,4258,4258,4408,93,Trusted,2026-07-13T09:14:36.805Z,0x6d57f9a54bd746c71abbbe4665bd50eab817d8f305750a6a978e590be7bcb563,,variant-batch live execution
datm-live-2026-07-13T09-14-26-552Z,C,entity-03-normal,normal,2,2026-07-13T09:14:36.856Z,2026-07-13T09:14:36.856Z,2026-07-13T09:14:36.856Z,0,2026-07-13T09:14:37.036Z,0x3a56325aca0bbba4650c74f43ac6988296775b8465173ba54bdfbf91c2782e5b,2026-07-13T09:14:41.269Z,success,40211,1000,6377007,0x45cbf51ba05c3459ee7535255fd87ce4787f8fb52ca2e081d1af5aa7ec80a276,2026-07-13T09:14:41.269Z,4233,4233,4413,91,Trusted,2026-07-13T09:14:36.805Z,0xabffaf568653afd59b016c77019c93d8e2c2658a6ce9ecb43166874deefb34cf,,variant-batch live execution
datm-live-2026-07-13T09-14-26-552Z,C,entity-04-normal,normal,2,2026-07-13T09:14:36.857Z,2026-07-13T09:14:36.857Z,2026-07-13T09:14:36.857Z,0,2026-07-13T09:14:37.023Z,0x570a83b689e2afe55c0ef380867d68d979171aeb1d4cba775eea7d3c103f7585,2026-07-13T09:14:41.270Z,success,40199,1000,6377007,0x45cbf51ba05c3459ee7535255fd87ce4787f8fb52ca2e081d1af5aa7ec80a276,2026-07-13T09:14:41.270Z,4247,4247,4413,93,Trusted,2026-07-13T09:14:36.805Z,0x77eafcccc9d4d4517cddafe7ef38ac5a06a027277ea811d56a2bad668abceec1,,variant-batch live execution
datm-live-2026-07-13T09-14-26-552Z,C,entity-05-suspicious,suspicious,2,2026-07-13T09:14:36.858Z,2026-07-13T09:14:36.858Z,2026-07-13T09:14:36.858Z,0,2026-07-13T09:14:37.024Z,0x23021016704505d4dfb726d4ed30ff4cfcdc402bc43f94e945bde8abe7b17181,2026-07-13T09:14:41.265Z,success,40279,1000,6377007,0x45cbf51ba05c3459ee7535255fd87ce4787f8fb52ca2e081d1af5aa7ec80a276,2026-07-13T09:14:41.265Z,4241,4241,4407,60,Suspicious,2026-07-13T09:14:36.805Z,0xf31d001dc1554de1ecfa1d5d9bad423ca8d37dbbad4fdaee2b082e20b5c03834,,variant-batch live execution
datm-live-2026-07-13T09-14-26-552Z,C,entity-06-suspicious,suspicious,2,2026-07-13T09:14:36.859Z,2026-07-13T09:14:36.859Z,2026-07-13T09:14:36.859Z,0,2026-07-13T09:14:37.024Z,0x770dc8a6b1b5c2d54c614abc594c9f9c7e8a86c7092fddf03080b8f2b3c17f5c,2026-07-13T09:14:41.292Z,success,40291,1000,6377007,0x45cbf51ba05c3459ee7535255fd87ce4787f8fb52ca2e081d1af5aa7ec80a276,2026-07-13T09:14:41.292Z,4268,4268,4433,60,Suspicious,2026-07-13T09:14:36.805Z,0x0915c733cb679605492988b7612269675a0c8d6fbb14507b20bf0667255158d8,,variant-batch live execution
datm-live-2026-07-13T09-14-26-552Z,C,entity-07-suspicious,suspicious,2,2026-07-13T09:14:36.860Z,2026-07-13T09:14:36.860Z,2026-07-13T09:14:36.860Z,0,2026-07-13T09:14:37.024Z,0x5c7675ec80e07ea43d3d96d3f68d48199dfb69faca4e3259ca9b51fe3caa6395,2026-07-13T09:14:41.505Z,success,40291,1000,6377007,0x45cbf51ba05c3459ee7535255fd87ce4787f8fb52ca2e081d1af5aa7ec80a276,2026-07-13T09:14:41.505Z,4481,4481,4645,63,Suspicious,2026-07-13T09:14:36.805Z,0x5b1469aab52093aa86c5d7eca2fa2e4a06bc18d8b82c029c8f6d3e6437bb94ce,,variant-batch live execution
datm-live-2026-07-13T09-14-26-552Z,C,entity-08-malicious,malicious,2,2026-07-13T09:14:36.860Z,2026-07-13T09:14:36.860Z,2026-07-13T09:14:36.860Z,0,2026-07-13T09:14:37.036Z,0xe2179af9e61779e0e888d9fd227df1c2e3d3dce71601c600142c21f204976658,2026-07-13T09:14:41.479Z,success,40290,1000,6377007,0x45cbf51ba05c3459ee7535255fd87ce4787f8fb52ca2e081d1af5aa7ec80a276,2026-07-13T09:14:41.479Z,4443,4443,4619,30,Untrusted,2026-07-13T09:14:36.805Z,0xa2e1a3c4c7599595ff45f418f006cddcb63b2a5bf283c23acd95be7313d45ecb,,variant-batch live execution
datm-live-2026-07-13T09-14-26-552Z,C,entity-09-malicious,malicious,2,2026-07-13T09:14:36.862Z,2026-07-13T09:14:36.862Z,2026-07-13T09:14:36.862Z,0,2026-07-13T09:14:37.024Z,0x50a054010a303b7fee9725e2b540699cb891fc6572dd18e7dd51d7e920f4c7d2,2026-07-13T09:14:41.481Z,success,40278,1000,6377007,0x45cbf51ba05c3459ee7535255fd87ce4787f8fb52ca2e081d1af5aa7ec80a276,2026-07-13T09:14:41.481Z,4457,4457,4619,28,Untrusted,2026-07-13T09:14:36.805Z,0x3bde3e9fb8b533e414fdad8691008ba70e80a2d5b2a60ce79f54b44c34d0d253,,variant-batch live execution
datm-live-2026-07-13T09-14-26-552Z,C,entity-10-malicious,malicious,2,2026-07-13T09:14:36.863Z,2026-07-13T09:14:36.863Z,2026-07-13T09:14:36.863Z,0,2026-07-13T09:14:37.036Z,0x1e64ab97e87a3f663e6878531a13472337746a15d3727c23f1766195be428c4d,2026-07-13T09:14:41.480Z,success,40278,1000,6377007,0x45cbf51ba05c3459ee7535255fd87ce4787f8fb52ca2e081d1af5aa7ec80a276,2026-07-13T09:14:41.480Z,4444,4444,4617,32,Untrusted,2026-07-13T09:14:36.805Z,0xd41acc54f44d99b3218f8603d3b21be24708d376314c4608d238810ac9719518,,variant-batch live execution
datm-live-2026-07-13T09-14-26-552Z,C,entity-01-normal,normal,3,2026-07-13T09:14:46.624Z,2026-07-13T09:14:46.624Z,2026-07-13T09:14:46.624Z,0,2026-07-13T09:14:46.757Z,0xab6b9b3dd1decb2e6d8dc797422c44b7a5655bd2019e3777f95fc7fc23ebd8b9,2026-07-13T09:14:51.043Z,success,40187,1000,6377009,0x17ac41d15e1edfe2a7e56b8b106da05649690e78df5bef7558836d5943d44d3b,2026-07-13T09:14:51.043Z,4286,4286,4419,93,Trusted,2026-07-13T09:14:46.805Z,0xac7bba9b56a7c121303b6543b4ba62a6b465e6e738783c62f728dc3d29097700,,variant-batch live execution
datm-live-2026-07-13T09-14-26-552Z,C,entity-02-normal,normal,3,2026-07-13T09:14:46.626Z,2026-07-13T09:14:46.626Z,2026-07-13T09:14:46.626Z,0,2026-07-13T09:14:46.757Z,0xcd5f75015cde15a3c3027bce06fb25baa28a142bedddac62e1e0636d1d8ac0be,2026-07-13T09:14:51.043Z,success,40211,1000,6377009,0x17ac41d15e1edfe2a7e56b8b106da05649690e78df5bef7558836d5943d44d3b,2026-07-13T09:14:51.043Z,4286,4286,4417,92,Trusted,2026-07-13T09:14:46.805Z,0xf615043d27f75aa48a41055a5e7c3bae1539681c32df36e7a71a88d536df85e1,,variant-batch live execution
datm-live-2026-07-13T09-14-26-552Z,C,entity-03-normal,normal,3,2026-07-13T09:14:46.626Z,2026-07-13T09:14:46.626Z,2026-07-13T09:14:46.626Z,0,2026-07-13T09:14:46.787Z,0x1f9da083a51289e6983b97941292decb97cbac08427e229770e99b72f1ebddef,2026-07-13T09:14:51.043Z,success,40199,1000,6377009,0x17ac41d15e1edfe2a7e56b8b106da05649690e78df5bef7558836d5943d44d3b,2026-07-13T09:14:51.043Z,4256,4256,4417,93,Trusted,2026-07-13T09:14:46.805Z,0xd45a4f8611368a51dd55c13c61a72e3dd64b6568a7a3151d353c755d6f14ee6a,,variant-batch live execution
datm-live-2026-07-13T09-14-26-552Z,C,entity-04-normal,normal,3,2026-07-13T09:14:46.627Z,2026-07-13T09:14:46.627Z,2026-07-13T09:14:46.627Z,0,2026-07-13T09:14:46.788Z,0xcac9adabf6f6ecc922fadacae298e04acc6997ea3e072eaae076ffdec93d8e30,2026-07-13T09:14:51.044Z,success,40199,1000,6377009,0x17ac41d15e1edfe2a7e56b8b106da05649690e78df5bef7558836d5943d44d3b,2026-07-13T09:14:51.044Z,4256,4256,4417,93,Trusted,2026-07-13T09:14:46.805Z,0xbf439e4ff3c103ace229cd7a69e6a1a4f95f7772e558461a8bd7c857e23df136,,variant-batch live execution
datm-live-2026-07-13T09-14-26-552Z,C,entity-05-suspicious,suspicious,3,2026-07-13T09:14:46.628Z,2026-07-13T09:14:46.628Z,2026-07-13T09:14:46.628Z,0,2026-07-13T09:14:46.788Z,0xe0a8a05d886bcbdf8c1564b7505f4dca3a18fde6cc2afeab15405ff6bc93074c,2026-07-13T09:14:51.063Z,success,40291,1000,6377009,0x17ac41d15e1edfe2a7e56b8b106da05649690e78df5bef7558836d5943d44d3b,2026-07-13T09:14:51.063Z,4275,4275,4435,60,Suspicious,2026-07-13T09:14:46.805Z,0xc23a6cc29b63476de62bb6e18722040bfc38928bed63a3820394cfaf07b5e3d0,,variant-batch live execution
datm-live-2026-07-13T09-14-26-552Z,C,entity-06-suspicious,suspicious,3,2026-07-13T09:14:46.628Z,2026-07-13T09:14:46.628Z,2026-07-13T09:14:46.628Z,0,2026-07-13T09:14:46.788Z,0x511fc058b7c2ff7946b7dea9474b438c8460ade609c1ef6c323b326866bc2238,2026-07-13T09:14:51.038Z,success,40291,1000,6377009,0x17ac41d15e1edfe2a7e56b8b106da05649690e78df5bef7558836d5943d44d3b,2026-07-13T09:14:51.038Z,4250,4250,4410,64,Suspicious,2026-07-13T09:14:46.805Z,0x5027066e3be96032469140aabcc830cc25022d4461a042f68dcbb91b5966529d,,variant-batch live execution
datm-live-2026-07-13T09-14-26-552Z,C,entity-07-suspicious,suspicious,3,2026-07-13T09:14:46.629Z,2026-07-13T09:14:46.629Z,2026-07-13T09:14:46.629Z,0,2026-07-13T09:14:46.788Z,0x10b877a0c46191f94c2d804dbdc387f2e3fc49f800893c0baeac42fd393175a2,2026-07-13T09:14:51.219Z,success,40291,1000,6377009,0x17ac41d15e1edfe2a7e56b8b106da05649690e78df5bef7558836d5943d44d3b,2026-07-13T09:14:51.219Z,4431,4431,4590,60,Suspicious,2026-07-13T09:14:46.805Z,0xe37b95ab3f55fa78d3674dfa916139e218ae3a1c3c4f891565e1d4dc836f4401,,variant-batch live execution
datm-live-2026-07-13T09-14-26-552Z,C,entity-08-malicious,malicious,3,2026-07-13T09:14:46.629Z,2026-07-13T09:14:46.629Z,2026-07-13T09:14:46.629Z,0,2026-07-13T09:14:46.788Z,0x4c4de9e2f9a94af7f98dd8075f74ef25b393bddf9d5394db2c7cfd4a3fb47513,2026-07-13T09:14:51.237Z,success,40290,1000,6377009,0x17ac41d15e1edfe2a7e56b8b106da05649690e78df5bef7558836d5943d44d3b,2026-07-13T09:14:51.237Z,4449,4449,4608,28,Untrusted,2026-07-13T09:14:46.805Z,0x8c8be3d6e938e5f987f9d1f98a66292ed93dca28d51f35b52c1f0d24e83a6154,,variant-batch live execution
datm-live-2026-07-13T09-14-26-552Z,C,entity-09-malicious,malicious,3,2026-07-13T09:14:46.629Z,2026-07-13T09:14:46.629Z,2026-07-13T09:14:46.629Z,0,2026-07-13T09:14:46.789Z,0xcba3218a9ffeaaef27dde32a9830560fd133d5a6a952fc5fbb5f58cf4e9fd874,2026-07-13T09:14:51.251Z,success,40290,1000,6377009,0x17ac41d15e1edfe2a7e56b8b106da05649690e78df5bef7558836d5943d44d3b,2026-07-13T09:14:51.251Z,4462,4462,4622,30,Untrusted,2026-07-13T09:14:46.805Z,0x3f51dc908aa1ede1e0c5193d94c3e5e75ddafcd187fc9fd6babaddc0d4dc4ff0,,variant-batch live execution
datm-live-2026-07-13T09-14-26-552Z,C,entity-10-malicious,malicious,3,2026-07-13T09:14:46.630Z,2026-07-13T09:14:46.630Z,2026-07-13T09:14:46.630Z,0,2026-07-13T09:14:46.789Z,0xf637dc2ce2b7b14c896034e474d79becc7f16577d01489f1995830cd1dfe4dba,2026-07-13T09:14:51.257Z,success,40278,1000,6377009,0x17ac41d15e1edfe2a7e56b8b106da05649690e78df5bef7558836d5943d44d3b,2026-07-13T09:14:51.257Z,4468,4468,4627,30,Untrusted,2026-07-13T09:14:46.805Z,0x9f894c355bb568639598749a26dae095aaec14bee8805a79050ab08ef17cb9fc,,variant-batch live execution
datm-live-2026-07-13T09-14-26-552Z,C,entity-01-normal,normal,4,2026-07-13T09:14:56.391Z,2026-07-13T09:14:56.391Z,2026-07-13T09:14:56.391Z,0,2026-07-13T09:14:56.529Z,0x6d03e08b8e75d54db28cf101d5304400032b7c0cfdb1315865fafed7d1aafcaa,2026-07-13T09:15:00.808Z,success,40211,1000,6377011,0x5bb411ced8e3cbdc2f1469dbc8687f2e2da356e18ec40a831caa3a3e2da91b36,2026-07-13T09:15:00.808Z,4279,4279,4417,91,Trusted,2026-07-13T09:14:56.805Z,0xb55f1277b567e0dca95b195de924f92199ecb2a18968362a532ad7e1dc4edbc5,,variant-batch live execution
datm-live-2026-07-13T09-14-26-552Z,C,entity-02-normal,normal,4,2026-07-13T09:14:56.393Z,2026-07-13T09:14:56.393Z,2026-07-13T09:14:56.393Z,0,2026-07-13T09:14:56.529Z,0x158afe2dbe67983a0f0d35f44fcde8690de7538834e96dd3d93a66ba4a70d461,2026-07-13T09:15:00.828Z,success,40199,1000,6377011,0x5bb411ced8e3cbdc2f1469dbc8687f2e2da356e18ec40a831caa3a3e2da91b36,2026-07-13T09:15:00.828Z,4299,4299,4435,93,Trusted,2026-07-13T09:14:56.805Z,0x7339121eb8e754fc8befba69eca0394e59089686b156f9c5ec0edb49a4bbeb23,,variant-batch live execution
datm-live-2026-07-13T09-14-26-552Z,C,entity-03-normal,normal,4,2026-07-13T09:14:56.394Z,2026-07-13T09:14:56.394Z,2026-07-13T09:14:56.394Z,0,2026-07-13T09:14:56.558Z,0x990e89d94632610a622023ab1fafff0817fc982744cdb50ad0bfc41607af361d,2026-07-13T09:15:00.808Z,success,40199,1000,6377011,0x5bb411ced8e3cbdc2f1469dbc8687f2e2da356e18ec40a831caa3a3e2da91b36,2026-07-13T09:15:00.808Z,4250,4250,4414,93,Trusted,2026-07-13T09:14:56.805Z,0xcc586edfedfe617ebc8026106d795cc75c0a01ae6101c71a6cc33845a845f0d2,,variant-batch live execution
datm-live-2026-07-13T09-14-26-552Z,C,entity-04-normal,normal,4,2026-07-13T09:14:56.394Z,2026-07-13T09:14:56.394Z,2026-07-13T09:14:56.394Z,0,2026-07-13T09:14:56.558Z,0xd593ee321f715d2205bf133546a6b4a62512908d6002cfb24aac61981e2c2ad6,2026-07-13T09:15:00.805Z,success,40211,1000,6377011,0x5bb411ced8e3cbdc2f1469dbc8687f2e2da356e18ec40a831caa3a3e2da91b36,2026-07-13T09:15:00.805Z,4247,4247,4411,91,Trusted,2026-07-13T09:14:56.805Z,0x16ae6d33724e75a960096cf6090deba9cfc194cb4ba866a3dc4a16334b24fe56,,variant-batch live execution
datm-live-2026-07-13T09-14-26-552Z,C,entity-05-suspicious,suspicious,4,2026-07-13T09:14:56.395Z,2026-07-13T09:14:56.395Z,2026-07-13T09:14:56.395Z,0,2026-07-13T09:14:56.538Z,0xb2b1e69b422792a9a38948d21043b451a7e4d6246d67670054356336bbc374d3,2026-07-13T09:15:00.802Z,success,40291,1000,6377011,0x5bb411ced8e3cbdc2f1469dbc8687f2e2da356e18ec40a831caa3a3e2da91b36,2026-07-13T09:15:00.802Z,4264,4264,4407,64,Suspicious,2026-07-13T09:14:56.805Z,0x7c36ca8ed50b5a0524da660a9ca118eea765d70242f61851aff2a576bd19610c,,variant-batch live execution
datm-live-2026-07-13T09-14-26-552Z,C,entity-06-suspicious,suspicious,4,2026-07-13T09:14:56.396Z,2026-07-13T09:14:56.396Z,2026-07-13T09:14:56.396Z,0,2026-07-13T09:14:56.538Z,0x1e63e119c021bca71b6c81725c4bb55a4cb6cafb42d5d8abfb591b0db37d6d8a,2026-07-13T09:15:00.806Z,success,40291,1000,6377011,0x5bb411ced8e3cbdc2f1469dbc8687f2e2da356e18ec40a831caa3a3e2da91b36,2026-07-13T09:15:00.806Z,4268,4268,4410,61,Suspicious,2026-07-13T09:14:56.805Z,0xfde8bae8237ba8caf6e062ccd49dd0f66f61319934c865955e77399b246bada5,,variant-batch live execution
datm-live-2026-07-13T09-14-26-552Z,C,entity-07-suspicious,suspicious,4,2026-07-13T09:14:56.397Z,2026-07-13T09:14:56.397Z,2026-07-13T09:14:56.397Z,0,2026-07-13T09:14:56.559Z,0xc48c184b90f6313fbc9b6e88feb9b2851aaf66f98386aa309e120230e5ee4a9f,2026-07-13T09:15:00.995Z,success,40291,1000,6377011,0x5bb411ced8e3cbdc2f1469dbc8687f2e2da356e18ec40a831caa3a3e2da91b36,2026-07-13T09:15:00.995Z,4436,4436,4598,60,Suspicious,2026-07-13T09:14:56.805Z,0xc2ddebf954b734b41b131e1d9ccf0f2ed33a3cf5cb17cc7ab84a1daa1e6dc520,,variant-batch live execution
datm-live-2026-07-13T09-14-26-552Z,C,entity-08-malicious,malicious,4,2026-07-13T09:14:56.397Z,2026-07-13T09:14:56.397Z,2026-07-13T09:14:56.397Z,0,2026-07-13T09:14:56.539Z,0x50e13b6aec9f2037e0444e2e33a5db979a0b8c6556ad0da58116a89899994f38,2026-07-13T09:15:01.021Z,success,40290,1000,6377011,0x5bb411ced8e3cbdc2f1469dbc8687f2e2da356e18ec40a831caa3a3e2da91b36,2026-07-13T09:15:01.021Z,4482,4482,4624,30,Untrusted,2026-07-13T09:14:56.805Z,0x9f1a4d4a6d550ad71e4d40905574926d4ad80aa8c0633fa7a6aab1cf853ff83d,,variant-batch live execution
datm-live-2026-07-13T09-14-26-552Z,C,entity-09-malicious,malicious,4,2026-07-13T09:14:56.398Z,2026-07-13T09:14:56.398Z,2026-07-13T09:14:56.398Z,0,2026-07-13T09:14:56.539Z,0xd473ef5a88f9d355f2b817f76e16d10b044cf75f0df55bfde88189b98ddbe23f,2026-07-13T09:15:01.034Z,success,40278,1000,6377011,0x5bb411ced8e3cbdc2f1469dbc8687f2e2da356e18ec40a831caa3a3e2da91b36,2026-07-13T09:15:01.034Z,4495,4495,4636,29,Untrusted,2026-07-13T09:14:56.805Z,0x6e9cc5e18462a961209330dd5e005259c3bd3e034bbb0758bf9fcf6b548fdeaa,,variant-batch live execution
datm-live-2026-07-13T09-14-26-552Z,C,entity-10-malicious,malicious,4,2026-07-13T09:14:56.398Z,2026-07-13T09:14:56.398Z,2026-07-13T09:14:56.398Z,0,2026-07-13T09:14:56.539Z,0x5c99ed2e1a19d10a02fcd9ae2f8be455339bb7efe1ac6c6895b75396eedde92a,2026-07-13T09:15:01.040Z,success,40266,1000,6377011,0x5bb411ced8e3cbdc2f1469dbc8687f2e2da356e18ec40a831caa3a3e2da91b36,2026-07-13T09:15:01.040Z,4501,4501,4642,29,Untrusted,2026-07-13T09:14:56.805Z,0xba73e7dc30ee0ea225878be3745700012e66f052abdf5461adbac0a286858b3e,,variant-batch live execution
datm-live-2026-07-13T09-14-26-552Z,C,entity-01-normal,normal,5,2026-07-13T09:15:06.193Z,2026-07-13T09:15:06.193Z,2026-07-13T09:15:06.193Z,0,2026-07-13T09:15:06.332Z,0x25859deb45575a6e8bfeac1f413a6341e96f16617befd0d7c8acffbe82c85ac6,2026-07-13T09:15:10.623Z,success,40199,1000,6377013,0x6b44f11b8eae9a4f0a145d0a833db1553737288b9d4a2f32da08244257c02731,2026-07-13T09:15:10.623Z,4291,4291,4430,93,Trusted,2026-07-13T09:15:06.805Z,0x61d5e8741de2e0aa0beeb471139eca6c0e363210097c5b248efbb11e74aa5510,,variant-batch live execution
datm-live-2026-07-13T09-14-26-552Z,C,entity-02-normal,normal,5,2026-07-13T09:15:06.194Z,2026-07-13T09:15:06.194Z,2026-07-13T09:15:06.194Z,0,2026-07-13T09:15:06.333Z,0x875b7894bb11f8b095e35847ab14298b9ce8c1cb72972173749a4a015795592c,2026-07-13T09:15:10.612Z,success,40199,1000,6377013,0x6b44f11b8eae9a4f0a145d0a833db1553737288b9d4a2f32da08244257c02731,2026-07-13T09:15:10.612Z,4279,4279,4418,93,Trusted,2026-07-13T09:15:06.805Z,0x47907c736820640cf578f1c8d9ad74d0f93f0d8aaf4456d33e76adfcc4ac60c9,,variant-batch live execution
datm-live-2026-07-13T09-14-26-552Z,C,entity-03-normal,normal,5,2026-07-13T09:15:06.195Z,2026-07-13T09:15:06.195Z,2026-07-13T09:15:06.195Z,0,2026-07-13T09:15:06.333Z,0x899ca02d3702468f5e9e95a354ffbc9545c8fbe407480d0b59bda074a7c65fad,2026-07-13T09:15:10.635Z,success,40199,1000,6377013,0x6b44f11b8eae9a4f0a145d0a833db1553737288b9d4a2f32da08244257c02731,2026-07-13T09:15:10.635Z,4302,4302,4440,92,Trusted,2026-07-13T09:15:06.805Z,0x8de5b85c3dcd5afba375b2e93d8b21a9c317c4dfad3000afdd3592205dff2e39,,variant-batch live execution
datm-live-2026-07-13T09-14-26-552Z,C,entity-04-normal,normal,5,2026-07-13T09:15:06.196Z,2026-07-13T09:15:06.196Z,2026-07-13T09:15:06.196Z,0,2026-07-13T09:15:06.333Z,0xf8bed6e24fdd9594bcda7eb885e54d742e0cc2c052b7ed21e3826a5ec40b831a,2026-07-13T09:15:10.624Z,success,40199,1000,6377013,0x6b44f11b8eae9a4f0a145d0a833db1553737288b9d4a2f32da08244257c02731,2026-07-13T09:15:10.624Z,4291,4291,4428,93,Trusted,2026-07-13T09:15:06.805Z,0x8b55a77bf8a6d9878ff13c5418d904750fd033db41b465439f9a1a568eb9682d,,variant-batch live execution
datm-live-2026-07-13T09-14-26-552Z,C,entity-05-suspicious,suspicious,5,2026-07-13T09:15:06.196Z,2026-07-13T09:15:06.196Z,2026-07-13T09:15:06.196Z,0,2026-07-13T09:15:06.355Z,0xb5cdf6dcc03f19c1e3560d5a2db053498f1dcf4546eb7c3452cb91ba7bfc6499,2026-07-13T09:15:10.636Z,success,40291,1000,6377013,0x6b44f11b8eae9a4f0a145d0a833db1553737288b9d4a2f32da08244257c02731,2026-07-13T09:15:10.636Z,4281,4281,4440,61,Suspicious,2026-07-13T09:15:06.805Z,0x40b0726309873e4db62f2c7d75783c3d1836f6fe0720b2f8418dcac618e5a3a3,,variant-batch live execution
datm-live-2026-07-13T09-14-26-552Z,C,entity-06-suspicious,suspicious,5,2026-07-13T09:15:06.197Z,2026-07-13T09:15:06.197Z,2026-07-13T09:15:06.197Z,0,2026-07-13T09:15:06.355Z,0x2dc69883c8450091b5b8e5d0965302c109a1e32a70753b814184f39ad0dff5a9,2026-07-13T09:15:10.641Z,success,40291,1000,6377013,0x6b44f11b8eae9a4f0a145d0a833db1553737288b9d4a2f32da08244257c02731,2026-07-13T09:15:10.641Z,4286,4286,4444,59,Suspicious,2026-07-13T09:15:06.805Z,0x9e625ac46525377061a9beee468f4060e93bde75aaf82640cadc4641dd400dc3,,variant-batch live execution
datm-live-2026-07-13T09-14-26-552Z,C,entity-07-suspicious,suspicious,5,2026-07-13T09:15:06.197Z,2026-07-13T09:15:06.197Z,2026-07-13T09:15:06.197Z,0,2026-07-13T09:15:06.355Z,0xb38b90311ad4e8467160de40e17e2aab5cebeaf563afdac38c0665e729c14a23,2026-07-13T09:15:10.819Z,success,40291,1000,6377013,0x6b44f11b8eae9a4f0a145d0a833db1553737288b9d4a2f32da08244257c02731,2026-07-13T09:15:10.819Z,4464,4464,4622,64,Suspicious,2026-07-13T09:15:06.805Z,0x48b6572094347051ff6ce35770a993f102139b644fe55807feb95fd3f8af2ae1,,variant-batch live execution
datm-live-2026-07-13T09-14-26-552Z,C,entity-08-malicious,malicious,5,2026-07-13T09:15:06.198Z,2026-07-13T09:15:06.198Z,2026-07-13T09:15:06.198Z,0,2026-07-13T09:15:06.356Z,0xe94c56902b8e986010e867c5bf9e517886e1b0bdfec10253ecef13a361686763,2026-07-13T09:15:10.846Z,success,40290,1000,6377013,0x6b44f11b8eae9a4f0a145d0a833db1553737288b9d4a2f32da08244257c02731,2026-07-13T09:15:10.846Z,4490,4490,4648,30,Untrusted,2026-07-13T09:15:06.805Z,0x2c7adf98e3bf29f80da6f7b245c6bc61eccc4dfeb909022e517b8531e19d8b5e,,variant-batch live execution
datm-live-2026-07-13T09-14-26-552Z,C,entity-09-malicious,malicious,5,2026-07-13T09:15:06.199Z,2026-07-13T09:15:06.199Z,2026-07-13T09:15:06.199Z,0,2026-07-13T09:15:06.356Z,0xfb18a3fea7a256fad495e58f045bcdcf00bbbba094ec5cfc88d3565e9d558b70,2026-07-13T09:15:10.817Z,success,40290,1000,6377013,0x6b44f11b8eae9a4f0a145d0a833db1553737288b9d4a2f32da08244257c02731,2026-07-13T09:15:10.817Z,4461,4461,4618,28,Untrusted,2026-07-13T09:15:06.805Z,0x79c650a7aad26fb61d5552e95d3a83202bd3d078a7f83fad4ef4eff2ec9eaf86,,variant-batch live execution
datm-live-2026-07-13T09-14-26-552Z,C,entity-10-malicious,malicious,5,2026-07-13T09:15:06.199Z,2026-07-13T09:15:06.199Z,2026-07-13T09:15:06.199Z,0,2026-07-13T09:15:06.368Z,0x8fd9bedfddbf54b6c5d0d155bb8e6924909a5e0fff1a163d1ff3c0e93a854297,2026-07-13T09:15:10.820Z,success,40278,1000,6377013,0x6b44f11b8eae9a4f0a145d0a833db1553737288b9d4a2f32da08244257c02731,2026-07-13T09:15:10.820Z,4452,4452,4621,31,Untrusted,2026-07-13T09:15:06.805Z,0x0177a2647e21438aa4b75495e8068fc66f9accf26831c9e5a1a3d1c2fef8cf57,,variant-batch live execution
datm-live-2026-07-13T09-14-26-552Z,C,entity-01-normal,normal,6,2026-07-13T09:15:15.970Z,2026-07-13T09:15:15.970Z,2026-07-13T09:15:15.970Z,0,2026-07-13T09:15:16.101Z,0x87905b6b73a473a9ec59ffb418cdb96ab4f4376e22541fba7b17880b601ad374,2026-07-13T09:15:20.405Z,success,40187,1000,6377015,0xdf9bc6282121615c5c8a165b287b9f95fbd50efaf62b206f61e035868fd983bb,2026-07-13T09:15:20.405Z,4304,4304,4435,93,Trusted,2026-07-13T09:15:16.805Z,0x87327ab7125862b9795cb2009dc06f7c09ee46b983f35117cc8c6d1626dff38d,,variant-batch live execution
datm-live-2026-07-13T09-14-26-552Z,C,entity-02-normal,normal,6,2026-07-13T09:15:15.972Z,2026-07-13T09:15:15.972Z,2026-07-13T09:15:15.972Z,0,2026-07-13T09:15:16.101Z,0x91f5c48154a56d3cc53c9aced34c14c7c2635fd1a5fe5763cd61c6e5e7c60109,2026-07-13T09:15:20.400Z,success,40211,1000,6377015,0xdf9bc6282121615c5c8a165b287b9f95fbd50efaf62b206f61e035868fd983bb,2026-07-13T09:15:20.400Z,4299,4299,4428,92,Trusted,2026-07-13T09:15:16.805Z,0x9785f50ec21b6fbf233f5c0e0bf4756b7c199e5e38b9e7787a93babbe84769a1,,variant-batch live execution
datm-live-2026-07-13T09-14-26-552Z,C,entity-03-normal,normal,6,2026-07-13T09:15:15.973Z,2026-07-13T09:15:15.973Z,2026-07-13T09:15:15.973Z,0,2026-07-13T09:15:16.121Z,0x321dd2c03f75ab1a209d840d3ed7e606c9bc7ae9efec88e77498594831435050,2026-07-13T09:15:20.401Z,success,40199,1000,6377015,0xdf9bc6282121615c5c8a165b287b9f95fbd50efaf62b206f61e035868fd983bb,2026-07-13T09:15:20.401Z,4280,4280,4428,93,Trusted,2026-07-13T09:15:16.805Z,0xa8db147f0e2c1b4320a3ef148fd3f36cc7436af45b983b977bf4abfda83577cb,,variant-batch live execution
datm-live-2026-07-13T09-14-26-552Z,C,entity-04-normal,normal,6,2026-07-13T09:15:15.973Z,2026-07-13T09:15:15.973Z,2026-07-13T09:15:15.973Z,0,2026-07-13T09:15:16.121Z,0xb0aeeaedbe620d6a9e2d7190ad6fbaa48e0a7d2159f1d3f41a494be46d5d035a,2026-07-13T09:15:20.401Z,success,40199,1000,6377015,0xdf9bc6282121615c5c8a165b287b9f95fbd50efaf62b206f61e035868fd983bb,2026-07-13T09:15:20.401Z,4280,4280,4428,93,Trusted,2026-07-13T09:15:16.805Z,0xbd40f2099201ebee5cb2d1b4f79c81fb78f7fad613b2636c59dba510ba26c94d,,variant-batch live execution
datm-live-2026-07-13T09-14-26-552Z,C,entity-05-suspicious,suspicious,6,2026-07-13T09:15:15.974Z,2026-07-13T09:15:15.974Z,2026-07-13T09:15:15.974Z,0,2026-07-13T09:15:16.121Z,0xab28276a350d4ef9947fc9a6ec65347cc942f0ec8cfd86d309c5978f3f669e9d,2026-07-13T09:15:20.402Z,success,40291,1000,6377015,0xdf9bc6282121615c5c8a165b287b9f95fbd50efaf62b206f61e035868fd983bb,2026-07-13T09:15:20.402Z,4281,4281,4428,59,Suspicious,2026-07-13T09:15:16.805Z,0x0b7a8ea17eaff6f501895f8d9d19166dece0499601108f0505783a88d3b698eb,,variant-batch live execution
datm-live-2026-07-13T09-14-26-552Z,C,entity-06-suspicious,suspicious,6,2026-07-13T09:15:15.975Z,2026-07-13T09:15:15.975Z,2026-07-13T09:15:15.975Z,0,2026-07-13T09:15:16.121Z,0x6f1c8d8b2550d2ad7b7fb89fb200072f162f310b01f78dc8db6afe7faa313377,2026-07-13T09:15:20.426Z,success,40291,1000,6377015,0xdf9bc6282121615c5c8a165b287b9f95fbd50efaf62b206f61e035868fd983bb,2026-07-13T09:15:20.426Z,4305,4305,4451,60,Suspicious,2026-07-13T09:15:16.805Z,0x99dc82dac65aad325b2ac47ec2651780230a43fe954e906940e90716fb88766b,,variant-batch live execution
datm-live-2026-07-13T09-14-26-552Z,C,entity-07-suspicious,suspicious,6,2026-07-13T09:15:15.975Z,2026-07-13T09:15:15.975Z,2026-07-13T09:15:15.975Z,0,2026-07-13T09:15:16.121Z,0x37d42b316e6041581d5f53653d4369adf089ef9c2255b92aff662dcf286a4940,2026-07-13T09:15:20.612Z,success,40291,1000,6377015,0xdf9bc6282121615c5c8a165b287b9f95fbd50efaf62b206f61e035868fd983bb,2026-07-13T09:15:20.612Z,4491,4491,4637,61,Suspicious,2026-07-13T09:15:16.805Z,0x01ac2bc81735868bf8d9122107b21d44d0c7f04fc71b651fdd9360ecf2b7ce21,,variant-batch live execution
datm-live-2026-07-13T09-14-26-552Z,C,entity-08-malicious,malicious,6,2026-07-13T09:15:15.977Z,2026-07-13T09:15:15.977Z,2026-07-13T09:15:15.977Z,0,2026-07-13T09:15:16.126Z,0x2f34f16831c1194bd6ab9ba5c959f298ba10df3f8345924b9bfa51cae7760b1d,2026-07-13T09:15:20.609Z,success,40290,1000,6377015,0xdf9bc6282121615c5c8a165b287b9f95fbd50efaf62b206f61e035868fd983bb,2026-07-13T09:15:20.609Z,4483,4483,4632,28,Untrusted,2026-07-13T09:15:16.805Z,0xfa859462e8d93f015e876f2d1aeb50263d0b4c59440e4dcb8bf1f023a1d909dc,,variant-batch live execution
datm-live-2026-07-13T09-14-26-552Z,C,entity-09-malicious,malicious,6,2026-07-13T09:15:15.977Z,2026-07-13T09:15:15.977Z,2026-07-13T09:15:15.977Z,0,2026-07-13T09:15:16.126Z,0xd2518817c9fbf3c0fffcc459e1e2c315e0f03fcda192dc5f16fd43dab2d5d0ff,2026-07-13T09:15:20.611Z,success,40290,1000,6377015,0xdf9bc6282121615c5c8a165b287b9f95fbd50efaf62b206f61e035868fd983bb,2026-07-13T09:15:20.611Z,4485,4485,4634,29,Untrusted,2026-07-13T09:15:16.805Z,0x0b4db83e5bb6441032fec89af1528a263513cb70dd3c5019cc10602bd004ba42,,variant-batch live execution
datm-live-2026-07-13T09-14-26-552Z,C,entity-10-malicious,malicious,6,2026-07-13T09:15:15.978Z,2026-07-13T09:15:15.978Z,2026-07-13T09:15:15.978Z,0,2026-07-13T09:15:16.126Z,0xcdfde01666254f5f77081b259054fcee9942257cd8360839b1c37b0533d45caf,2026-07-13T09:15:20.645Z,success,40278,1000,6377015,0xdf9bc6282121615c5c8a165b287b9f95fbd50efaf62b206f61e035868fd983bb,2026-07-13T09:15:20.645Z,4519,4519,4667,30,Untrusted,2026-07-13T09:15:16.805Z,0x49e6048f387b9732c1fd8a926507cea33db0b71be4cd2cdba5c5c30ed1f6ccec,,variant-batch live execution
datm-live-2026-07-13T09-14-26-552Z,C,entity-01-normal,normal,7,2026-07-13T09:15:25.770Z,2026-07-13T09:15:25.770Z,2026-07-13T09:15:25.770Z,0,2026-07-13T09:15:25.897Z,0x258bafae7055a4120186ba7abfa2bf0e4e6fb27b3e7050c1af5a37bf01392a24,2026-07-13T09:15:30.184Z,success,40199,1000,6377017,0x8f6df5e5eb2ebebd5dcccb3f9e6fb8078939869278e75a54ddda73ef9994b308,2026-07-13T09:15:30.184Z,4287,4287,4414,92,Trusted,2026-07-13T09:15:26.805Z,0x1f82efc2747363af83412e4e53f41f7f2e0c1549799c009807891564a1906716,,variant-batch live execution
datm-live-2026-07-13T09-14-26-552Z,C,entity-02-normal,normal,7,2026-07-13T09:15:25.771Z,2026-07-13T09:15:25.771Z,2026-07-13T09:15:25.771Z,0,2026-07-13T09:15:25.928Z,0x368367a127d810b625daf6394e5cb1c586aca00932f3dd62aafa488060c55488,2026-07-13T09:15:30.207Z,success,40199,1000,6377017,0x8f6df5e5eb2ebebd5dcccb3f9e6fb8078939869278e75a54ddda73ef9994b308,2026-07-13T09:15:30.207Z,4279,4279,4436,93,Trusted,2026-07-13T09:15:26.805Z,0x87fe0995a5cc167656ca2c73a1da367bad0dc8f38dd22a1ec3c5f2b40c348235,,variant-batch live execution
datm-live-2026-07-13T09-14-26-552Z,C,entity-03-normal,normal,7,2026-07-13T09:15:25.771Z,2026-07-13T09:15:25.771Z,2026-07-13T09:15:25.771Z,0,2026-07-13T09:15:25.929Z,0x7e2b16f7ad38a958ab216540735be793632cef8ddf7bec762f1a46062be44300,2026-07-13T09:15:30.182Z,success,40199,1000,6377017,0x8f6df5e5eb2ebebd5dcccb3f9e6fb8078939869278e75a54ddda73ef9994b308,2026-07-13T09:15:30.182Z,4253,4253,4411,93,Trusted,2026-07-13T09:15:26.805Z,0x5fd48076f44206daa5bb1eaceb13e76e80379aebcc5753a54ba2daaeadb4f8f5,,variant-batch live execution
datm-live-2026-07-13T09-14-26-552Z,C,entity-04-normal,normal,7,2026-07-13T09:15:25.772Z,2026-07-13T09:15:25.772Z,2026-07-13T09:15:25.772Z,0,2026-07-13T09:15:25.929Z,0x8e52dd44de1440c3308a2a21dae1828288a68e57c3e8f5fb6605f67cb5f05864,2026-07-13T09:15:30.182Z,success,40211,1000,6377017,0x8f6df5e5eb2ebebd5dcccb3f9e6fb8078939869278e75a54ddda73ef9994b308,2026-07-13T09:15:30.182Z,4253,4253,4410,92,Trusted,2026-07-13T09:15:26.805Z,0xc8b26defeaafbdb3670d9ba4a5e90b60f4c8181bb91d7d62360450c69381b1aa,,variant-batch live execution
datm-live-2026-07-13T09-14-26-552Z,C,entity-05-suspicious,suspicious,7,2026-07-13T09:15:25.772Z,2026-07-13T09:15:25.772Z,2026-07-13T09:15:25.772Z,0,2026-07-13T09:15:25.929Z,0xeeff8bb15edefdffd8c766147097a3572100b7d3fcdce39d6bef3c6614d4e298,2026-07-13T09:15:30.182Z,success,40279,1000,6377017,0x8f6df5e5eb2ebebd5dcccb3f9e6fb8078939869278e75a54ddda73ef9994b308,2026-07-13T09:15:30.182Z,4253,4253,4410,60,Suspicious,2026-07-13T09:15:26.805Z,0x19dba7db353cffb3056cdb0a25540e5b96817041f8b85520a900481bea0f61e5,,variant-batch live execution
datm-live-2026-07-13T09-14-26-552Z,C,entity-06-suspicious,suspicious,7,2026-07-13T09:15:25.772Z,2026-07-13T09:15:25.772Z,2026-07-13T09:15:25.772Z,0,2026-07-13T09:15:25.929Z,0x3c1c277ccf72b5384a35ee7bf6eba4f960cf0eaa1eb6d8e0699eac4cf03df217,2026-07-13T09:15:30.194Z,success,40291,1000,6377017,0x8f6df5e5eb2ebebd5dcccb3f9e6fb8078939869278e75a54ddda73ef9994b308,2026-07-13T09:15:30.194Z,4265,4265,4422,62,Suspicious,2026-07-13T09:15:26.805Z,0xf94ec08e3db3f347aca6c870fadf6384537cea93627fdef3cf49e5db9c8152bc,,variant-batch live execution
datm-live-2026-07-13T09-14-26-552Z,C,entity-07-suspicious,suspicious,7,2026-07-13T09:15:25.773Z,2026-07-13T09:15:25.773Z,2026-07-13T09:15:25.773Z,0,2026-07-13T09:15:25.934Z,0x9c98c8265672031652f0ac01e3611cf6874abe533a2f8ba6faebb4353c177a10,2026-07-13T09:15:30.420Z,success,40279,1000,6377017,0x8f6df5e5eb2ebebd5dcccb3f9e6fb8078939869278e75a54ddda73ef9994b308,2026-07-13T09:15:30.420Z,4486,4486,4647,59,Suspicious,2026-07-13T09:15:26.805Z,0xcbc9ade42e00c6f3e37a126eb30a7996c20f6ab5a41f4bf6043f18dd280c2e3f,,variant-batch live execution
datm-live-2026-07-13T09-14-26-552Z,C,entity-08-malicious,malicious,7,2026-07-13T09:15:25.773Z,2026-07-13T09:15:25.773Z,2026-07-13T09:15:25.773Z,0,2026-07-13T09:15:25.935Z,0xb572ee47ccf6e134258354b4aa6889600db4469b28b82ec7b492e213ae5fe818,2026-07-13T09:15:30.419Z,success,40290,1000,6377017,0x8f6df5e5eb2ebebd5dcccb3f9e6fb8078939869278e75a54ddda73ef9994b308,2026-07-13T09:15:30.419Z,4484,4484,4646,29,Untrusted,2026-07-13T09:15:26.805Z,0x33e1e9f7b659ac9d11231842ee3a7a3edc6c1ae08133694e671b2347d2312561,,variant-batch live execution
datm-live-2026-07-13T09-14-26-552Z,C,entity-09-malicious,malicious,7,2026-07-13T09:15:25.773Z,2026-07-13T09:15:25.773Z,2026-07-13T09:15:25.773Z,0,2026-07-13T09:15:25.935Z,0x345cdec177b5e409f330ded5bf6a29fb49fa80d789be8e3cabd6af0e55672dd5,2026-07-13T09:15:30.451Z,success,40290,1000,6377017,0x8f6df5e5eb2ebebd5dcccb3f9e6fb8078939869278e75a54ddda73ef9994b308,2026-07-13T09:15:30.451Z,4516,4516,4678,28,Untrusted,2026-07-13T09:15:26.805Z,0x65ec8c3df718e8a823cef8ae0adda5d094961f3543558f22b0a6538dffdbba2f,,variant-batch live execution
datm-live-2026-07-13T09-14-26-552Z,C,entity-10-malicious,malicious,7,2026-07-13T09:15:25.774Z,2026-07-13T09:15:25.774Z,2026-07-13T09:15:25.774Z,0,2026-07-13T09:15:25.935Z,0x0f70cc909d05ef319a4a4208abf8c951dbcadb2191a4a7d0a38369a09e1fc861,2026-07-13T09:15:30.422Z,success,40266,1000,6377017,0x8f6df5e5eb2ebebd5dcccb3f9e6fb8078939869278e75a54ddda73ef9994b308,2026-07-13T09:15:30.422Z,4487,4487,4648,29,Untrusted,2026-07-13T09:15:26.805Z,0x0040f33787fd28f7d13563def82ff8f4750d70638fa768989a6d239f7bd7e46e,,variant-batch live execution
datm-live-2026-07-13T09-14-26-552Z,C,entity-01-normal,normal,8,2026-07-13T09:15:35.576Z,2026-07-13T09:15:35.576Z,2026-07-13T09:15:35.576Z,0,2026-07-13T09:15:35.709Z,0xd997eaeb9c92695b8984c23aa07d9added7282397ad015044d8701fe29364876,2026-07-13T09:15:40.049Z,success,40187,1000,6377019,0xf7595b7ec07c918f60c244154c828c0d862c6c95b19bc02920abd87f5ed62a60,2026-07-13T09:15:40.049Z,4340,4340,4473,93,Trusted,2026-07-13T09:15:36.805Z,0xb5db0163578b7bd479402da38aa8da92dedabf9adf71e55e00d37e416bdf3aa3,,variant-batch live execution
datm-live-2026-07-13T09-14-26-552Z,C,entity-02-normal,normal,8,2026-07-13T09:15:35.577Z,2026-07-13T09:15:35.577Z,2026-07-13T09:15:35.577Z,0,2026-07-13T09:15:35.710Z,0x49dd19d718ee07f2dcf43140e09cdde29ab83cfcbcfc63a3b43952c891fa5bc5,2026-07-13T09:15:40.049Z,success,40199,1000,6377019,0xf7595b7ec07c918f60c244154c828c0d862c6c95b19bc02920abd87f5ed62a60,2026-07-13T09:15:40.049Z,4339,4339,4472,93,Trusted,2026-07-13T09:15:36.805Z,0xe7df3e57f328ba25e5f3063120caed6f375c7960942e7c84d863499bc3b9ce77,,variant-batch live execution
datm-live-2026-07-13T09-14-26-552Z,C,entity-03-normal,normal,8,2026-07-13T09:15:35.578Z,2026-07-13T09:15:35.578Z,2026-07-13T09:15:35.578Z,0,2026-07-13T09:15:35.738Z,0x72b0f33fc358e88e629b0e1be2da6c73b74b1cdf59d2a073942972a9d0438e54,2026-07-13T09:15:40.049Z,success,40211,1000,6377019,0xf7595b7ec07c918f60c244154c828c0d862c6c95b19bc02920abd87f5ed62a60,2026-07-13T09:15:40.049Z,4311,4311,4471,91,Trusted,2026-07-13T09:15:36.805Z,0xd75ae7a0f9b9a00a31174d4a7b70073ac226f45627ac54288942f5ad0a6b0f5a,,variant-batch live execution
datm-live-2026-07-13T09-14-26-552Z,C,entity-04-normal,normal,8,2026-07-13T09:15:35.578Z,2026-07-13T09:15:35.578Z,2026-07-13T09:15:35.578Z,0,2026-07-13T09:15:35.738Z,0x8f68abf035cbc6b3d4fa50a1591f01b00758cbe294f62063989f5a5717e47461,2026-07-13T09:15:40.050Z,success,40187,1000,6377019,0xf7595b7ec07c918f60c244154c828c0d862c6c95b19bc02920abd87f5ed62a60,2026-07-13T09:15:40.050Z,4312,4312,4472,93,Trusted,2026-07-13T09:15:36.805Z,0x2e7232a3e70a1c201637b4e4f4427b66b5d6e3a95c6ef392090067f45f76afc0,,variant-batch live execution
datm-live-2026-07-13T09-14-26-552Z,C,entity-05-suspicious,suspicious,8,2026-07-13T09:15:35.579Z,2026-07-13T09:15:35.579Z,2026-07-13T09:15:35.579Z,0,2026-07-13T09:15:35.738Z,0xf1313b25a6e5721f3faf6e6c0cdce580c82379d03de45b621dc7cefb5efb1936,2026-07-13T09:15:40.077Z,success,40279,1000,6377019,0xf7595b7ec07c918f60c244154c828c0d862c6c95b19bc02920abd87f5ed62a60,2026-07-13T09:15:40.077Z,4339,4339,4498,62,Suspicious,2026-07-13T09:15:36.805Z,0x73d414c93122f33c052d7878ba6984002aa912124b094d1b803e4c0568acbe6a,,variant-batch live execution
datm-live-2026-07-13T09-14-26-552Z,C,entity-06-suspicious,suspicious,8,2026-07-13T09:15:35.580Z,2026-07-13T09:15:35.580Z,2026-07-13T09:15:35.580Z,0,2026-07-13T09:15:35.739Z,0x832851f07351c48d25ec085965928cef6bf813ca148b74e4ca8212ec652e2a79,2026-07-13T09:15:40.052Z,success,40291,1000,6377019,0xf7595b7ec07c918f60c244154c828c0d862c6c95b19bc02920abd87f5ed62a60,2026-07-13T09:15:40.052Z,4313,4313,4472,63,Suspicious,2026-07-13T09:15:36.805Z,0x2de8f901db3785b43029c914735af4261d432176d0b4a8cc6b6d74b3f4386a61,,variant-batch live execution
datm-live-2026-07-13T09-14-26-552Z,C,entity-07-suspicious,suspicious,8,2026-07-13T09:15:35.580Z,2026-07-13T09:15:35.580Z,2026-07-13T09:15:35.580Z,0,2026-07-13T09:15:35.739Z,0x4a087319e1655efa4d93a115b47b612a957246d7899447826aeb0655c25c7194,2026-07-13T09:15:40.237Z,success,40291,1000,6377019,0xf7595b7ec07c918f60c244154c828c0d862c6c95b19bc02920abd87f5ed62a60,2026-07-13T09:15:40.237Z,4498,4498,4657,60,Suspicious,2026-07-13T09:15:36.805Z,0x10666d74194d6698707c3701f3011e99d8973906d87b69f4eec98ce1b3b845c4,,variant-batch live execution
datm-live-2026-07-13T09-14-26-552Z,C,entity-08-malicious,malicious,8,2026-07-13T09:15:35.581Z,2026-07-13T09:15:35.581Z,2026-07-13T09:15:35.581Z,0,2026-07-13T09:15:35.783Z,0x9ca5bf755d823553d4d241b12c0a9876b6a90f291f37e0d4066ceb4956840fd0,2026-07-13T09:15:40.257Z,success,40290,1000,6377019,0xf7595b7ec07c918f60c244154c828c0d862c6c95b19bc02920abd87f5ed62a60,2026-07-13T09:15:40.257Z,4474,4474,4676,28,Untrusted,2026-07-13T09:15:36.805Z,0x22dc7ec168be143c0be0ea957bb767ee6e21319aac3d68e95410e0c57537b2c6,,variant-batch live execution
datm-live-2026-07-13T09-14-26-552Z,C,entity-09-malicious,malicious,8,2026-07-13T09:15:35.582Z,2026-07-13T09:15:35.582Z,2026-07-13T09:15:35.582Z,0,2026-07-13T09:15:35.812Z,0x74ca50389845f8378d6eaff12b39d72007f4d61f45ff20c2063dee4a27bddd3c,2026-07-13T09:15:40.275Z,success,40290,1000,6377019,0xf7595b7ec07c918f60c244154c828c0d862c6c95b19bc02920abd87f5ed62a60,2026-07-13T09:15:40.275Z,4463,4463,4693,28,Untrusted,2026-07-13T09:15:36.805Z,0xb3a06e6caa89ef192bf6a2b4636205ccef219f71774eade59a0104a888ddbdcb,,variant-batch live execution
datm-live-2026-07-13T09-14-26-552Z,C,entity-10-malicious,malicious,8,2026-07-13T09:15:35.582Z,2026-07-13T09:15:35.582Z,2026-07-13T09:15:35.582Z,0,2026-07-13T09:15:35.812Z,0x92d7c9ba53f75266c76b952a381e53a57bb561241c8895843cfbc7f26b1bed3d,2026-07-13T09:15:40.271Z,success,40278,1000,6377019,0xf7595b7ec07c918f60c244154c828c0d862c6c95b19bc02920abd87f5ed62a60,2026-07-13T09:15:40.271Z,4459,4459,4689,30,Untrusted,2026-07-13T09:15:36.805Z,0x73876e992d1b6b1276960b8c11e60e5591ba6a4ea68b56138fb3d4ec68f5459c,,variant-batch live execution
datm-live-2026-07-13T09-14-26-552Z,C,entity-01-normal,normal,9,2026-07-13T09:15:45.407Z,2026-07-13T09:15:45.407Z,2026-07-13T09:15:45.407Z,0,2026-07-13T09:15:45.531Z,0xab1a325943c4d4d92c928aba3e23fe211cc57b4e6776550636ff9e1645df9948,2026-07-13T09:15:49.794Z,success,40199,1000,6377021,0x1a987607a0c850107115b9741934645b21e712a4357df57dac77099c231a7c68,2026-07-13T09:15:49.794Z,4263,4263,4387,93,Trusted,2026-07-13T09:15:46.805Z,0xda689ce910da361a170b18c3659effe74e4d766eceef6e843b084b614c4e4a05,,variant-batch live execution
datm-live-2026-07-13T09-14-26-552Z,C,entity-02-normal,normal,9,2026-07-13T09:15:45.407Z,2026-07-13T09:15:45.407Z,2026-07-13T09:15:45.407Z,0,2026-07-13T09:15:45.531Z,0x9e0fc892346e7d9f1f6abf9c52e75fcde64353d445bf292da3441b2c0b595935,2026-07-13T09:15:49.795Z,success,40211,1000,6377021,0x1a987607a0c850107115b9741934645b21e712a4357df57dac77099c231a7c68,2026-07-13T09:15:49.795Z,4264,4264,4388,92,Trusted,2026-07-13T09:15:46.805Z,0x48d874571605af952df7c18a5ee6b12afdb107539db2228d11ae06d74c379eae,,variant-batch live execution
datm-live-2026-07-13T09-14-26-552Z,C,entity-03-normal,normal,9,2026-07-13T09:15:45.408Z,2026-07-13T09:15:45.408Z,2026-07-13T09:15:45.408Z,0,2026-07-13T09:15:45.531Z,0x08a407ad4bf29e2e9674df5e6c0e1f8a73aa203c582b2b51e41994bbb4a0d7a1,2026-07-13T09:15:49.795Z,success,40199,1000,6377021,0x1a987607a0c850107115b9741934645b21e712a4357df57dac77099c231a7c68,2026-07-13T09:15:49.795Z,4264,4264,4387,93,Trusted,2026-07-13T09:15:46.805Z,0x3133a23d404bd4b075adb3b0fd9d93b97e87905acd3d4aebce4d9403638ccab1,,variant-batch live execution
datm-live-2026-07-13T09-14-26-552Z,C,entity-04-normal,normal,9,2026-07-13T09:15:45.409Z,2026-07-13T09:15:45.409Z,2026-07-13T09:15:45.409Z,0,2026-07-13T09:15:45.531Z,0x9fbb36bea72035ed95a812f64732262261ead4ae1141a575bf97286f4ffb2193,2026-07-13T09:15:49.820Z,success,40199,1000,6377021,0x1a987607a0c850107115b9741934645b21e712a4357df57dac77099c231a7c68,2026-07-13T09:15:49.820Z,4289,4289,4411,93,Trusted,2026-07-13T09:15:46.805Z,0x67f7a9031da875573bc62b6a484393dc6c94a38f19b85f5915b0f7a7fa5991a6,,variant-batch live execution
datm-live-2026-07-13T09-14-26-552Z,C,entity-05-suspicious,suspicious,9,2026-07-13T09:15:45.409Z,2026-07-13T09:15:45.409Z,2026-07-13T09:15:45.409Z,0,2026-07-13T09:15:45.531Z,0xa79d58f4f901c18b3fbb88e49b5310867aceddc1c4c6e5318303f4c5029afbe9,2026-07-13T09:15:49.797Z,success,40279,1000,6377021,0x1a987607a0c850107115b9741934645b21e712a4357df57dac77099c231a7c68,2026-07-13T09:15:49.797Z,4266,4266,4388,63,Suspicious,2026-07-13T09:15:46.805Z,0x411ec780917aaeea1ff300d2a09764427b45bafa0a092a1912a9e274e71db05e,,variant-batch live execution
datm-live-2026-07-13T09-14-26-552Z,C,entity-06-suspicious,suspicious,9,2026-07-13T09:15:45.410Z,2026-07-13T09:15:45.410Z,2026-07-13T09:15:45.410Z,0,2026-07-13T09:15:45.556Z,0x5f35900d9676922b2e4778525d5eae4e1a1aefb9b11e8a235fa8182dc9d55b87,2026-07-13T09:15:49.790Z,success,40291,1000,6377021,0x1a987607a0c850107115b9741934645b21e712a4357df57dac77099c231a7c68,2026-07-13T09:15:49.790Z,4234,4234,4380,61,Suspicious,2026-07-13T09:15:46.805Z,0xc8d76d92436504015c875811b68ee312cca253b26bee11af74273b1cb9c4e373,,variant-batch live execution
datm-live-2026-07-13T09-14-26-552Z,C,entity-07-suspicious,suspicious,9,2026-07-13T09:15:45.411Z,2026-07-13T09:15:45.411Z,2026-07-13T09:15:45.411Z,0,2026-07-13T09:15:45.557Z,0x7ae636471e6bddf67b5ce066bd8bfe5f1a62da5377dd75db827a188669d5f74a,2026-07-13T09:15:50.002Z,success,40291,1000,6377021,0x1a987607a0c850107115b9741934645b21e712a4357df57dac77099c231a7c68,2026-07-13T09:15:50.002Z,4445,4445,4591,62,Suspicious,2026-07-13T09:15:46.805Z,0x12a15e7358cee9350fc8209e562416d89f607a3b9dce6607f2fc0b201e72d74e,,variant-batch live execution
datm-live-2026-07-13T09-14-26-552Z,C,entity-08-malicious,malicious,9,2026-07-13T09:15:45.411Z,2026-07-13T09:15:45.411Z,2026-07-13T09:15:45.411Z,0,2026-07-13T09:15:45.557Z,0x76d54aaa0b260498ecd787faa12d524e7c9c055c8a5ec58af6408a76039a6e11,2026-07-13T09:15:50.009Z,success,40290,1000,6377021,0x1a987607a0c850107115b9741934645b21e712a4357df57dac77099c231a7c68,2026-07-13T09:15:50.009Z,4452,4452,4598,28,Untrusted,2026-07-13T09:15:46.805Z,0x9d79b6e056ad71977c91bd073a0788ce8339098a32c2144ac8177f53f7c52c34,,variant-batch live execution
datm-live-2026-07-13T09-14-26-552Z,C,entity-09-malicious,malicious,9,2026-07-13T09:15:45.412Z,2026-07-13T09:15:45.412Z,2026-07-13T09:15:45.412Z,0,2026-07-13T09:15:45.557Z,0x63aa10cfb238127dea6e97bfabd520332f0576ce6f3e592883c51b5ba9a49e3c,2026-07-13T09:15:50.028Z,success,40290,1000,6377021,0x1a987607a0c850107115b9741934645b21e712a4357df57dac77099c231a7c68,2026-07-13T09:15:50.028Z,4471,4471,4616,29,Untrusted,2026-07-13T09:15:46.805Z,0x408803a29be81a418c2f2a02d43a91a28145f21d9e3a6ed7ae765aa780fe5513,,variant-batch live execution
datm-live-2026-07-13T09-14-26-552Z,C,entity-10-malicious,malicious,9,2026-07-13T09:15:45.412Z,2026-07-13T09:15:45.412Z,2026-07-13T09:15:45.412Z,0,2026-07-13T09:15:45.557Z,0x9581f6b2742ce08649cc4b8e16fe0b3ea75d47a38e901faa54bf3f387d7d5ba0,2026-07-13T09:15:50.010Z,success,40278,1000,6377021,0x1a987607a0c850107115b9741934645b21e712a4357df57dac77099c231a7c68,2026-07-13T09:15:50.010Z,4453,4453,4598,29,Untrusted,2026-07-13T09:15:46.805Z,0xcc1a956c2a91e5e1028e7ca20d430746a702c4c15c50601d77df360ccc0d3902,,variant-batch live execution
datm-live-2026-07-13T09-14-26-552Z,C,entity-01-normal,normal,10,2026-07-13T09:15:55.154Z,2026-07-13T09:15:55.154Z,2026-07-13T09:15:55.154Z,0,2026-07-13T09:15:55.267Z,0xf58e129ed3b0f60ba25790f66f2fe58aaaa1c28707a915c3dde1406b3155d720,2026-07-13T09:15:59.518Z,success,40211,1000,6377023,0xe951e329441d7f4c1b9a2dd8bd9ee00c582fb6b55a4d25ccc0cd60adc77d3879,2026-07-13T09:15:59.518Z,4251,4251,4364,91,Trusted,2026-07-13T09:15:56.805Z,0x854186181bb04513ae2268ddbf88db527fa75267934b16f8f5c9311dde0dc5d2,,variant-batch live execution
datm-live-2026-07-13T09-14-26-552Z,C,entity-02-normal,normal,10,2026-07-13T09:15:55.156Z,2026-07-13T09:15:55.156Z,2026-07-13T09:15:55.156Z,0,2026-07-13T09:15:55.266Z,0x55f59b0dca9e6a92e59f91e212de308dbf51fee6a3fa147b94c3736962e06a95,2026-07-13T09:15:59.519Z,success,40199,1000,6377023,0xe951e329441d7f4c1b9a2dd8bd9ee00c582fb6b55a4d25ccc0cd60adc77d3879,2026-07-13T09:15:59.519Z,4253,4253,4363,93,Trusted,2026-07-13T09:15:56.805Z,0x1fa557ac05204c50b9420a7a5c84941c5179c3a6cfa7b41c5dd280ed3e52c6bf,,variant-batch live execution
datm-live-2026-07-13T09-14-26-552Z,C,entity-03-normal,normal,10,2026-07-13T09:15:55.156Z,2026-07-13T09:15:55.156Z,2026-07-13T09:15:55.156Z,0,2026-07-13T09:15:55.267Z,0xf6b6a4bbfdd11a3deba6e4070340cf5b4030919fba19cd764d6608e8518a347c,2026-07-13T09:15:59.520Z,success,40199,1000,6377023,0xe951e329441d7f4c1b9a2dd8bd9ee00c582fb6b55a4d25ccc0cd60adc77d3879,2026-07-13T09:15:59.520Z,4253,4253,4364,93,Trusted,2026-07-13T09:15:56.805Z,0x6db81c0a6b53fd404bc2fddfce01ea4a7ba27cce360e37358d68a06acb99a9ed,,variant-batch live execution
datm-live-2026-07-13T09-14-26-552Z,C,entity-04-normal,normal,10,2026-07-13T09:15:55.157Z,2026-07-13T09:15:55.157Z,2026-07-13T09:15:55.157Z,0,2026-07-13T09:15:55.267Z,0xf0141a9ebbb165c2435019f7b2a54a6d8f611dc243adbaa29ef57f5f60225909,2026-07-13T09:15:59.522Z,success,40211,1000,6377023,0xe951e329441d7f4c1b9a2dd8bd9ee00c582fb6b55a4d25ccc0cd60adc77d3879,2026-07-13T09:15:59.522Z,4255,4255,4365,91,Trusted,2026-07-13T09:15:56.805Z,0x2baa3507acc02cf913191828116945399383a7b3caa51df4f894b49535c3a304,,variant-batch live execution
datm-live-2026-07-13T09-14-26-552Z,C,entity-05-suspicious,suspicious,10,2026-07-13T09:15:55.158Z,2026-07-13T09:15:55.158Z,2026-07-13T09:15:55.158Z,0,2026-07-13T09:15:55.267Z,0x818d2707cecc24b8bb580cc7eb7d20fca296dcf2f8734b52fe38dc8178b3f568,2026-07-13T09:15:59.555Z,success,40291,1000,6377023,0xe951e329441d7f4c1b9a2dd8bd9ee00c582fb6b55a4d25ccc0cd60adc77d3879,2026-07-13T09:15:59.555Z,4288,4288,4397,61,Suspicious,2026-07-13T09:15:56.805Z,0xc70621dfd3aa1f1e45f5455e6931eb587119b3dea0eeed23af68f143596ccdee,,variant-batch live execution
datm-live-2026-07-13T09-14-26-552Z,C,entity-06-suspicious,suspicious,10,2026-07-13T09:15:55.158Z,2026-07-13T09:15:55.158Z,2026-07-13T09:15:55.158Z,0,2026-07-13T09:15:55.267Z,0x29b5a697ee29d48dd9aa4d1938378a3f33cc5c0f9eca6df734277cd475e04842,2026-07-13T09:15:59.522Z,success,40291,1000,6377023,0xe951e329441d7f4c1b9a2dd8bd9ee00c582fb6b55a4d25ccc0cd60adc77d3879,2026-07-13T09:15:59.522Z,4255,4255,4364,60,Suspicious,2026-07-13T09:15:56.805Z,0x82152fd64a43bdba7740e2bb498c43a7501fac6059528394961bddabbdfef776,,variant-batch live execution
datm-live-2026-07-13T09-14-26-552Z,C,entity-07-suspicious,suspicious,10,2026-07-13T09:15:55.159Z,2026-07-13T09:15:55.159Z,2026-07-13T09:15:55.159Z,0,2026-07-13T09:15:55.291Z,0x782c389837509f6ec546f3e8fde88c67fffe9bd572a0664e0eac5f9474382642,2026-07-13T09:15:59.712Z,success,40291,1000,6377023,0xe951e329441d7f4c1b9a2dd8bd9ee00c582fb6b55a4d25ccc0cd60adc77d3879,2026-07-13T09:15:59.712Z,4421,4421,4553,63,Suspicious,2026-07-13T09:15:56.805Z,0x1b1fb82cfaab9c5df4b6c0558798d1e428eb9d965759dd3a1ce0eb08528ed7f1,,variant-batch live execution
datm-live-2026-07-13T09-14-26-552Z,C,entity-08-malicious,malicious,10,2026-07-13T09:15:55.160Z,2026-07-13T09:15:55.160Z,2026-07-13T09:15:55.160Z,0,2026-07-13T09:15:55.291Z,0x3363e6a49d3e182e983adafc3af3d33a59726499dfa30b46f422390474a53482,2026-07-13T09:15:59.713Z,success,40290,1000,6377023,0xe951e329441d7f4c1b9a2dd8bd9ee00c582fb6b55a4d25ccc0cd60adc77d3879,2026-07-13T09:15:59.713Z,4422,4422,4553,29,Untrusted,2026-07-13T09:15:56.805Z,0xac15e00851d80974fabfa70ba4ac8c306646e9ea2f5f16b9f56d2e0c071fd4c0,,variant-batch live execution
datm-live-2026-07-13T09-14-26-552Z,C,entity-09-malicious,malicious,10,2026-07-13T09:15:55.160Z,2026-07-13T09:15:55.160Z,2026-07-13T09:15:55.160Z,0,2026-07-13T09:15:55.292Z,0xf6e8f9787dc151ca0a90b49407cc0be09e5278d871fce972cdf0c0f891700059,2026-07-13T09:15:59.727Z,success,40290,1000,6377023,0xe951e329441d7f4c1b9a2dd8bd9ee00c582fb6b55a4d25ccc0cd60adc77d3879,2026-07-13T09:15:59.727Z,4435,4435,4567,27,Untrusted,2026-07-13T09:15:56.805Z,0xcf1f6e5673ccb54a58f24b752d08982bb59e3cb65bc45aeb598c1d6de30bad2e,,variant-batch live execution
datm-live-2026-07-13T09-14-26-552Z,C,entity-10-malicious,malicious,10,2026-07-13T09:15:55.161Z,2026-07-13T09:15:55.161Z,2026-07-13T09:15:55.161Z,0,2026-07-13T09:15:55.292Z,0x46aa6a1f9e7bcbe6bc7987357e2f05592bf1e29f833f1dabf5ec217375be9706,2026-07-13T09:15:59.745Z,success,40278,1000,6377023,0xe951e329441d7f4c1b9a2dd8bd9ee00c582fb6b55a4d25ccc0cd60adc77d3879,2026-07-13T09:15:59.745Z,4453,4453,4584,29,Untrusted,2026-07-13T09:15:56.805Z,0x62107fb00b9eaeda83f524345ee0d59430cefd9934f981dfc48b3755ee054038,,variant-batch live execution
datm-live-2026-07-13T09-14-26-552Z,C,entity-01-normal,normal,11,2026-07-13T09:16:04.886Z,2026-07-13T09:16:04.886Z,2026-07-13T09:16:04.886Z,0,2026-07-13T09:16:05.014Z,0x330edc6b583d5d3ec7a9980f523b687e830af3a11d0cff51c18fa48da8848a8a,2026-07-13T09:16:09.269Z,success,40199,1000,6377025,0xbb08e16cdc0009fe6b275e17d3dc9c922fadb09926bbd0a95e82601012d388c4,2026-07-13T09:16:09.269Z,4255,4255,4383,92,Trusted,2026-07-13T09:16:06.805Z,0x288905007ef2c1c578a0d43eb7428e066f9ba566db101074e3a13aa16fb1c5e2,,variant-batch live execution
datm-live-2026-07-13T09-14-26-552Z,C,entity-02-normal,normal,11,2026-07-13T09:16:04.887Z,2026-07-13T09:16:04.887Z,2026-07-13T09:16:04.887Z,0,2026-07-13T09:16:05.014Z,0xbb0a90a03e7fa57c18b09f3fc1b5c921b69d777e6fd68ce85e54b4408bba5891,2026-07-13T09:16:09.271Z,success,40211,1000,6377025,0xbb08e16cdc0009fe6b275e17d3dc9c922fadb09926bbd0a95e82601012d388c4,2026-07-13T09:16:09.271Z,4257,4257,4384,92,Trusted,2026-07-13T09:16:06.805Z,0x747027186746f594eb44100e6afb67c163f8f7c5ec6ed57b5bb7e950840e33b7,,variant-batch live execution
datm-live-2026-07-13T09-14-26-552Z,C,entity-03-normal,normal,11,2026-07-13T09:16:04.889Z,2026-07-13T09:16:04.889Z,2026-07-13T09:16:04.889Z,0,2026-07-13T09:16:05.034Z,0x277fda82826269b91ab71dbcab8f3854162ee2086166138c093b1c0c888b5649,2026-07-13T09:16:09.272Z,success,40223,1000,6377025,0xbb08e16cdc0009fe6b275e17d3dc9c922fadb09926bbd0a95e82601012d388c4,2026-07-13T09:16:09.272Z,4238,4238,4383,91,Trusted,2026-07-13T09:16:06.805Z,0xb939ce1491e028f5ff631ee7f5b88b1a49fd634daea447760971a27d1c88229f,,variant-batch live execution
datm-live-2026-07-13T09-14-26-552Z,C,entity-04-normal,normal,11,2026-07-13T09:16:04.890Z,2026-07-13T09:16:04.890Z,2026-07-13T09:16:04.890Z,0,2026-07-13T09:16:05.041Z,0xe94d02b72d9e2d9cf6dbbba8d5b2a49b01518b04eba27668f8329c78d7814585,2026-07-13T09:16:09.272Z,success,40211,1000,6377025,0xbb08e16cdc0009fe6b275e17d3dc9c922fadb09926bbd0a95e82601012d388c4,2026-07-13T09:16:09.272Z,4231,4231,4382,92,Trusted,2026-07-13T09:16:06.805Z,0x4983ec7fbeb8f58caef3356b6d4637b5891e286d42f2390bfe403f6b960cdc66,,variant-batch live execution
datm-live-2026-07-13T09-14-26-552Z,C,entity-05-suspicious,suspicious,11,2026-07-13T09:16:04.890Z,2026-07-13T09:16:04.890Z,2026-07-13T09:16:04.890Z,0,2026-07-13T09:16:05.034Z,0x39ed0891b7099a0870a942b2828cbccd9de93ce1080dd68b48cef3f47a4d912a,2026-07-13T09:16:09.274Z,success,40291,1000,6377025,0xbb08e16cdc0009fe6b275e17d3dc9c922fadb09926bbd0a95e82601012d388c4,2026-07-13T09:16:09.274Z,4240,4240,4384,60,Suspicious,2026-07-13T09:16:06.805Z,0x559e242c405dd08458663f547e200eed3df2fd5eb66f2c2785bc07c1bae94168,,variant-batch live execution
datm-live-2026-07-13T09-14-26-552Z,C,entity-06-suspicious,suspicious,11,2026-07-13T09:16:04.891Z,2026-07-13T09:16:04.891Z,2026-07-13T09:16:04.891Z,0,2026-07-13T09:16:05.034Z,0xc38f37fd53e0d0fe920d4d2a3936647091d4ce07ab452b43148e355e9e154d00,2026-07-13T09:16:09.298Z,success,40279,1000,6377025,0xbb08e16cdc0009fe6b275e17d3dc9c922fadb09926bbd0a95e82601012d388c4,2026-07-13T09:16:09.298Z,4264,4264,4407,61,Suspicious,2026-07-13T09:16:06.805Z,0x72e71f1b0206a2091ef4239b5957f8f56830ed00d6b2028fbddb4058310b2733,,variant-batch live execution
datm-live-2026-07-13T09-14-26-552Z,C,entity-07-suspicious,suspicious,11,2026-07-13T09:16:04.891Z,2026-07-13T09:16:04.891Z,2026-07-13T09:16:04.891Z,0,2026-07-13T09:16:05.035Z,0x30ebe2e3ebaf9a09d20873bef71350e0c33e31c4e3ac861b2335d75e1754746d,2026-07-13T09:16:09.484Z,success,40291,1000,6377025,0xbb08e16cdc0009fe6b275e17d3dc9c922fadb09926bbd0a95e82601012d388c4,2026-07-13T09:16:09.484Z,4449,4449,4593,60,Suspicious,2026-07-13T09:16:06.805Z,0x08ad0e16d3d750394a6e09d48abf988409c6c62980eb684bf4a6b95c44ba6240,,variant-batch live execution
datm-live-2026-07-13T09-14-26-552Z,C,entity-08-malicious,malicious,11,2026-07-13T09:16:04.892Z,2026-07-13T09:16:04.892Z,2026-07-13T09:16:04.892Z,0,2026-07-13T09:16:05.035Z,0xe18651717acd233a2be9e7611be5aed709e58565879387598d7b544273ab786c,2026-07-13T09:16:09.486Z,success,40290,1000,6377025,0xbb08e16cdc0009fe6b275e17d3dc9c922fadb09926bbd0a95e82601012d388c4,2026-07-13T09:16:09.486Z,4451,4451,4594,27,Untrusted,2026-07-13T09:16:06.805Z,0x8a0e62bea46d818f0ac4ad6ae2ae582ccdd16def9ad7cd078f075707b6ea6583,,variant-batch live execution
datm-live-2026-07-13T09-14-26-552Z,C,entity-09-malicious,malicious,11,2026-07-13T09:16:04.892Z,2026-07-13T09:16:04.892Z,2026-07-13T09:16:04.892Z,0,2026-07-13T09:16:05.041Z,0xd459238f63657319e4a71f4d2ad9ce5c9ffba30c87b8b50f7e40205cf2811fcd,2026-07-13T09:16:09.510Z,success,40290,1000,6377025,0xbb08e16cdc0009fe6b275e17d3dc9c922fadb09926bbd0a95e82601012d388c4,2026-07-13T09:16:09.510Z,4469,4469,4618,27,Untrusted,2026-07-13T09:16:06.805Z,0x21263a8b91e93da12626911f0cee4720d68c61bee4dceaacae1191e53f816d2e,,variant-batch live execution
datm-live-2026-07-13T09-14-26-552Z,C,entity-10-malicious,malicious,11,2026-07-13T09:16:04.893Z,2026-07-13T09:16:04.893Z,2026-07-13T09:16:04.893Z,0,2026-07-13T09:16:05.041Z,0xcaead745f937963f43a292f1f695d450a636f85570b48c7e25472a1ebaa5eb2f,2026-07-13T09:16:09.485Z,success,40278,1000,6377025,0xbb08e16cdc0009fe6b275e17d3dc9c922fadb09926bbd0a95e82601012d388c4,2026-07-13T09:16:09.485Z,4444,4444,4592,30,Untrusted,2026-07-13T09:16:06.805Z,0x9984d289e34fea665f318b3ad7c031862b694becdd2ed8d308a80693e9484e36,,variant-batch live execution
datm-live-2026-07-13T09-14-26-552Z,C,entity-01-normal,normal,12,2026-07-13T09:16:14.660Z,2026-07-13T09:16:14.660Z,2026-07-13T09:16:14.660Z,0,2026-07-13T09:16:14.790Z,0xeb3d8bb107d250b5c6ee5e2e7fb9236bfe912ee4a589ba532dc7c325dcde86d3,2026-07-13T09:16:19.140Z,success,40199,1000,6377027,0xcf37cea08e8584460f3990822dd9c978e01e4b6831e740e97dfa328e8617b0ae,2026-07-13T09:16:19.140Z,4350,4350,4480,93,Trusted,2026-07-13T09:16:16.805Z,0xeb8cc030c55df678fbf8f6cec3ee07ad2224cc2eaf954a9722ea06127629c5ae,,variant-batch live execution
datm-live-2026-07-13T09-14-26-552Z,C,entity-02-normal,normal,12,2026-07-13T09:16:14.661Z,2026-07-13T09:16:14.661Z,2026-07-13T09:16:14.661Z,0,2026-07-13T09:16:14.791Z,0xf6c40dabd243be9c48c10c50f48179ba85dab0e109baaa06a0c6cc0cc3960943,2026-07-13T09:16:19.175Z,success,40211,1000,6377027,0xcf37cea08e8584460f3990822dd9c978e01e4b6831e740e97dfa328e8617b0ae,2026-07-13T09:16:19.175Z,4384,4384,4514,92,Trusted,2026-07-13T09:16:16.805Z,0xd8cf3a2dde94d302cd36496931d2ecadc4ddc2e79e81a918f1d5cfd44c06202b,,variant-batch live execution
datm-live-2026-07-13T09-14-26-552Z,C,entity-03-normal,normal,12,2026-07-13T09:16:14.662Z,2026-07-13T09:16:14.662Z,2026-07-13T09:16:14.662Z,0,2026-07-13T09:16:14.826Z,0x9bf5ed5743ef9d1bd4168d8f3b27d4771ab7136e1503d22515932017fe4b9979,2026-07-13T09:16:19.128Z,success,40199,1000,6377027,0xcf37cea08e8584460f3990822dd9c978e01e4b6831e740e97dfa328e8617b0ae,2026-07-13T09:16:19.128Z,4302,4302,4466,93,Trusted,2026-07-13T09:16:16.805Z,0x2f4650e420f8ec7231905c162759a5aafc43f5df01cb9c6fbaa10d2d34157ea2,,variant-batch live execution
datm-live-2026-07-13T09-14-26-552Z,C,entity-04-normal,normal,12,2026-07-13T09:16:14.663Z,2026-07-13T09:16:14.663Z,2026-07-13T09:16:14.663Z,0,2026-07-13T09:16:14.826Z,0x873b52a404fb78925c572cce12210b36904b4f2d258555398311564bcb898098,2026-07-13T09:16:19.139Z,success,40199,1000,6377027,0xcf37cea08e8584460f3990822dd9c978e01e4b6831e740e97dfa328e8617b0ae,2026-07-13T09:16:19.139Z,4313,4313,4476,93,Trusted,2026-07-13T09:16:16.805Z,0xf3e90d7a1cc8021c0c9f1a4ff4a47597460642092f4ee6cf785cc85e65f07d37,,variant-batch live execution
datm-live-2026-07-13T09-14-26-552Z,C,entity-05-suspicious,suspicious,12,2026-07-13T09:16:14.663Z,2026-07-13T09:16:14.663Z,2026-07-13T09:16:14.663Z,0,2026-07-13T09:16:14.827Z,0xaecec8864328c2fd5c8bee42f4a3bc1d969d29d3f8ccdd55c7297d4a977bc6be,2026-07-13T09:16:19.140Z,success,40291,1000,6377027,0xcf37cea08e8584460f3990822dd9c978e01e4b6831e740e97dfa328e8617b0ae,2026-07-13T09:16:19.140Z,4313,4313,4477,61,Suspicious,2026-07-13T09:16:16.805Z,0xfac4fd2cec1af0cce8740f03b0a88f609e66e08f218b061e80457dfdc9e4e63f,,variant-batch live execution
datm-live-2026-07-13T09-14-26-552Z,C,entity-06-suspicious,suspicious,12,2026-07-13T09:16:14.664Z,2026-07-13T09:16:14.664Z,2026-07-13T09:16:14.664Z,0,2026-07-13T09:16:14.827Z,0x93b387a1f7fddf2426c341aca8a6af6591d944a64b49dbfb02894f2939f9e84a,2026-07-13T09:16:19.140Z,success,40291,1000,6377027,0xcf37cea08e8584460f3990822dd9c978e01e4b6831e740e97dfa328e8617b0ae,2026-07-13T09:16:19.140Z,4313,4313,4476,62,Suspicious,2026-07-13T09:16:16.805Z,0xe62efb5e958fdbeafd6768eac955a33fcb8e417ce23a49e51ef68c1942760bc7,,variant-batch live execution
datm-live-2026-07-13T09-14-26-552Z,C,entity-07-suspicious,suspicious,12,2026-07-13T09:16:14.665Z,2026-07-13T09:16:14.665Z,2026-07-13T09:16:14.665Z,0,2026-07-13T09:16:14.851Z,0x59774013fedad74aea4adb8015579f7de01a68f7ca3fe9341186c1024777ea28,2026-07-13T09:16:19.358Z,success,40291,1000,6377027,0xcf37cea08e8584460f3990822dd9c978e01e4b6831e740e97dfa328e8617b0ae,2026-07-13T09:16:19.358Z,4507,4507,4693,60,Suspicious,2026-07-13T09:16:16.805Z,0x01dae6679e2df05cada8d1947dc4e5a4c3c5a0c74201458a361f56059e2496cb,,variant-batch live execution
datm-live-2026-07-13T09-14-26-552Z,C,entity-08-malicious,malicious,12,2026-07-13T09:16:14.665Z,2026-07-13T09:16:14.665Z,2026-07-13T09:16:14.665Z,0,2026-07-13T09:16:14.852Z,0x4e5512e8e83d62c15ec64dac84371a74e6b652787912ae1e3de81a4303b88326,2026-07-13T09:16:19.339Z,success,40290,1000,6377027,0xcf37cea08e8584460f3990822dd9c978e01e4b6831e740e97dfa328e8617b0ae,2026-07-13T09:16:19.339Z,4487,4487,4674,27,Untrusted,2026-07-13T09:16:16.805Z,0x610a8563242eb8069e25aafea6c15e82f52308fa93bfc0cff6da800957468a45,,variant-batch live execution
datm-live-2026-07-13T09-14-26-552Z,C,entity-09-malicious,malicious,12,2026-07-13T09:16:14.666Z,2026-07-13T09:16:14.666Z,2026-07-13T09:16:14.666Z,0,2026-07-13T09:16:14.852Z,0x0bf9ce091566075e3f641fced2f3066b887c4d5a45534de7ccef0237ac441aa5,2026-07-13T09:16:19.375Z,success,40290,1000,6377027,0xcf37cea08e8584460f3990822dd9c978e01e4b6831e740e97dfa328e8617b0ae,2026-07-13T09:16:19.375Z,4523,4523,4709,29,Untrusted,2026-07-13T09:16:16.805Z,0xbb12aa329e75c9cc30453cd8601e06428a0dd3151f6f4896c4060db5b0e9ca26,,variant-batch live execution
datm-live-2026-07-13T09-14-26-552Z,C,entity-10-malicious,malicious,12,2026-07-13T09:16:14.667Z,2026-07-13T09:16:14.667Z,2026-07-13T09:16:14.667Z,0,2026-07-13T09:16:14.881Z,0x2758667852446482549be0ac07573f9d4a31ea03aae57169170244b36c149d20,2026-07-13T09:16:19.382Z,success,40278,1000,6377027,0xcf37cea08e8584460f3990822dd9c978e01e4b6831e740e97dfa328e8617b0ae,2026-07-13T09:16:19.382Z,4501,4501,4715,28,Untrusted,2026-07-13T09:16:16.805Z,0x0b55ccb04b7d7d6d16f88e66e52fe20db6e2c2f42346e735bbfd9313b9c7a18c,,variant-batch live execution
datm-live-2026-07-13T09-14-26-552Z,C,entity-01-normal,normal,13,2026-07-13T09:16:24.504Z,2026-07-13T09:16:24.504Z,2026-07-13T09:16:24.504Z,0,2026-07-13T09:16:24.634Z,0x15b956ea4cecf96f84bde17abc3b9679cd8d0ee7476a02d804255a5306dcf5fc,2026-07-13T09:16:32.966Z,success,40211,1000,6377029,0xfb790e00f2418a3389de39055f48c39cf999691414f98a71b851aadc7c6c7169,2026-07-13T09:16:32.966Z,8332,8332,8462,92,Trusted,2026-07-13T09:16:26.805Z,0x218df87c4cc4764ee612ecc7b365f90df772faa12f88ff0e68fe3b786eb8ce14,,variant-batch live execution
datm-live-2026-07-13T09-14-26-552Z,C,entity-02-normal,normal,13,2026-07-13T09:16:24.505Z,2026-07-13T09:16:24.505Z,2026-07-13T09:16:24.505Z,0,2026-07-13T09:16:24.634Z,0x903b773aafffb5a1961a027111ad278b96fdfaa0835ed698b6c306ef4c2646da,2026-07-13T09:16:32.943Z,success,40199,1000,6377029,0xfb790e00f2418a3389de39055f48c39cf999691414f98a71b851aadc7c6c7169,2026-07-13T09:16:32.943Z,8309,8309,8438,93,Trusted,2026-07-13T09:16:26.805Z,0x78a9b6e254523cf272b4d2138b8090da0b6cecb0cb41b95917d76603e1eef710,,variant-batch live execution
datm-live-2026-07-13T09-14-26-552Z,C,entity-03-normal,normal,13,2026-07-13T09:16:24.506Z,2026-07-13T09:16:24.506Z,2026-07-13T09:16:24.506Z,0,2026-07-13T09:16:24.635Z,0x667af4e2ae5971b377c62e812688013e4a1a8c67168a12fba9ef1dbd0df1f016,2026-07-13T09:16:32.942Z,success,40199,1000,6377029,0xfb790e00f2418a3389de39055f48c39cf999691414f98a71b851aadc7c6c7169,2026-07-13T09:16:32.942Z,8307,8307,8436,93,Trusted,2026-07-13T09:16:26.805Z,0xa8eb836b2cd4ac670b223626cbe063afa6e72e694cafc94c764294360e222e2c,,variant-batch live execution
datm-live-2026-07-13T09-14-26-552Z,C,entity-04-normal,normal,13,2026-07-13T09:16:24.507Z,2026-07-13T09:16:24.507Z,2026-07-13T09:16:24.507Z,0,2026-07-13T09:16:24.635Z,0x8287578a02afaa69891eae333c7ea6d2960bd6a52d4e4336e302b542ab086444,2026-07-13T09:16:32.934Z,success,40211,1000,6377029,0xfb790e00f2418a3389de39055f48c39cf999691414f98a71b851aadc7c6c7169,2026-07-13T09:16:32.934Z,8299,8299,8427,92,Trusted,2026-07-13T09:16:26.805Z,0xda8e7f589bbad4e518c4343a0d1a37e402d58a1f557a6dff4e9c7e7279723adc,,variant-batch live execution
datm-live-2026-07-13T09-14-26-552Z,C,entity-05-suspicious,suspicious,13,2026-07-13T09:16:24.507Z,2026-07-13T09:16:24.507Z,2026-07-13T09:16:24.507Z,0,2026-07-13T09:16:24.635Z,0x9078f5c0a5f6392e6f51f38ec516abe52a5a4ea9ad60e5046854e5a596368d11,2026-07-13T09:16:32.899Z,success,40291,1000,6377029,0xfb790e00f2418a3389de39055f48c39cf999691414f98a71b851aadc7c6c7169,2026-07-13T09:16:32.899Z,8264,8264,8392,62,Suspicious,2026-07-13T09:16:26.805Z,0xc3951fa653b603835cacb1fc2ee34536be1f2988805ee0f48ba5a7a8a1f25f93,,variant-batch live execution
datm-live-2026-07-13T09-14-26-552Z,C,entity-06-suspicious,suspicious,13,2026-07-13T09:16:24.508Z,2026-07-13T09:16:24.508Z,2026-07-13T09:16:24.508Z,0,2026-07-13T09:16:24.635Z,0xe4caebc83961c458fee2179b4cd45881cbab29a7a8dab50ee8133f1efaddcf3c,2026-07-13T09:16:32.930Z,success,40291,1000,6377029,0xfb790e00f2418a3389de39055f48c39cf999691414f98a71b851aadc7c6c7169,2026-07-13T09:16:32.930Z,8295,8295,8422,61,Suspicious,2026-07-13T09:16:26.805Z,0x82779d1f4271c91cb5e08fb14a830bdfa7072a84282840084ba97223c837155d,,variant-batch live execution
datm-live-2026-07-13T09-14-26-552Z,C,entity-07-suspicious,suspicious,13,2026-07-13T09:16:24.508Z,2026-07-13T09:16:24.508Z,2026-07-13T09:16:24.508Z,0,2026-07-13T09:16:24.660Z,0xeb4d1c714588e1bc180a8deb4751a9a5bf00302cebb51fe38d603f0dc23d101f,2026-07-13T09:16:33.077Z,success,40291,1000,6377029,0xfb790e00f2418a3389de39055f48c39cf999691414f98a71b851aadc7c6c7169,2026-07-13T09:16:33.077Z,8417,8417,8569,61,Suspicious,2026-07-13T09:16:26.805Z,0x02c322363022121fcb2520d35780eeeced9b7b9332567aaf76d44cc6a8326b05,,variant-batch live execution
datm-live-2026-07-13T09-14-26-552Z,C,entity-08-malicious,malicious,13,2026-07-13T09:16:24.508Z,2026-07-13T09:16:24.508Z,2026-07-13T09:16:24.508Z,0,2026-07-13T09:16:24.660Z,0x46b3ad27fb85aa153dc1f31d21110ccd78dea6717a85877cd892cf80312abfcc,2026-07-13T09:16:33.122Z,success,40290,1000,6377029,0xfb790e00f2418a3389de39055f48c39cf999691414f98a71b851aadc7c6c7169,2026-07-13T09:16:33.122Z,8462,8462,8614,29,Untrusted,2026-07-13T09:16:26.805Z,0x3945e4bfc28986fbbba1e6266e6058f7cf2bc0457640c75728f2cac2a16e8581,,variant-batch live execution
datm-live-2026-07-13T09-14-26-552Z,C,entity-09-malicious,malicious,13,2026-07-13T09:16:24.509Z,2026-07-13T09:16:24.509Z,2026-07-13T09:16:24.509Z,0,2026-07-13T09:16:24.660Z,0xdbc5c34591191f9161f767e487737b70bc3483f38d4eb9c17798742d05ec6c1d,2026-07-13T09:16:33.123Z,success,40290,1000,6377029,0xfb790e00f2418a3389de39055f48c39cf999691414f98a71b851aadc7c6c7169,2026-07-13T09:16:33.123Z,8463,8463,8614,27,Untrusted,2026-07-13T09:16:26.805Z,0x70ad95700cf812cb7672e8d9cf4e93eca30e2186bb542f1918297b796af15de5,,variant-batch live execution
datm-live-2026-07-13T09-14-26-552Z,C,entity-10-malicious,malicious,13,2026-07-13T09:16:24.509Z,2026-07-13T09:16:24.509Z,2026-07-13T09:16:24.509Z,0,2026-07-13T09:16:24.660Z,0xf96b1d947f42cf4636dc3be11918618c0aa87a80e5ea39616b0ac415bc2bb04a,2026-07-13T09:16:33.165Z,success,40278,1000,6377029,0xfb790e00f2418a3389de39055f48c39cf999691414f98a71b851aadc7c6c7169,2026-07-13T09:16:33.165Z,8505,8505,8656,27,Untrusted,2026-07-13T09:16:26.805Z,0x5b13538c1f02be2975609cd425da8f1e6c055dc13d1786ea9636d3cdbcde9a0c,,variant-batch live execution
datm-live-2026-07-13T09-14-26-552Z,C,entity-01-normal,normal,14,2026-07-13T09:16:38.275Z,2026-07-13T09:16:38.275Z,2026-07-13T09:16:38.275Z,0,2026-07-13T09:16:38.383Z,0x27e0096cd50abb82c97c5b9168199d03ae5b1e68fe64bda7937b37aba47fec84,2026-07-13T09:16:42.659Z,success,40199,1000,6377031,0xd6f98d3c7920b2a7d3c0c1457d64778243cb2097fd42fd6229000a3e6c13d4bc,2026-07-13T09:16:42.659Z,4276,4276,4384,92,Trusted,2026-07-13T09:16:36.805Z,0x7c03f139d88e8c21aca0c8055059391be5bd7a99d8a2434e94022e173f3ce0b7,,variant-batch live execution
datm-live-2026-07-13T09-14-26-552Z,C,entity-02-normal,normal,14,2026-07-13T09:16:38.276Z,2026-07-13T09:16:38.276Z,2026-07-13T09:16:38.276Z,0,2026-07-13T09:16:38.383Z,0x0c50c7a2761e672da095acd08c90a66da63c765b22785cf23011e410821048cf,2026-07-13T09:16:42.692Z,success,40199,1000,6377031,0xd6f98d3c7920b2a7d3c0c1457d64778243cb2097fd42fd6229000a3e6c13d4bc,2026-07-13T09:16:42.692Z,4309,4309,4416,93,Trusted,2026-07-13T09:16:36.805Z,0xbb0d446a2dbbfb99fa8336d141e5b6ca9c05907f98ebe02d0ad44a2ed80da4ad,,variant-batch live execution
datm-live-2026-07-13T09-14-26-552Z,C,entity-03-normal,normal,14,2026-07-13T09:16:38.276Z,2026-07-13T09:16:38.276Z,2026-07-13T09:16:38.276Z,0,2026-07-13T09:16:38.383Z,0x3eccf0451e28fc30bf71a2b99fe3d85f9c1fb9c321aa1aa7570bc4063cb43127,2026-07-13T09:16:42.657Z,success,40211,1000,6377031,0xd6f98d3c7920b2a7d3c0c1457d64778243cb2097fd42fd6229000a3e6c13d4bc,2026-07-13T09:16:42.657Z,4274,4274,4381,91,Trusted,2026-07-13T09:16:36.805Z,0x2007fa1b3a243bf39ec172fd7835ff12bfdd0e07141daf0cc8ac48da2dee83a3,,variant-batch live execution
datm-live-2026-07-13T09-14-26-552Z,C,entity-04-normal,normal,14,2026-07-13T09:16:38.276Z,2026-07-13T09:16:38.276Z,2026-07-13T09:16:38.276Z,0,2026-07-13T09:16:38.384Z,0xe14f015b6fc867c1fc8925ae994a279f4c386daf94844702ee5075e578a9b82f,2026-07-13T09:16:42.658Z,success,40199,1000,6377031,0xd6f98d3c7920b2a7d3c0c1457d64778243cb2097fd42fd6229000a3e6c13d4bc,2026-07-13T09:16:42.658Z,4274,4274,4382,92,Trusted,2026-07-13T09:16:36.805Z,0x31c41263104f32b02d6972faec830fccccba050362023089b3527c260acf86c3,,variant-batch live execution
datm-live-2026-07-13T09-14-26-552Z,C,entity-05-suspicious,suspicious,14,2026-07-13T09:16:38.277Z,2026-07-13T09:16:38.277Z,2026-07-13T09:16:38.277Z,0,2026-07-13T09:16:38.384Z,0xa9d7f64d8bfde64ddd6742554d8dda7abbff52ffb171dcc0b3e6d9eb4d15f28d,2026-07-13T09:16:42.659Z,success,40291,1000,6377031,0xd6f98d3c7920b2a7d3c0c1457d64778243cb2097fd42fd6229000a3e6c13d4bc,2026-07-13T09:16:42.659Z,4275,4275,4382,61,Suspicious,2026-07-13T09:16:36.805Z,0x8fdc3db68830c8da854e382507a6d38b5a04d7ecc22ae1fa3bb625426757d8ff,,variant-batch live execution
datm-live-2026-07-13T09-14-26-552Z,C,entity-06-suspicious,suspicious,14,2026-07-13T09:16:38.277Z,2026-07-13T09:16:38.277Z,2026-07-13T09:16:38.277Z,0,2026-07-13T09:16:38.384Z,0x8a78c867f8616cc794fbb198a2a731a480cec354e300665e3620926b64f3578c,2026-07-13T09:16:42.661Z,success,40291,1000,6377031,0xd6f98d3c7920b2a7d3c0c1457d64778243cb2097fd42fd6229000a3e6c13d4bc,2026-07-13T09:16:42.661Z,4277,4277,4384,60,Suspicious,2026-07-13T09:16:36.805Z,0xda649a039f6ad7114333d8ab1f74744a99470bf2e78fcf087931f0c6f7eb2c6f,,variant-batch live execution
datm-live-2026-07-13T09-14-26-552Z,C,entity-07-suspicious,suspicious,14,2026-07-13T09:16:38.277Z,2026-07-13T09:16:38.277Z,2026-07-13T09:16:38.277Z,0,2026-07-13T09:16:38.412Z,0x3efab17c1291f3a4e52b397c5227c778fc058f3d2f88166b54634e259eeab47b,2026-07-13T09:16:42.869Z,success,40291,1000,6377031,0xd6f98d3c7920b2a7d3c0c1457d64778243cb2097fd42fd6229000a3e6c13d4bc,2026-07-13T09:16:42.869Z,4457,4457,4592,62,Suspicious,2026-07-13T09:16:36.805Z,0x11464dff2332bfa885a58f405983959cf2cf239b5866b4e2bf5874b7738daa0e,,variant-batch live execution
datm-live-2026-07-13T09-14-26-552Z,C,entity-08-malicious,malicious,14,2026-07-13T09:16:38.278Z,2026-07-13T09:16:38.278Z,2026-07-13T09:16:38.278Z,0,2026-07-13T09:16:38.412Z,0x5a71495d96a4b6ff72c2f18e2fddd86a57c7d287a9df551be878addb61a1377b,2026-07-13T09:16:42.893Z,success,40290,1000,6377031,0xd6f98d3c7920b2a7d3c0c1457d64778243cb2097fd42fd6229000a3e6c13d4bc,2026-07-13T09:16:42.893Z,4481,4481,4615,28,Untrusted,2026-07-13T09:16:36.805Z,0xc38c879af71fdc44d093e0c5be5816124ba3b43a866aec18e5c6cc8194aa45c9,,variant-batch live execution
datm-live-2026-07-13T09-14-26-552Z,C,entity-09-malicious,malicious,14,2026-07-13T09:16:38.278Z,2026-07-13T09:16:38.278Z,2026-07-13T09:16:38.278Z,0,2026-07-13T09:16:38.412Z,0x9ae643e328d0c3437a82c4a9a7dcad2edc2f1aa9784ec23698c410af75579fc1,2026-07-13T09:16:42.896Z,success,40290,1000,6377031,0xd6f98d3c7920b2a7d3c0c1457d64778243cb2097fd42fd6229000a3e6c13d4bc,2026-07-13T09:16:42.896Z,4484,4484,4618,26,Untrusted,2026-07-13T09:16:36.805Z,0x5dd91832d82919972cd11a62bc1980374452f05ea489bf818130420a7e667652,,variant-batch live execution
datm-live-2026-07-13T09-14-26-552Z,C,entity-10-malicious,malicious,14,2026-07-13T09:16:38.278Z,2026-07-13T09:16:38.278Z,2026-07-13T09:16:38.278Z,0,2026-07-13T09:16:38.412Z,0x63a4e41ab1d9a7f4abd89bfbdc22c0c3699c54a7252321cdb6d28d6565f1cef5,2026-07-13T09:16:42.904Z,success,40278,1000,6377031,0xd6f98d3c7920b2a7d3c0c1457d64778243cb2097fd42fd6229000a3e6c13d4bc,2026-07-13T09:16:42.904Z,4492,4492,4626,30,Untrusted,2026-07-13T09:16:36.805Z,0x2e812532fb319685201559cc3074ac54085184a9f6b7a73ad61e633a2267f4a8,,variant-batch live execution
datm-live-2026-07-13T09-14-26-552Z,C,entity-01-normal,normal,15,2026-07-13T09:16:48.019Z,2026-07-13T09:16:48.019Z,2026-07-13T09:16:48.019Z,0,2026-07-13T09:16:48.142Z,0x4964aa3acf10daad88c2074adcc7ed1424c6128f7fa2d2ded1e4c36ccb6e0fc5,2026-07-13T09:16:52.400Z,success,40199,1000,6377033,0x90e2f538d4e330758347c7c6a61494a0e38fe6cb4b3643aa9b9472b0446df0e3,2026-07-13T09:16:52.400Z,4258,4258,4381,93,Trusted,2026-07-13T09:16:46.805Z,0x7e4ffcc62a285e54423982b9d3d9ff77fb074852df855da268162f053355733c,,variant-batch live execution
datm-live-2026-07-13T09-14-26-552Z,C,entity-02-normal,normal,15,2026-07-13T09:16:48.020Z,2026-07-13T09:16:48.020Z,2026-07-13T09:16:48.020Z,0,2026-07-13T09:16:48.145Z,0x50174789e0c6aa4a3f4d3ec15438533be19f5616efe50ea7490bec4357d15208,2026-07-13T09:16:52.431Z,success,40211,1000,6377033,0x90e2f538d4e330758347c7c6a61494a0e38fe6cb4b3643aa9b9472b0446df0e3,2026-07-13T09:16:52.431Z,4286,4286,4411,91,Trusted,2026-07-13T09:16:46.805Z,0x9e2c587d5c7cf0b0a3549baa0fa0393171d5e3ab933fb397db53c46a89d9dcbc,,variant-batch live execution
datm-live-2026-07-13T09-14-26-552Z,C,entity-03-normal,normal,15,2026-07-13T09:16:48.021Z,2026-07-13T09:16:48.021Z,2026-07-13T09:16:48.021Z,0,2026-07-13T09:16:48.146Z,0xc52c96cc1ba99955296ded5747b6c0481f67edadc68dee2e10a055d6fe43289a,2026-07-13T09:16:52.398Z,success,40187,1000,6377033,0x90e2f538d4e330758347c7c6a61494a0e38fe6cb4b3643aa9b9472b0446df0e3,2026-07-13T09:16:52.398Z,4252,4252,4377,93,Trusted,2026-07-13T09:16:46.805Z,0x4d248b402c19c7d4a9002124f9fd94d37f8fba6bb4a0b750897132a3989cf8ef,,variant-batch live execution
datm-live-2026-07-13T09-14-26-552Z,C,entity-04-normal,normal,15,2026-07-13T09:16:48.022Z,2026-07-13T09:16:48.022Z,2026-07-13T09:16:48.022Z,0,2026-07-13T09:16:48.146Z,0x0891d12a3f13e0f2e2b0b34c3a1bdca1068265e57c39efd6a1bc760aca43e736,2026-07-13T09:16:52.401Z,success,40199,1000,6377033,0x90e2f538d4e330758347c7c6a61494a0e38fe6cb4b3643aa9b9472b0446df0e3,2026-07-13T09:16:52.401Z,4255,4255,4379,93,Trusted,2026-07-13T09:16:46.805Z,0xac38143746bec7898102c29fdf97585bea09b1b5c0b84a31b1999544453d9a2f,,variant-batch live execution
datm-live-2026-07-13T09-14-26-552Z,C,entity-05-suspicious,suspicious,15,2026-07-13T09:16:48.023Z,2026-07-13T09:16:48.023Z,2026-07-13T09:16:48.023Z,0,2026-07-13T09:16:48.167Z,0x85efb712cee303a98f0969bfabaa70b5d038d57f163ac7cc8bc82892a4365b05,2026-07-13T09:16:52.401Z,success,40279,1000,6377033,0x90e2f538d4e330758347c7c6a61494a0e38fe6cb4b3643aa9b9472b0446df0e3,2026-07-13T09:16:52.401Z,4234,4234,4378,60,Suspicious,2026-07-13T09:16:46.805Z,0x04cd1557306e00269b83f752da0a7afc5e6e3cf4807d10df6ad62b89b18ad938,,variant-batch live execution
datm-live-2026-07-13T09-14-26-552Z,C,entity-06-suspicious,suspicious,15,2026-07-13T09:16:48.024Z,2026-07-13T09:16:48.024Z,2026-07-13T09:16:48.024Z,0,2026-07-13T09:16:48.146Z,0x286bbfb82f98e15a400508ca341eb08d504723099ab53acbf7a8d76e15b16cb8,2026-07-13T09:16:52.394Z,success,40291,1000,6377033,0x90e2f538d4e330758347c7c6a61494a0e38fe6cb4b3643aa9b9472b0446df0e3,2026-07-13T09:16:52.394Z,4248,4248,4370,64,Suspicious,2026-07-13T09:16:46.805Z,0xc02e3873f0427686f6dda5c1f68de435b35ea0ebe9f6f8d303eee2e0e636c4d2,,variant-batch live execution
datm-live-2026-07-13T09-14-26-552Z,C,entity-07-suspicious,suspicious,15,2026-07-13T09:16:48.025Z,2026-07-13T09:16:48.025Z,2026-07-13T09:16:48.025Z,0,2026-07-13T09:16:48.146Z,0xc522ee48ec2d884ee515c9aeae63f202b2d16c18a1124d123a130e402747cfaa,2026-07-13T09:16:52.602Z,success,40291,1000,6377033,0x90e2f538d4e330758347c7c6a61494a0e38fe6cb4b3643aa9b9472b0446df0e3,2026-07-13T09:16:52.602Z,4456,4456,4577,61,Suspicious,2026-07-13T09:16:46.805Z,0x43ee964a8a6a4afb8451bddf939eb1ad1608f2313e2eb5de8c0c9e8b0fb86013,,variant-batch live execution
datm-live-2026-07-13T09-14-26-552Z,C,entity-08-malicious,malicious,15,2026-07-13T09:16:48.025Z,2026-07-13T09:16:48.025Z,2026-07-13T09:16:48.025Z,0,2026-07-13T09:16:48.167Z,0x18a25d6e2d6dcba060ee62a74858db10bc2ba1d64f29c010808935cd478051ab,2026-07-13T09:16:52.582Z,success,40290,1000,6377033,0x90e2f538d4e330758347c7c6a61494a0e38fe6cb4b3643aa9b9472b0446df0e3,2026-07-13T09:16:52.582Z,4415,4415,4557,26,Untrusted,2026-07-13T09:16:46.805Z,0x5074022ed64542386576861a52bf52c1ab7d8cef8aafa6c5529dad4cc30898e5,,variant-batch live execution
datm-live-2026-07-13T09-14-26-552Z,C,entity-09-malicious,malicious,15,2026-07-13T09:16:48.026Z,2026-07-13T09:16:48.026Z,2026-07-13T09:16:48.026Z,0,2026-07-13T09:16:48.168Z,0x70f762cc8a3ee3e93a42e46447cadc9e9307aa58847f84008c4ec728805c3675,2026-07-13T09:16:52.612Z,success,40290,1000,6377033,0x90e2f538d4e330758347c7c6a61494a0e38fe6cb4b3643aa9b9472b0446df0e3,2026-07-13T09:16:52.612Z,4444,4444,4586,28,Untrusted,2026-07-13T09:16:46.805Z,0x703c74bc15ce475fa28d7cdb1b1364e2185233c017a458529041093b0c165cc1,,variant-batch live execution
datm-live-2026-07-13T09-14-26-552Z,C,entity-10-malicious,malicious,15,2026-07-13T09:16:48.026Z,2026-07-13T09:16:48.026Z,2026-07-13T09:16:48.026Z,0,2026-07-13T09:16:48.168Z,0x2eb53cf80c4bcb062c2069fd3aef08ed71c0541b8139889156b278bf42268bd8,2026-07-13T09:16:52.617Z,success,40278,1000,6377033,0x90e2f538d4e330758347c7c6a61494a0e38fe6cb4b3643aa9b9472b0446df0e3,2026-07-13T09:16:52.617Z,4449,4449,4591,28,Untrusted,2026-07-13T09:16:46.805Z,0x58240b53a84038f75d3fe986c8bd313e04e8a096c00f86750f22144226014ab8,,variant-batch live execution
datm-live-2026-07-13T09-14-26-552Z,C,entity-01-normal,normal,16,2026-07-13T09:16:57.756Z,2026-07-13T09:16:57.756Z,2026-07-13T09:16:57.756Z,0,2026-07-13T09:16:57.890Z,0xdc849d524bcdc8b77bd4662b206098a4a92cbb144db960130b2ca503077ddf30,2026-07-13T09:17:02.131Z,success,40223,1000,6377035,0x96b08086b1e59ec62f3076b3b12ab1db5f19145a718eac83a634c8ae13fc26a9,2026-07-13T09:17:02.131Z,4241,4241,4375,90,Trusted,2026-07-13T09:16:56.805Z,0xc671e5c245ad23057aacad52a28d4f3b249258f388374e99db32486dd09779ae,,variant-batch live execution
datm-live-2026-07-13T09-14-26-552Z,C,entity-02-normal,normal,16,2026-07-13T09:16:57.757Z,2026-07-13T09:16:57.757Z,2026-07-13T09:16:57.757Z,0,2026-07-13T09:16:57.882Z,0x49a72dad1123419b8ef8e17f0f6279f80111063fa941928097a533d0068c55bd,2026-07-13T09:17:02.130Z,success,40211,1000,6377035,0x96b08086b1e59ec62f3076b3b12ab1db5f19145a718eac83a634c8ae13fc26a9,2026-07-13T09:17:02.130Z,4248,4248,4373,92,Trusted,2026-07-13T09:16:56.805Z,0xeb4935aa1a18a6666383e45bf6f88d17f7b33d86b1cc423e200fd8b3f56a7283,,variant-batch live execution
datm-live-2026-07-13T09-14-26-552Z,C,entity-03-normal,normal,16,2026-07-13T09:16:57.757Z,2026-07-13T09:16:57.757Z,2026-07-13T09:16:57.757Z,0,2026-07-13T09:16:57.891Z,0xf5f48293c17512c092ce7f3868173a314ec945bab263b115ccf888c9c39d4c41,2026-07-13T09:17:02.131Z,success,40211,1000,6377035,0x96b08086b1e59ec62f3076b3b12ab1db5f19145a718eac83a634c8ae13fc26a9,2026-07-13T09:17:02.131Z,4240,4240,4374,92,Trusted,2026-07-13T09:16:56.805Z,0xad27cc9b16c88a930c31554e7043b66b67c2679be573e1d3531b64a9edbcf823,,variant-batch live execution
datm-live-2026-07-13T09-14-26-552Z,C,entity-04-normal,normal,16,2026-07-13T09:16:57.758Z,2026-07-13T09:16:57.758Z,2026-07-13T09:16:57.758Z,0,2026-07-13T09:16:57.891Z,0xc263209f69fb1cabd1937fb51dbe4802b7830a83122f88d907dc2e0e8c176c03,2026-07-13T09:17:02.159Z,success,40211,1000,6377035,0x96b08086b1e59ec62f3076b3b12ab1db5f19145a718eac83a634c8ae13fc26a9,2026-07-13T09:17:02.159Z,4268,4268,4401,90,Trusted,2026-07-13T09:16:56.805Z,0xcfbd3ffecabe6ef43898e012629b3be8cc725da199f5bb17059aff96d3005aff,,variant-batch live execution
datm-live-2026-07-13T09-14-26-552Z,C,entity-05-suspicious,suspicious,16,2026-07-13T09:16:57.758Z,2026-07-13T09:16:57.758Z,2026-07-13T09:16:57.758Z,0,2026-07-13T09:16:57.906Z,0x02caa9c85768ffff54d55b39a43623969555298a8ba4ad555452766f1e092327,2026-07-13T09:17:02.134Z,success,40291,1000,6377035,0x96b08086b1e59ec62f3076b3b12ab1db5f19145a718eac83a634c8ae13fc26a9,2026-07-13T09:17:02.134Z,4228,4228,4376,64,Suspicious,2026-07-13T09:16:56.805Z,0xa5c921fa1e871d8adef86acc64ec79ecce3a1da4c5254a253616cf7439dcd930,,variant-batch live execution
datm-live-2026-07-13T09-14-26-552Z,C,entity-06-suspicious,suspicious,16,2026-07-13T09:16:57.758Z,2026-07-13T09:16:57.758Z,2026-07-13T09:16:57.758Z,0,2026-07-13T09:16:57.891Z,0x36f6413eb20072319eada789346c3f8191b0ec2098beb52193f1f3fbd8dbdd55,2026-07-13T09:17:02.131Z,success,40291,1000,6377035,0x96b08086b1e59ec62f3076b3b12ab1db5f19145a718eac83a634c8ae13fc26a9,2026-07-13T09:17:02.131Z,4240,4240,4373,61,Suspicious,2026-07-13T09:16:56.805Z,0x433e9bea600563eb88c68e464ff8345ec5c627d9bed56179bf58e22a445653e1,,variant-batch live execution
datm-live-2026-07-13T09-14-26-552Z,C,entity-07-suspicious,suspicious,16,2026-07-13T09:16:57.759Z,2026-07-13T09:16:57.759Z,2026-07-13T09:16:57.759Z,0,2026-07-13T09:16:57.906Z,0xefebc46ba7da83ce2c910c9cf2b72b516b1b3e0282b087eca6328de93bdb7e84,2026-07-13T09:17:02.347Z,success,40279,1000,6377035,0x96b08086b1e59ec62f3076b3b12ab1db5f19145a718eac83a634c8ae13fc26a9,2026-07-13T09:17:02.347Z,4441,4441,4588,60,Suspicious,2026-07-13T09:16:56.805Z,0xa906ca8b8680441b83a786126cffd6875417404760b01551d93c460081d52179,,variant-batch live execution
datm-live-2026-07-13T09-14-26-552Z,C,entity-08-malicious,malicious,16,2026-07-13T09:16:57.759Z,2026-07-13T09:16:57.759Z,2026-07-13T09:16:57.759Z,0,2026-07-13T09:16:57.907Z,0xafd9cdcd44146da43dabde02f80140b99342cf76c0a0e26e5b705180cd0b17b6,2026-07-13T09:17:02.327Z,success,40278,1000,6377035,0x96b08086b1e59ec62f3076b3b12ab1db5f19145a718eac83a634c8ae13fc26a9,2026-07-13T09:17:02.327Z,4420,4420,4568,28,Untrusted,2026-07-13T09:16:56.805Z,0xedcdb28d8b360aee5f6942c883df97c37c040ba88a3252e6031983001f66853c,,variant-batch live execution
datm-live-2026-07-13T09-14-26-552Z,C,entity-09-malicious,malicious,16,2026-07-13T09:16:57.759Z,2026-07-13T09:16:57.759Z,2026-07-13T09:16:57.759Z,0,2026-07-13T09:16:57.891Z,0x21626e3498f7abee9b2877f0f9c302a54b65c65730b1b6e334d4d2ee2ebcba08,2026-07-13T09:17:02.379Z,success,40278,1000,6377035,0x96b08086b1e59ec62f3076b3b12ab1db5f19145a718eac83a634c8ae13fc26a9,2026-07-13T09:17:02.379Z,4488,4488,4620,27,Untrusted,2026-07-13T09:16:56.805Z,0x9b50ceaa730456c2036c1005610d4600810bbf443ffe2a58771d0a79dffdd3be,,variant-batch live execution
datm-live-2026-07-13T09-14-26-552Z,C,entity-10-malicious,malicious,16,2026-07-13T09:16:57.760Z,2026-07-13T09:16:57.760Z,2026-07-13T09:16:57.760Z,0,2026-07-13T09:16:57.907Z,0xb77b2b202c47556899e187f14f567c1070ea155be040cf5a54622bc542db2b41,2026-07-13T09:17:02.378Z,success,40254,1000,6377035,0x96b08086b1e59ec62f3076b3b12ab1db5f19145a718eac83a634c8ae13fc26a9,2026-07-13T09:17:02.378Z,4471,4471,4618,26,Untrusted,2026-07-13T09:16:56.805Z,0xc5d73f425462d339da6fba003b057e227a399a630bb28274cb59001eb9f69525,,variant-batch live execution
datm-live-2026-07-13T09-14-26-552Z,C,entity-01-normal,normal,17,2026-07-13T09:17:07.515Z,2026-07-13T09:17:07.515Z,2026-07-13T09:17:07.515Z,0,2026-07-13T09:17:07.644Z,0xd59ff93f9a63b4a9a345a644bda27239cdb2063a70c9645fcd889b62a4d9ac3d,2026-07-13T09:17:11.893Z,success,40199,1000,6377037,0x48af61d3926e5768757a3869b845e6b9cdbfd3bf5d9f5784e4df974125b438f9,2026-07-13T09:17:11.893Z,4249,4249,4378,93,Trusted,2026-07-13T09:17:06.805Z,0x57cf6840e399f17efc67935a4768dbb9f56875406b21d7f869a928ec2dbc71b6,,variant-batch live execution
datm-live-2026-07-13T09-14-26-552Z,C,entity-02-normal,normal,17,2026-07-13T09:17:07.516Z,2026-07-13T09:17:07.516Z,2026-07-13T09:17:07.516Z,0,2026-07-13T09:17:07.666Z,0x664a634efd9e96b6acc5a14abed91ec40348c5ba2a3ecb28603c865222dc5ff6,2026-07-13T09:17:11.901Z,success,40199,1000,6377037,0x48af61d3926e5768757a3869b845e6b9cdbfd3bf5d9f5784e4df974125b438f9,2026-07-13T09:17:11.901Z,4235,4235,4385,93,Trusted,2026-07-13T09:17:06.805Z,0x9569edaaf1dbbb04d926a3944520ea0b0b80afcae268da9753d4f31a0a497917,,variant-batch live execution
datm-live-2026-07-13T09-14-26-552Z,C,entity-03-normal,normal,17,2026-07-13T09:17:07.517Z,2026-07-13T09:17:07.517Z,2026-07-13T09:17:07.517Z,0,2026-07-13T09:17:07.667Z,0xf57885fad11e1b02542f83b8612ab8bb07f6211c33a0d02c9e6ed4e3281a51f0,2026-07-13T09:17:11.920Z,success,40211,1000,6377037,0x48af61d3926e5768757a3869b845e6b9cdbfd3bf5d9f5784e4df974125b438f9,2026-07-13T09:17:11.920Z,4253,4253,4403,92,Trusted,2026-07-13T09:17:06.805Z,0x6efceaf6731b649cb9a8c49d6959635e1fddaa82fc7bd4ebdb79ff409caf9f5d,,variant-batch live execution
datm-live-2026-07-13T09-14-26-552Z,C,entity-04-normal,normal,17,2026-07-13T09:17:07.518Z,2026-07-13T09:17:07.518Z,2026-07-13T09:17:07.518Z,0,2026-07-13T09:17:07.639Z,0xfe46fd3578adc4810d68b62a7c16a45139fb8b020bed23f127f6987dc8dbf875,2026-07-13T09:17:11.899Z,success,40199,1000,6377037,0x48af61d3926e5768757a3869b845e6b9cdbfd3bf5d9f5784e4df974125b438f9,2026-07-13T09:17:11.899Z,4260,4260,4381,93,Trusted,2026-07-13T09:17:06.805Z,0xb3eb7696e1497cb5ec849abb0dd372e84132f0323ce1947c265da5b0e823ccfb,,variant-batch live execution
datm-live-2026-07-13T09-14-26-552Z,C,entity-05-suspicious,suspicious,17,2026-07-13T09:17:07.518Z,2026-07-13T09:17:07.518Z,2026-07-13T09:17:07.518Z,0,2026-07-13T09:17:07.644Z,0x729995397bcb0f2cec1f00b6946bdf6522cc7043b60f7ec4592afe73f0db9c26,2026-07-13T09:17:11.899Z,success,40291,1000,6377037,0x48af61d3926e5768757a3869b845e6b9cdbfd3bf5d9f5784e4df974125b438f9,2026-07-13T09:17:11.899Z,4255,4255,4381,61,Suspicious,2026-07-13T09:17:06.805Z,0x2788587c7b550f87561903b4797984b4436fbdeefaf0dc105ade6cc8f7225862,,variant-batch live execution
datm-live-2026-07-13T09-14-26-552Z,C,entity-06-suspicious,suspicious,17,2026-07-13T09:17:07.519Z,2026-07-13T09:17:07.519Z,2026-07-13T09:17:07.519Z,0,2026-07-13T09:17:07.645Z,0x8e9a0abd537992d03ada27869d5d0342d26d65f5ee0d5973c50d9d710e197ee6,2026-07-13T09:17:11.901Z,success,40291,1000,6377037,0x48af61d3926e5768757a3869b845e6b9cdbfd3bf5d9f5784e4df974125b438f9,2026-07-13T09:17:11.901Z,4256,4256,4382,58,Suspicious,2026-07-13T09:17:06.805Z,0x5aabc32eda8f925adb6fc5a1bf75f6dc739ce49e07468bc82495959123e55122,,variant-batch live execution
datm-live-2026-07-13T09-14-26-552Z,C,entity-07-suspicious,suspicious,17,2026-07-13T09:17:07.520Z,2026-07-13T09:17:07.520Z,2026-07-13T09:17:07.520Z,0,2026-07-13T09:17:07.645Z,0x4276a24f661c0adbf94d79af40cc818db2ace3ed538e271a2ed9cdd694524fe2,2026-07-13T09:17:12.083Z,success,40291,1000,6377037,0x48af61d3926e5768757a3869b845e6b9cdbfd3bf5d9f5784e4df974125b438f9,2026-07-13T09:17:12.083Z,4438,4438,4563,64,Suspicious,2026-07-13T09:17:06.805Z,0x11f840e760222dff8550141c1c42484b601305cb200e3ea46d373088cc3f0981,,variant-batch live execution
datm-live-2026-07-13T09-14-26-552Z,C,entity-08-malicious,malicious,17,2026-07-13T09:17:07.521Z,2026-07-13T09:17:07.521Z,2026-07-13T09:17:07.521Z,0,2026-07-13T09:17:07.645Z,0x8d985c41ac6dd2774ba87b624647cf80896226981b52ea363d4bf707829a0620,2026-07-13T09:17:12.096Z,success,40290,1000,6377037,0x48af61d3926e5768757a3869b845e6b9cdbfd3bf5d9f5784e4df974125b438f9,2026-07-13T09:17:12.096Z,4451,4451,4575,27,Untrusted,2026-07-13T09:17:06.805Z,0xe4be3840d36dfcb7337ad2e8aa1926e9c01610e65830294d5b6ceb421ac896c9,,variant-batch live execution
datm-live-2026-07-13T09-14-26-552Z,C,entity-09-malicious,malicious,17,2026-07-13T09:17:07.521Z,2026-07-13T09:17:07.521Z,2026-07-13T09:17:07.521Z,0,2026-07-13T09:17:07.667Z,0xfb9a081010b4db231900090c524bc60d732bd46f938e2d451b7b101a09a217ef,2026-07-13T09:17:12.117Z,success,40290,1000,6377037,0x48af61d3926e5768757a3869b845e6b9cdbfd3bf5d9f5784e4df974125b438f9,2026-07-13T09:17:12.117Z,4450,4450,4596,26,Untrusted,2026-07-13T09:17:06.805Z,0x2b29db13f8c40e178e76578a09771f5c27215b6fa142f07409f26f2ba21d6251,,variant-batch live execution
datm-live-2026-07-13T09-14-26-552Z,C,entity-10-malicious,malicious,17,2026-07-13T09:17:07.522Z,2026-07-13T09:17:07.522Z,2026-07-13T09:17:07.522Z,0,2026-07-13T09:17:07.667Z,0x5445ff3c16fd011bf9cc167f7416bfab715d52b39bb62c02c1de18c3d8f42c33,2026-07-13T09:17:12.112Z,success,40278,1000,6377037,0x48af61d3926e5768757a3869b845e6b9cdbfd3bf5d9f5784e4df974125b438f9,2026-07-13T09:17:12.112Z,4445,4445,4590,28,Untrusted,2026-07-13T09:17:06.805Z,0x3e59a7d068a31b97ad773db0ac7377d844379068cb936362803599dec7eb176a,,variant-batch live execution
datm-live-2026-07-13T09-14-26-552Z,C,entity-01-normal,normal,18,2026-07-13T09:17:17.234Z,2026-07-13T09:17:17.234Z,2026-07-13T09:17:17.234Z,0,2026-07-13T09:17:17.357Z,0x106d1c28208df2abb7fd07f1d791018bd5983dad6e4d443b1b66b6bfc18ea4a2,2026-07-13T09:17:21.617Z,success,40187,1000,6377039,0x2abfa44484134cf5187b7855775d49af2ee802f88530268d604f8a8604ab3b1d,2026-07-13T09:17:21.617Z,4260,4260,4383,92,Trusted,2026-07-13T09:17:16.805Z,0x1ca0c85a33b6c2f5c40cfcd4ca6513dc39898e17c0009e7c67f91c4d5929ceb5,,variant-batch live execution
datm-live-2026-07-13T09-14-26-552Z,C,entity-02-normal,normal,18,2026-07-13T09:17:17.236Z,2026-07-13T09:17:17.236Z,2026-07-13T09:17:17.236Z,0,2026-07-13T09:17:17.358Z,0xe21072cc9c836322f2f8dfab34fe0216b1a812d2da8dfdb9c0137ee611c24770,2026-07-13T09:17:21.621Z,success,40211,1000,6377039,0x2abfa44484134cf5187b7855775d49af2ee802f88530268d604f8a8604ab3b1d,2026-07-13T09:17:21.621Z,4263,4263,4385,91,Trusted,2026-07-13T09:17:16.805Z,0xa4ff93fd3a6a2af05238548c5c18132cda62d7fd8ab13c13dae7759040d4181f,,variant-batch live execution
datm-live-2026-07-13T09-14-26-552Z,C,entity-03-normal,normal,18,2026-07-13T09:17:17.237Z,2026-07-13T09:17:17.237Z,2026-07-13T09:17:17.237Z,0,2026-07-13T09:17:17.373Z,0x548c5c13ee9b8b776c84b7e2f06b005619bb6c44279b2f16bf1ac90677cee49d,2026-07-13T09:17:21.621Z,success,40187,1000,6377039,0x2abfa44484134cf5187b7855775d49af2ee802f88530268d604f8a8604ab3b1d,2026-07-13T09:17:21.621Z,4248,4248,4384,92,Trusted,2026-07-13T09:17:16.805Z,0x2fa6aa1c5cee0078c41bb1a997092e8cf0a4c64a587842212a4b9922b092d55a,,variant-batch live execution
datm-live-2026-07-13T09-14-26-552Z,C,entity-04-normal,normal,18,2026-07-13T09:17:17.238Z,2026-07-13T09:17:17.238Z,2026-07-13T09:17:17.238Z,0,2026-07-13T09:17:17.373Z,0x19f89840969e639eee4a3301eab4c895ab42fd2f0506fa413f6b531817721918,2026-07-13T09:17:21.622Z,success,40199,1000,6377039,0x2abfa44484134cf5187b7855775d49af2ee802f88530268d604f8a8604ab3b1d,2026-07-13T09:17:21.622Z,4249,4249,4384,92,Trusted,2026-07-13T09:17:16.805Z,0x67ed26c0c159894ca6ba655c0f0f1bd50c5e8b9e3fb6492d29d79976c7a9a0a7,,variant-batch live execution
datm-live-2026-07-13T09-14-26-552Z,C,entity-05-suspicious,suspicious,18,2026-07-13T09:17:17.239Z,2026-07-13T09:17:17.239Z,2026-07-13T09:17:17.239Z,0,2026-07-13T09:17:17.373Z,0xad71d5105000cce883bbe9230ee80ec4f22f68bd26aca1385a468ca8d6b5e3fe,2026-07-13T09:17:21.622Z,success,40291,1000,6377039,0x2abfa44484134cf5187b7855775d49af2ee802f88530268d604f8a8604ab3b1d,2026-07-13T09:17:21.622Z,4249,4249,4383,58,Suspicious,2026-07-13T09:17:16.805Z,0xc42686e1d3b0a5ebcb2060a1f74976446e075dafc4c75233115385a9259becbd,,variant-batch live execution
datm-live-2026-07-13T09-14-26-552Z,C,entity-06-suspicious,suspicious,18,2026-07-13T09:17:17.240Z,2026-07-13T09:17:17.240Z,2026-07-13T09:17:17.240Z,0,2026-07-13T09:17:17.374Z,0x3112fe8e2a1253816d97562c6f65f61ab693d6d779ab79b703dcd105276c5d38,2026-07-13T09:17:21.644Z,success,40291,1000,6377039,0x2abfa44484134cf5187b7855775d49af2ee802f88530268d604f8a8604ab3b1d,2026-07-13T09:17:21.644Z,4270,4270,4404,60,Suspicious,2026-07-13T09:17:16.805Z,0x108c33368c1d23874ede12fdae50e0b7cdce66600cc0a9e6424ce67b64bc73a4,,variant-batch live execution
datm-live-2026-07-13T09-14-26-552Z,C,entity-07-suspicious,suspicious,18,2026-07-13T09:17:17.241Z,2026-07-13T09:17:17.241Z,2026-07-13T09:17:17.241Z,0,2026-07-13T09:17:17.374Z,0xa6b088d614c018b9b36c4f46aaec1eea06d0c7efb873389e59f5484029804ddc,2026-07-13T09:17:21.822Z,success,40291,1000,6377039,0x2abfa44484134cf5187b7855775d49af2ee802f88530268d604f8a8604ab3b1d,2026-07-13T09:17:21.822Z,4448,4448,4581,61,Suspicious,2026-07-13T09:17:16.805Z,0x68abcde042f66a594b010e2b6ee49e29ce8473f711f876d6b4c856d3211cbab2,,variant-batch live execution
datm-live-2026-07-13T09-14-26-552Z,C,entity-08-malicious,malicious,18,2026-07-13T09:17:17.243Z,2026-07-13T09:17:17.243Z,2026-07-13T09:17:17.243Z,0,2026-07-13T09:17:17.387Z,0xa248dbcf8dc2c4072c83d186dbd2d94db8c9759eb0989cc793581a8161474a29,2026-07-13T09:17:21.823Z,success,40290,1000,6377039,0x2abfa44484134cf5187b7855775d49af2ee802f88530268d604f8a8604ab3b1d,2026-07-13T09:17:21.823Z,4436,4436,4580,26,Untrusted,2026-07-13T09:17:16.805Z,0xa3acd166e94f9fd06ac4946554e3ee8b9c955de494fdbd7d6ef09504f4e514d2,,variant-batch live execution
datm-live-2026-07-13T09-14-26-552Z,C,entity-09-malicious,malicious,18,2026-07-13T09:17:17.243Z,2026-07-13T09:17:17.243Z,2026-07-13T09:17:17.243Z,0,2026-07-13T09:17:17.387Z,0xf19229141be79c7bf76fa60ba58f25c8a496662fbce93b5128a7d79864bfc598,2026-07-13T09:17:21.838Z,success,40290,1000,6377039,0x2abfa44484134cf5187b7855775d49af2ee802f88530268d604f8a8604ab3b1d,2026-07-13T09:17:21.838Z,4451,4451,4595,27,Untrusted,2026-07-13T09:17:16.805Z,0x6120221eda83370f5bb1cffa055a8841de424072de29e0a0c954bba30e468f66,,variant-batch live execution
datm-live-2026-07-13T09-14-26-552Z,C,entity-10-malicious,malicious,18,2026-07-13T09:17:17.244Z,2026-07-13T09:17:17.244Z,2026-07-13T09:17:17.244Z,0,2026-07-13T09:17:17.387Z,0x234794c065ed74d28627f80e9576b06bab50f5c3d8771f32ebfca5d2fbf2b18f,2026-07-13T09:17:21.853Z,success,40278,1000,6377039,0x2abfa44484134cf5187b7855775d49af2ee802f88530268d604f8a8604ab3b1d,2026-07-13T09:17:21.853Z,4466,4466,4609,28,Untrusted,2026-07-13T09:17:16.805Z,0xa97aee5233a253766ba646adbb4dfb5deddf42c396b532642fea31a83cc9b73d,,variant-batch live execution
datm-live-2026-07-13T09-14-26-552Z,C,entity-01-normal,normal,19,2026-07-13T09:17:26.981Z,2026-07-13T09:17:26.981Z,2026-07-13T09:17:26.981Z,0,2026-07-13T09:17:27.112Z,0xeb061985895a1d2ecdc59f960236d89bc47376a10547b1e7f138f8f8a9638685,2026-07-13T09:17:31.425Z,success,40211,1000,6377041,0x9b1d2a7b04e3a802c296a51e52f6e9f565e504a730c389035b5d8351ca1bcbce,2026-07-13T09:17:31.425Z,4313,4313,4444,92,Trusted,2026-07-13T09:17:26.805Z,0x997fc6fe25fe27bc7714290db0dd5b3f211716010ecd11ffdca9b0b6b097c4bb,,variant-batch live execution
datm-live-2026-07-13T09-14-26-552Z,C,entity-02-normal,normal,19,2026-07-13T09:17:26.983Z,2026-07-13T09:17:26.983Z,2026-07-13T09:17:26.983Z,0,2026-07-13T09:17:27.112Z,0xc45a044347ca903c8d4f8b84fd1a44218db136d6c8497c3b026cfa7f110ccb88,2026-07-13T09:17:31.420Z,success,40199,1000,6377041,0x9b1d2a7b04e3a802c296a51e52f6e9f565e504a730c389035b5d8351ca1bcbce,2026-07-13T09:17:31.420Z,4308,4308,4437,93,Trusted,2026-07-13T09:17:26.805Z,0x52e87d9a3b42c1e62c994c7dafdf9e553ffa0e50d5fe0c6fe0a23724d71cd86b,,variant-batch live execution
datm-live-2026-07-13T09-14-26-552Z,C,entity-03-normal,normal,19,2026-07-13T09:17:26.984Z,2026-07-13T09:17:26.984Z,2026-07-13T09:17:26.984Z,0,2026-07-13T09:17:27.134Z,0xfc3c47044fdb6334a8381ccd63710a337416a337d8ce6da752881d4f9a807329,2026-07-13T09:17:31.423Z,success,40199,1000,6377041,0x9b1d2a7b04e3a802c296a51e52f6e9f565e504a730c389035b5d8351ca1bcbce,2026-07-13T09:17:31.423Z,4289,4289,4439,93,Trusted,2026-07-13T09:17:26.805Z,0xc7be49801fd6cf5c8e46679b989c23c8081ac7ff489364b0cd4140289e493e7e,,variant-batch live execution
datm-live-2026-07-13T09-14-26-552Z,C,entity-04-normal,normal,19,2026-07-13T09:17:26.985Z,2026-07-13T09:17:26.985Z,2026-07-13T09:17:26.985Z,0,2026-07-13T09:17:27.135Z,0x8f8372c4f87d8de91a8dc7bdbac6254fda62d3d77baeecd48b8ab5ff5fc99be7,2026-07-13T09:17:31.424Z,success,40211,1000,6377041,0x9b1d2a7b04e3a802c296a51e52f6e9f565e504a730c389035b5d8351ca1bcbce,2026-07-13T09:17:31.424Z,4289,4289,4439,92,Trusted,2026-07-13T09:17:26.805Z,0x43cd11b153016e1a9bf2d3e608aafc5d558a0f7f058ddb6529295cf6bac3601f,,variant-batch live execution
datm-live-2026-07-13T09-14-26-552Z,C,entity-05-suspicious,suspicious,19,2026-07-13T09:17:26.985Z,2026-07-13T09:17:26.985Z,2026-07-13T09:17:26.985Z,0,2026-07-13T09:17:27.135Z,0x0738f6b812c86171b9a65b24028ed8d8ff9d6a694783b7088f19f2bdf920a7e2,2026-07-13T09:17:31.449Z,success,40291,1000,6377041,0x9b1d2a7b04e3a802c296a51e52f6e9f565e504a730c389035b5d8351ca1bcbce,2026-07-13T09:17:31.449Z,4314,4314,4464,60,Suspicious,2026-07-13T09:17:26.805Z,0xa95f4e1f8c3160219ea047ee7ad5608dd696d824d85c3b6397b2e278a7cfd388,,variant-batch live execution
datm-live-2026-07-13T09-14-26-552Z,C,entity-06-suspicious,suspicious,19,2026-07-13T09:17:26.986Z,2026-07-13T09:17:26.986Z,2026-07-13T09:17:26.986Z,0,2026-07-13T09:17:27.135Z,0xfdafb665b81c5326873a25a8f28cdf32371c0ae1e7bd21153be0e016aa04a7af,2026-07-13T09:17:31.426Z,success,40291,1000,6377041,0x9b1d2a7b04e3a802c296a51e52f6e9f565e504a730c389035b5d8351ca1bcbce,2026-07-13T09:17:31.426Z,4291,4291,4440,62,Suspicious,2026-07-13T09:17:26.805Z,0x3f09d7bcbdf8dcac59e41906435e57349261ae791186c7f79890d00f43e9c2da,,variant-batch live execution
datm-live-2026-07-13T09-14-26-552Z,C,entity-07-suspicious,suspicious,19,2026-07-13T09:17:26.987Z,2026-07-13T09:17:26.987Z,2026-07-13T09:17:26.987Z,0,2026-07-13T09:17:27.135Z,0x49ed0011a70d6edcfadfbae6deeba3593969382254eaf3dd9040359c13d78183,2026-07-13T09:17:31.613Z,success,40291,1000,6377041,0x9b1d2a7b04e3a802c296a51e52f6e9f565e504a730c389035b5d8351ca1bcbce,2026-07-13T09:17:31.613Z,4478,4478,4626,58,Suspicious,2026-07-13T09:17:26.805Z,0x937d533fe5b5af365b9175e2718330c2c914e1d38247338618d86b1ca330e332,,variant-batch live execution
datm-live-2026-07-13T09-14-26-552Z,C,entity-08-malicious,malicious,19,2026-07-13T09:17:26.988Z,2026-07-13T09:17:26.988Z,2026-07-13T09:17:26.988Z,0,2026-07-13T09:17:27.146Z,0x8c8d52d2a5d41ff5c1feeaf43a229201aac4dd54d8f5acaa95c2a75a12915e64,2026-07-13T09:17:31.626Z,success,40290,1000,6377041,0x9b1d2a7b04e3a802c296a51e52f6e9f565e504a730c389035b5d8351ca1bcbce,2026-07-13T09:17:31.626Z,4480,4480,4638,27,Untrusted,2026-07-13T09:17:26.805Z,0x6d7cd5a9c352dc954012045551a7aae452d75f1132d52dcfd012d2f0809e170d,,variant-batch live execution
datm-live-2026-07-13T09-14-26-552Z,C,entity-09-malicious,malicious,19,2026-07-13T09:17:26.988Z,2026-07-13T09:17:26.988Z,2026-07-13T09:17:26.988Z,0,2026-07-13T09:17:27.146Z,0x1c46f8877260ad1a9a5bd58ae7eced4a985480a426ae6e3a6960c4083fe77d8b,2026-07-13T09:17:31.640Z,success,40278,1000,6377041,0x9b1d2a7b04e3a802c296a51e52f6e9f565e504a730c389035b5d8351ca1bcbce,2026-07-13T09:17:31.640Z,4494,4494,4652,26,Untrusted,2026-07-13T09:17:26.805Z,0xcdadd3f91b67ea4377b0770e3b00b4778c3beebd9d9a9cae64366080a5a31fcd,,variant-batch live execution
datm-live-2026-07-13T09-14-26-552Z,C,entity-10-malicious,malicious,19,2026-07-13T09:17:26.989Z,2026-07-13T09:17:26.989Z,2026-07-13T09:17:26.989Z,0,2026-07-13T09:17:27.146Z,0xa2e9aad0037b56519bf29c6824d0d1b324b1642cf236161091f2f68a741a35ad,2026-07-13T09:17:31.648Z,success,40278,1000,6377041,0x9b1d2a7b04e3a802c296a51e52f6e9f565e504a730c389035b5d8351ca1bcbce,2026-07-13T09:17:31.648Z,4502,4502,4659,27,Untrusted,2026-07-13T09:17:26.805Z,0xa71befc24b99d4ca9df1ed8be7e5fe071822450ea262f92cf7c8e0bb6c97298d,,variant-batch live execution
datm-live-2026-07-13T09-14-26-552Z,C,entity-01-normal,normal,20,2026-07-13T09:17:36.781Z,2026-07-13T09:17:36.781Z,2026-07-13T09:17:36.781Z,0,2026-07-13T09:17:36.900Z,0xe46b41631fcd484ddf2314139b70bdd557a755194b965e5b8cae194774343285,2026-07-13T09:17:41.158Z,success,40199,1000,6377043,0xe05c48e24f8b1cc18fb7eb67b6b91f35b5d069129eaa2d44c12df975331225b7,2026-07-13T09:17:41.158Z,4258,4258,4377,92,Trusted,2026-07-13T09:17:36.805Z,0x2ebaf39e44eedfe9206f03848d968c8190b049905e4ce19fb83af385e8ec422c,,variant-batch live execution
datm-live-2026-07-13T09-14-26-552Z,C,entity-02-normal,normal,20,2026-07-13T09:17:36.782Z,2026-07-13T09:17:36.782Z,2026-07-13T09:17:36.782Z,0,2026-07-13T09:17:36.900Z,0x466151cc4e935033963be3ed2b7039fc4ef5c7bd0d26c5a67befd4513bb035bf,2026-07-13T09:17:41.156Z,success,40199,1000,6377043,0xe05c48e24f8b1cc18fb7eb67b6b91f35b5d069129eaa2d44c12df975331225b7,2026-07-13T09:17:41.156Z,4256,4256,4374,93,Trusted,2026-07-13T09:17:36.805Z,0xc9f97c67ddecb1c99bd6ba7bd6988ea99a74da641520c911d44767e63c6dd20d,,variant-batch live execution
datm-live-2026-07-13T09-14-26-552Z,C,entity-03-normal,normal,20,2026-07-13T09:17:36.782Z,2026-07-13T09:17:36.782Z,2026-07-13T09:17:36.782Z,0,2026-07-13T09:17:36.900Z,0x958f35345a3a2096918cb4ba1d86dec66fdc67b6da4fcfaf84c00fc211f4e886,2026-07-13T09:17:41.184Z,success,40199,1000,6377043,0xe05c48e24f8b1cc18fb7eb67b6b91f35b5d069129eaa2d44c12df975331225b7,2026-07-13T09:17:41.184Z,4284,4284,4402,91,Trusted,2026-07-13T09:17:36.805Z,0x66a50098429899aaef57ba7ff8edd5070d65141edf22111e1d26e26a375ffde8,,variant-batch live execution
datm-live-2026-07-13T09-14-26-552Z,C,entity-04-normal,normal,20,2026-07-13T09:17:36.783Z,2026-07-13T09:17:36.783Z,2026-07-13T09:17:36.783Z,0,2026-07-13T09:17:36.900Z,0x076f60147eb220c58a11d26e4fdbe8f96870d71712b148d8ffe117a61bb81307,2026-07-13T09:17:41.163Z,success,40199,1000,6377043,0xe05c48e24f8b1cc18fb7eb67b6b91f35b5d069129eaa2d44c12df975331225b7,2026-07-13T09:17:41.163Z,4263,4263,4380,92,Trusted,2026-07-13T09:17:36.805Z,0xfdf58ebace3be60cfca83db3597d077f29ac694240969bbb4bcfcc52529887d7,,variant-batch live execution
datm-live-2026-07-13T09-14-26-552Z,C,entity-05-suspicious,suspicious,20,2026-07-13T09:17:36.783Z,2026-07-13T09:17:36.783Z,2026-07-13T09:17:36.783Z,0,2026-07-13T09:17:36.900Z,0x1a555cf1d0a411b2a103e2c461cc6a2cf637d2ec864ce77124a5eb7c99e59b95,2026-07-13T09:17:41.161Z,success,40291,1000,6377043,0xe05c48e24f8b1cc18fb7eb67b6b91f35b5d069129eaa2d44c12df975331225b7,2026-07-13T09:17:41.161Z,4261,4261,4378,62,Suspicious,2026-07-13T09:17:36.805Z,0x52290b2d61876c067a76a56d17bccc986f5b303e4d20bbac44f911bbe1c69882,,variant-batch live execution
datm-live-2026-07-13T09-14-26-552Z,C,entity-06-suspicious,suspicious,20,2026-07-13T09:17:36.784Z,2026-07-13T09:17:36.784Z,2026-07-13T09:17:36.784Z,0,2026-07-13T09:17:36.927Z,0x47c772de0193a1ff8f1a251570976910598f51397f1f351b1eeb18d49859c3fc,2026-07-13T09:17:41.164Z,success,40291,1000,6377043,0xe05c48e24f8b1cc18fb7eb67b6b91f35b5d069129eaa2d44c12df975331225b7,2026-07-13T09:17:41.164Z,4237,4237,4380,63,Suspicious,2026-07-13T09:17:36.805Z,0x1b076e576582f512d3217dd68cf44c1923b259a119525da3cc925910b970b955,,variant-batch live execution
datm-live-2026-07-13T09-14-26-552Z,C,entity-07-suspicious,suspicious,20,2026-07-13T09:17:36.784Z,2026-07-13T09:17:36.784Z,2026-07-13T09:17:36.784Z,0,2026-07-13T09:17:36.927Z,0xcc2b3d971b35c77597af8de63f77368b865679311a7334ca68ecb9b0aeb7df3b,2026-07-13T09:17:41.341Z,success,40291,1000,6377043,0xe05c48e24f8b1cc18fb7eb67b6b91f35b5d069129eaa2d44c12df975331225b7,2026-07-13T09:17:41.341Z,4414,4414,4557,60,Suspicious,2026-07-13T09:17:36.805Z,0xba2ce0d9da412107f7ace177c3ba6b07fa5fed80fe53e28eb529cac5676958e4,,variant-batch live execution
datm-live-2026-07-13T09-14-26-552Z,C,entity-08-malicious,malicious,20,2026-07-13T09:17:36.785Z,2026-07-13T09:17:36.785Z,2026-07-13T09:17:36.785Z,0,2026-07-13T09:17:36.900Z,0x2d7e80308026367d91d4bea389ab42c995aa4dc5467e71b5db61f4ba917d2141,2026-07-13T09:17:41.369Z,success,40290,1000,6377043,0xe05c48e24f8b1cc18fb7eb67b6b91f35b5d069129eaa2d44c12df975331225b7,2026-07-13T09:17:41.369Z,4469,4469,4584,26,Untrusted,2026-07-13T09:17:36.805Z,0x19f0821e6d481d80c5112aeff082772247f4c5a2f6e702ca36b3893c159db8c9,,variant-batch live execution
datm-live-2026-07-13T09-14-26-552Z,C,entity-09-malicious,malicious,20,2026-07-13T09:17:36.785Z,2026-07-13T09:17:36.785Z,2026-07-13T09:17:36.785Z,0,2026-07-13T09:17:36.928Z,0x4ea2edcaad069d84f7bf9da8054718d017c019c5a4eae4ae792d807875e70dbc,2026-07-13T09:17:41.382Z,success,40290,1000,6377043,0xe05c48e24f8b1cc18fb7eb67b6b91f35b5d069129eaa2d44c12df975331225b7,2026-07-13T09:17:41.382Z,4454,4454,4597,26,Untrusted,2026-07-13T09:17:36.805Z,0xdb17a259c9420d06048efe056d559b332ac084e52865404e93f1b27ba50711c5,,variant-batch live execution
datm-live-2026-07-13T09-14-26-552Z,C,entity-10-malicious,malicious,20,2026-07-13T09:17:36.786Z,2026-07-13T09:17:36.786Z,2026-07-13T09:17:36.786Z,0,2026-07-13T09:17:36.928Z,0xd21505ffcdf9c33e8c8fbd66f16a6978531edafbc1e75912014c4ef9519834f8,2026-07-13T09:17:41.378Z,success,40278,1000,6377043,0xe05c48e24f8b1cc18fb7eb67b6b91f35b5d069129eaa2d44c12df975331225b7,2026-07-13T09:17:41.378Z,4450,4450,4592,28,Untrusted,2026-07-13T09:17:36.805Z,0x5188219bbb1f3af9fd907872b3812666d1773286be06715d77fbd30b7edc1780,,variant-batch live execution
datm-live-2026-07-13T09-14-26-552Z,C,entity-01-normal,normal,21,2026-07-13T09:17:46.485Z,2026-07-13T09:17:46.485Z,2026-07-13T09:17:46.485Z,0,2026-07-13T09:17:46.623Z,0x69d20652f2941b0e9f00711c1867a82dad1115a832a0bc030f1fde1fadd96fd4,2026-07-13T09:17:50.917Z,success,40223,1000,6377045,0x9f144930bd9c97d6e2355266b0a30ddba532626bec6197655e83f4a19c995046,2026-07-13T09:17:50.917Z,4294,4294,4432,91,Trusted,2026-07-13T09:17:46.805Z,0x3e961f53a4dfcdc0dae333713b2c972eab1a7a4757815794f62e9e8e46ef2c6e,,variant-batch live execution
datm-live-2026-07-13T09-14-26-552Z,C,entity-02-normal,normal,21,2026-07-13T09:17:46.486Z,2026-07-13T09:17:46.486Z,2026-07-13T09:17:46.486Z,0,2026-07-13T09:17:46.634Z,0xf5e78a9ce7e2a0700f3f3cadbe0c01cf2f4eb34f2d623257b63902461d473b53,2026-07-13T09:17:50.885Z,success,40235,1000,6377045,0x9f144930bd9c97d6e2355266b0a30ddba532626bec6197655e83f4a19c995046,2026-07-13T09:17:50.885Z,4251,4251,4399,89,Trusted,2026-07-13T09:17:46.805Z,0x1e7a4be2e61c4d4944275950efb1cca3c67e83a32da9e2186ca0c086e6e1d639,,variant-batch live execution
datm-live-2026-07-13T09-14-26-552Z,C,entity-03-normal,normal,21,2026-07-13T09:17:46.487Z,2026-07-13T09:17:46.487Z,2026-07-13T09:17:46.487Z,0,2026-07-13T09:17:46.652Z,0x48ca90ddc94f1bae4fbb571a2f3d032f52fdf63d852be85ee0cd1588abbdca7a,2026-07-13T09:17:50.885Z,success,40223,1000,6377045,0x9f144930bd9c97d6e2355266b0a30ddba532626bec6197655e83f4a19c995046,2026-07-13T09:17:50.885Z,4233,4233,4398,91,Trusted,2026-07-13T09:17:46.805Z,0x67710c9125a26222a2c5fd376cdd0ab7a0b8f0e452a8ea65c46ff0be7b156d12,,variant-batch live execution
datm-live-2026-07-13T09-14-26-552Z,C,entity-04-normal,normal,21,2026-07-13T09:17:46.487Z,2026-07-13T09:17:46.487Z,2026-07-13T09:17:46.487Z,0,2026-07-13T09:17:46.634Z,0x2bea0a66c172edefbbd0c3d7c3d29fdc6742e3e1a50a59dbc2bb9cc059c21c46,2026-07-13T09:17:50.894Z,success,40223,1000,6377045,0x9f144930bd9c97d6e2355266b0a30ddba532626bec6197655e83f4a19c995046,2026-07-13T09:17:50.894Z,4260,4260,4407,91,Trusted,2026-07-13T09:17:46.805Z,0x128cda6b155720d096421b46aeae17664cf2f5222ac8d0f1548a66379b220bc5,,variant-batch live execution
datm-live-2026-07-13T09-14-26-552Z,C,entity-05-suspicious,suspicious,21,2026-07-13T09:17:46.488Z,2026-07-13T09:17:46.488Z,2026-07-13T09:17:46.488Z,0,2026-07-13T09:17:46.634Z,0xae3ba38d178fbb7fc467f6065e7d7e153d7584b6cad735eedd111221556531d0,2026-07-13T09:17:50.890Z,success,40291,1000,6377045,0x9f144930bd9c97d6e2355266b0a30ddba532626bec6197655e83f4a19c995046,2026-07-13T09:17:50.890Z,4256,4256,4402,63,Suspicious,2026-07-13T09:17:46.805Z,0x9a90050ca28f1498486b2e3deaf2ea1d1dd5bf8fcba5a3e4c20adb4e038b80d1,,variant-batch live execution
datm-live-2026-07-13T09-14-26-552Z,C,entity-06-suspicious,suspicious,21,2026-07-13T09:17:46.488Z,2026-07-13T09:17:46.488Z,2026-07-13T09:17:46.488Z,0,2026-07-13T09:17:46.634Z,0xa20b18010884006695b3e543da31ea00be28ef49b34479594768debdea03b29f,2026-07-13T09:17:50.892Z,success,40291,1000,6377045,0x9f144930bd9c97d6e2355266b0a30ddba532626bec6197655e83f4a19c995046,2026-07-13T09:17:50.892Z,4258,4258,4404,61,Suspicious,2026-07-13T09:17:46.805Z,0xd4df1c5e1258e7c86788ebdf2329847a2482e388871d8acd11025928ad7db85d,,variant-batch live execution
datm-live-2026-07-13T09-14-26-552Z,C,entity-07-suspicious,suspicious,21,2026-07-13T09:17:46.488Z,2026-07-13T09:17:46.488Z,2026-07-13T09:17:46.488Z,0,2026-07-13T09:17:46.635Z,0x32fdf6e3524c7d267b44f04af2afbb763745006426e053462c84222bfea73ece,2026-07-13T09:17:51.093Z,success,40291,1000,6377045,0x9f144930bd9c97d6e2355266b0a30ddba532626bec6197655e83f4a19c995046,2026-07-13T09:17:51.093Z,4458,4458,4605,62,Suspicious,2026-07-13T09:17:46.805Z,0xf452f68080193d140903c09e5e0d23fdc3d0ce8efb3beeef10dda671603980ce,,variant-batch live execution
datm-live-2026-07-13T09-14-26-552Z,C,entity-08-malicious,malicious,21,2026-07-13T09:17:46.489Z,2026-07-13T09:17:46.489Z,2026-07-13T09:17:46.489Z,0,2026-07-13T09:17:46.652Z,0xd05947556275f605db28c77c3755e3dae545fd173f64bf487395912900387675,2026-07-13T09:17:51.117Z,success,40290,1000,6377045,0x9f144930bd9c97d6e2355266b0a30ddba532626bec6197655e83f4a19c995046,2026-07-13T09:17:51.117Z,4465,4465,4628,26,Untrusted,2026-07-13T09:17:46.805Z,0x6a475e3341d68bd9bcebdac7d08c2e9d6fe4fd9a592d784293884824fd6930a5,,variant-batch live execution
datm-live-2026-07-13T09-14-26-552Z,C,entity-09-malicious,malicious,21,2026-07-13T09:17:46.489Z,2026-07-13T09:17:46.489Z,2026-07-13T09:17:46.489Z,0,2026-07-13T09:17:46.652Z,0x18c8603184af8d7ef1d057fea1065b5ab8f20c34da441daed705c34694053f98,2026-07-13T09:17:51.106Z,success,40290,1000,6377045,0x9f144930bd9c97d6e2355266b0a30ddba532626bec6197655e83f4a19c995046,2026-07-13T09:17:51.106Z,4454,4454,4617,27,Untrusted,2026-07-13T09:17:46.805Z,0x3bab1cd896bbc9587035c61be453c4fd203e576d061f5812622c639a9ba89187,,variant-batch live execution
datm-live-2026-07-13T09-14-26-552Z,C,entity-10-malicious,malicious,21,2026-07-13T09:17:46.489Z,2026-07-13T09:17:46.489Z,2026-07-13T09:17:46.489Z,0,2026-07-13T09:17:46.652Z,0xbfda7914802fa0a6915c52dc352b319470656d3946773bb8587eca032509faf6,2026-07-13T09:17:51.104Z,success,40278,1000,6377045,0x9f144930bd9c97d6e2355266b0a30ddba532626bec6197655e83f4a19c995046,2026-07-13T09:17:51.104Z,4452,4452,4615,26,Untrusted,2026-07-13T09:17:46.805Z,0xa55d39cd302798f0f9bcfbb50b58adae89061666a92c6afe956debe1521daf1a,,variant-batch live execution
datm-live-2026-07-13T09-14-26-552Z,C,entity-01-normal,normal,22,2026-07-13T09:17:56.243Z,2026-07-13T09:17:56.243Z,2026-07-13T09:17:56.243Z,0,2026-07-13T09:17:56.367Z,0xd873b768b8ba48a0723edd6f92c4df7ed07eba29266f1a8a8dd02bb707ed807d,2026-07-13T09:18:00.648Z,success,40211,1000,6377047,0x4416f6833dcc1411ee916cd762c07f33f69f5816a6abe08f77193db50610acf9,2026-07-13T09:18:00.648Z,4281,4281,4405,91,Trusted,2026-07-13T09:17:56.805Z,0x20de2809859b1fed115d7d6f894d4d1222d8e05011cf1fdc49221589f143b729,,variant-batch live execution
datm-live-2026-07-13T09-14-26-552Z,C,entity-02-normal,normal,22,2026-07-13T09:17:56.244Z,2026-07-13T09:17:56.244Z,2026-07-13T09:17:56.244Z,0,2026-07-13T09:17:56.391Z,0x41fb1aa51c5846363e98c6548059060d73fd0c3bb67541fe3377d263ddc23c05,2026-07-13T09:18:00.625Z,success,40199,1000,6377047,0x4416f6833dcc1411ee916cd762c07f33f69f5816a6abe08f77193db50610acf9,2026-07-13T09:18:00.625Z,4234,4234,4381,93,Trusted,2026-07-13T09:17:56.805Z,0x09c5de08ea5623f3f9fd2bb137611a1fd26dbdad6511f01a2dcad7d783192f07,,variant-batch live execution
datm-live-2026-07-13T09-14-26-552Z,C,entity-03-normal,normal,22,2026-07-13T09:17:56.245Z,2026-07-13T09:17:56.245Z,2026-07-13T09:17:56.245Z,0,2026-07-13T09:17:56.391Z,0xfee9744eb1a4876c0a335011e09834d24424756cdce46ed3ab8a9d8239952a51,2026-07-13T09:18:00.627Z,success,40199,1000,6377047,0x4416f6833dcc1411ee916cd762c07f33f69f5816a6abe08f77193db50610acf9,2026-07-13T09:18:00.627Z,4236,4236,4382,92,Trusted,2026-07-13T09:17:56.805Z,0x9971f413fb0dc0f824cc8c9039b65ee2659090dc8c8adac35238b80546821e22,,variant-batch live execution
datm-live-2026-07-13T09-14-26-552Z,C,entity-04-normal,normal,22,2026-07-13T09:17:56.246Z,2026-07-13T09:17:56.246Z,2026-07-13T09:17:56.246Z,0,2026-07-13T09:17:56.391Z,0xdb92c8296cbcef017f3743edc4a2acd970e4830017afcd335161fece2eee0abe,2026-07-13T09:18:00.629Z,success,40211,1000,6377047,0x4416f6833dcc1411ee916cd762c07f33f69f5816a6abe08f77193db50610acf9,2026-07-13T09:18:00.629Z,4238,4238,4383,91,Trusted,2026-07-13T09:17:56.805Z,0x38ddb717888a77968d277fcaeb78c3142c99479b267d6c242dfc691aee608f91,,variant-batch live execution
datm-live-2026-07-13T09-14-26-552Z,C,entity-05-suspicious,suspicious,22,2026-07-13T09:17:56.248Z,2026-07-13T09:17:56.248Z,2026-07-13T09:17:56.248Z,0,2026-07-13T09:17:56.392Z,0x403363f29f71a9a8397801c465f724d613502e1cc5c052a7d4a42ee25952c403,2026-07-13T09:18:00.627Z,success,40291,1000,6377047,0x4416f6833dcc1411ee916cd762c07f33f69f5816a6abe08f77193db50610acf9,2026-07-13T09:18:00.627Z,4235,4235,4379,61,Suspicious,2026-07-13T09:17:56.805Z,0x41d74794bf437bee7cc103015e61c2d96fce43105c089d2e21bc9705cc550d7a,,variant-batch live execution
datm-live-2026-07-13T09-14-26-552Z,C,entity-06-suspicious,suspicious,22,2026-07-13T09:17:56.249Z,2026-07-13T09:17:56.249Z,2026-07-13T09:17:56.249Z,0,2026-07-13T09:17:56.392Z,0x6b5f1e0b5c03852fe21ad65fb5c2782b576842f9eafb0fff8465bdeff4165eca,2026-07-13T09:18:00.623Z,success,40291,1000,6377047,0x4416f6833dcc1411ee916cd762c07f33f69f5816a6abe08f77193db50610acf9,2026-07-13T09:18:00.623Z,4231,4231,4374,58,Suspicious,2026-07-13T09:17:56.805Z,0xf25f260fb38f4641dd96f2316635401b4dcc80a025d9c0854f36e3125f9992e9,,variant-batch live execution
datm-live-2026-07-13T09-14-26-552Z,C,entity-07-suspicious,suspicious,22,2026-07-13T09:17:56.252Z,2026-07-13T09:17:56.252Z,2026-07-13T09:17:56.252Z,0,2026-07-13T09:17:56.396Z,0x11bb2736208bfa3a82efc6eee91ecb6f5d8d52be94bb489e65ca49d0ad157132,2026-07-13T09:18:00.819Z,success,40291,1000,6377047,0x4416f6833dcc1411ee916cd762c07f33f69f5816a6abe08f77193db50610acf9,2026-07-13T09:18:00.819Z,4423,4423,4567,63,Suspicious,2026-07-13T09:17:56.805Z,0x289ef16e2e9c8b3a1b6d96d16b8013adc2753516c296a94b66bf6c0ee65f9679,,variant-batch live execution
datm-live-2026-07-13T09-14-26-552Z,C,entity-08-malicious,malicious,22,2026-07-13T09:17:56.253Z,2026-07-13T09:17:56.253Z,2026-07-13T09:17:56.253Z,0,2026-07-13T09:17:56.396Z,0x59d8fc063abe02bba86f31808afd2617f1457dacbfd068c2b82d340900285fda,2026-07-13T09:18:00.803Z,success,40290,1000,6377047,0x4416f6833dcc1411ee916cd762c07f33f69f5816a6abe08f77193db50610acf9,2026-07-13T09:18:00.803Z,4407,4407,4550,27,Untrusted,2026-07-13T09:17:56.805Z,0x60dec624240fd8fcf10af37dca1a4b78480d6181c57ce7fd7c961db5bf7a72f0,,variant-batch live execution
datm-live-2026-07-13T09-14-26-552Z,C,entity-09-malicious,malicious,22,2026-07-13T09:17:56.255Z,2026-07-13T09:17:56.255Z,2026-07-13T09:17:56.255Z,0,2026-07-13T09:17:56.396Z,0xe97786aaa69a4ab0e871162e9aded42dee9d9ac256d22f9b22bd31e9cda6878c,2026-07-13T09:18:00.831Z,success,40290,1000,6377047,0x4416f6833dcc1411ee916cd762c07f33f69f5816a6abe08f77193db50610acf9,2026-07-13T09:18:00.831Z,4435,4435,4576,25,Untrusted,2026-07-13T09:17:56.805Z,0xc8a35853c547a7a925aea8e807e05021d49f869634dbcc26c8e51a7f58226bfd,,variant-batch live execution
datm-live-2026-07-13T09-14-26-552Z,C,entity-10-malicious,malicious,22,2026-07-13T09:17:56.255Z,2026-07-13T09:17:56.255Z,2026-07-13T09:17:56.255Z,0,2026-07-13T09:17:56.397Z,0xe2b3a6303dc7940b438eb37c163edb8bd03c59a7d933c0f9810eebb81071281c,2026-07-13T09:18:00.838Z,success,40278,1000,6377047,0x4416f6833dcc1411ee916cd762c07f33f69f5816a6abe08f77193db50610acf9,2026-07-13T09:18:00.838Z,4441,4441,4583,26,Untrusted,2026-07-13T09:17:56.805Z,0xd30719d2aaf0205ba2b107726201df670ccb25bc1c2a19ff5ec1f1a68242856a,,variant-batch live execution
datm-live-2026-07-13T09-14-26-552Z,C,entity-01-normal,normal,23,2026-07-13T09:18:05.976Z,2026-07-13T09:18:05.976Z,2026-07-13T09:18:05.976Z,0,2026-07-13T09:18:06.136Z,0xe3ea76a2dd68042e29df11dfafc7ae942c6ad8b733fc31a5d2e8fde00b5028b5,2026-07-13T09:18:10.404Z,success,40199,1000,6377049,0xbbd1560d70ed65aa88482825ffc88c7112b08ba87af16329b87d33cb40fc308d,2026-07-13T09:18:10.404Z,4268,4268,4428,93,Trusted,2026-07-13T09:18:06.805Z,0x4298d8eff07b42a5c805cf4028e4d26b2c041ffdba05fe21233f6db9ec170bf7,,variant-batch live execution
datm-live-2026-07-13T09-14-26-552Z,C,entity-02-normal,normal,23,2026-07-13T09:18:05.977Z,2026-07-13T09:18:05.977Z,2026-07-13T09:18:05.977Z,0,2026-07-13T09:18:06.137Z,0x77a47165d759e204dc536454675b8ad3559cee6cd509ee6d4a1bb135b3e85b0f,2026-07-13T09:18:10.426Z,success,40199,1000,6377049,0xbbd1560d70ed65aa88482825ffc88c7112b08ba87af16329b87d33cb40fc308d,2026-07-13T09:18:10.426Z,4289,4289,4449,93,Trusted,2026-07-13T09:18:06.805Z,0x1602e1129325b85b49d77971235840495b3255b51c9b8e655347cb27685a815a,,variant-batch live execution
datm-live-2026-07-13T09-14-26-552Z,C,entity-03-normal,normal,23,2026-07-13T09:18:05.978Z,2026-07-13T09:18:05.978Z,2026-07-13T09:18:05.978Z,0,2026-07-13T09:18:06.137Z,0xdabfae05fa291e1f390d25e3c2a85385740c3bed94f111e45d2cab494456bda0,2026-07-13T09:18:10.400Z,success,40211,1000,6377049,0xbbd1560d70ed65aa88482825ffc88c7112b08ba87af16329b87d33cb40fc308d,2026-07-13T09:18:10.400Z,4263,4263,4422,92,Trusted,2026-07-13T09:18:06.805Z,0x8ff26a4c50d7eb081ff575fc8ad1896ce29e0fd1b4b8a46a30926da190a82863,,variant-batch live execution
datm-live-2026-07-13T09-14-26-552Z,C,entity-04-normal,normal,23,2026-07-13T09:18:05.979Z,2026-07-13T09:18:05.979Z,2026-07-13T09:18:05.979Z,0,2026-07-13T09:18:06.137Z,0x667c483c5027bd9ee98f95421586c9d5407018c78e3e2531cb9a3828ceb244f3,2026-07-13T09:18:10.401Z,success,40199,1000,6377049,0xbbd1560d70ed65aa88482825ffc88c7112b08ba87af16329b87d33cb40fc308d,2026-07-13T09:18:10.401Z,4264,4264,4422,93,Trusted,2026-07-13T09:18:06.805Z,0x860934e73651365827d5c85f209accfd3e77fc8e6c11befc269e064ff00d950b,,variant-batch live execution
datm-live-2026-07-13T09-14-26-552Z,C,entity-05-suspicious,suspicious,23,2026-07-13T09:18:05.979Z,2026-07-13T09:18:05.979Z,2026-07-13T09:18:05.979Z,0,2026-07-13T09:18:06.137Z,0x5d9e3f40a135d6c3e9104e143c737cbe77e89eba0957f0aa0be78e453630d50a,2026-07-13T09:18:10.404Z,success,40291,1000,6377049,0xbbd1560d70ed65aa88482825ffc88c7112b08ba87af16329b87d33cb40fc308d,2026-07-13T09:18:10.404Z,4267,4267,4425,58,Suspicious,2026-07-13T09:18:06.805Z,0x42586e5edef30143a25b4a1f44b2210812a37030d7b284aa660ca72cea48910b,,variant-batch live execution
datm-live-2026-07-13T09-14-26-552Z,C,entity-06-suspicious,suspicious,23,2026-07-13T09:18:05.980Z,2026-07-13T09:18:05.980Z,2026-07-13T09:18:05.980Z,0,2026-07-13T09:18:06.138Z,0xa1c879c324d37fbc7a359e3c57c34cf874a1108ca46e7e033da71554d713f85a,2026-07-13T09:18:10.405Z,success,40291,1000,6377049,0xbbd1560d70ed65aa88482825ffc88c7112b08ba87af16329b87d33cb40fc308d,2026-07-13T09:18:10.405Z,4267,4267,4425,61,Suspicious,2026-07-13T09:18:06.805Z,0x6c58809e2c449d01f304121f5912d00ecb0b6a83248051da05fa621850330d5b,,variant-batch live execution
datm-live-2026-07-13T09-14-26-552Z,C,entity-07-suspicious,suspicious,23,2026-07-13T09:18:05.980Z,2026-07-13T09:18:05.980Z,2026-07-13T09:18:05.980Z,0,2026-07-13T09:18:06.163Z,0xfced8fab43a77372c59c146220dd91bd08e8a56c66ef2f49390254f0f7f40c5e,2026-07-13T09:18:10.589Z,success,40291,1000,6377049,0xbbd1560d70ed65aa88482825ffc88c7112b08ba87af16329b87d33cb40fc308d,2026-07-13T09:18:10.589Z,4426,4426,4609,61,Suspicious,2026-07-13T09:18:06.805Z,0xf9b902313b0561d291086b9a4e497653f19c788a65161c31a84cf3c36ab28d76,,variant-batch live execution
datm-live-2026-07-13T09-14-26-552Z,C,entity-08-malicious,malicious,23,2026-07-13T09:18:05.981Z,2026-07-13T09:18:05.981Z,2026-07-13T09:18:05.981Z,0,2026-07-13T09:18:06.163Z,0xed6e397310b93daeda6451964f123dbc5f73221fd35948cd730fd588da6babd3,2026-07-13T09:18:10.593Z,success,40290,1000,6377049,0xbbd1560d70ed65aa88482825ffc88c7112b08ba87af16329b87d33cb40fc308d,2026-07-13T09:18:10.593Z,4430,4430,4612,25,Untrusted,2026-07-13T09:18:06.805Z,0x28987a9e6177c00931e537ff78a7b5f336fefc8fbd5af4b468b944ec5976a383,,variant-batch live execution
datm-live-2026-07-13T09-14-26-552Z,C,entity-09-malicious,malicious,23,2026-07-13T09:18:05.982Z,2026-07-13T09:18:05.982Z,2026-07-13T09:18:05.982Z,0,2026-07-13T09:18:06.163Z,0x5e143854fa0f91124d4cdb4d33ad471e33c60de2bdc73094814b314c0021a86b,2026-07-13T09:18:10.612Z,success,40290,1000,6377049,0xbbd1560d70ed65aa88482825ffc88c7112b08ba87af16329b87d33cb40fc308d,2026-07-13T09:18:10.612Z,4449,4449,4630,25,Untrusted,2026-07-13T09:18:06.805Z,0x3b9f235306de50405a9ed18a3bc9bcc40816eb4e70d6627a1ccf80588af8024f,,variant-batch live execution
datm-live-2026-07-13T09-14-26-552Z,C,entity-10-malicious,malicious,23,2026-07-13T09:18:05.983Z,2026-07-13T09:18:05.983Z,2026-07-13T09:18:05.983Z,0,2026-07-13T09:18:06.163Z,0x731013904085d89afc6f27cb99ac6ad8cd64d616e6704bce533f0e8d06f48236,2026-07-13T09:18:10.631Z,success,40278,1000,6377049,0xbbd1560d70ed65aa88482825ffc88c7112b08ba87af16329b87d33cb40fc308d,2026-07-13T09:18:10.631Z,4468,4468,4648,28,Untrusted,2026-07-13T09:18:06.805Z,0x8122eab0f09f79d7aec27046c01b841403f232750122a21e0dfc21a7595a7ce7,,variant-batch live execution
datm-live-2026-07-13T09-14-26-552Z,C,entity-01-normal,normal,24,2026-07-13T09:18:15.737Z,2026-07-13T09:18:15.737Z,2026-07-13T09:18:15.737Z,0,2026-07-13T09:18:15.892Z,0x630a78e1c9df675c22ec07f944f12465701a32a405d5bca4d2af97e7155a428c,2026-07-13T09:18:20.153Z,success,40199,1000,6377051,0x4f69319d50edd53a58a1d91eb2a4a6b80fa06d6b984a0de6e489341d1876dfaa,2026-07-13T09:18:20.153Z,4261,4261,4416,92,Trusted,2026-07-13T09:18:16.805Z,0xe55b3314dc23d44a6110285f1a05ed9b695f0fa00cd03241ec452f5d3da53515,,variant-batch live execution
datm-live-2026-07-13T09-14-26-552Z,C,entity-02-normal,normal,24,2026-07-13T09:18:15.739Z,2026-07-13T09:18:15.739Z,2026-07-13T09:18:15.739Z,0,2026-07-13T09:18:15.893Z,0x220c3508c16eee1d4b3175f1ab9c8aa811f19997718a5ece337b8f84fe42bf54,2026-07-13T09:18:20.165Z,success,40211,1000,6377051,0x4f69319d50edd53a58a1d91eb2a4a6b80fa06d6b984a0de6e489341d1876dfaa,2026-07-13T09:18:20.165Z,4272,4272,4426,91,Trusted,2026-07-13T09:18:16.805Z,0x757550be661f34715ed2915cda223e278bb558d4365de9b8df8d9dd8cc36f5e0,,variant-batch live execution
datm-live-2026-07-13T09-14-26-552Z,C,entity-03-normal,normal,24,2026-07-13T09:18:15.740Z,2026-07-13T09:18:15.740Z,2026-07-13T09:18:15.740Z,0,2026-07-13T09:18:15.904Z,0xc6b53384243b1b1802e615715d6e07d919c63f7c82730e1c8bae091bfaad9a9a,2026-07-13T09:18:20.161Z,success,40199,1000,6377051,0x4f69319d50edd53a58a1d91eb2a4a6b80fa06d6b984a0de6e489341d1876dfaa,2026-07-13T09:18:20.161Z,4257,4257,4421,92,Trusted,2026-07-13T09:18:16.805Z,0xb1c464d7ed74d5fc0550bc3055e34b7c321ede380d67cb700dc1afeab7634ff5,,variant-batch live execution
datm-live-2026-07-13T09-14-26-552Z,C,entity-04-normal,normal,24,2026-07-13T09:18:15.742Z,2026-07-13T09:18:15.742Z,2026-07-13T09:18:15.742Z,0,2026-07-13T09:18:15.904Z,0x57b78bbefebc0aae52926d930e8308aa5dfe1113d4739c194c75f889010942f0,2026-07-13T09:18:20.165Z,success,40199,1000,6377051,0x4f69319d50edd53a58a1d91eb2a4a6b80fa06d6b984a0de6e489341d1876dfaa,2026-07-13T09:18:20.165Z,4261,4261,4423,92,Trusted,2026-07-13T09:18:16.805Z,0x5faa759b45aa54d303bc3f12caecdd7070a00ebad2010c0793e07360d150349a,,variant-batch live execution
datm-live-2026-07-13T09-14-26-552Z,C,entity-05-suspicious,suspicious,24,2026-07-13T09:18:15.743Z,2026-07-13T09:18:15.743Z,2026-07-13T09:18:15.743Z,0,2026-07-13T09:18:15.904Z,0xb6a820c0c0c462635ec81e6342b9799b329f404b6562cc6522f55fa3af7631aa,2026-07-13T09:18:20.163Z,success,40291,1000,6377051,0x4f69319d50edd53a58a1d91eb2a4a6b80fa06d6b984a0de6e489341d1876dfaa,2026-07-13T09:18:20.163Z,4259,4259,4420,61,Suspicious,2026-07-13T09:18:16.805Z,0x4aa374e00122b1127de4be96c1380c23581766cfb1b05de53219ee81f57885ba,,variant-batch live execution
datm-live-2026-07-13T09-14-26-552Z,C,entity-06-suspicious,suspicious,24,2026-07-13T09:18:15.745Z,2026-07-13T09:18:15.745Z,2026-07-13T09:18:15.745Z,0,2026-07-13T09:18:15.904Z,0xa679e0505ae8f2387cfb9c282f45fdd6ab8221ea863ff08f6680dc08549d73b7,2026-07-13T09:18:20.180Z,success,40291,1000,6377051,0x4f69319d50edd53a58a1d91eb2a4a6b80fa06d6b984a0de6e489341d1876dfaa,2026-07-13T09:18:20.180Z,4276,4276,4435,61,Suspicious,2026-07-13T09:18:16.805Z,0x11a63f86e8886b3fcea8d473720bda4ada247fa3bc9dd81495e0f80a38b89312,,variant-batch live execution
datm-live-2026-07-13T09-14-26-552Z,C,entity-07-suspicious,suspicious,24,2026-07-13T09:18:15.746Z,2026-07-13T09:18:15.746Z,2026-07-13T09:18:15.746Z,0,2026-07-13T09:18:15.905Z,0xeb40b0c6a254c8640e7a60da1fe24187883da83a52f2f4a2781fbc8ae5030ad7,2026-07-13T09:18:20.394Z,success,40291,1000,6377051,0x4f69319d50edd53a58a1d91eb2a4a6b80fa06d6b984a0de6e489341d1876dfaa,2026-07-13T09:18:20.394Z,4489,4489,4648,58,Suspicious,2026-07-13T09:18:16.805Z,0x4d9e326fa30e7925244bac068e7303dc6fac4a3699d01be5f85cd312cde80281,,variant-batch live execution
datm-live-2026-07-13T09-14-26-552Z,C,entity-08-malicious,malicious,24,2026-07-13T09:18:15.747Z,2026-07-13T09:18:15.747Z,2026-07-13T09:18:15.747Z,0,2026-07-13T09:18:15.922Z,0x526c7cd7c63c9b6fca1297a3aebaa901b33b8e530242362f911f5d3897445af9,2026-07-13T09:18:20.395Z,success,40290,1000,6377051,0x4f69319d50edd53a58a1d91eb2a4a6b80fa06d6b984a0de6e489341d1876dfaa,2026-07-13T09:18:20.395Z,4473,4473,4648,25,Untrusted,2026-07-13T09:18:16.805Z,0xe0256d35eb2182d392034edd1b1e39158ca2e0090cc250029f3208b4f3a6c902,,variant-batch live execution
datm-live-2026-07-13T09-14-26-552Z,C,entity-09-malicious,malicious,24,2026-07-13T09:18:15.747Z,2026-07-13T09:18:15.747Z,2026-07-13T09:18:15.747Z,0,2026-07-13T09:18:15.922Z,0x66a19957b003cec76a9885aa9fdac38471d8f51d872bd4afc0466b5ddd3f289e,2026-07-13T09:18:20.438Z,success,40290,1000,6377051,0x4f69319d50edd53a58a1d91eb2a4a6b80fa06d6b984a0de6e489341d1876dfaa,2026-07-13T09:18:20.438Z,4516,4516,4691,27,Untrusted,2026-07-13T09:18:16.805Z,0xd4d0b3435ba841baad91ba1ef7f43c68d496146a618327bb77d21c1e3afa618d,,variant-batch live execution
datm-live-2026-07-13T09-14-26-552Z,C,entity-10-malicious,malicious,24,2026-07-13T09:18:15.748Z,2026-07-13T09:18:15.748Z,2026-07-13T09:18:15.748Z,0,2026-07-13T09:18:15.922Z,0x6ff8469e5e74a63cd4c056f13fe19ab8b3ddcc23b860c06112fe96895351e0eb,2026-07-13T09:18:20.393Z,success,40278,1000,6377051,0x4f69319d50edd53a58a1d91eb2a4a6b80fa06d6b984a0de6e489341d1876dfaa,2026-07-13T09:18:20.393Z,4471,4471,4645,26,Untrusted,2026-07-13T09:18:16.805Z,0xf2c9f3f34b53d5a6bba78a18582bca540534d23ef5cde84f08599581a6f3348a,,variant-batch live execution
datm-live-2026-07-13T09-14-26-552Z,C,entity-01-normal,normal,25,2026-07-13T09:18:25.567Z,2026-07-13T09:18:25.567Z,2026-07-13T09:18:25.567Z,0,2026-07-13T09:18:25.690Z,0x8022f6d4612ac016393956fecc178d1d97d7ae5b783907008425cf5ee421edf5,2026-07-13T09:18:29.951Z,success,40211,1000,6377053,0x776988fb45e4cd29ec7a8c0ee904d8bd94158f3d72b06f4bf5bb1951f9b0b915,2026-07-13T09:18:29.951Z,4261,4261,4384,92,Trusted,2026-07-13T09:18:26.805Z,0x4d8db7610d483df00d0af650bab393aa26959667dc2889ff98778ee59ed4503c,,variant-batch live execution
datm-live-2026-07-13T09-14-26-552Z,C,entity-02-normal,normal,25,2026-07-13T09:18:25.568Z,2026-07-13T09:18:25.568Z,2026-07-13T09:18:25.568Z,0,2026-07-13T09:18:25.690Z,0xe28f6f13a82ae5bc91936b2ce532320fba32cc90137fc56920cb621d73a7f1a8,2026-07-13T09:18:29.953Z,success,40199,1000,6377053,0x776988fb45e4cd29ec7a8c0ee904d8bd94158f3d72b06f4bf5bb1951f9b0b915,2026-07-13T09:18:29.953Z,4263,4263,4385,92,Trusted,2026-07-13T09:18:26.805Z,0x01e0ffd607e58518582db1bf59b31922a23e776f646d6ea99d1fd09552706e4b,,variant-batch live execution
datm-live-2026-07-13T09-14-26-552Z,C,entity-03-normal,normal,25,2026-07-13T09:18:25.569Z,2026-07-13T09:18:25.569Z,2026-07-13T09:18:25.569Z,0,2026-07-13T09:18:25.718Z,0x3b7d0ee553271dcbbcf0eed8abc7abe976f9a7860f169ef5c8a4f59b96052439,2026-07-13T09:18:29.986Z,success,40199,1000,6377053,0x776988fb45e4cd29ec7a8c0ee904d8bd94158f3d72b06f4bf5bb1951f9b0b915,2026-07-13T09:18:29.986Z,4268,4268,4417,93,Trusted,2026-07-13T09:18:26.805Z,0xe3d8de7aa1f1195b7f17178e318b727f47f9eb08563316a99db95f2a12f0344f,,variant-batch live execution
datm-live-2026-07-13T09-14-26-552Z,C,entity-04-normal,normal,25,2026-07-13T09:18:25.569Z,2026-07-13T09:18:25.569Z,2026-07-13T09:18:25.569Z,0,2026-07-13T09:18:25.689Z,0x22cd68bb683be1adef61803c1c4a7ee79d1154459a1466d5b8efe017e0c40318,2026-07-13T09:18:29.956Z,success,40211,1000,6377053,0x776988fb45e4cd29ec7a8c0ee904d8bd94158f3d72b06f4bf5bb1951f9b0b915,2026-07-13T09:18:29.956Z,4267,4267,4387,92,Trusted,2026-07-13T09:18:26.805Z,0x5537ada6b90d02fbc8b6482a4a5fe2c503725e9512266d26b202221c9cb8d1f3,,variant-batch live execution
datm-live-2026-07-13T09-14-26-552Z,C,entity-05-suspicious,suspicious,25,2026-07-13T09:18:25.569Z,2026-07-13T09:18:25.569Z,2026-07-13T09:18:25.569Z,0,2026-07-13T09:18:25.690Z,0x492e240dd418c837bd1228a94483b86277b0ac6c3d703bcac4258cde2e6d819b,2026-07-13T09:18:29.953Z,success,40279,1000,6377053,0x776988fb45e4cd29ec7a8c0ee904d8bd94158f3d72b06f4bf5bb1951f9b0b915,2026-07-13T09:18:29.953Z,4263,4263,4384,61,Suspicious,2026-07-13T09:18:26.805Z,0x1573dee7c68ab9aeba650069df5e9b37daf898bba3357b0f707eca8305bd15b3,,variant-batch live execution
datm-live-2026-07-13T09-14-26-552Z,C,entity-06-suspicious,suspicious,25,2026-07-13T09:18:25.570Z,2026-07-13T09:18:25.570Z,2026-07-13T09:18:25.570Z,0,2026-07-13T09:18:25.718Z,0x7fb102cae6d27580e0f3ee1e8faf65936210756b76f4979a523bd91300cd417b,2026-07-13T09:18:29.956Z,success,40291,1000,6377053,0x776988fb45e4cd29ec7a8c0ee904d8bd94158f3d72b06f4bf5bb1951f9b0b915,2026-07-13T09:18:29.956Z,4238,4238,4386,61,Suspicious,2026-07-13T09:18:26.805Z,0x1ca11bbe6eb3b22456960dca88e421ba4420556754a0133799109b5d5540968b,,variant-batch live execution
datm-live-2026-07-13T09-14-26-552Z,C,entity-07-suspicious,suspicious,25,2026-07-13T09:18:25.570Z,2026-07-13T09:18:25.570Z,2026-07-13T09:18:25.570Z,0,2026-07-13T09:18:25.690Z,0xf2e632ea6e457c45cc9d6445e102d8d372f197b5c75112221ec109b25e098c7d,2026-07-13T09:18:30.154Z,success,40291,1000,6377053,0x776988fb45e4cd29ec7a8c0ee904d8bd94158f3d72b06f4bf5bb1951f9b0b915,2026-07-13T09:18:30.154Z,4464,4464,4584,61,Suspicious,2026-07-13T09:18:26.805Z,0x96aae2f4acea10a3f9a74cf0d479cf6787c9278ee3d0e553655c16536bb532f2,,variant-batch live execution
datm-live-2026-07-13T09-14-26-552Z,C,entity-08-malicious,malicious,25,2026-07-13T09:18:25.570Z,2026-07-13T09:18:25.570Z,2026-07-13T09:18:25.570Z,0,2026-07-13T09:18:25.690Z,0xd5715296c184f0809b16cd9ca4ceb8fe3e0794e120d2ce38eee3e5cdf649d1a1,2026-07-13T09:18:30.149Z,success,40290,1000,6377053,0x776988fb45e4cd29ec7a8c0ee904d8bd94158f3d72b06f4bf5bb1951f9b0b915,2026-07-13T09:18:30.149Z,4459,4459,4579,27,Untrusted,2026-07-13T09:18:26.805Z,0xed5e4979db933b2cbc5ae77d42ab9dbb6e4a586a95d3d3ff9fbf50c5e4b93dbe,,variant-batch live execution
datm-live-2026-07-13T09-14-26-552Z,C,entity-09-malicious,malicious,25,2026-07-13T09:18:25.571Z,2026-07-13T09:18:25.571Z,2026-07-13T09:18:25.571Z,0,2026-07-13T09:18:25.718Z,0x8f92385bb3d9de5707eeb7aa1a4501e8c94661849483751deaadb199b318673e,2026-07-13T09:18:30.184Z,success,40290,1000,6377053,0x776988fb45e4cd29ec7a8c0ee904d8bd94158f3d72b06f4bf5bb1951f9b0b915,2026-07-13T09:18:30.184Z,4466,4466,4613,25,Untrusted,2026-07-13T09:18:26.805Z,0x7c58cfd9611cf2053f4624080333c77d0a36aff91cddd0fd4e0fa73a40cfc7eb,,variant-batch live execution
datm-live-2026-07-13T09-14-26-552Z,C,entity-10-malicious,malicious,25,2026-07-13T09:18:25.572Z,2026-07-13T09:18:25.572Z,2026-07-13T09:18:25.572Z,0,2026-07-13T09:18:25.719Z,0x34959ac4491707e6ec6a2488373425004124425e5234a6737cd93b38fcbee458,2026-07-13T09:18:30.187Z,success,40266,1000,6377053,0x776988fb45e4cd29ec7a8c0ee904d8bd94158f3d72b06f4bf5bb1951f9b0b915,2026-07-13T09:18:30.187Z,4468,4468,4615,25,Untrusted,2026-07-13T09:18:26.805Z,0x013a1d06e9c5f09cb952e48a4f3bc1ee00d712b4792bdc82ebfd7e8569436195,,variant-batch live execution
datm-live-2026-07-13T09-14-26-552Z,C,entity-01-normal,normal,26,2026-07-13T09:18:35.312Z,2026-07-13T09:18:35.312Z,2026-07-13T09:18:35.312Z,0,2026-07-13T09:18:35.428Z,0x799653731ed3a81e1d3002de3ab4f5e2350c7211f26bf962cfd0e7a4ddf514f2,2026-07-13T09:18:39.697Z,success,40199,1000,6377055,0x60f92eac3419904b2392c92013c0a779145ba2b96793bc583193c58f4923e9c1,2026-07-13T09:18:39.697Z,4269,4269,4385,92,Trusted,2026-07-13T09:18:36.805Z,0x6f2ae0aa4bf92ce78d7dbe67e380e2f95527ea739f7e4083b3b53b0ed7a7725d,,variant-batch live execution
datm-live-2026-07-13T09-14-26-552Z,C,entity-02-normal,normal,26,2026-07-13T09:18:35.313Z,2026-07-13T09:18:35.313Z,2026-07-13T09:18:35.313Z,0,2026-07-13T09:18:35.430Z,0x52b692a3e7ca3624f21ab34894e38bf9dc5a34a7cdb79ba53b5904184db96635,2026-07-13T09:18:39.699Z,success,40199,1000,6377055,0x60f92eac3419904b2392c92013c0a779145ba2b96793bc583193c58f4923e9c1,2026-07-13T09:18:39.699Z,4269,4269,4386,92,Trusted,2026-07-13T09:18:36.805Z,0x3416e7031014b7493eafb487e0ccdb05b339121fbd32e8874d8d3a600c09d05e,,variant-batch live execution
datm-live-2026-07-13T09-14-26-552Z,C,entity-03-normal,normal,26,2026-07-13T09:18:35.314Z,2026-07-13T09:18:35.314Z,2026-07-13T09:18:35.314Z,0,2026-07-13T09:18:35.430Z,0x31204f2e26eedd73719b3363c584792ca5c804758609e0d1f4984f611db534fe,2026-07-13T09:18:39.686Z,success,40211,1000,6377055,0x60f92eac3419904b2392c92013c0a779145ba2b96793bc583193c58f4923e9c1,2026-07-13T09:18:39.686Z,4256,4256,4372,91,Trusted,2026-07-13T09:18:36.805Z,0xbfdfe247d6b1688e5f113fb015ca7d9f0556bf0e5ba3bdffb3632d3e27533e0e,,variant-batch live execution
datm-live-2026-07-13T09-14-26-552Z,C,entity-04-normal,normal,26,2026-07-13T09:18:35.314Z,2026-07-13T09:18:35.314Z,2026-07-13T09:18:35.314Z,0,2026-07-13T09:18:35.430Z,0x35f5e84f4d5312983db1359f2da5fbc177ed337a0ca181fff078ced8575f0f0c,2026-07-13T09:18:39.697Z,success,40199,1000,6377055,0x60f92eac3419904b2392c92013c0a779145ba2b96793bc583193c58f4923e9c1,2026-07-13T09:18:39.697Z,4267,4267,4383,92,Trusted,2026-07-13T09:18:36.805Z,0x442ae89bc332ace358d70ea35cd3ea1b2614a357672f159edf62d7fecf6e2b80,,variant-batch live execution
datm-live-2026-07-13T09-14-26-552Z,C,entity-05-suspicious,suspicious,26,2026-07-13T09:18:35.315Z,2026-07-13T09:18:35.315Z,2026-07-13T09:18:35.315Z,0,2026-07-13T09:18:35.430Z,0xa0d0494c677be13f957ec525c84d7d1c6511a8de1cd0066440de10fbf4625e21,2026-07-13T09:18:39.682Z,success,40291,1000,6377055,0x60f92eac3419904b2392c92013c0a779145ba2b96793bc583193c58f4923e9c1,2026-07-13T09:18:39.682Z,4252,4252,4367,61,Suspicious,2026-07-13T09:18:36.805Z,0x9b2c6295699901065c6f45b85d61f51e747e6475ecd264b89470d24991c63d2d,,variant-batch live execution
datm-live-2026-07-13T09-14-26-552Z,C,entity-06-suspicious,suspicious,26,2026-07-13T09:18:35.315Z,2026-07-13T09:18:35.315Z,2026-07-13T09:18:35.315Z,0,2026-07-13T09:18:35.457Z,0xa40737947cb6485d92d3d249eee4197b7c30ed50df1a6c67a6a1c3c2668a6f20,2026-07-13T09:18:39.712Z,success,40291,1000,6377055,0x60f92eac3419904b2392c92013c0a779145ba2b96793bc583193c58f4923e9c1,2026-07-13T09:18:39.712Z,4255,4255,4397,60,Suspicious,2026-07-13T09:18:36.805Z,0x80378d15383b2f6883889e5281c744fcf6fb47378785a7ecb1cec28407c6c520,,variant-batch live execution
datm-live-2026-07-13T09-14-26-552Z,C,entity-07-suspicious,suspicious,26,2026-07-13T09:18:35.315Z,2026-07-13T09:18:35.315Z,2026-07-13T09:18:35.315Z,0,2026-07-13T09:18:35.430Z,0x3e48d26fdf12c3ca0dace766264bc44aaf74cd3aa6d2865fd06c42925abf0a83,2026-07-13T09:18:39.873Z,success,40291,1000,6377055,0x60f92eac3419904b2392c92013c0a779145ba2b96793bc583193c58f4923e9c1,2026-07-13T09:18:39.873Z,4443,4443,4558,61,Suspicious,2026-07-13T09:18:36.805Z,0xca79d1c74ffe9eb03bf0ef3b12e122c564ced93857633aa4318ffdf3c89fde45,,variant-batch live execution
datm-live-2026-07-13T09-14-26-552Z,C,entity-08-malicious,malicious,26,2026-07-13T09:18:35.316Z,2026-07-13T09:18:35.316Z,2026-07-13T09:18:35.316Z,0,2026-07-13T09:18:35.458Z,0x451c2d410f622367317449a0bcaa37be81527c2d757b9ffceaa675c3b4844e2c,2026-07-13T09:18:39.864Z,success,40290,1000,6377055,0x60f92eac3419904b2392c92013c0a779145ba2b96793bc583193c58f4923e9c1,2026-07-13T09:18:39.864Z,4406,4406,4548,25,Untrusted,2026-07-13T09:18:36.805Z,0xef4a5baf109d209946fefdc6ad8cd8cc7c0cefd9739a1ecce3f2dd50d7145443,,variant-batch live execution
datm-live-2026-07-13T09-14-26-552Z,C,entity-09-malicious,malicious,26,2026-07-13T09:18:35.316Z,2026-07-13T09:18:35.316Z,2026-07-13T09:18:35.316Z,0,2026-07-13T09:18:35.458Z,0xc17ca5bdda71a00febff228155d7b4f271775f3f52c383cf0b5be4fdb6574502,2026-07-13T09:18:39.888Z,success,40290,1000,6377055,0x60f92eac3419904b2392c92013c0a779145ba2b96793bc583193c58f4923e9c1,2026-07-13T09:18:39.888Z,4430,4430,4572,24,Untrusted,2026-07-13T09:18:36.805Z,0x495037853a9df1eb63428d0959d6306b4b73e7add57e20b7bd4416ca0d965c8e,,variant-batch live execution
datm-live-2026-07-13T09-14-26-552Z,C,entity-10-malicious,malicious,26,2026-07-13T09:18:35.317Z,2026-07-13T09:18:35.317Z,2026-07-13T09:18:35.317Z,0,2026-07-13T09:18:35.458Z,0x0715ddbca5f0b859d6e99f493918ada2667da2388483540c9de98bc19689cd59,2026-07-13T09:18:39.899Z,success,40278,1000,6377055,0x60f92eac3419904b2392c92013c0a779145ba2b96793bc583193c58f4923e9c1,2026-07-13T09:18:39.899Z,4441,4441,4582,28,Untrusted,2026-07-13T09:18:36.805Z,0x658e762f3970450a1c613ecc776f69e72908c9f87e84d90d23de19b7cb40235b,,variant-batch live execution
datm-live-2026-07-13T09-14-26-552Z,C,entity-01-normal,normal,27,2026-07-13T09:18:45.030Z,2026-07-13T09:18:45.030Z,2026-07-13T09:18:45.030Z,0,2026-07-13T09:18:45.168Z,0x622b449d43173de1da740c6abec98f40166bf1d78c854f3b1c2e461898e3e28a,2026-07-13T09:18:49.531Z,success,40199,1000,6377057,0x6c815e4bcf316b5b989f437522abf20001ae0e1cecb7def11950628990d74cde,2026-07-13T09:18:49.531Z,4363,4363,4501,93,Trusted,2026-07-13T09:18:46.805Z,0x06946abf57854182363f7a21c2719304090decc21354bd362d265057165cccdb,,variant-batch live execution
datm-live-2026-07-13T09-14-26-552Z,C,entity-02-normal,normal,27,2026-07-13T09:18:45.031Z,2026-07-13T09:18:45.031Z,2026-07-13T09:18:45.031Z,0,2026-07-13T09:18:45.168Z,0x099395b0a2c3d9f76ae859165c6470bf161417602adb590a04cedfbf29eef209,2026-07-13T09:18:49.551Z,success,40199,1000,6377057,0x6c815e4bcf316b5b989f437522abf20001ae0e1cecb7def11950628990d74cde,2026-07-13T09:18:49.551Z,4383,4383,4520,91,Trusted,2026-07-13T09:18:46.805Z,0xdf570fc54eb41900680629163f5c701b83fe86abeb19d2fbe4f31240e60997f3,,variant-batch live execution
datm-live-2026-07-13T09-14-26-552Z,C,entity-03-normal,normal,27,2026-07-13T09:18:45.032Z,2026-07-13T09:18:45.032Z,2026-07-13T09:18:45.032Z,0,2026-07-13T09:18:45.191Z,0xbe320d0fd1aaa6ff88d74f9c9efe7e104ae64b934c83592ff1e9074557f6090f,2026-07-13T09:18:49.561Z,success,40199,1000,6377057,0x6c815e4bcf316b5b989f437522abf20001ae0e1cecb7def11950628990d74cde,2026-07-13T09:18:49.561Z,4370,4370,4529,93,Trusted,2026-07-13T09:18:46.805Z,0xea91bf43dfde36806cc070afb9b6ad0825c5d8adc3b2e01e37a661ed53fddb72,,variant-batch live execution
datm-live-2026-07-13T09-14-26-552Z,C,entity-04-normal,normal,27,2026-07-13T09:18:45.035Z,2026-07-13T09:18:45.035Z,2026-07-13T09:18:45.035Z,0,2026-07-13T09:18:45.187Z,0x8da4fbad26e5eedf6ac68c93b08c3cdf9f76a16940c4d1b5a128278439f7fb93,2026-07-13T09:18:49.486Z,success,40199,1000,6377057,0x6c815e4bcf316b5b989f437522abf20001ae0e1cecb7def11950628990d74cde,2026-07-13T09:18:49.486Z,4299,4299,4451,93,Trusted,2026-07-13T09:18:46.805Z,0xb28ec7b49e9a56af616337ecc3a107153fc1e491fd52aef0f2dc515c035d424e,,variant-batch live execution
datm-live-2026-07-13T09-14-26-552Z,C,entity-05-suspicious,suspicious,27,2026-07-13T09:18:45.035Z,2026-07-13T09:18:45.035Z,2026-07-13T09:18:45.035Z,0,2026-07-13T09:18:45.188Z,0xed97a66ecb9c28472911f815819c02a37af31126712266821b28558d3827f53e,2026-07-13T09:18:49.561Z,success,40279,1000,6377057,0x6c815e4bcf316b5b989f437522abf20001ae0e1cecb7def11950628990d74cde,2026-07-13T09:18:49.561Z,4373,4373,4526,60,Suspicious,2026-07-13T09:18:46.805Z,0xbffe0316fa8419e87222f6120a9600fbab4ec9cab26b7877c7d0abb71537b470,,variant-batch live execution
datm-live-2026-07-13T09-14-26-552Z,C,entity-06-suspicious,suspicious,27,2026-07-13T09:18:45.036Z,2026-07-13T09:18:45.036Z,2026-07-13T09:18:45.036Z,0,2026-07-13T09:18:45.188Z,0x5fbb93d463c576941b351d959bf5c31f0798309ab54766a386bb13266cb380f9,2026-07-13T09:18:49.563Z,success,40279,1000,6377057,0x6c815e4bcf316b5b989f437522abf20001ae0e1cecb7def11950628990d74cde,2026-07-13T09:18:49.563Z,4375,4375,4527,63,Suspicious,2026-07-13T09:18:46.805Z,0xd000a284fce40f74d36ec82d461307ee4bbd0f35ec820dced29996cbffe63539,,variant-batch live execution
datm-live-2026-07-13T09-14-26-552Z,C,entity-07-suspicious,suspicious,27,2026-07-13T09:18:45.036Z,2026-07-13T09:18:45.036Z,2026-07-13T09:18:45.036Z,0,2026-07-13T09:18:45.188Z,0x03436896cc764e3ac4548ee79ee669391a9d97b2c702de822a09f7cd235c07c9,2026-07-13T09:18:49.792Z,success,40291,1000,6377057,0x6c815e4bcf316b5b989f437522abf20001ae0e1cecb7def11950628990d74cde,2026-07-13T09:18:49.792Z,4604,4604,4756,61,Suspicious,2026-07-13T09:18:46.805Z,0x0cac673a3f6422187c37ec935e1e04d533b986fdb352285a29f50d0796f89082,,variant-batch live execution
datm-live-2026-07-13T09-14-26-552Z,C,entity-08-malicious,malicious,27,2026-07-13T09:18:45.038Z,2026-07-13T09:18:45.038Z,2026-07-13T09:18:45.038Z,0,2026-07-13T09:18:45.192Z,0xd8bc5a805088d60e69eaf25efd74a39d4f8c0dbe6de0d2984afee48a4fc5c4a2,2026-07-13T09:18:49.793Z,success,40290,1000,6377057,0x6c815e4bcf316b5b989f437522abf20001ae0e1cecb7def11950628990d74cde,2026-07-13T09:18:49.793Z,4601,4601,4755,24,Untrusted,2026-07-13T09:18:46.805Z,0xe443edfc4bf6825246c05b25c76b5e0b13e63373c22ff73558d9821107e8f7c4,,variant-batch live execution
datm-live-2026-07-13T09-14-26-552Z,C,entity-09-malicious,malicious,27,2026-07-13T09:18:45.038Z,2026-07-13T09:18:45.038Z,2026-07-13T09:18:45.038Z,0,2026-07-13T09:18:45.189Z,0xf15e5212723294a4a1f6d254a1c97b2eedb9c3f05f619f60baf7342be351ec7c,2026-07-13T09:18:49.802Z,success,40290,1000,6377057,0x6c815e4bcf316b5b989f437522abf20001ae0e1cecb7def11950628990d74cde,2026-07-13T09:18:49.802Z,4613,4613,4764,26,Untrusted,2026-07-13T09:18:46.805Z,0x8eb2941c8059494db9b3673d93bae5fe49f4f5d2b30f80418e852660e9f8e543,,variant-batch live execution
datm-live-2026-07-13T09-14-26-552Z,C,entity-10-malicious,malicious,27,2026-07-13T09:18:45.045Z,2026-07-13T09:18:45.045Z,2026-07-13T09:18:45.045Z,0,2026-07-13T09:18:45.192Z,0xa4799fb0fce3f88d978857ddc72c27c79a5d124f43cf64f9d82b2277a133c06f,2026-07-13T09:18:49.821Z,success,40278,1000,6377057,0x6c815e4bcf316b5b989f437522abf20001ae0e1cecb7def11950628990d74cde,2026-07-13T09:18:49.821Z,4629,4629,4776,26,Untrusted,2026-07-13T09:18:46.805Z,0x3dcae5494cd78fc3b4cdb602206ac809ef6dddcd782c82a9c68338903e28f5c9,,variant-batch live execution
datm-live-2026-07-13T09-14-26-552Z,C,entity-01-normal,normal,28,2026-07-13T09:18:54.937Z,2026-07-13T09:18:54.937Z,2026-07-13T09:18:54.937Z,0,2026-07-13T09:18:55.064Z,0xa893c37fded371c6920d5bc4a7ae224c9339bf891c7c811c76cbd4cbac2abaef,2026-07-13T09:18:59.340Z,success,40211,1000,6377059,0x984693aa4f76c7bd8e2e1c127e6f3de9f6fa8684b7c9a6185fc565508b0da94d,2026-07-13T09:18:59.340Z,4276,4276,4403,91,Trusted,2026-07-13T09:18:56.805Z,0xfc966108c45a0624bbdc5c327f1215de3476e23773880a3f8ff048efabbeab46,,variant-batch live execution
datm-live-2026-07-13T09-14-26-552Z,C,entity-02-normal,normal,28,2026-07-13T09:18:54.939Z,2026-07-13T09:18:54.939Z,2026-07-13T09:18:54.939Z,0,2026-07-13T09:18:55.064Z,0x3471873c8d32f29644540da3b2f8415616b43a0f59621d4f7569246b089115b9,2026-07-13T09:18:59.363Z,success,40199,1000,6377059,0x984693aa4f76c7bd8e2e1c127e6f3de9f6fa8684b7c9a6185fc565508b0da94d,2026-07-13T09:18:59.363Z,4299,4299,4424,92,Trusted,2026-07-13T09:18:56.805Z,0xd6c9fedf06ae994c8f0dddc94b9e7b9b9301b60ffb15fd6d7e07c0ccda3411ad,,variant-batch live execution
datm-live-2026-07-13T09-14-26-552Z,C,entity-03-normal,normal,28,2026-07-13T09:18:54.940Z,2026-07-13T09:18:54.940Z,2026-07-13T09:18:54.940Z,0,2026-07-13T09:18:55.065Z,0x7ee0999b71b325326682c0bdf3d7c65bcb58cff2d1a99a7e9508171657bb9a9d,2026-07-13T09:18:59.338Z,success,40199,1000,6377059,0x984693aa4f76c7bd8e2e1c127e6f3de9f6fa8684b7c9a6185fc565508b0da94d,2026-07-13T09:18:59.338Z,4273,4273,4398,92,Trusted,2026-07-13T09:18:56.805Z,0xaa133fa1078ed516f2a72da9dd7ba1ef5da4c215a5586a94605aa8586f9d2db3,,variant-batch live execution
datm-live-2026-07-13T09-14-26-552Z,C,entity-04-normal,normal,28,2026-07-13T09:18:54.940Z,2026-07-13T09:18:54.940Z,2026-07-13T09:18:54.940Z,0,2026-07-13T09:18:55.065Z,0x38428e21dc286f6030de7e7017bb12d1a9f4619c4172011e6fab7b62b899519c,2026-07-13T09:18:59.338Z,success,40211,1000,6377059,0x984693aa4f76c7bd8e2e1c127e6f3de9f6fa8684b7c9a6185fc565508b0da94d,2026-07-13T09:18:59.338Z,4273,4273,4398,91,Trusted,2026-07-13T09:18:56.805Z,0x0ea423ba59dc7c4fc6aeb2cb6642faaae684cede5676ac384f608ac48657a226,,variant-batch live execution
datm-live-2026-07-13T09-14-26-552Z,C,entity-05-suspicious,suspicious,28,2026-07-13T09:18:54.941Z,2026-07-13T09:18:54.941Z,2026-07-13T09:18:54.941Z,0,2026-07-13T09:18:55.065Z,0x2a5e370a279e39f2ed010707011533d985a6136e5335af220f24336f6affc9ec,2026-07-13T09:18:59.339Z,success,40291,1000,6377059,0x984693aa4f76c7bd8e2e1c127e6f3de9f6fa8684b7c9a6185fc565508b0da94d,2026-07-13T09:18:59.339Z,4274,4274,4398,63,Suspicious,2026-07-13T09:18:56.805Z,0xe62da7cff8a047095937101af95824a2c21df2c48c4bb6e6c5533eb8f418c01d,,variant-batch live execution
datm-live-2026-07-13T09-14-26-552Z,C,entity-06-suspicious,suspicious,28,2026-07-13T09:18:54.942Z,2026-07-13T09:18:54.942Z,2026-07-13T09:18:54.942Z,0,2026-07-13T09:18:55.065Z,0x6f9bbb62d76401ced0fba1d7272b9e17140f8c7aa3e694c0255d136425f89d0a,2026-07-13T09:18:59.340Z,success,40291,1000,6377059,0x984693aa4f76c7bd8e2e1c127e6f3de9f6fa8684b7c9a6185fc565508b0da94d,2026-07-13T09:18:59.340Z,4275,4275,4398,62,Suspicious,2026-07-13T09:18:56.805Z,0x98a0b2f2d381edd09e5c53541796fc350824923e29fc6340dd13b617a393c351,,variant-batch live execution
datm-live-2026-07-13T09-14-26-552Z,C,entity-07-suspicious,suspicious,28,2026-07-13T09:18:54.943Z,2026-07-13T09:18:54.943Z,2026-07-13T09:18:54.943Z,0,2026-07-13T09:18:55.101Z,0x5caa808b3e82921ad1ec71f9019dcb88130d738c8a8d1aeda1298f1182b8cdd4,2026-07-13T09:18:59.543Z,success,40291,1000,6377059,0x984693aa4f76c7bd8e2e1c127e6f3de9f6fa8684b7c9a6185fc565508b0da94d,2026-07-13T09:18:59.543Z,4442,4442,4600,60,Suspicious,2026-07-13T09:18:56.805Z,0x2c9a6dbcb3bc0bc5a5592bb47dcc8aaa7c493bd92a0ce4afdfd6fa6b8fade3a7,,variant-batch live execution
datm-live-2026-07-13T09-14-26-552Z,C,entity-08-malicious,malicious,28,2026-07-13T09:18:54.944Z,2026-07-13T09:18:54.944Z,2026-07-13T09:18:54.944Z,0,2026-07-13T09:18:55.102Z,0xd0559f7acbb245e63cb250fde72ce38bfb094817dfb6081aa6403cefd107bfaa,2026-07-13T09:18:59.544Z,success,40290,1000,6377059,0x984693aa4f76c7bd8e2e1c127e6f3de9f6fa8684b7c9a6185fc565508b0da94d,2026-07-13T09:18:59.544Z,4442,4442,4600,26,Untrusted,2026-07-13T09:18:56.805Z,0xf33c3fd3d24d9de4c36ccb0795ecc3b2877bb06362ea7b07bde6ffb3bf784174,,variant-batch live execution
datm-live-2026-07-13T09-14-26-552Z,C,entity-09-malicious,malicious,28,2026-07-13T09:18:54.944Z,2026-07-13T09:18:54.944Z,2026-07-13T09:18:54.944Z,0,2026-07-13T09:18:55.102Z,0xc0048aa2b165fd577be10a0f7886c531e41ba5848e34561674223f55a724fe55,2026-07-13T09:18:59.567Z,success,40290,1000,6377059,0x984693aa4f76c7bd8e2e1c127e6f3de9f6fa8684b7c9a6185fc565508b0da94d,2026-07-13T09:18:59.567Z,4465,4465,4623,25,Untrusted,2026-07-13T09:18:56.805Z,0x74f0aaf0b4cbbc3e984bd2f0421b55cb7402f68c79119fcadcd3c9c1ef0bde7e,,variant-batch live execution
datm-live-2026-07-13T09-14-26-552Z,C,entity-10-malicious,malicious,28,2026-07-13T09:18:54.945Z,2026-07-13T09:18:54.945Z,2026-07-13T09:18:54.945Z,0,2026-07-13T09:18:55.102Z,0x5e31b706ce48ea779db7741312a8ea028765f3ac1d1cd77f0732e68cd5856ee5,2026-07-13T09:18:59.582Z,success,40278,1000,6377059,0x984693aa4f76c7bd8e2e1c127e6f3de9f6fa8684b7c9a6185fc565508b0da94d,2026-07-13T09:18:59.582Z,4480,4480,4637,24,Untrusted,2026-07-13T09:18:56.805Z,0x3f38a4a15ff2e56c40c3660792223bf23b1d25efee6b30c1556847ad6cd242bb,,variant-batch live execution
datm-live-2026-07-13T09-14-26-552Z,C,entity-01-normal,normal,29,2026-07-13T09:19:04.716Z,2026-07-13T09:19:04.716Z,2026-07-13T09:19:04.716Z,0,2026-07-13T09:19:04.866Z,0x1ea1754520941728d01ccfb7813f8e25e8d085a4f3d6d704e6161e243bfedc85,2026-07-13T09:19:09.182Z,success,40199,1000,6377061,0x9c0e4c46415fda3bf623e58eceb1845ee0cd406e8a3ff5653361d4dd1b3ee5f0,2026-07-13T09:19:09.182Z,4316,4316,4466,93,Trusted,2026-07-13T09:19:06.805Z,0xdbf502e65b251a881abb1730066ad01bbd371932f0ae337be561a7424a0e1c4c,,variant-batch live execution
datm-live-2026-07-13T09-14-26-552Z,C,entity-02-normal,normal,29,2026-07-13T09:19:04.717Z,2026-07-13T09:19:04.717Z,2026-07-13T09:19:04.717Z,0,2026-07-13T09:19:04.866Z,0xf5b58e29b2c45b5b381c01901e2b3045d799e7c37043be15dc4661d42a629d4b,2026-07-13T09:19:09.182Z,success,40199,1000,6377061,0x9c0e4c46415fda3bf623e58eceb1845ee0cd406e8a3ff5653361d4dd1b3ee5f0,2026-07-13T09:19:09.182Z,4316,4316,4465,92,Trusted,2026-07-13T09:19:06.805Z,0xa7aa7414adc037211bdb1b4611ef607f3791622b347240564da5c1832f19b992,,variant-batch live execution
datm-live-2026-07-13T09-14-26-552Z,C,entity-03-normal,normal,29,2026-07-13T09:19:04.718Z,2026-07-13T09:19:04.718Z,2026-07-13T09:19:04.718Z,0,2026-07-13T09:19:04.866Z,0x069dc26825233c50965692023663bb6601045e974988f4084e1d3a83f663fade,2026-07-13T09:19:09.182Z,success,40211,1000,6377061,0x9c0e4c46415fda3bf623e58eceb1845ee0cd406e8a3ff5653361d4dd1b3ee5f0,2026-07-13T09:19:09.182Z,4316,4316,4464,92,Trusted,2026-07-13T09:19:06.805Z,0x0f9125cc3434bdb85219e3e8897b972146c25d1a5812500c2543791a520e3e2d,,variant-batch live execution
datm-live-2026-07-13T09-14-26-552Z,C,entity-04-normal,normal,29,2026-07-13T09:19:04.718Z,2026-07-13T09:19:04.718Z,2026-07-13T09:19:04.718Z,0,2026-07-13T09:19:04.866Z,0x548c762a7095038a95ae6007d10a1697e67f4503c92933a37e2f2ad5f6b6c0f2,2026-07-13T09:19:09.183Z,success,40199,1000,6377061,0x9c0e4c46415fda3bf623e58eceb1845ee0cd406e8a3ff5653361d4dd1b3ee5f0,2026-07-13T09:19:09.183Z,4317,4317,4465,93,Trusted,2026-07-13T09:19:06.805Z,0xb67377a8a86cb414898024f78711940aceb7575bd1e6c04230815ee1327aa9c1,,variant-batch live execution
datm-live-2026-07-13T09-14-26-552Z,C,entity-05-suspicious,suspicious,29,2026-07-13T09:19:04.718Z,2026-07-13T09:19:04.718Z,2026-07-13T09:19:04.718Z,0,2026-07-13T09:19:04.867Z,0xd099094b79484597f2a5777b385ec934af5f2d470a7f5804bdc6a5303cad980b,2026-07-13T09:19:09.207Z,success,40291,1000,6377061,0x9c0e4c46415fda3bf623e58eceb1845ee0cd406e8a3ff5653361d4dd1b3ee5f0,2026-07-13T09:19:09.207Z,4340,4340,4489,62,Suspicious,2026-07-13T09:19:06.805Z,0x89bb531ac081a28e3fa3cec3785a45c3c03d8cd47cb78a41bbdfac9a9f055201,,variant-batch live execution
datm-live-2026-07-13T09-14-26-552Z,C,entity-06-suspicious,suspicious,29,2026-07-13T09:19:04.719Z,2026-07-13T09:19:04.719Z,2026-07-13T09:19:04.719Z,0,2026-07-13T09:19:04.867Z,0xfaf687a2b14e468886faa83a37db5c395ec4efb12c86c61698335f7b6803fcde,2026-07-13T09:19:09.184Z,success,40279,1000,6377061,0x9c0e4c46415fda3bf623e58eceb1845ee0cd406e8a3ff5653361d4dd1b3ee5f0,2026-07-13T09:19:09.184Z,4317,4317,4465,58,Suspicious,2026-07-13T09:19:06.805Z,0x690adb07f4c4fffa74007b58e4b7204b2369685cecccdbf696cd38edbec85dd8,,variant-batch live execution
datm-live-2026-07-13T09-14-26-552Z,C,entity-07-suspicious,suspicious,29,2026-07-13T09:19:04.720Z,2026-07-13T09:19:04.720Z,2026-07-13T09:19:04.720Z,0,2026-07-13T09:19:04.901Z,0x7f68638d59ea289f52c00f6e6544ca7351db38aaf6dc84cea383e65437be50d6,2026-07-13T09:19:09.384Z,success,40291,1000,6377061,0x9c0e4c46415fda3bf623e58eceb1845ee0cd406e8a3ff5653361d4dd1b3ee5f0,2026-07-13T09:19:09.384Z,4483,4483,4664,63,Suspicious,2026-07-13T09:19:06.805Z,0xfab5ae5ed8039d36db97d25b98c0303008b7970b387b588e552c8482b15205e4,,variant-batch live execution
datm-live-2026-07-13T09-14-26-552Z,C,entity-08-malicious,malicious,29,2026-07-13T09:19:04.720Z,2026-07-13T09:19:04.720Z,2026-07-13T09:19:04.720Z,0,2026-07-13T09:19:04.902Z,0xde89814f16376a6a1abcdc655f51f43f22ed0bd71fcbd81b91059ed84e634926,2026-07-13T09:19:09.361Z,success,40290,1000,6377061,0x9c0e4c46415fda3bf623e58eceb1845ee0cd406e8a3ff5653361d4dd1b3ee5f0,2026-07-13T09:19:09.361Z,4459,4459,4641,25,Untrusted,2026-07-13T09:19:06.805Z,0x9e44ee6d3124f67e800501bf51e334d79b0ad589e034a85b6ba9fca7843d8dc5,,variant-batch live execution
datm-live-2026-07-13T09-14-26-552Z,C,entity-09-malicious,malicious,29,2026-07-13T09:19:04.723Z,2026-07-13T09:19:04.723Z,2026-07-13T09:19:04.723Z,0,2026-07-13T09:19:04.902Z,0x47e8dcdf7254186d4b9635afe093189adc9c30ffc1b23a3d021d7a4b99320d2d,2026-07-13T09:19:09.402Z,success,40290,1000,6377061,0x9c0e4c46415fda3bf623e58eceb1845ee0cd406e8a3ff5653361d4dd1b3ee5f0,2026-07-13T09:19:09.402Z,4500,4500,4679,24,Untrusted,2026-07-13T09:19:06.805Z,0xa2a4203d61acba2e70c42c53d0d72581b84c3d09148a9a8d5bb35fa21c0a7c06,,variant-batch live execution
datm-live-2026-07-13T09-14-26-552Z,C,entity-10-malicious,malicious,29,2026-07-13T09:19:04.723Z,2026-07-13T09:19:04.723Z,2026-07-13T09:19:04.723Z,0,2026-07-13T09:19:04.902Z,0x42e947d87555503aafbf3150e9336e464f9d40fd6224295260f20271ed0da72e,2026-07-13T09:19:09.410Z,success,40266,1000,6377061,0x9c0e4c46415fda3bf623e58eceb1845ee0cd406e8a3ff5653361d4dd1b3ee5f0,2026-07-13T09:19:09.410Z,4508,4508,4687,26,Untrusted,2026-07-13T09:19:06.805Z,0xd0c4cb1661c6049c73fca8195ce96fb000c492c863dc9781d3d7cfbbbdd03593,,variant-batch live execution
datm-live-2026-07-13T09-14-26-552Z,C,entity-01-normal,normal,30,2026-07-13T09:19:14.535Z,2026-07-13T09:19:14.535Z,2026-07-13T09:19:14.535Z,0,2026-07-13T09:19:14.669Z,0x22cbbd955289716c6589a7d294c42b076e78094e1d45010325ce59afdd7d4100,2026-07-13T09:19:22.931Z,success,40199,1000,6377063,0x22a28c0c755bb9c5d6c69170a1f4ea08a84aaea025f96b5d538ab479f0d4e2a2,2026-07-13T09:19:22.931Z,8262,8262,8396,92,Trusted,2026-07-13T09:19:16.805Z,0x2331bf4d8f7ed35c6be5ef8c716e4106f1a7588f12c5f0f2a6f8d1c45a785294,,variant-batch live execution
datm-live-2026-07-13T09-14-26-552Z,C,entity-02-normal,normal,30,2026-07-13T09:19:14.536Z,2026-07-13T09:19:14.536Z,2026-07-13T09:19:14.536Z,0,2026-07-13T09:19:14.669Z,0xaa9c5c8abe1aa13f3564a9b5a3dfdd83f46e28b335e480406ffc4d066ad9c3cd,2026-07-13T09:19:23.037Z,success,40211,1000,6377063,0x22a28c0c755bb9c5d6c69170a1f4ea08a84aaea025f96b5d538ab479f0d4e2a2,2026-07-13T09:19:23.037Z,8368,8368,8501,91,Trusted,2026-07-13T09:19:16.805Z,0xeed55865a8775a9025907c7e5455f113c1fe3a49ef71362cf7cbb790afb38d15,,variant-batch live execution
datm-live-2026-07-13T09-14-26-552Z,C,entity-03-normal,normal,30,2026-07-13T09:19:14.537Z,2026-07-13T09:19:14.537Z,2026-07-13T09:19:14.537Z,0,2026-07-13T09:19:14.696Z,0x5cda7d8ded12352a0e3d6506b57b608bbdf07e5d4368cc5417b7c55e52b64752,2026-07-13T09:19:23.002Z,success,40187,1000,6377063,0x22a28c0c755bb9c5d6c69170a1f4ea08a84aaea025f96b5d538ab479f0d4e2a2,2026-07-13T09:19:23.002Z,8306,8306,8465,92,Trusted,2026-07-13T09:19:16.805Z,0x27a36bc7b2a5b0a4d139056ad7bf483c5e7664e664f400f644e4025f4b1e6002,,variant-batch live execution
datm-live-2026-07-13T09-14-26-552Z,C,entity-04-normal,normal,30,2026-07-13T09:19:14.538Z,2026-07-13T09:19:14.538Z,2026-07-13T09:19:14.538Z,0,2026-07-13T09:19:14.696Z,0xbb05170e1d3c9c7aa474431784415cfa7315d02751b8fecaddb5b1ce378dfbc5,2026-07-13T09:19:23.012Z,success,40199,1000,6377063,0x22a28c0c755bb9c5d6c69170a1f4ea08a84aaea025f96b5d538ab479f0d4e2a2,2026-07-13T09:19:23.012Z,8316,8316,8474,92,Trusted,2026-07-13T09:19:16.805Z,0xd7de401d10a9ba194b7ef52d17aa39d00a5ba34b57c7caaa0b8045f09ca9f837,,variant-batch live execution
datm-live-2026-07-13T09-14-26-552Z,C,entity-05-suspicious,suspicious,30,2026-07-13T09:19:14.538Z,2026-07-13T09:19:14.538Z,2026-07-13T09:19:14.538Z,0,2026-07-13T09:19:14.696Z,0xdcb10a8199b48b8f07755dcec9e6c821a0cd6d8cab3e7f9a81570e1a3022a801,2026-07-13T09:19:23.002Z,success,40291,1000,6377063,0x22a28c0c755bb9c5d6c69170a1f4ea08a84aaea025f96b5d538ab479f0d4e2a2,2026-07-13T09:19:23.002Z,8306,8306,8464,58,Suspicious,2026-07-13T09:19:16.805Z,0x1d2238f767c4a8fd727dae4bca050940aeb725c3f8b61d662093d853d6651754,,variant-batch live execution
datm-live-2026-07-13T09-14-26-552Z,C,entity-06-suspicious,suspicious,30,2026-07-13T09:19:14.539Z,2026-07-13T09:19:14.539Z,2026-07-13T09:19:14.539Z,0,2026-07-13T09:19:14.696Z,0x1f057feb52f5264e577c54968895a25c99aa57dd4a0f6c6f20095e2b638cc45e,2026-07-13T09:19:22.962Z,success,40291,1000,6377063,0x22a28c0c755bb9c5d6c69170a1f4ea08a84aaea025f96b5d538ab479f0d4e2a2,2026-07-13T09:19:22.962Z,8266,8266,8423,60,Suspicious,2026-07-13T09:19:16.805Z,0xbd4f74b03a63c84c0c9497d9e5fbbafe81e7f0f2473fb5dc337bee89192e05c7,,variant-batch live execution
datm-live-2026-07-13T09-14-26-552Z,C,entity-07-suspicious,suspicious,30,2026-07-13T09:19:14.540Z,2026-07-13T09:19:14.540Z,2026-07-13T09:19:14.540Z,0,2026-07-13T09:19:14.699Z,0x1aa080f21c268db4606cf3431accaa966dc4caf094c91ebdb318786e414ef527,2026-07-13T09:19:23.178Z,success,40291,1000,6377063,0x22a28c0c755bb9c5d6c69170a1f4ea08a84aaea025f96b5d538ab479f0d4e2a2,2026-07-13T09:19:23.178Z,8479,8479,8638,62,Suspicious,2026-07-13T09:19:16.805Z,0x1c0e7b5552a4c393c17f80c28be195beace970fdbeb77df2687e7cc2f3205db7,,variant-batch live execution
datm-live-2026-07-13T09-14-26-552Z,C,entity-08-malicious,malicious,30,2026-07-13T09:19:14.540Z,2026-07-13T09:19:14.540Z,2026-07-13T09:19:14.540Z,0,2026-07-13T09:19:14.697Z,0x5b7a7a2d017ac14ab258f009ed07d2fd8649532a9a08c3b9d179917f0d306247,2026-07-13T09:19:23.217Z,success,40290,1000,6377063,0x22a28c0c755bb9c5d6c69170a1f4ea08a84aaea025f96b5d538ab479f0d4e2a2,2026-07-13T09:19:23.217Z,8520,8520,8677,24,Untrusted,2026-07-13T09:19:16.805Z,0xb818dfaf65bde1904a4c34f07db6f0735e1990cd1ffb99cfe90cba8be6b9cc1a,,variant-batch live execution
datm-live-2026-07-13T09-14-26-552Z,C,entity-09-malicious,malicious,30,2026-07-13T09:19:14.541Z,2026-07-13T09:19:14.541Z,2026-07-13T09:19:14.541Z,0,2026-07-13T09:19:14.699Z,0x90f0aa93894f7090dacdf024e3882c530d546439e27c544ac36143e0ec686018,2026-07-13T09:19:23.207Z,success,40290,1000,6377063,0x22a28c0c755bb9c5d6c69170a1f4ea08a84aaea025f96b5d538ab479f0d4e2a2,2026-07-13T09:19:23.207Z,8508,8508,8666,25,Untrusted,2026-07-13T09:19:16.805Z,0x0b6117ecad66220ebdf744c7ee1ccfa72eb85d96148e1352cc10fe0d89626de1,,variant-batch live execution
datm-live-2026-07-13T09-14-26-552Z,C,entity-10-malicious,malicious,30,2026-07-13T09:19:14.542Z,2026-07-13T09:19:14.542Z,2026-07-13T09:19:14.542Z,0,2026-07-13T09:19:14.699Z,0x4ff71384b939e9294a48efe2f171ab9666c9525779ffdb5050fe8a61664da637,2026-07-13T09:19:23.209Z,success,40278,1000,6377063,0x22a28c0c755bb9c5d6c69170a1f4ea08a84aaea025f96b5d538ab479f0d4e2a2,2026-07-13T09:19:23.209Z,8510,8510,8667,26,Untrusted,2026-07-13T09:19:16.805Z,0xb2ecd3875127d5ee4cb34f29cc837e5c1527999fb1084e9ad29152a778084c09,,variant-batch live execution
