run_id,variant,entity_id,entity_profile,sequence_no,scheduled_at,datm_start_at,datm_end_at,datm_processing_ms,submit_at,tx_hash,receipt_at,tx_status,gas_used,effective_gas_price,block_number,block_hash,block_timestamp,confirmation_latency_ms,block_inclusion_latency_ms,end_to_end_latency_ms,ats,trust_state,calc_timestamp,input_hash,error_code,error_message
datm-live-2026-07-13T09-01-24-227Z,A,entity-01-normal,normal,1,2026-07-13T09:01:24.553Z,2026-07-13T09:01:24.553Z,2026-07-13T09:01:24.553Z,0,2026-07-13T09:01:24.677Z,0x5b083a496f98b0080cfe952c0e847b355b93bf4067739b84bd47724b82b9890b,2026-07-13T09:01:33.043Z,success,37763,1000,6376849,0x2a5ad76c8043b343edcc187bfde982e13826472e5e8a6712ecc79fe098e94fc3,2026-07-13T09:01:33.043Z,8366,8366,8490,89,Trusted,2026-07-13T09:01:24.360Z,0xe9240d7fc6b1aa932937bf9931bbb000c23d7d33c08d62aaa3f9535e84f8ffc9,,variant-batch live execution
datm-live-2026-07-13T09-01-24-227Z,A,entity-02-normal,normal,1,2026-07-13T09:01:24.557Z,2026-07-13T09:01:24.557Z,2026-07-13T09:01:24.557Z,0,2026-07-13T09:01:24.694Z,0x0fc8164c0ceebdb54bf1cb95bb8f2fc354cddd0cae36bf20582f64017136566f,2026-07-13T09:01:32.966Z,success,37775,1000,6376849,0x2a5ad76c8043b343edcc187bfde982e13826472e5e8a6712ecc79fe098e94fc3,2026-07-13T09:01:32.966Z,8272,8272,8409,90,Trusted,2026-07-13T09:01:24.360Z,0xe22d19b4a6cf04be86027fce68bfc64835d8650aec2759ebab4afe4277886815,,variant-batch live execution
datm-live-2026-07-13T09-01-24-227Z,A,entity-03-normal,normal,1,2026-07-13T09:01:24.558Z,2026-07-13T09:01:24.558Z,2026-07-13T09:01:24.558Z,0,2026-07-13T09:01:24.694Z,0x2e6e1b4945299a391d427eb31d8c2275a071eb24280a313d6b285221598f0fab,2026-07-13T09:01:33.007Z,success,37775,1000,6376849,0x2a5ad76c8043b343edcc187bfde982e13826472e5e8a6712ecc79fe098e94fc3,2026-07-13T09:01:33.007Z,8313,8313,8449,90,Trusted,2026-07-13T09:01:24.360Z,0xa4c1f5d91cfd62d15cc2267efd8cf6b8fe22272b55f1644fb5012bb828a45a47,,variant-batch live execution
datm-live-2026-07-13T09-01-24-227Z,A,entity-04-normal,normal,1,2026-07-13T09:01:24.558Z,2026-07-13T09:01:24.558Z,2026-07-13T09:01:24.558Z,0,2026-07-13T09:01:24.694Z,0x2251337bb062d3f27f5d3954a4bdfe0c2d26b6f08a5cf1c23dd7c1f51f479bdc,2026-07-13T09:01:33.007Z,success,37775,1000,6376849,0x2a5ad76c8043b343edcc187bfde982e13826472e5e8a6712ecc79fe098e94fc3,2026-07-13T09:01:33.007Z,8313,8313,8449,89,Trusted,2026-07-13T09:01:24.360Z,0x797646cc58509bab67fccabcfee9089bfd36aa8760e440b07fcb60bfcb3a24d9,,variant-batch live execution
datm-live-2026-07-13T09-01-24-227Z,A,entity-05-suspicious,suspicious,1,2026-07-13T09:01:24.558Z,2026-07-13T09:01:24.558Z,2026-07-13T09:01:24.558Z,0,2026-07-13T09:01:24.694Z,0x161f831e73cbb332931ce39460f9ddea58b3cd2731e0c7e48444998b4ca6d4ea,2026-07-13T09:01:33.007Z,success,37763,1000,6376849,0x2a5ad76c8043b343edcc187bfde982e13826472e5e8a6712ecc79fe098e94fc3,2026-07-13T09:01:33.007Z,8313,8313,8449,63,Suspicious,2026-07-13T09:01:24.360Z,0x79ef406a275d003b31b30a2363e6abecc9cd0f1a1c37ac799f605143e20b4b05,,variant-batch live execution
datm-live-2026-07-13T09-01-24-227Z,A,entity-06-suspicious,suspicious,1,2026-07-13T09:01:24.559Z,2026-07-13T09:01:24.559Z,2026-07-13T09:01:24.559Z,0,2026-07-13T09:01:24.706Z,0x303ea34a0f18831a4ca1d82ff0ec2f3d7c6b795a7a215a0bcf011627090b5b75,2026-07-13T09:01:33.005Z,success,37775,1000,6376849,0x2a5ad76c8043b343edcc187bfde982e13826472e5e8a6712ecc79fe098e94fc3,2026-07-13T09:01:33.005Z,8299,8299,8446,60,Suspicious,2026-07-13T09:01:24.360Z,0x3bc3ba6502071f44adadcdf47f1dc0364636f5c52d71235997f30fa597a0e42e,,variant-batch live execution
datm-live-2026-07-13T09-01-24-227Z,A,entity-07-suspicious,suspicious,1,2026-07-13T09:01:24.559Z,2026-07-13T09:01:24.559Z,2026-07-13T09:01:24.559Z,0,2026-07-13T09:01:24.706Z,0x1cecac8a3ac99bd82d80442d350ae7107758a02ab8f0da32960b0da3f36a3a69,2026-07-13T09:01:33.202Z,success,37775,1000,6376849,0x2a5ad76c8043b343edcc187bfde982e13826472e5e8a6712ecc79fe098e94fc3,2026-07-13T09:01:33.202Z,8496,8496,8643,61,Suspicious,2026-07-13T09:01:24.360Z,0x2c3d1eaa83a74ae34e343cf33506c2903bb883e1bec54802affcff5e7ef5c07f,,variant-batch live execution
datm-live-2026-07-13T09-01-24-227Z,A,entity-08-malicious,malicious,1,2026-07-13T09:01:24.559Z,2026-07-13T09:01:24.559Z,2026-07-13T09:01:24.559Z,0,2026-07-13T09:01:24.706Z,0x397d19ed3e36e4d7f5ae0193ade5168abcb79db08a52166e6141fae3c13b46cd,2026-07-13T09:01:33.200Z,success,37775,1000,6376849,0x2a5ad76c8043b343edcc187bfde982e13826472e5e8a6712ecc79fe098e94fc3,2026-07-13T09:01:33.200Z,8494,8494,8641,31,Untrusted,2026-07-13T09:01:24.360Z,0xd14f96b2ea414ea7e7b451162ad78ee9f9f731d939bef51c8bc3350f5d232189,,variant-batch live execution
datm-live-2026-07-13T09-01-24-227Z,A,entity-09-malicious,malicious,1,2026-07-13T09:01:24.560Z,2026-07-13T09:01:24.560Z,2026-07-13T09:01:24.560Z,0,2026-07-13T09:01:24.695Z,0x5fefcc0eb9049f72d2f39e8fdda33384367c6623cb34bf9fcaa139d0f08a8640,2026-07-13T09:01:33.212Z,success,37775,1000,6376849,0x2a5ad76c8043b343edcc187bfde982e13826472e5e8a6712ecc79fe098e94fc3,2026-07-13T09:01:33.212Z,8517,8517,8652,29,Untrusted,2026-07-13T09:01:24.360Z,0x303ce4feea67951ecdbe77a19ad9772dbfcd21776a6639c13418f1ba21621185,,variant-batch live execution
datm-live-2026-07-13T09-01-24-227Z,A,entity-10-malicious,malicious,1,2026-07-13T09:01:24.560Z,2026-07-13T09:01:24.560Z,2026-07-13T09:01:24.560Z,0,2026-07-13T09:01:24.706Z,0xcf79f419f36443bb3d1041a02d06a2b2850e88565c9fef10891303ffde4c2c32,2026-07-13T09:01:33.248Z,success,37763,1000,6376849,0x2a5ad76c8043b343edcc187bfde982e13826472e5e8a6712ecc79fe098e94fc3,2026-07-13T09:01:33.248Z,8542,8542,8688,29,Untrusted,2026-07-13T09:01:24.360Z,0x2f0845bf4c60f8332d78b8e7e345a23afe93da935e3c1e897983fae774cef5e7,,variant-batch live execution
datm-live-2026-07-13T09-01-24-227Z,A,entity-01-normal,normal,2,2026-07-13T09:01:38.369Z,2026-07-13T09:01:38.369Z,2026-07-13T09:01:38.369Z,0,2026-07-13T09:01:38.539Z,0x0fcb39f5c48016b1e25752f4241305e2625c0524f58c0737c3afedf54139071b,2026-07-13T09:01:42.806Z,success,37763,1000,6376851,0x96843483af04df5ae5b94c09476e38a76bb8f668a2ad385dbfa8d9570547fd66,2026-07-13T09:01:42.806Z,4267,4267,4437,93,Trusted,2026-07-13T09:01:34.360Z,0x9f3a90c3796e6f4144f13ba7d6c47a7cdc3eb6584d00b01f8e9166c5e72e52f7,,variant-batch live execution
datm-live-2026-07-13T09-01-24-227Z,A,entity-02-normal,normal,2,2026-07-13T09:01:38.370Z,2026-07-13T09:01:38.370Z,2026-07-13T09:01:38.370Z,0,2026-07-13T09:01:38.545Z,0x5e6db45ee8775229f97b6e3d850561b8b1f533fbd4083801441b7c94fb68f5ec,2026-07-13T09:01:42.803Z,success,37775,1000,6376851,0x96843483af04df5ae5b94c09476e38a76bb8f668a2ad385dbfa8d9570547fd66,2026-07-13T09:01:42.803Z,4258,4258,4433,93,Trusted,2026-07-13T09:01:34.360Z,0x6d57f9a54bd746c71abbbe4665bd50eab817d8f305750a6a978e590be7bcb563,,variant-batch live execution
datm-live-2026-07-13T09-01-24-227Z,A,entity-03-normal,normal,2,2026-07-13T09:01:38.371Z,2026-07-13T09:01:38.371Z,2026-07-13T09:01:38.371Z,0,2026-07-13T09:01:38.545Z,0x1dbfe4c6d449bed77698e444193090c9f76485cfb393d1582b4777e21d331e20,2026-07-13T09:01:42.811Z,success,37775,1000,6376851,0x96843483af04df5ae5b94c09476e38a76bb8f668a2ad385dbfa8d9570547fd66,2026-07-13T09:01:42.811Z,4266,4266,4440,91,Trusted,2026-07-13T09:01:34.360Z,0xabffaf568653afd59b016c77019c93d8e2c2658a6ce9ecb43166874deefb34cf,,variant-batch live execution
datm-live-2026-07-13T09-01-24-227Z,A,entity-04-normal,normal,2,2026-07-13T09:01:38.372Z,2026-07-13T09:01:38.372Z,2026-07-13T09:01:38.372Z,0,2026-07-13T09:01:38.545Z,0xdb11b9d9e635159877f52051541816f32e2f352ccae483fc12ae61da2c608530,2026-07-13T09:01:42.826Z,success,37775,1000,6376851,0x96843483af04df5ae5b94c09476e38a76bb8f668a2ad385dbfa8d9570547fd66,2026-07-13T09:01:42.826Z,4281,4281,4454,93,Trusted,2026-07-13T09:01:34.360Z,0x77eafcccc9d4d4517cddafe7ef38ac5a06a027277ea811d56a2bad668abceec1,,variant-batch live execution
datm-live-2026-07-13T09-01-24-227Z,A,entity-05-suspicious,suspicious,2,2026-07-13T09:01:38.373Z,2026-07-13T09:01:38.373Z,2026-07-13T09:01:38.373Z,0,2026-07-13T09:01:38.545Z,0x6256c4a3f564f36f9784ff1914081ff64f5fcce8515fa14e6002a0ccf169fad2,2026-07-13T09:01:42.827Z,success,37763,1000,6376851,0x96843483af04df5ae5b94c09476e38a76bb8f668a2ad385dbfa8d9570547fd66,2026-07-13T09:01:42.827Z,4282,4282,4454,60,Suspicious,2026-07-13T09:01:34.360Z,0xf31d001dc1554de1ecfa1d5d9bad423ca8d37dbbad4fdaee2b082e20b5c03834,,variant-batch live execution
datm-live-2026-07-13T09-01-24-227Z,A,entity-06-suspicious,suspicious,2,2026-07-13T09:01:38.373Z,2026-07-13T09:01:38.373Z,2026-07-13T09:01:38.373Z,0,2026-07-13T09:01:38.546Z,0xe6fb3ba27763c0b71f18f9e4c99b8fc1d617cfa483c4ff846108d8eea2d7a356,2026-07-13T09:01:42.838Z,success,37775,1000,6376851,0x96843483af04df5ae5b94c09476e38a76bb8f668a2ad385dbfa8d9570547fd66,2026-07-13T09:01:42.838Z,4292,4292,4465,60,Suspicious,2026-07-13T09:01:34.360Z,0x0915c733cb679605492988b7612269675a0c8d6fbb14507b20bf0667255158d8,,variant-batch live execution
datm-live-2026-07-13T09-01-24-227Z,A,entity-07-suspicious,suspicious,2,2026-07-13T09:01:38.373Z,2026-07-13T09:01:38.373Z,2026-07-13T09:01:38.373Z,0,2026-07-13T09:01:38.575Z,0xb167606a17186d0929de3a5fd1ab25664c6bb4a13b94e56d4ca2c080831eee79,2026-07-13T09:01:43.007Z,success,37775,1000,6376851,0x96843483af04df5ae5b94c09476e38a76bb8f668a2ad385dbfa8d9570547fd66,2026-07-13T09:01:43.007Z,4432,4432,4634,63,Suspicious,2026-07-13T09:01:34.360Z,0x5b1469aab52093aa86c5d7eca2fa2e4a06bc18d8b82c029c8f6d3e6437bb94ce,,variant-batch live execution
datm-live-2026-07-13T09-01-24-227Z,A,entity-08-malicious,malicious,2,2026-07-13T09:01:38.373Z,2026-07-13T09:01:38.373Z,2026-07-13T09:01:38.373Z,0,2026-07-13T09:01:38.575Z,0xdef39efc26089a5a70f59de333c76614e040e1c0a28cdf3e676ab8814b9f9ae1,2026-07-13T09:01:43.017Z,success,37775,1000,6376851,0x96843483af04df5ae5b94c09476e38a76bb8f668a2ad385dbfa8d9570547fd66,2026-07-13T09:01:43.017Z,4442,4442,4644,30,Untrusted,2026-07-13T09:01:34.360Z,0xa2e1a3c4c7599595ff45f418f006cddcb63b2a5bf283c23acd95be7313d45ecb,,variant-batch live execution
datm-live-2026-07-13T09-01-24-227Z,A,entity-09-malicious,malicious,2,2026-07-13T09:01:38.374Z,2026-07-13T09:01:38.374Z,2026-07-13T09:01:38.374Z,0,2026-07-13T09:01:38.575Z,0x7f57a1d9f6781dfe0ff62f3ee62256f51f4bfdd1871052bb23de014d295dd236,2026-07-13T09:01:43.038Z,success,37763,1000,6376851,0x96843483af04df5ae5b94c09476e38a76bb8f668a2ad385dbfa8d9570547fd66,2026-07-13T09:01:43.038Z,4463,4463,4664,28,Untrusted,2026-07-13T09:01:34.360Z,0x3bde3e9fb8b533e414fdad8691008ba70e80a2d5b2a60ce79f54b44c34d0d253,,variant-batch live execution
datm-live-2026-07-13T09-01-24-227Z,A,entity-10-malicious,malicious,2,2026-07-13T09:01:38.374Z,2026-07-13T09:01:38.374Z,2026-07-13T09:01:38.374Z,0,2026-07-13T09:01:38.576Z,0x66e2e98be6c0815888cae358cdbc4795e75aa9fcd63ec0b3dfa4bdab99475bdc,2026-07-13T09:01:43.044Z,success,37763,1000,6376851,0x96843483af04df5ae5b94c09476e38a76bb8f668a2ad385dbfa8d9570547fd66,2026-07-13T09:01:43.044Z,4468,4468,4670,32,Untrusted,2026-07-13T09:01:34.360Z,0xd41acc54f44d99b3218f8603d3b21be24708d376314c4608d238810ac9719518,,variant-batch live execution
datm-live-2026-07-13T09-01-24-227Z,A,entity-01-normal,normal,3,2026-07-13T09:01:48.182Z,2026-07-13T09:01:48.182Z,2026-07-13T09:01:48.182Z,0,2026-07-13T09:01:48.328Z,0xd3e05ca8b3dd065d83d5c2c95cc48632f004bac23b870eacd3c3505c304d8dda,2026-07-13T09:01:52.620Z,success,37763,1000,6376853,0xb9e39af8dcdd8164434763032de2da1e4d5ecf63dbf67d8049aba804b22cf129,2026-07-13T09:01:52.620Z,4292,4292,4438,93,Trusted,2026-07-13T09:01:44.360Z,0xac7bba9b56a7c121303b6543b4ba62a6b465e6e738783c62f728dc3d29097700,,variant-batch live execution
datm-live-2026-07-13T09-01-24-227Z,A,entity-02-normal,normal,3,2026-07-13T09:01:48.183Z,2026-07-13T09:01:48.183Z,2026-07-13T09:01:48.183Z,0,2026-07-13T09:01:48.329Z,0xde9358801c66c0073fd387922cc11d0eccf1affc1a656ad909d050c03bb7f6e0,2026-07-13T09:01:52.636Z,success,37775,1000,6376853,0xb9e39af8dcdd8164434763032de2da1e4d5ecf63dbf67d8049aba804b22cf129,2026-07-13T09:01:52.636Z,4307,4307,4453,92,Trusted,2026-07-13T09:01:44.360Z,0xf615043d27f75aa48a41055a5e7c3bae1539681c32df36e7a71a88d536df85e1,,variant-batch live execution
datm-live-2026-07-13T09-01-24-227Z,A,entity-03-normal,normal,3,2026-07-13T09:01:48.183Z,2026-07-13T09:01:48.183Z,2026-07-13T09:01:48.183Z,0,2026-07-13T09:01:48.358Z,0xdb5266362840126abd85cd9a9294529dc5b8845a2830a9fb7019898f8304f1a8,2026-07-13T09:01:52.606Z,success,37775,1000,6376853,0xb9e39af8dcdd8164434763032de2da1e4d5ecf63dbf67d8049aba804b22cf129,2026-07-13T09:01:52.606Z,4248,4248,4423,93,Trusted,2026-07-13T09:01:44.360Z,0xd45a4f8611368a51dd55c13c61a72e3dd64b6568a7a3151d353c755d6f14ee6a,,variant-batch live execution
datm-live-2026-07-13T09-01-24-227Z,A,entity-04-normal,normal,3,2026-07-13T09:01:48.184Z,2026-07-13T09:01:48.184Z,2026-07-13T09:01:48.184Z,0,2026-07-13T09:01:48.337Z,0x5d4ab538ada10a408f1c01b11d5e87c5baea33748b9e8c9a681f483491cd78a3,2026-07-13T09:01:52.619Z,success,37775,1000,6376853,0xb9e39af8dcdd8164434763032de2da1e4d5ecf63dbf67d8049aba804b22cf129,2026-07-13T09:01:52.619Z,4282,4282,4435,93,Trusted,2026-07-13T09:01:44.360Z,0xbf439e4ff3c103ace229cd7a69e6a1a4f95f7772e558461a8bd7c857e23df136,,variant-batch live execution
datm-live-2026-07-13T09-01-24-227Z,A,entity-05-suspicious,suspicious,3,2026-07-13T09:01:48.184Z,2026-07-13T09:01:48.184Z,2026-07-13T09:01:48.184Z,0,2026-07-13T09:01:48.338Z,0x4d98f2e4cc7c48f1e28968ec2f63981b3f1b5f160f076dda9bf75789d8e3a3c5,2026-07-13T09:01:52.618Z,success,37775,1000,6376853,0xb9e39af8dcdd8164434763032de2da1e4d5ecf63dbf67d8049aba804b22cf129,2026-07-13T09:01:52.618Z,4280,4280,4434,60,Suspicious,2026-07-13T09:01:44.360Z,0xc23a6cc29b63476de62bb6e18722040bfc38928bed63a3820394cfaf07b5e3d0,,variant-batch live execution
datm-live-2026-07-13T09-01-24-227Z,A,entity-06-suspicious,suspicious,3,2026-07-13T09:01:48.185Z,2026-07-13T09:01:48.185Z,2026-07-13T09:01:48.185Z,0,2026-07-13T09:01:48.359Z,0x282d3daed5ee7b367d16d7113990f493b7224303fde64bcff86df1bfc5f1f3bd,2026-07-13T09:01:52.621Z,success,37775,1000,6376853,0xb9e39af8dcdd8164434763032de2da1e4d5ecf63dbf67d8049aba804b22cf129,2026-07-13T09:01:52.621Z,4262,4262,4436,64,Suspicious,2026-07-13T09:01:44.360Z,0x5027066e3be96032469140aabcc830cc25022d4461a042f68dcbb91b5966529d,,variant-batch live execution
datm-live-2026-07-13T09-01-24-227Z,A,entity-07-suspicious,suspicious,3,2026-07-13T09:01:48.185Z,2026-07-13T09:01:48.185Z,2026-07-13T09:01:48.185Z,0,2026-07-13T09:01:48.338Z,0x814dd2df516022ce27295db8c09da521cc5fee6b82ebee93cfb622887de7ad72,2026-07-13T09:01:52.788Z,success,37775,1000,6376853,0xb9e39af8dcdd8164434763032de2da1e4d5ecf63dbf67d8049aba804b22cf129,2026-07-13T09:01:52.788Z,4450,4450,4603,60,Suspicious,2026-07-13T09:01:44.360Z,0xe37b95ab3f55fa78d3674dfa916139e218ae3a1c3c4f891565e1d4dc836f4401,,variant-batch live execution
datm-live-2026-07-13T09-01-24-227Z,A,entity-08-malicious,malicious,3,2026-07-13T09:01:48.186Z,2026-07-13T09:01:48.186Z,2026-07-13T09:01:48.186Z,0,2026-07-13T09:01:48.359Z,0x61002d30c67b5fc6e3481c0ba8df56b4ca7c82e3156aeee79c1f57f3994b06d6,2026-07-13T09:01:52.804Z,success,37775,1000,6376853,0xb9e39af8dcdd8164434763032de2da1e4d5ecf63dbf67d8049aba804b22cf129,2026-07-13T09:01:52.804Z,4445,4445,4618,28,Untrusted,2026-07-13T09:01:44.360Z,0x8c8be3d6e938e5f987f9d1f98a66292ed93dca28d51f35b52c1f0d24e83a6154,,variant-batch live execution
datm-live-2026-07-13T09-01-24-227Z,A,entity-09-malicious,malicious,3,2026-07-13T09:01:48.186Z,2026-07-13T09:01:48.186Z,2026-07-13T09:01:48.186Z,0,2026-07-13T09:01:48.338Z,0xac46a9f319ee6dfdf12c307e623824f283344b11a3062d897dca2a87db46431f,2026-07-13T09:01:52.822Z,success,37775,1000,6376853,0xb9e39af8dcdd8164434763032de2da1e4d5ecf63dbf67d8049aba804b22cf129,2026-07-13T09:01:52.822Z,4484,4484,4636,30,Untrusted,2026-07-13T09:01:44.360Z,0x3f51dc908aa1ede1e0c5193d94c3e5e75ddafcd187fc9fd6babaddc0d4dc4ff0,,variant-batch live execution
datm-live-2026-07-13T09-01-24-227Z,A,entity-10-malicious,malicious,3,2026-07-13T09:01:48.186Z,2026-07-13T09:01:48.186Z,2026-07-13T09:01:48.186Z,0,2026-07-13T09:01:48.339Z,0x69dd1fe1c20f01f381e936f587d816d6302f51334a87b8374e03b378568d47e9,2026-07-13T09:01:52.824Z,success,37763,1000,6376853,0xb9e39af8dcdd8164434763032de2da1e4d5ecf63dbf67d8049aba804b22cf129,2026-07-13T09:01:52.824Z,4485,4485,4638,30,Untrusted,2026-07-13T09:01:44.360Z,0x9f894c355bb568639598749a26dae095aaec14bee8805a79050ab08ef17cb9fc,,variant-batch live execution
datm-live-2026-07-13T09-01-24-227Z,A,entity-01-normal,normal,4,2026-07-13T09:01:57.959Z,2026-07-13T09:01:57.959Z,2026-07-13T09:01:57.959Z,0,2026-07-13T09:01:58.073Z,0x427445c5ecdbbb754a68a97a8d004dbf5dbb5ba33838f19d6634d251ca4b2abd,2026-07-13T09:02:02.506Z,success,37775,1000,6376855,0x27fe77173c840c1d0a71a7777963397271a16963dee16ab926beef9e0c647051,2026-07-13T09:02:02.506Z,4433,4433,4547,91,Trusted,2026-07-13T09:01:54.360Z,0xb55f1277b567e0dca95b195de924f92199ecb2a18968362a532ad7e1dc4edbc5,,variant-batch live execution
datm-live-2026-07-13T09-01-24-227Z,A,entity-02-normal,normal,4,2026-07-13T09:01:57.960Z,2026-07-13T09:01:57.960Z,2026-07-13T09:01:57.960Z,0,2026-07-13T09:01:58.106Z,0x75f742855e1331164726f74a12f96c0adedb691869ba33fa162ab1d93c049372,2026-07-13T09:02:02.507Z,success,37775,1000,6376855,0x27fe77173c840c1d0a71a7777963397271a16963dee16ab926beef9e0c647051,2026-07-13T09:02:02.507Z,4401,4401,4547,93,Trusted,2026-07-13T09:01:54.360Z,0x7339121eb8e754fc8befba69eca0394e59089686b156f9c5ec0edb49a4bbeb23,,variant-batch live execution
datm-live-2026-07-13T09-01-24-227Z,A,entity-03-normal,normal,4,2026-07-13T09:01:57.960Z,2026-07-13T09:01:57.960Z,2026-07-13T09:01:57.960Z,0,2026-07-13T09:01:58.074Z,0x709cd9d9d427fd8976626d61f2e18cb517e7d4edf24e53a61dc22a0d5d652164,2026-07-13T09:02:02.507Z,success,37775,1000,6376855,0x27fe77173c840c1d0a71a7777963397271a16963dee16ab926beef9e0c647051,2026-07-13T09:02:02.507Z,4433,4433,4547,93,Trusted,2026-07-13T09:01:54.360Z,0xcc586edfedfe617ebc8026106d795cc75c0a01ae6101c71a6cc33845a845f0d2,,variant-batch live execution
datm-live-2026-07-13T09-01-24-227Z,A,entity-04-normal,normal,4,2026-07-13T09:01:57.961Z,2026-07-13T09:01:57.961Z,2026-07-13T09:01:57.961Z,0,2026-07-13T09:01:58.074Z,0x1d8c88e6a4f2f1f3ab1d15c7fda34a69a710914d0a8acc7a4d330cd22c35f3b9,2026-07-13T09:02:02.499Z,success,37775,1000,6376855,0x27fe77173c840c1d0a71a7777963397271a16963dee16ab926beef9e0c647051,2026-07-13T09:02:02.499Z,4425,4425,4538,91,Trusted,2026-07-13T09:01:54.360Z,0x16ae6d33724e75a960096cf6090deba9cfc194cb4ba866a3dc4a16334b24fe56,,variant-batch live execution
datm-live-2026-07-13T09-01-24-227Z,A,entity-05-suspicious,suspicious,4,2026-07-13T09:01:57.961Z,2026-07-13T09:01:57.961Z,2026-07-13T09:01:57.961Z,0,2026-07-13T09:01:58.106Z,0xbaba19ad8965032d981dd30f293a7a22bb54a2ee93d193fd64a9b1923786b8f2,2026-07-13T09:02:02.506Z,success,37775,1000,6376855,0x27fe77173c840c1d0a71a7777963397271a16963dee16ab926beef9e0c647051,2026-07-13T09:02:02.506Z,4400,4400,4545,64,Suspicious,2026-07-13T09:01:54.360Z,0x7c36ca8ed50b5a0524da660a9ca118eea765d70242f61851aff2a576bd19610c,,variant-batch live execution
datm-live-2026-07-13T09-01-24-227Z,A,entity-06-suspicious,suspicious,4,2026-07-13T09:01:57.961Z,2026-07-13T09:01:57.961Z,2026-07-13T09:01:57.961Z,0,2026-07-13T09:01:58.074Z,0x06fbf8cbe981609f87e161cfe2cb9cc43f942bd04afa20ef700899b9f4272e67,2026-07-13T09:02:02.523Z,success,37775,1000,6376855,0x27fe77173c840c1d0a71a7777963397271a16963dee16ab926beef9e0c647051,2026-07-13T09:02:02.523Z,4449,4449,4562,61,Suspicious,2026-07-13T09:01:54.360Z,0xfde8bae8237ba8caf6e062ccd49dd0f66f61319934c865955e77399b246bada5,,variant-batch live execution
datm-live-2026-07-13T09-01-24-227Z,A,entity-07-suspicious,suspicious,4,2026-07-13T09:01:57.962Z,2026-07-13T09:01:57.962Z,2026-07-13T09:01:57.962Z,0,2026-07-13T09:01:58.074Z,0x3caf96d05db1287cc116a95f26d3fa4ef6b57a4b049ba1e48ea6865b5302f185,2026-07-13T09:02:02.702Z,success,37775,1000,6376855,0x27fe77173c840c1d0a71a7777963397271a16963dee16ab926beef9e0c647051,2026-07-13T09:02:02.702Z,4628,4628,4740,60,Suspicious,2026-07-13T09:01:54.360Z,0xc2ddebf954b734b41b131e1d9ccf0f2ed33a3cf5cb17cc7ab84a1daa1e6dc520,,variant-batch live execution
datm-live-2026-07-13T09-01-24-227Z,A,entity-08-malicious,malicious,4,2026-07-13T09:01:57.962Z,2026-07-13T09:01:57.962Z,2026-07-13T09:01:57.962Z,0,2026-07-13T09:01:58.106Z,0xa972bd9dcff3e0c0236b853cf52537611707157a7324dcf234e5254e1c083aea,2026-07-13T09:02:02.730Z,success,37775,1000,6376855,0x27fe77173c840c1d0a71a7777963397271a16963dee16ab926beef9e0c647051,2026-07-13T09:02:02.730Z,4624,4624,4768,30,Untrusted,2026-07-13T09:01:54.360Z,0x9f1a4d4a6d550ad71e4d40905574926d4ad80aa8c0633fa7a6aab1cf853ff83d,,variant-batch live execution
datm-live-2026-07-13T09-01-24-227Z,A,entity-09-malicious,malicious,4,2026-07-13T09:01:57.962Z,2026-07-13T09:01:57.962Z,2026-07-13T09:01:57.962Z,0,2026-07-13T09:01:58.074Z,0x573252960dfea263cea513dfc6a283665e39fc6b7f3fe7ee0e43be4b3497ad88,2026-07-13T09:02:02.758Z,success,37763,1000,6376855,0x27fe77173c840c1d0a71a7777963397271a16963dee16ab926beef9e0c647051,2026-07-13T09:02:02.758Z,4684,4684,4796,29,Untrusted,2026-07-13T09:01:54.360Z,0x6e9cc5e18462a961209330dd5e005259c3bd3e034bbb0758bf9fcf6b548fdeaa,,variant-batch live execution
datm-live-2026-07-13T09-01-24-227Z,A,entity-10-malicious,malicious,4,2026-07-13T09:01:57.962Z,2026-07-13T09:01:57.962Z,2026-07-13T09:01:57.962Z,0,2026-07-13T09:01:58.107Z,0x946beea6613c1d7e170a720a18188aee8f2cf58cd7150944a719f32d7f52cf54,2026-07-13T09:02:02.738Z,success,37751,1000,6376855,0x27fe77173c840c1d0a71a7777963397271a16963dee16ab926beef9e0c647051,2026-07-13T09:02:02.738Z,4631,4631,4776,29,Untrusted,2026-07-13T09:01:54.360Z,0xba73e7dc30ee0ea225878be3745700012e66f052abdf5461adbac0a286858b3e,,variant-batch live execution
datm-live-2026-07-13T09-01-24-227Z,A,entity-01-normal,normal,5,2026-07-13T09:02:08.243Z,2026-07-13T09:02:08.243Z,2026-07-13T09:02:08.243Z,0,2026-07-13T09:02:08.598Z,0x64f22bd49b5fb06a6c5cd1a71770937718038f1e5dfde5c247a6ba5299ba88d3,2026-07-13T09:02:09.828Z,success,37775,1000,6376857,0x5503c216e7cd3fddf78561a688e25446c536a63916d42ea738cf094dbe530c94,2026-07-13T09:02:09.828Z,1230,1230,1585,93,Trusted,2026-07-13T09:02:04.360Z,0x61d5e8741de2e0aa0beeb471139eca6c0e363210097c5b248efbb11e74aa5510,,variant-batch live execution
datm-live-2026-07-13T09-01-24-227Z,A,entity-02-normal,normal,5,2026-07-13T09:02:08.244Z,2026-07-13T09:02:08.244Z,2026-07-13T09:02:08.244Z,0,2026-07-13T09:02:08.598Z,0x8ffc878f9cb469f723f78c49a632cdb3c2aa8822dbd16dd5a9ae0ad1263ac76d,2026-07-13T09:02:09.726Z,success,37775,1000,6376857,0x5503c216e7cd3fddf78561a688e25446c536a63916d42ea738cf094dbe530c94,2026-07-13T09:02:09.726Z,1128,1128,1482,93,Trusted,2026-07-13T09:02:04.360Z,0x47907c736820640cf578f1c8d9ad74d0f93f0d8aaf4456d33e76adfcc4ac60c9,,variant-batch live execution
datm-live-2026-07-13T09-01-24-227Z,A,entity-03-normal,normal,5,2026-07-13T09:02:08.244Z,2026-07-13T09:02:08.244Z,2026-07-13T09:02:08.244Z,0,2026-07-13T09:02:08.599Z,0xfec5ff9f4c6918c6f77c9d23b9da510fe1165601a9ab98f1b6b0522d689be5e8,2026-07-13T09:02:09.725Z,success,37763,1000,6376857,0x5503c216e7cd3fddf78561a688e25446c536a63916d42ea738cf094dbe530c94,2026-07-13T09:02:09.725Z,1126,1126,1481,92,Trusted,2026-07-13T09:02:04.360Z,0x8de5b85c3dcd5afba375b2e93d8b21a9c317c4dfad3000afdd3592205dff2e39,,variant-batch live execution
datm-live-2026-07-13T09-01-24-227Z,A,entity-04-normal,normal,5,2026-07-13T09:02:08.244Z,2026-07-13T09:02:08.244Z,2026-07-13T09:02:08.244Z,0,2026-07-13T09:02:08.599Z,0xd8e648f1fc4cc477d99dbf57934f73f4d2beb4e759e0f3cde39f73dcb9451601,2026-07-13T09:02:09.725Z,success,37775,1000,6376857,0x5503c216e7cd3fddf78561a688e25446c536a63916d42ea738cf094dbe530c94,2026-07-13T09:02:09.725Z,1126,1126,1481,93,Trusted,2026-07-13T09:02:04.360Z,0x8b55a77bf8a6d9878ff13c5418d904750fd033db41b465439f9a1a568eb9682d,,variant-batch live execution
datm-live-2026-07-13T09-01-24-227Z,A,entity-05-suspicious,suspicious,5,2026-07-13T09:02:08.245Z,2026-07-13T09:02:08.245Z,2026-07-13T09:02:08.245Z,0,2026-07-13T09:02:08.599Z,0xc7dc84acfc04879a923abb133a5164ae83d690b6742f5ce6103c9568903403bd,2026-07-13T09:02:09.723Z,success,37775,1000,6376857,0x5503c216e7cd3fddf78561a688e25446c536a63916d42ea738cf094dbe530c94,2026-07-13T09:02:09.723Z,1124,1124,1478,61,Suspicious,2026-07-13T09:02:04.360Z,0x40b0726309873e4db62f2c7d75783c3d1836f6fe0720b2f8418dcac618e5a3a3,,variant-batch live execution
datm-live-2026-07-13T09-01-24-227Z,A,entity-06-suspicious,suspicious,5,2026-07-13T09:02:08.245Z,2026-07-13T09:02:08.245Z,2026-07-13T09:02:08.245Z,0,2026-07-13T09:02:08.599Z,0xdfbfc40ea70ba0f6987280e13d1755d7f5c5905d423988ebb1d9a7b74eecdf2f,2026-07-13T09:02:09.722Z,success,37775,1000,6376857,0x5503c216e7cd3fddf78561a688e25446c536a63916d42ea738cf094dbe530c94,2026-07-13T09:02:09.722Z,1123,1123,1477,59,Suspicious,2026-07-13T09:02:04.360Z,0x9e625ac46525377061a9beee468f4060e93bde75aaf82640cadc4641dd400dc3,,variant-batch live execution
datm-live-2026-07-13T09-01-24-227Z,A,entity-07-suspicious,suspicious,5,2026-07-13T09:02:08.245Z,2026-07-13T09:02:08.245Z,2026-07-13T09:02:08.245Z,0,2026-07-13T09:02:08.643Z,0x3f5c6fafeb81d0af0c314cd4ab66f801b30be011bae2d7b8310ef49d940ebd36,2026-07-13T09:02:10.035Z,success,37775,1000,6376857,0x5503c216e7cd3fddf78561a688e25446c536a63916d42ea738cf094dbe530c94,2026-07-13T09:02:10.035Z,1392,1392,1790,64,Suspicious,2026-07-13T09:02:04.360Z,0x48b6572094347051ff6ce35770a993f102139b644fe55807feb95fd3f8af2ae1,,variant-batch live execution
datm-live-2026-07-13T09-01-24-227Z,A,entity-08-malicious,malicious,5,2026-07-13T09:02:08.245Z,2026-07-13T09:02:08.245Z,2026-07-13T09:02:08.245Z,0,2026-07-13T09:02:08.644Z,0x1bacb92acf3fdb7dfeba37c3dae49c82ed222ef182bd58c383a11814e1a183bf,2026-07-13T09:02:10.079Z,success,37775,1000,6376857,0x5503c216e7cd3fddf78561a688e25446c536a63916d42ea738cf094dbe530c94,2026-07-13T09:02:10.079Z,1435,1435,1834,30,Untrusted,2026-07-13T09:02:04.360Z,0x2c7adf98e3bf29f80da6f7b245c6bc61eccc4dfeb909022e517b8531e19d8b5e,,variant-batch live execution
datm-live-2026-07-13T09-01-24-227Z,A,entity-09-malicious,malicious,5,2026-07-13T09:02:08.246Z,2026-07-13T09:02:08.246Z,2026-07-13T09:02:08.246Z,0,2026-07-13T09:02:08.644Z,0x1c3ceefa5840534ceca285fc7a1c265b19a01e700626cf657ffbc2313455cecc,2026-07-13T09:02:10.080Z,success,37775,1000,6376857,0x5503c216e7cd3fddf78561a688e25446c536a63916d42ea738cf094dbe530c94,2026-07-13T09:02:10.080Z,1436,1436,1834,28,Untrusted,2026-07-13T09:02:04.360Z,0x79c650a7aad26fb61d5552e95d3a83202bd3d078a7f83fad4ef4eff2ec9eaf86,,variant-batch live execution
datm-live-2026-07-13T09-01-24-227Z,A,entity-10-malicious,malicious,5,2026-07-13T09:02:08.246Z,2026-07-13T09:02:08.246Z,2026-07-13T09:02:08.246Z,0,2026-07-13T09:02:08.644Z,0x1e7e1e11b81845c30e952ce5a091c7bf56b5b53de7a0c10e3348521d399df956,2026-07-13T09:02:10.082Z,success,37763,1000,6376857,0x5503c216e7cd3fddf78561a688e25446c536a63916d42ea738cf094dbe530c94,2026-07-13T09:02:10.082Z,1438,1438,1836,31,Untrusted,2026-07-13T09:02:04.360Z,0x0177a2647e21438aa4b75495e8068fc66f9accf26831c9e5a1a3d1c2fef8cf57,,variant-batch live execution
datm-live-2026-07-13T09-01-24-227Z,A,entity-01-normal,normal,6,2026-07-13T09:02:15.202Z,2026-07-13T09:02:15.202Z,2026-07-13T09:02:15.202Z,0,2026-07-13T09:02:15.384Z,0xf4d7151806076b81909575faeb09a6baccc47999d9d937da1a7a17eda8bf45cf,2026-07-13T09:02:19.638Z,success,37763,1000,6376859,0xaf463dc862b5a824867b6b0961400048688907fef06b6321f69905f8744ba799,2026-07-13T09:02:19.638Z,4254,4254,4436,93,Trusted,2026-07-13T09:02:14.360Z,0x87327ab7125862b9795cb2009dc06f7c09ee46b983f35117cc8c6d1626dff38d,,variant-batch live execution
datm-live-2026-07-13T09-01-24-227Z,A,entity-02-normal,normal,6,2026-07-13T09:02:15.203Z,2026-07-13T09:02:15.203Z,2026-07-13T09:02:15.203Z,0,2026-07-13T09:02:15.384Z,0xf24fb2dad748319af9c310d80062fd505d2e4149f28ae6e4ecfb10f6b719d2a1,2026-07-13T09:02:19.659Z,success,37775,1000,6376859,0xaf463dc862b5a824867b6b0961400048688907fef06b6321f69905f8744ba799,2026-07-13T09:02:19.659Z,4275,4275,4456,92,Trusted,2026-07-13T09:02:14.360Z,0x9785f50ec21b6fbf233f5c0e0bf4756b7c199e5e38b9e7787a93babbe84769a1,,variant-batch live execution
datm-live-2026-07-13T09-01-24-227Z,A,entity-03-normal,normal,6,2026-07-13T09:02:15.209Z,2026-07-13T09:02:15.209Z,2026-07-13T09:02:15.209Z,0,2026-07-13T09:02:15.368Z,0x0b396543fca7e281af06b7b3682a7ef5160007f4b4847d8398f888a50008338a,2026-07-13T09:02:19.633Z,success,37775,1000,6376859,0xaf463dc862b5a824867b6b0961400048688907fef06b6321f69905f8744ba799,2026-07-13T09:02:19.633Z,4265,4265,4424,93,Trusted,2026-07-13T09:02:14.360Z,0xa8db147f0e2c1b4320a3ef148fd3f36cc7436af45b983b977bf4abfda83577cb,,variant-batch live execution
datm-live-2026-07-13T09-01-24-227Z,A,entity-04-normal,normal,6,2026-07-13T09:02:15.209Z,2026-07-13T09:02:15.209Z,2026-07-13T09:02:15.209Z,0,2026-07-13T09:02:15.385Z,0xb1516a736150a5c007dddddcb7c1b6ecd90732a4db02fa1316d983ab0665c048,2026-07-13T09:02:19.640Z,success,37775,1000,6376859,0xaf463dc862b5a824867b6b0961400048688907fef06b6321f69905f8744ba799,2026-07-13T09:02:19.640Z,4255,4255,4431,93,Trusted,2026-07-13T09:02:14.360Z,0xbd40f2099201ebee5cb2d1b4f79c81fb78f7fad613b2636c59dba510ba26c94d,,variant-batch live execution
datm-live-2026-07-13T09-01-24-227Z,A,entity-05-suspicious,suspicious,6,2026-07-13T09:02:15.209Z,2026-07-13T09:02:15.209Z,2026-07-13T09:02:15.209Z,0,2026-07-13T09:02:15.405Z,0xdf0faa51090b6e4847ac7e0a532680188ecd6c21ed970160c4c202f24338b838,2026-07-13T09:02:19.638Z,success,37775,1000,6376859,0xaf463dc862b5a824867b6b0961400048688907fef06b6321f69905f8744ba799,2026-07-13T09:02:19.638Z,4233,4233,4429,59,Suspicious,2026-07-13T09:02:14.360Z,0x0b7a8ea17eaff6f501895f8d9d19166dece0499601108f0505783a88d3b698eb,,variant-batch live execution
datm-live-2026-07-13T09-01-24-227Z,A,entity-06-suspicious,suspicious,6,2026-07-13T09:02:15.209Z,2026-07-13T09:02:15.209Z,2026-07-13T09:02:15.209Z,0,2026-07-13T09:02:15.385Z,0x6f7fe1d394333cabca22fe82bc395488fd142d243051ff1c4009447e6325fc12,2026-07-13T09:02:19.638Z,success,37775,1000,6376859,0xaf463dc862b5a824867b6b0961400048688907fef06b6321f69905f8744ba799,2026-07-13T09:02:19.638Z,4253,4253,4429,60,Suspicious,2026-07-13T09:02:14.360Z,0x99dc82dac65aad325b2ac47ec2651780230a43fe954e906940e90716fb88766b,,variant-batch live execution
datm-live-2026-07-13T09-01-24-227Z,A,entity-07-suspicious,suspicious,6,2026-07-13T09:02:15.210Z,2026-07-13T09:02:15.210Z,2026-07-13T09:02:15.210Z,0,2026-07-13T09:02:15.385Z,0x5dc2542ce3f0ff14eb7e6f0a1f651e35e917110a3c5a3297e5354b65d4df3f02,2026-07-13T09:02:19.821Z,success,37775,1000,6376859,0xaf463dc862b5a824867b6b0961400048688907fef06b6321f69905f8744ba799,2026-07-13T09:02:19.821Z,4436,4436,4611,61,Suspicious,2026-07-13T09:02:14.360Z,0x01ac2bc81735868bf8d9122107b21d44d0c7f04fc71b651fdd9360ecf2b7ce21,,variant-batch live execution
datm-live-2026-07-13T09-01-24-227Z,A,entity-08-malicious,malicious,6,2026-07-13T09:02:15.210Z,2026-07-13T09:02:15.210Z,2026-07-13T09:02:15.210Z,0,2026-07-13T09:02:15.405Z,0x45e19c1fd50f0f80a1e0d8723d9763ca0fe0c8d9c00f1daeb7f270b8da081dc5,2026-07-13T09:02:19.828Z,success,37775,1000,6376859,0xaf463dc862b5a824867b6b0961400048688907fef06b6321f69905f8744ba799,2026-07-13T09:02:19.828Z,4423,4423,4618,28,Untrusted,2026-07-13T09:02:14.360Z,0xfa859462e8d93f015e876f2d1aeb50263d0b4c59440e4dcb8bf1f023a1d909dc,,variant-batch live execution
datm-live-2026-07-13T09-01-24-227Z,A,entity-09-malicious,malicious,6,2026-07-13T09:02:15.211Z,2026-07-13T09:02:15.211Z,2026-07-13T09:02:15.211Z,0,2026-07-13T09:02:15.406Z,0x6ef755bb23e429c9c3f9a4926cf2829bf3b930f516a9d2a503ef75e65c97fd69,2026-07-13T09:02:19.837Z,success,37775,1000,6376859,0xaf463dc862b5a824867b6b0961400048688907fef06b6321f69905f8744ba799,2026-07-13T09:02:19.837Z,4431,4431,4626,29,Untrusted,2026-07-13T09:02:14.360Z,0x0b4db83e5bb6441032fec89af1528a263513cb70dd3c5019cc10602bd004ba42,,variant-batch live execution
datm-live-2026-07-13T09-01-24-227Z,A,entity-10-malicious,malicious,6,2026-07-13T09:02:15.211Z,2026-07-13T09:02:15.211Z,2026-07-13T09:02:15.211Z,0,2026-07-13T09:02:15.406Z,0xa2afb7554aed27c0735a527b9d85aec36c54fac12965d5150dc98a7ed00e4a4a,2026-07-13T09:02:19.853Z,success,37763,1000,6376859,0xaf463dc862b5a824867b6b0961400048688907fef06b6321f69905f8744ba799,2026-07-13T09:02:19.853Z,4447,4447,4642,30,Untrusted,2026-07-13T09:02:14.360Z,0x49e6048f387b9732c1fd8a926507cea33db0b71be4cd2cdba5c5c30ed1f6ccec,,variant-batch live execution
datm-live-2026-07-13T09-01-24-227Z,A,entity-01-normal,normal,7,2026-07-13T09:02:24.963Z,2026-07-13T09:02:24.963Z,2026-07-13T09:02:24.963Z,0,2026-07-13T09:02:25.083Z,0x616c36527bdfe3b6d25af6f4e5a7470cf2bac657b891228bb59b67d252010e3d,2026-07-13T09:02:29.445Z,success,37763,1000,6376861,0xc666921fb4a201a4c5bc736b63921679bb60d05f5e6e3ad56c365bfa5df9fb15,2026-07-13T09:02:29.445Z,4362,4362,4482,92,Trusted,2026-07-13T09:02:24.360Z,0x1f82efc2747363af83412e4e53f41f7f2e0c1549799c009807891564a1906716,,variant-batch live execution
datm-live-2026-07-13T09-01-24-227Z,A,entity-02-normal,normal,7,2026-07-13T09:02:24.964Z,2026-07-13T09:02:24.964Z,2026-07-13T09:02:24.964Z,0,2026-07-13T09:02:25.083Z,0xb6cf185a55b0cd91c6f41481c40bdad27b265b9bc3de98a8975df2c2476a803f,2026-07-13T09:02:29.444Z,success,37775,1000,6376861,0xc666921fb4a201a4c5bc736b63921679bb60d05f5e6e3ad56c365bfa5df9fb15,2026-07-13T09:02:29.444Z,4361,4361,4480,93,Trusted,2026-07-13T09:02:24.360Z,0x87fe0995a5cc167656ca2c73a1da367bad0dc8f38dd22a1ec3c5f2b40c348235,,variant-batch live execution
datm-live-2026-07-13T09-01-24-227Z,A,entity-03-normal,normal,7,2026-07-13T09:02:24.964Z,2026-07-13T09:02:24.964Z,2026-07-13T09:02:24.964Z,0,2026-07-13T09:02:25.072Z,0x0748a954f5628f766b3b56cce1f54365f8700705e0b6ddb0340742eff3cbfa9b,2026-07-13T09:02:29.446Z,success,37775,1000,6376861,0xc666921fb4a201a4c5bc736b63921679bb60d05f5e6e3ad56c365bfa5df9fb15,2026-07-13T09:02:29.446Z,4374,4374,4482,93,Trusted,2026-07-13T09:02:24.360Z,0x5fd48076f44206daa5bb1eaceb13e76e80379aebcc5753a54ba2daaeadb4f8f5,,variant-batch live execution
datm-live-2026-07-13T09-01-24-227Z,A,entity-04-normal,normal,7,2026-07-13T09:02:24.964Z,2026-07-13T09:02:24.964Z,2026-07-13T09:02:24.964Z,0,2026-07-13T09:02:25.083Z,0x038cac263740ee55cbef3ec89c24c3c6e9959ad52f8455908b228816b2382c7a,2026-07-13T09:02:29.474Z,success,37775,1000,6376861,0xc666921fb4a201a4c5bc736b63921679bb60d05f5e6e3ad56c365bfa5df9fb15,2026-07-13T09:02:29.474Z,4391,4391,4510,92,Trusted,2026-07-13T09:02:24.360Z,0xc8b26defeaafbdb3670d9ba4a5e90b60f4c8181bb91d7d62360450c69381b1aa,,variant-batch live execution
datm-live-2026-07-13T09-01-24-227Z,A,entity-05-suspicious,suspicious,7,2026-07-13T09:02:24.965Z,2026-07-13T09:02:24.965Z,2026-07-13T09:02:24.965Z,0,2026-07-13T09:02:25.083Z,0x543bdb09c99044ca4ca96bd2e62dab05dbd02e81a94cb380e6fca8c0b56c5757,2026-07-13T09:02:29.447Z,success,37763,1000,6376861,0xc666921fb4a201a4c5bc736b63921679bb60d05f5e6e3ad56c365bfa5df9fb15,2026-07-13T09:02:29.447Z,4364,4364,4482,60,Suspicious,2026-07-13T09:02:24.360Z,0x19dba7db353cffb3056cdb0a25540e5b96817041f8b85520a900481bea0f61e5,,variant-batch live execution
datm-live-2026-07-13T09-01-24-227Z,A,entity-06-suspicious,suspicious,7,2026-07-13T09:02:24.965Z,2026-07-13T09:02:24.965Z,2026-07-13T09:02:24.965Z,0,2026-07-13T09:02:25.083Z,0x0f6c7c747b346ee6b111110f32c4316d755834a14ed84c2780c5fee867a8b622,2026-07-13T09:02:29.427Z,success,37775,1000,6376861,0xc666921fb4a201a4c5bc736b63921679bb60d05f5e6e3ad56c365bfa5df9fb15,2026-07-13T09:02:29.427Z,4344,4344,4462,62,Suspicious,2026-07-13T09:02:24.360Z,0xf94ec08e3db3f347aca6c870fadf6384537cea93627fdef3cf49e5db9c8152bc,,variant-batch live execution
datm-live-2026-07-13T09-01-24-227Z,A,entity-07-suspicious,suspicious,7,2026-07-13T09:02:24.965Z,2026-07-13T09:02:24.965Z,2026-07-13T09:02:24.965Z,0,2026-07-13T09:02:25.111Z,0x8c06591b9788739e13d448873b36c690a512d6dfc499362684c0cf0e468874f3,2026-07-13T09:02:29.679Z,success,37763,1000,6376861,0xc666921fb4a201a4c5bc736b63921679bb60d05f5e6e3ad56c365bfa5df9fb15,2026-07-13T09:02:29.679Z,4568,4568,4714,59,Suspicious,2026-07-13T09:02:24.360Z,0xcbc9ade42e00c6f3e37a126eb30a7996c20f6ab5a41f4bf6043f18dd280c2e3f,,variant-batch live execution
datm-live-2026-07-13T09-01-24-227Z,A,entity-08-malicious,malicious,7,2026-07-13T09:02:24.966Z,2026-07-13T09:02:24.966Z,2026-07-13T09:02:24.966Z,0,2026-07-13T09:02:25.111Z,0x00368e98fb43eb96112c737adb23701eec3b7d87987cbe6ef4587302d97876ce,2026-07-13T09:02:29.704Z,success,37775,1000,6376861,0xc666921fb4a201a4c5bc736b63921679bb60d05f5e6e3ad56c365bfa5df9fb15,2026-07-13T09:02:29.704Z,4593,4593,4738,29,Untrusted,2026-07-13T09:02:24.360Z,0x33e1e9f7b659ac9d11231842ee3a7a3edc6c1ae08133694e671b2347d2312561,,variant-batch live execution
datm-live-2026-07-13T09-01-24-227Z,A,entity-09-malicious,malicious,7,2026-07-13T09:02:24.966Z,2026-07-13T09:02:24.966Z,2026-07-13T09:02:24.966Z,0,2026-07-13T09:02:25.111Z,0x4ff3a3aab31debbfa2e1a4619ae21eb6e74a3e97f034e6d90729a6c781da8729,2026-07-13T09:02:29.688Z,success,37775,1000,6376861,0xc666921fb4a201a4c5bc736b63921679bb60d05f5e6e3ad56c365bfa5df9fb15,2026-07-13T09:02:29.688Z,4577,4577,4722,28,Untrusted,2026-07-13T09:02:24.360Z,0x65ec8c3df718e8a823cef8ae0adda5d094961f3543558f22b0a6538dffdbba2f,,variant-batch live execution
datm-live-2026-07-13T09-01-24-227Z,A,entity-10-malicious,malicious,7,2026-07-13T09:02:24.967Z,2026-07-13T09:02:24.967Z,2026-07-13T09:02:24.967Z,0,2026-07-13T09:02:25.112Z,0x65ba86c42863f17e8b85ea8b4b9c6042174ee455ec2dfac4f3ed045e591aa1c8,2026-07-13T09:02:29.687Z,success,37751,1000,6376861,0xc666921fb4a201a4c5bc736b63921679bb60d05f5e6e3ad56c365bfa5df9fb15,2026-07-13T09:02:29.687Z,4575,4575,4720,29,Untrusted,2026-07-13T09:02:24.360Z,0x0040f33787fd28f7d13563def82ff8f4750d70638fa768989a6d239f7bd7e46e,,variant-batch live execution
datm-live-2026-07-13T09-01-24-227Z,A,entity-01-normal,normal,8,2026-07-13T09:02:34.835Z,2026-07-13T09:02:34.835Z,2026-07-13T09:02:34.835Z,0,2026-07-13T09:02:34.957Z,0x4f8d9ad8e9cff4c0790b81da2535dc2480f1d556bede0104d5d42b05c490d66a,2026-07-13T09:02:40.853Z,success,37763,1000,6376863,0xc8bd4481ad5ed2a67b079a5fee67e9cb1bf67cd00eb222153183f9768f31b2d2,2026-07-13T09:02:40.853Z,5896,5896,6018,93,Trusted,2026-07-13T09:02:34.360Z,0xb5db0163578b7bd479402da38aa8da92dedabf9adf71e55e00d37e416bdf3aa3,,variant-batch live execution
datm-live-2026-07-13T09-01-24-227Z,A,entity-02-normal,normal,8,2026-07-13T09:02:34.836Z,2026-07-13T09:02:34.836Z,2026-07-13T09:02:34.836Z,0,2026-07-13T09:02:34.957Z,0x3296c3c89895e2d3fb25d2b9801e21054a18e299de596088198e8decdfdbcba5,2026-07-13T09:02:40.595Z,success,37775,1000,6376863,0xc8bd4481ad5ed2a67b079a5fee67e9cb1bf67cd00eb222153183f9768f31b2d2,2026-07-13T09:02:40.595Z,5638,5638,5759,93,Trusted,2026-07-13T09:02:34.360Z,0xe7df3e57f328ba25e5f3063120caed6f375c7960942e7c84d863499bc3b9ce77,,variant-batch live execution
datm-live-2026-07-13T09-01-24-227Z,A,entity-03-normal,normal,8,2026-07-13T09:02:34.836Z,2026-07-13T09:02:34.836Z,2026-07-13T09:02:34.836Z,0,2026-07-13T09:02:34.984Z,0x86df1737eadb476516c23e24b0fb1cad0918148babdc52ae43831b63c576430b,2026-07-13T09:02:40.591Z,success,37775,1000,6376863,0xc8bd4481ad5ed2a67b079a5fee67e9cb1bf67cd00eb222153183f9768f31b2d2,2026-07-13T09:02:40.591Z,5607,5607,5755,91,Trusted,2026-07-13T09:02:34.360Z,0xd75ae7a0f9b9a00a31174d4a7b70073ac226f45627ac54288942f5ad0a6b0f5a,,variant-batch live execution
datm-live-2026-07-13T09-01-24-227Z,A,entity-04-normal,normal,8,2026-07-13T09:02:34.837Z,2026-07-13T09:02:34.837Z,2026-07-13T09:02:34.837Z,0,2026-07-13T09:02:34.983Z,0x692292cac5eb4c37f34a34b50eed95ec056c3960fa4258b01a9ace5d50e7936f,2026-07-13T09:02:40.592Z,success,37763,1000,6376863,0xc8bd4481ad5ed2a67b079a5fee67e9cb1bf67cd00eb222153183f9768f31b2d2,2026-07-13T09:02:40.592Z,5609,5609,5755,93,Trusted,2026-07-13T09:02:34.360Z,0x2e7232a3e70a1c201637b4e4f4427b66b5d6e3a95c6ef392090067f45f76afc0,,variant-batch live execution
datm-live-2026-07-13T09-01-24-227Z,A,entity-05-suspicious,suspicious,8,2026-07-13T09:02:34.837Z,2026-07-13T09:02:34.837Z,2026-07-13T09:02:34.837Z,0,2026-07-13T09:02:34.983Z,0x50241928dab58ff12ab7345f90f743be1964a448aaf3542dae670b81a0458a60,2026-07-13T09:02:40.592Z,success,37763,1000,6376863,0xc8bd4481ad5ed2a67b079a5fee67e9cb1bf67cd00eb222153183f9768f31b2d2,2026-07-13T09:02:40.592Z,5609,5609,5755,62,Suspicious,2026-07-13T09:02:34.360Z,0x73d414c93122f33c052d7878ba6984002aa912124b094d1b803e4c0568acbe6a,,variant-batch live execution
datm-live-2026-07-13T09-01-24-227Z,A,entity-06-suspicious,suspicious,8,2026-07-13T09:02:34.837Z,2026-07-13T09:02:34.837Z,2026-07-13T09:02:34.837Z,0,2026-07-13T09:02:34.984Z,0x2d3ba73dce5770fc1e321f5b7ac5ba6f9283a71406fa6c05a649b5a0ff232af9,2026-07-13T09:02:40.592Z,success,37775,1000,6376863,0xc8bd4481ad5ed2a67b079a5fee67e9cb1bf67cd00eb222153183f9768f31b2d2,2026-07-13T09:02:40.592Z,5608,5608,5755,63,Suspicious,2026-07-13T09:02:34.360Z,0x2de8f901db3785b43029c914735af4261d432176d0b4a8cc6b6d74b3f4386a61,,variant-batch live execution
datm-live-2026-07-13T09-01-24-227Z,A,entity-07-suspicious,suspicious,8,2026-07-13T09:02:34.838Z,2026-07-13T09:02:34.838Z,2026-07-13T09:02:34.838Z,0,2026-07-13T09:02:34.984Z,0xf8a0223d7dafbf9776792eb53557bb531b903b4f8930e1c697fb53e5eeeada40,2026-07-13T09:02:41.858Z,success,37775,1000,6376863,0xc8bd4481ad5ed2a67b079a5fee67e9cb1bf67cd00eb222153183f9768f31b2d2,2026-07-13T09:02:41.858Z,6874,6874,7020,60,Suspicious,2026-07-13T09:02:34.360Z,0x10666d74194d6698707c3701f3011e99d8973906d87b69f4eec98ce1b3b845c4,,variant-batch live execution
datm-live-2026-07-13T09-01-24-227Z,A,entity-08-malicious,malicious,8,2026-07-13T09:02:34.838Z,2026-07-13T09:02:34.838Z,2026-07-13T09:02:34.838Z,0,2026-07-13T09:02:34.984Z,0x212a1e0aad39b6c20f710398a73772c53dcf1a08cec2fe601a7866fbbf17c6a7,2026-07-13T09:02:41.961Z,success,37775,1000,6376863,0xc8bd4481ad5ed2a67b079a5fee67e9cb1bf67cd00eb222153183f9768f31b2d2,2026-07-13T09:02:41.961Z,6977,6977,7123,28,Untrusted,2026-07-13T09:02:34.360Z,0x22dc7ec168be143c0be0ea957bb767ee6e21319aac3d68e95410e0c57537b2c6,,variant-batch live execution
datm-live-2026-07-13T09-01-24-227Z,A,entity-09-malicious,malicious,8,2026-07-13T09:02:34.838Z,2026-07-13T09:02:34.838Z,2026-07-13T09:02:34.838Z,0,2026-07-13T09:02:34.984Z,0xcd638d488d1cebd89d7199e323843c5add6210eb233d4898dd81f0ed8f796528,2026-07-13T09:02:41.962Z,success,37775,1000,6376863,0xc8bd4481ad5ed2a67b079a5fee67e9cb1bf67cd00eb222153183f9768f31b2d2,2026-07-13T09:02:41.962Z,6978,6978,7124,28,Untrusted,2026-07-13T09:02:34.360Z,0xb3a06e6caa89ef192bf6a2b4636205ccef219f71774eade59a0104a888ddbdcb,,variant-batch live execution
datm-live-2026-07-13T09-01-24-227Z,A,entity-10-malicious,malicious,8,2026-07-13T09:02:34.838Z,2026-07-13T09:02:34.838Z,2026-07-13T09:02:34.838Z,0,2026-07-13T09:02:34.985Z,0x7e24c8945232fb2f4dcc0a90bb17fe922f8d30a064d1038d8107bb56f1c38dc6,2026-07-13T09:02:41.962Z,success,37763,1000,6376863,0xc8bd4481ad5ed2a67b079a5fee67e9cb1bf67cd00eb222153183f9768f31b2d2,2026-07-13T09:02:41.962Z,6977,6977,7124,30,Untrusted,2026-07-13T09:02:34.360Z,0x73876e992d1b6b1276960b8c11e60e5591ba6a4ea68b56138fb3d4ec68f5459c,,variant-batch live execution
datm-live-2026-07-13T09-01-24-227Z,A,entity-01-normal,normal,9,2026-07-13T09:02:48.202Z,2026-07-13T09:02:48.202Z,2026-07-13T09:02:48.202Z,0,2026-07-13T09:02:48.317Z,0x8e4bdb82455a9789d234d23870a98d8ca6ed79fb8b8dad5974b69ea5f0ff4317,2026-07-13T09:02:52.638Z,success,37775,1000,6376865,0x78bac65c7a7a5ce2fc654350e809c9f5b7bf4630dfcfb20236931e62388c7d82,2026-07-13T09:02:52.638Z,4321,4321,4436,93,Trusted,2026-07-13T09:02:44.360Z,0xda689ce910da361a170b18c3659effe74e4d766eceef6e843b084b614c4e4a05,,variant-batch live execution
datm-live-2026-07-13T09-01-24-227Z,A,entity-02-normal,normal,9,2026-07-13T09:02:48.203Z,2026-07-13T09:02:48.203Z,2026-07-13T09:02:48.203Z,0,2026-07-13T09:02:48.317Z,0x780fb02b6dac40b7c6f7e66b410192f3c7bad4ec61b298ec56629ab509d7c2b6,2026-07-13T09:02:52.621Z,success,37775,1000,6376865,0x78bac65c7a7a5ce2fc654350e809c9f5b7bf4630dfcfb20236931e62388c7d82,2026-07-13T09:02:52.621Z,4304,4304,4418,92,Trusted,2026-07-13T09:02:44.360Z,0x48d874571605af952df7c18a5ee6b12afdb107539db2228d11ae06d74c379eae,,variant-batch live execution
datm-live-2026-07-13T09-01-24-227Z,A,entity-03-normal,normal,9,2026-07-13T09:02:48.203Z,2026-07-13T09:02:48.203Z,2026-07-13T09:02:48.203Z,0,2026-07-13T09:02:48.327Z,0xf3b00c5ff4d4cd4b26f310d50a4305274622f4a4433a56037026a3825e2c8008,2026-07-13T09:02:52.634Z,success,37775,1000,6376865,0x78bac65c7a7a5ce2fc654350e809c9f5b7bf4630dfcfb20236931e62388c7d82,2026-07-13T09:02:52.634Z,4307,4307,4431,93,Trusted,2026-07-13T09:02:44.360Z,0x3133a23d404bd4b075adb3b0fd9d93b97e87905acd3d4aebce4d9403638ccab1,,variant-batch live execution
datm-live-2026-07-13T09-01-24-227Z,A,entity-04-normal,normal,9,2026-07-13T09:02:48.204Z,2026-07-13T09:02:48.204Z,2026-07-13T09:02:48.204Z,0,2026-07-13T09:02:48.328Z,0xec19381581405c7972339a81d6d45efa0efa83198e13355fc6430f661a3c4a9e,2026-07-13T09:02:52.636Z,success,37775,1000,6376865,0x78bac65c7a7a5ce2fc654350e809c9f5b7bf4630dfcfb20236931e62388c7d82,2026-07-13T09:02:52.636Z,4308,4308,4432,93,Trusted,2026-07-13T09:02:44.360Z,0x67f7a9031da875573bc62b6a484393dc6c94a38f19b85f5915b0f7a7fa5991a6,,variant-batch live execution
datm-live-2026-07-13T09-01-24-227Z,A,entity-05-suspicious,suspicious,9,2026-07-13T09:02:48.204Z,2026-07-13T09:02:48.204Z,2026-07-13T09:02:48.204Z,0,2026-07-13T09:02:48.328Z,0x9998abdbf2e345a8c01ef0867a766d9836f347d8b4a4eea6a0a825e6e10edf7e,2026-07-13T09:02:52.636Z,success,37763,1000,6376865,0x78bac65c7a7a5ce2fc654350e809c9f5b7bf4630dfcfb20236931e62388c7d82,2026-07-13T09:02:52.636Z,4308,4308,4432,63,Suspicious,2026-07-13T09:02:44.360Z,0x411ec780917aaeea1ff300d2a09764427b45bafa0a092a1912a9e274e71db05e,,variant-batch live execution
datm-live-2026-07-13T09-01-24-227Z,A,entity-06-suspicious,suspicious,9,2026-07-13T09:02:48.204Z,2026-07-13T09:02:48.204Z,2026-07-13T09:02:48.204Z,0,2026-07-13T09:02:48.328Z,0x9d29cd6af615c60b82e2c8f8d3dfab9cd5ca571376e5292e0021c2ec0ed5bb70,2026-07-13T09:02:52.649Z,success,37775,1000,6376865,0x78bac65c7a7a5ce2fc654350e809c9f5b7bf4630dfcfb20236931e62388c7d82,2026-07-13T09:02:52.649Z,4321,4321,4445,61,Suspicious,2026-07-13T09:02:44.360Z,0xc8d76d92436504015c875811b68ee312cca253b26bee11af74273b1cb9c4e373,,variant-batch live execution
datm-live-2026-07-13T09-01-24-227Z,A,entity-07-suspicious,suspicious,9,2026-07-13T09:02:48.205Z,2026-07-13T09:02:48.205Z,2026-07-13T09:02:48.205Z,0,2026-07-13T09:02:48.328Z,0xf6ab005896f65b250e91f9d1c106b6c71d4d4100b0852a416e388ed08f2d46cb,2026-07-13T09:02:52.832Z,success,37775,1000,6376865,0x78bac65c7a7a5ce2fc654350e809c9f5b7bf4630dfcfb20236931e62388c7d82,2026-07-13T09:02:52.832Z,4504,4504,4627,62,Suspicious,2026-07-13T09:02:44.360Z,0x12a15e7358cee9350fc8209e562416d89f607a3b9dce6607f2fc0b201e72d74e,,variant-batch live execution
datm-live-2026-07-13T09-01-24-227Z,A,entity-08-malicious,malicious,9,2026-07-13T09:02:48.205Z,2026-07-13T09:02:48.205Z,2026-07-13T09:02:48.205Z,0,2026-07-13T09:02:48.341Z,0xac0ca6787b52988f3c7f3a1ef9d077a00d8d9df69d322cd0e9e59be140415f61,2026-07-13T09:02:52.812Z,success,37775,1000,6376865,0x78bac65c7a7a5ce2fc654350e809c9f5b7bf4630dfcfb20236931e62388c7d82,2026-07-13T09:02:52.812Z,4471,4471,4607,28,Untrusted,2026-07-13T09:02:44.360Z,0x9d79b6e056ad71977c91bd073a0788ce8339098a32c2144ac8177f53f7c52c34,,variant-batch live execution
datm-live-2026-07-13T09-01-24-227Z,A,entity-09-malicious,malicious,9,2026-07-13T09:02:48.205Z,2026-07-13T09:02:48.205Z,2026-07-13T09:02:48.205Z,0,2026-07-13T09:02:48.341Z,0x691a51bfe17af552a46eafa573ccb40aa2985dd0ebf3ee11a27fa35a03017f2b,2026-07-13T09:02:52.842Z,success,37775,1000,6376865,0x78bac65c7a7a5ce2fc654350e809c9f5b7bf4630dfcfb20236931e62388c7d82,2026-07-13T09:02:52.842Z,4501,4501,4637,29,Untrusted,2026-07-13T09:02:44.360Z,0x408803a29be81a418c2f2a02d43a91a28145f21d9e3a6ed7ae765aa780fe5513,,variant-batch live execution
datm-live-2026-07-13T09-01-24-227Z,A,entity-10-malicious,malicious,9,2026-07-13T09:02:48.205Z,2026-07-13T09:02:48.205Z,2026-07-13T09:02:48.205Z,0,2026-07-13T09:02:48.341Z,0x655051afe81ae07e677b74dc07775f3a59607f6f3305d720bdc7940eec08ab2a,2026-07-13T09:02:52.849Z,success,37763,1000,6376865,0x78bac65c7a7a5ce2fc654350e809c9f5b7bf4630dfcfb20236931e62388c7d82,2026-07-13T09:02:52.849Z,4508,4508,4644,29,Untrusted,2026-07-13T09:02:44.360Z,0xcc1a956c2a91e5e1028e7ca20d430746a702c4c15c50601d77df360ccc0d3902,,variant-batch live execution
datm-live-2026-07-13T09-01-24-227Z,A,entity-01-normal,normal,10,2026-07-13T09:02:57.997Z,2026-07-13T09:02:57.997Z,2026-07-13T09:02:57.997Z,0,2026-07-13T09:02:58.107Z,0x5655db3002b30ea3549bccc89b19d580b3873a0990d6774cad978ac9ecb84846,2026-07-13T09:03:02.350Z,success,37775,1000,6376867,0x40e9ea050bf5d58b512a8645276493b8231a7dcc44cc22cf68653657ca7ef528,2026-07-13T09:03:02.350Z,4243,4243,4353,91,Trusted,2026-07-13T09:02:54.360Z,0x854186181bb04513ae2268ddbf88db527fa75267934b16f8f5c9311dde0dc5d2,,variant-batch live execution
datm-live-2026-07-13T09-01-24-227Z,A,entity-02-normal,normal,10,2026-07-13T09:02:57.998Z,2026-07-13T09:02:57.998Z,2026-07-13T09:02:57.998Z,0,2026-07-13T09:02:58.115Z,0x3038cb68cc15a2c8805679f3d696ec27a21aee028f96f6af711b5f7f730c9d76,2026-07-13T09:03:02.348Z,success,37775,1000,6376867,0x40e9ea050bf5d58b512a8645276493b8231a7dcc44cc22cf68653657ca7ef528,2026-07-13T09:03:02.348Z,4233,4233,4350,93,Trusted,2026-07-13T09:02:54.360Z,0x1fa557ac05204c50b9420a7a5c84941c5179c3a6cfa7b41c5dd280ed3e52c6bf,,variant-batch live execution
datm-live-2026-07-13T09-01-24-227Z,A,entity-03-normal,normal,10,2026-07-13T09:02:57.999Z,2026-07-13T09:02:57.999Z,2026-07-13T09:02:57.999Z,0,2026-07-13T09:02:58.115Z,0x4d974b0b370170d0f0a9aabcd2fb49b771ad67a5cee6e6d3ee8250d159e0bc1b,2026-07-13T09:03:02.351Z,success,37775,1000,6376867,0x40e9ea050bf5d58b512a8645276493b8231a7dcc44cc22cf68653657ca7ef528,2026-07-13T09:03:02.351Z,4236,4236,4352,93,Trusted,2026-07-13T09:02:54.360Z,0x6db81c0a6b53fd404bc2fddfce01ea4a7ba27cce360e37358d68a06acb99a9ed,,variant-batch live execution
datm-live-2026-07-13T09-01-24-227Z,A,entity-04-normal,normal,10,2026-07-13T09:02:57.999Z,2026-07-13T09:02:57.999Z,2026-07-13T09:02:57.999Z,0,2026-07-13T09:02:58.115Z,0xecb7c61b4207c83cc245b1dae3bb3d36428024953bedc631b3c569ab25266543,2026-07-13T09:03:02.392Z,success,37775,1000,6376867,0x40e9ea050bf5d58b512a8645276493b8231a7dcc44cc22cf68653657ca7ef528,2026-07-13T09:03:02.392Z,4277,4277,4393,91,Trusted,2026-07-13T09:02:54.360Z,0x2baa3507acc02cf913191828116945399383a7b3caa51df4f894b49535c3a304,,variant-batch live execution
datm-live-2026-07-13T09-01-24-227Z,A,entity-05-suspicious,suspicious,10,2026-07-13T09:02:57.999Z,2026-07-13T09:02:57.999Z,2026-07-13T09:02:57.999Z,0,2026-07-13T09:02:58.116Z,0x1294755b6eb92fa27edbae155df8563cae2103fdff42a1fd464d58a5a1680e98,2026-07-13T09:03:02.351Z,success,37775,1000,6376867,0x40e9ea050bf5d58b512a8645276493b8231a7dcc44cc22cf68653657ca7ef528,2026-07-13T09:03:02.351Z,4235,4235,4352,61,Suspicious,2026-07-13T09:02:54.360Z,0xc70621dfd3aa1f1e45f5455e6931eb587119b3dea0eeed23af68f143596ccdee,,variant-batch live execution
datm-live-2026-07-13T09-01-24-227Z,A,entity-06-suspicious,suspicious,10,2026-07-13T09:02:58.000Z,2026-07-13T09:02:58.000Z,2026-07-13T09:02:58.000Z,0,2026-07-13T09:02:58.131Z,0x9466a55146e70a42c00b9ad734875f152f84a2ea3ef94bcb26b036ea4625c8e8,2026-07-13T09:03:02.353Z,success,37775,1000,6376867,0x40e9ea050bf5d58b512a8645276493b8231a7dcc44cc22cf68653657ca7ef528,2026-07-13T09:03:02.353Z,4222,4222,4353,60,Suspicious,2026-07-13T09:02:54.360Z,0x82152fd64a43bdba7740e2bb498c43a7501fac6059528394961bddabbdfef776,,variant-batch live execution
datm-live-2026-07-13T09-01-24-227Z,A,entity-07-suspicious,suspicious,10,2026-07-13T09:02:58.000Z,2026-07-13T09:02:58.000Z,2026-07-13T09:02:58.000Z,0,2026-07-13T09:02:58.131Z,0xbdf367172a62bf3133b46f56a7688a392c9a7aa94c960d6a8e0c2a67c233017a,2026-07-13T09:03:02.545Z,success,37775,1000,6376867,0x40e9ea050bf5d58b512a8645276493b8231a7dcc44cc22cf68653657ca7ef528,2026-07-13T09:03:02.545Z,4414,4414,4545,63,Suspicious,2026-07-13T09:02:54.360Z,0x1b1fb82cfaab9c5df4b6c0558798d1e428eb9d965759dd3a1ce0eb08528ed7f1,,variant-batch live execution
datm-live-2026-07-13T09-01-24-227Z,A,entity-08-malicious,malicious,10,2026-07-13T09:02:58.000Z,2026-07-13T09:02:58.000Z,2026-07-13T09:02:58.000Z,0,2026-07-13T09:02:58.116Z,0x33fb94af6b85201a888e22aa67341aad45753e1be017a9f9ae3622f610f24bde,2026-07-13T09:03:02.563Z,success,37775,1000,6376867,0x40e9ea050bf5d58b512a8645276493b8231a7dcc44cc22cf68653657ca7ef528,2026-07-13T09:03:02.563Z,4447,4447,4563,29,Untrusted,2026-07-13T09:02:54.360Z,0xac15e00851d80974fabfa70ba4ac8c306646e9ea2f5f16b9f56d2e0c071fd4c0,,variant-batch live execution
datm-live-2026-07-13T09-01-24-227Z,A,entity-09-malicious,malicious,10,2026-07-13T09:02:58.001Z,2026-07-13T09:02:58.001Z,2026-07-13T09:02:58.001Z,0,2026-07-13T09:02:58.131Z,0x5d3d92d30699190d1fc712dbf69edc2895c7e3bab28cf357712bb4e46fb102ce,2026-07-13T09:03:02.587Z,success,37775,1000,6376867,0x40e9ea050bf5d58b512a8645276493b8231a7dcc44cc22cf68653657ca7ef528,2026-07-13T09:03:02.587Z,4456,4456,4586,27,Untrusted,2026-07-13T09:02:54.360Z,0xcf1f6e5673ccb54a58f24b752d08982bb59e3cb65bc45aeb598c1d6de30bad2e,,variant-batch live execution
datm-live-2026-07-13T09-01-24-227Z,A,entity-10-malicious,malicious,10,2026-07-13T09:02:58.001Z,2026-07-13T09:02:58.001Z,2026-07-13T09:02:58.001Z,0,2026-07-13T09:02:58.131Z,0x09854c636837bdad39997e2126919715bc72d0f21ec6eaa5c18f7f415323a995,2026-07-13T09:03:02.588Z,success,37763,1000,6376867,0x40e9ea050bf5d58b512a8645276493b8231a7dcc44cc22cf68653657ca7ef528,2026-07-13T09:03:02.588Z,4457,4457,4587,29,Untrusted,2026-07-13T09:02:54.360Z,0x62107fb00b9eaeda83f524345ee0d59430cefd9934f981dfc48b3755ee054038,,variant-batch live execution
datm-live-2026-07-13T09-01-24-227Z,A,entity-01-normal,normal,11,2026-07-13T09:03:07.709Z,2026-07-13T09:03:07.709Z,2026-07-13T09:03:07.709Z,0,2026-07-13T09:03:07.823Z,0x5428880014bd89671ff6d92b1546315f8b19b3d7ee07417c4ad7c995ce757c2e,2026-07-13T09:03:12.086Z,success,37763,1000,6376869,0x72c8455a5f253e040880c0279861459c796204527dbaf54a842f0b32d5a034d6,2026-07-13T09:03:12.086Z,4263,4263,4377,92,Trusted,2026-07-13T09:03:04.360Z,0x288905007ef2c1c578a0d43eb7428e066f9ba566db101074e3a13aa16fb1c5e2,,variant-batch live execution
datm-live-2026-07-13T09-01-24-227Z,A,entity-02-normal,normal,11,2026-07-13T09:03:07.710Z,2026-07-13T09:03:07.710Z,2026-07-13T09:03:07.710Z,0,2026-07-13T09:03:07.824Z,0xdedc5c3961a68fb42a89f0691664067445ce86daa881c4ed8711f16abb6ac2cd,2026-07-13T09:03:12.082Z,success,37775,1000,6376869,0x72c8455a5f253e040880c0279861459c796204527dbaf54a842f0b32d5a034d6,2026-07-13T09:03:12.082Z,4258,4258,4372,92,Trusted,2026-07-13T09:03:04.360Z,0x747027186746f594eb44100e6afb67c163f8f7c5ec6ed57b5bb7e950840e33b7,,variant-batch live execution
datm-live-2026-07-13T09-01-24-227Z,A,entity-03-normal,normal,11,2026-07-13T09:03:07.711Z,2026-07-13T09:03:07.711Z,2026-07-13T09:03:07.711Z,0,2026-07-13T09:03:07.824Z,0x7dae53245e04529702bd958503000534f9534dd0d831559c99e7dfc40c730505,2026-07-13T09:03:12.084Z,success,37775,1000,6376869,0x72c8455a5f253e040880c0279861459c796204527dbaf54a842f0b32d5a034d6,2026-07-13T09:03:12.084Z,4260,4260,4373,91,Trusted,2026-07-13T09:03:04.360Z,0xb939ce1491e028f5ff631ee7f5b88b1a49fd634daea447760971a27d1c88229f,,variant-batch live execution
datm-live-2026-07-13T09-01-24-227Z,A,entity-04-normal,normal,11,2026-07-13T09:03:07.711Z,2026-07-13T09:03:07.711Z,2026-07-13T09:03:07.711Z,0,2026-07-13T09:03:07.824Z,0xea7048ed13f8bdd4f854baed2c560ce71ffe66e6d1a188d7bc240104e3f71841,2026-07-13T09:03:12.086Z,success,37775,1000,6376869,0x72c8455a5f253e040880c0279861459c796204527dbaf54a842f0b32d5a034d6,2026-07-13T09:03:12.086Z,4262,4262,4375,92,Trusted,2026-07-13T09:03:04.360Z,0x4983ec7fbeb8f58caef3356b6d4637b5891e286d42f2390bfe403f6b960cdc66,,variant-batch live execution
datm-live-2026-07-13T09-01-24-227Z,A,entity-05-suspicious,suspicious,11,2026-07-13T09:03:07.711Z,2026-07-13T09:03:07.711Z,2026-07-13T09:03:07.711Z,0,2026-07-13T09:03:07.825Z,0xe7e5b5c3fa9807f2940cc32f7bf30adbe4049556042a842270f6a86075c8a80f,2026-07-13T09:03:12.086Z,success,37775,1000,6376869,0x72c8455a5f253e040880c0279861459c796204527dbaf54a842f0b32d5a034d6,2026-07-13T09:03:12.086Z,4261,4261,4375,60,Suspicious,2026-07-13T09:03:04.360Z,0x559e242c405dd08458663f547e200eed3df2fd5eb66f2c2785bc07c1bae94168,,variant-batch live execution
datm-live-2026-07-13T09-01-24-227Z,A,entity-06-suspicious,suspicious,11,2026-07-13T09:03:07.712Z,2026-07-13T09:03:07.712Z,2026-07-13T09:03:07.712Z,0,2026-07-13T09:03:07.825Z,0x2ad7631530c054607aae3342a99d4667698a481ff371cca95b86eb9c3f63a195,2026-07-13T09:03:12.109Z,success,37763,1000,6376869,0x72c8455a5f253e040880c0279861459c796204527dbaf54a842f0b32d5a034d6,2026-07-13T09:03:12.109Z,4284,4284,4397,61,Suspicious,2026-07-13T09:03:04.360Z,0x72e71f1b0206a2091ef4239b5957f8f56830ed00d6b2028fbddb4058310b2733,,variant-batch live execution
datm-live-2026-07-13T09-01-24-227Z,A,entity-07-suspicious,suspicious,11,2026-07-13T09:03:07.712Z,2026-07-13T09:03:07.712Z,2026-07-13T09:03:07.712Z,0,2026-07-13T09:03:07.852Z,0x95ef72cde52e06c1db409e4dc1f3d74239c53a04b3a7a1eed6383cca3b4d23ae,2026-07-13T09:03:12.410Z,success,37775,1000,6376869,0x72c8455a5f253e040880c0279861459c796204527dbaf54a842f0b32d5a034d6,2026-07-13T09:03:12.410Z,4558,4558,4698,60,Suspicious,2026-07-13T09:03:04.360Z,0x08ad0e16d3d750394a6e09d48abf988409c6c62980eb684bf4a6b95c44ba6240,,variant-batch live execution
datm-live-2026-07-13T09-01-24-227Z,A,entity-08-malicious,malicious,11,2026-07-13T09:03:07.712Z,2026-07-13T09:03:07.712Z,2026-07-13T09:03:07.712Z,0,2026-07-13T09:03:07.852Z,0x8fa1dd7fbb3d6b7c671a755e263ebbe14ec7c3379d76db284f0e26be9efc944f,2026-07-13T09:03:12.437Z,success,37775,1000,6376869,0x72c8455a5f253e040880c0279861459c796204527dbaf54a842f0b32d5a034d6,2026-07-13T09:03:12.437Z,4585,4585,4725,27,Untrusted,2026-07-13T09:03:04.360Z,0x8a0e62bea46d818f0ac4ad6ae2ae582ccdd16def9ad7cd078f075707b6ea6583,,variant-batch live execution
datm-live-2026-07-13T09-01-24-227Z,A,entity-09-malicious,malicious,11,2026-07-13T09:03:07.712Z,2026-07-13T09:03:07.712Z,2026-07-13T09:03:07.713Z,1,2026-07-13T09:03:07.853Z,0xf2e31d4b523449eaba1d3f0a4a11fd5eef21718ec60aa8983b7933adf43f0ea4,2026-07-13T09:03:12.414Z,success,37775,1000,6376869,0x72c8455a5f253e040880c0279861459c796204527dbaf54a842f0b32d5a034d6,2026-07-13T09:03:12.414Z,4561,4561,4702,27,Untrusted,2026-07-13T09:03:04.360Z,0x21263a8b91e93da12626911f0cee4720d68c61bee4dceaacae1191e53f816d2e,,variant-batch live execution
datm-live-2026-07-13T09-01-24-227Z,A,entity-10-malicious,malicious,11,2026-07-13T09:03:07.713Z,2026-07-13T09:03:07.713Z,2026-07-13T09:03:07.713Z,0,2026-07-13T09:03:07.853Z,0x37715ffd26854bdcb4c6aa08b92834346352f0ceab2e9b3d069b404ec6bde4cd,2026-07-13T09:03:12.412Z,success,37763,1000,6376869,0x72c8455a5f253e040880c0279861459c796204527dbaf54a842f0b32d5a034d6,2026-07-13T09:03:12.412Z,4559,4559,4699,30,Untrusted,2026-07-13T09:03:04.360Z,0x9984d289e34fea665f318b3ad7c031862b694becdd2ed8d308a80693e9484e36,,variant-batch live execution
datm-live-2026-07-13T09-01-24-227Z,A,entity-01-normal,normal,12,2026-07-13T09:03:17.566Z,2026-07-13T09:03:17.566Z,2026-07-13T09:03:17.566Z,0,2026-07-13T09:03:17.689Z,0x51732c03694789e3001e30b1e943b4918e97b716b1a4efd04dddbad5dfb90f5c,2026-07-13T09:03:22.944Z,success,37775,1000,6376871,0x621cfea887b34b45cbe7653521374f74c976353b6aece42f262d8bdfd6dce30d,2026-07-13T09:03:22.944Z,5255,5255,5378,93,Trusted,2026-07-13T09:03:14.360Z,0xeb8cc030c55df678fbf8f6cec3ee07ad2224cc2eaf954a9722ea06127629c5ae,,variant-batch live execution
datm-live-2026-07-13T09-01-24-227Z,A,entity-02-normal,normal,12,2026-07-13T09:03:17.567Z,2026-07-13T09:03:17.567Z,2026-07-13T09:03:17.567Z,0,2026-07-13T09:03:17.689Z,0x7a9a55da177c0c6bc363f186f5c504581358a88f66e5f958a16ca4b8377eab8e,2026-07-13T09:03:22.943Z,success,37775,1000,6376871,0x621cfea887b34b45cbe7653521374f74c976353b6aece42f262d8bdfd6dce30d,2026-07-13T09:03:22.943Z,5254,5254,5376,92,Trusted,2026-07-13T09:03:14.360Z,0xd8cf3a2dde94d302cd36496931d2ecadc4ddc2e79e81a918f1d5cfd44c06202b,,variant-batch live execution
datm-live-2026-07-13T09-01-24-227Z,A,entity-03-normal,normal,12,2026-07-13T09:03:17.567Z,2026-07-13T09:03:17.567Z,2026-07-13T09:03:17.567Z,0,2026-07-13T09:03:17.712Z,0xb3f54178a5daded38f484998c0e38917dedb6a9024de3f46b97aab4ef3754aa4,2026-07-13T09:03:22.946Z,success,37775,1000,6376871,0x621cfea887b34b45cbe7653521374f74c976353b6aece42f262d8bdfd6dce30d,2026-07-13T09:03:22.946Z,5234,5234,5379,93,Trusted,2026-07-13T09:03:14.360Z,0x2f4650e420f8ec7231905c162759a5aafc43f5df01cb9c6fbaa10d2d34157ea2,,variant-batch live execution
datm-live-2026-07-13T09-01-24-227Z,A,entity-04-normal,normal,12,2026-07-13T09:03:17.568Z,2026-07-13T09:03:17.568Z,2026-07-13T09:03:17.568Z,0,2026-07-13T09:03:17.712Z,0x6a7b59e091c7aad9343ee2e5f8207af24d2cd92b5f9bc6acc6a096b5ba9e3c76,2026-07-13T09:03:22.959Z,success,37775,1000,6376871,0x621cfea887b34b45cbe7653521374f74c976353b6aece42f262d8bdfd6dce30d,2026-07-13T09:03:22.959Z,5247,5247,5391,93,Trusted,2026-07-13T09:03:14.360Z,0xf3e90d7a1cc8021c0c9f1a4ff4a47597460642092f4ee6cf785cc85e65f07d37,,variant-batch live execution
datm-live-2026-07-13T09-01-24-227Z,A,entity-05-suspicious,suspicious,12,2026-07-13T09:03:17.568Z,2026-07-13T09:03:17.568Z,2026-07-13T09:03:17.568Z,0,2026-07-13T09:03:17.716Z,0x0c3b01a053ca4f4c5e91f12b0787a142346a1cf9bc59f4e34dcc9985dd7b62a7,2026-07-13T09:03:22.945Z,success,37775,1000,6376871,0x621cfea887b34b45cbe7653521374f74c976353b6aece42f262d8bdfd6dce30d,2026-07-13T09:03:22.945Z,5229,5229,5377,61,Suspicious,2026-07-13T09:03:14.360Z,0xfac4fd2cec1af0cce8740f03b0a88f609e66e08f218b061e80457dfdc9e4e63f,,variant-batch live execution
datm-live-2026-07-13T09-01-24-227Z,A,entity-06-suspicious,suspicious,12,2026-07-13T09:03:17.569Z,2026-07-13T09:03:17.569Z,2026-07-13T09:03:17.569Z,0,2026-07-13T09:03:17.712Z,0x87f50e0a9870fb8e8d9719c4362775f3da676bb83213f73b2226bb62dccbd15a,2026-07-13T09:03:22.947Z,success,37775,1000,6376871,0x621cfea887b34b45cbe7653521374f74c976353b6aece42f262d8bdfd6dce30d,2026-07-13T09:03:22.947Z,5235,5235,5378,62,Suspicious,2026-07-13T09:03:14.360Z,0xe62efb5e958fdbeafd6768eac955a33fcb8e417ce23a49e51ef68c1942760bc7,,variant-batch live execution
datm-live-2026-07-13T09-01-24-227Z,A,entity-07-suspicious,suspicious,12,2026-07-13T09:03:17.569Z,2026-07-13T09:03:17.569Z,2026-07-13T09:03:17.569Z,0,2026-07-13T09:03:17.713Z,0xc0297b9743e38a5281c5e612fd982ae2314ab75cad0711bb4e203d830e1fb111,2026-07-13T09:03:23.176Z,success,37775,1000,6376871,0x621cfea887b34b45cbe7653521374f74c976353b6aece42f262d8bdfd6dce30d,2026-07-13T09:03:23.176Z,5463,5463,5607,60,Suspicious,2026-07-13T09:03:14.360Z,0x01dae6679e2df05cada8d1947dc4e5a4c3c5a0c74201458a361f56059e2496cb,,variant-batch live execution
datm-live-2026-07-13T09-01-24-227Z,A,entity-08-malicious,malicious,12,2026-07-13T09:03:17.570Z,2026-07-13T09:03:17.570Z,2026-07-13T09:03:17.570Z,0,2026-07-13T09:03:17.713Z,0xa5d29c80284383e51e4f4ebfbfe2d2d0a95fb1e5062c8e3def9291c962802bf1,2026-07-13T09:03:23.147Z,success,37775,1000,6376871,0x621cfea887b34b45cbe7653521374f74c976353b6aece42f262d8bdfd6dce30d,2026-07-13T09:03:23.147Z,5434,5434,5577,27,Untrusted,2026-07-13T09:03:14.360Z,0x610a8563242eb8069e25aafea6c15e82f52308fa93bfc0cff6da800957468a45,,variant-batch live execution
datm-live-2026-07-13T09-01-24-227Z,A,entity-09-malicious,malicious,12,2026-07-13T09:03:17.570Z,2026-07-13T09:03:17.570Z,2026-07-13T09:03:17.570Z,0,2026-07-13T09:03:17.716Z,0xda8186a3a0cb9e6fbcfc0450769a161959cfeb30e92a85a86e0067443cde7ece,2026-07-13T09:03:23.144Z,success,37775,1000,6376871,0x621cfea887b34b45cbe7653521374f74c976353b6aece42f262d8bdfd6dce30d,2026-07-13T09:03:23.144Z,5428,5428,5574,29,Untrusted,2026-07-13T09:03:14.360Z,0xbb12aa329e75c9cc30453cd8601e06428a0dd3151f6f4896c4060db5b0e9ca26,,variant-batch live execution
datm-live-2026-07-13T09-01-24-227Z,A,entity-10-malicious,malicious,12,2026-07-13T09:03:17.570Z,2026-07-13T09:03:17.570Z,2026-07-13T09:03:17.570Z,0,2026-07-13T09:03:17.716Z,0xb5541f19488f90df809362044baa2bfe88d12556ba2bf54208909456f45d7814,2026-07-13T09:03:23.138Z,success,37763,1000,6376871,0x621cfea887b34b45cbe7653521374f74c976353b6aece42f262d8bdfd6dce30d,2026-07-13T09:03:23.138Z,5422,5422,5568,28,Untrusted,2026-07-13T09:03:14.360Z,0x0b55ccb04b7d7d6d16f88e66e52fe20db6e2c2f42346e735bbfd9313b9c7a18c,,variant-batch live execution
datm-live-2026-07-13T09-01-24-227Z,A,entity-01-normal,normal,13,2026-07-13T09:03:28.317Z,2026-07-13T09:03:28.317Z,2026-07-13T09:03:28.317Z,0,2026-07-13T09:03:28.551Z,0x7816b67683645de4080044ac1e4b67942d04fc890f1d6f2b1cc21b7a6776eb70,2026-07-13T09:03:28.954Z,success,37775,1000,6376873,0xf8ad4a9900c91780532d9166aabd7226acd4ba9b1223872ef81d1fefad630009,2026-07-13T09:03:28.954Z,403,403,637,92,Trusted,2026-07-13T09:03:24.360Z,0x218df87c4cc4764ee612ecc7b365f90df772faa12f88ff0e68fe3b786eb8ce14,,variant-batch live execution
datm-live-2026-07-13T09-01-24-227Z,A,entity-02-normal,normal,13,2026-07-13T09:03:28.318Z,2026-07-13T09:03:28.318Z,2026-07-13T09:03:28.318Z,0,2026-07-13T09:03:28.542Z,0xe86acde345b7cb4fbbf944e7bb2058fe88c17461bb57aeab9f54afe13fabccd5,2026-07-13T09:03:28.955Z,success,37775,1000,6376873,0xf8ad4a9900c91780532d9166aabd7226acd4ba9b1223872ef81d1fefad630009,2026-07-13T09:03:28.955Z,413,413,637,93,Trusted,2026-07-13T09:03:24.360Z,0x78a9b6e254523cf272b4d2138b8090da0b6cecb0cb41b95917d76603e1eef710,,variant-batch live execution
datm-live-2026-07-13T09-01-24-227Z,A,entity-03-normal,normal,13,2026-07-13T09:03:28.318Z,2026-07-13T09:03:28.318Z,2026-07-13T09:03:28.318Z,0,2026-07-13T09:03:28.552Z,0xcc94e7133f9279fcc729cf713c57af7e1a5657cf3a06344d1770a71625fb9315,2026-07-13T09:03:28.956Z,success,37775,1000,6376873,0xf8ad4a9900c91780532d9166aabd7226acd4ba9b1223872ef81d1fefad630009,2026-07-13T09:03:28.956Z,404,404,638,93,Trusted,2026-07-13T09:03:24.360Z,0xa8eb836b2cd4ac670b223626cbe063afa6e72e694cafc94c764294360e222e2c,,variant-batch live execution
datm-live-2026-07-13T09-01-24-227Z,A,entity-04-normal,normal,13,2026-07-13T09:03:28.319Z,2026-07-13T09:03:28.319Z,2026-07-13T09:03:28.319Z,0,2026-07-13T09:03:28.552Z,0x7e4cad832d0812626a2efe4e47bd7af4affcf853d0de8b42f84813fa74aa2edb,2026-07-13T09:03:28.973Z,success,37775,1000,6376873,0xf8ad4a9900c91780532d9166aabd7226acd4ba9b1223872ef81d1fefad630009,2026-07-13T09:03:28.973Z,421,421,654,92,Trusted,2026-07-13T09:03:24.360Z,0xda8e7f589bbad4e518c4343a0d1a37e402d58a1f557a6dff4e9c7e7279723adc,,variant-batch live execution
datm-live-2026-07-13T09-01-24-227Z,A,entity-05-suspicious,suspicious,13,2026-07-13T09:03:28.319Z,2026-07-13T09:03:28.319Z,2026-07-13T09:03:28.319Z,0,2026-07-13T09:03:28.552Z,0xbffe14dfdb217b57d3f2fbd05be73f205308fbbe158bd1029230c81a38f15f67,2026-07-13T09:03:28.948Z,success,37775,1000,6376873,0xf8ad4a9900c91780532d9166aabd7226acd4ba9b1223872ef81d1fefad630009,2026-07-13T09:03:28.948Z,396,396,629,62,Suspicious,2026-07-13T09:03:24.360Z,0xc3951fa653b603835cacb1fc2ee34536be1f2988805ee0f48ba5a7a8a1f25f93,,variant-batch live execution
datm-live-2026-07-13T09-01-24-227Z,A,entity-06-suspicious,suspicious,13,2026-07-13T09:03:28.320Z,2026-07-13T09:03:28.320Z,2026-07-13T09:03:28.320Z,0,2026-07-13T09:03:28.552Z,0x1320bf028a4805809da64a30cff801cd6d98f564608a43543039e0d76fb72835,2026-07-13T09:03:28.952Z,success,37775,1000,6376873,0xf8ad4a9900c91780532d9166aabd7226acd4ba9b1223872ef81d1fefad630009,2026-07-13T09:03:28.952Z,400,400,632,61,Suspicious,2026-07-13T09:03:24.360Z,0x82779d1f4271c91cb5e08fb14a830bdfa7072a84282840084ba97223c837155d,,variant-batch live execution
datm-live-2026-07-13T09-01-24-227Z,A,entity-07-suspicious,suspicious,13,2026-07-13T09:03:28.320Z,2026-07-13T09:03:28.320Z,2026-07-13T09:03:28.320Z,0,2026-07-13T09:03:28.646Z,0xb4835b7d172dd4264d61d7b7b622636209be809456a8799feb2f1525e3a2f1ca,2026-07-13T09:03:29.239Z,success,37775,1000,6376873,0xf8ad4a9900c91780532d9166aabd7226acd4ba9b1223872ef81d1fefad630009,2026-07-13T09:03:29.239Z,593,593,919,61,Suspicious,2026-07-13T09:03:24.360Z,0x02c322363022121fcb2520d35780eeeced9b7b9332567aaf76d44cc6a8326b05,,variant-batch live execution
datm-live-2026-07-13T09-01-24-227Z,A,entity-08-malicious,malicious,13,2026-07-13T09:03:28.320Z,2026-07-13T09:03:28.320Z,2026-07-13T09:03:28.320Z,0,2026-07-13T09:03:28.646Z,0x58d8471a55f743707d5d0bb0b052ef7d4d0841b796f3fa843c95e995fa8609a3,2026-07-13T09:03:29.241Z,success,37775,1000,6376873,0xf8ad4a9900c91780532d9166aabd7226acd4ba9b1223872ef81d1fefad630009,2026-07-13T09:03:29.241Z,595,595,921,29,Untrusted,2026-07-13T09:03:24.360Z,0x3945e4bfc28986fbbba1e6266e6058f7cf2bc0457640c75728f2cac2a16e8581,,variant-batch live execution
datm-live-2026-07-13T09-01-24-227Z,A,entity-09-malicious,malicious,13,2026-07-13T09:03:28.321Z,2026-07-13T09:03:28.321Z,2026-07-13T09:03:28.321Z,0,2026-07-13T09:03:28.646Z,0x87698711e6becb8586a7f4ab9ffa97169d549e15bad6c369fc5de0e17a48d5f5,2026-07-13T09:03:29.275Z,success,37775,1000,6376873,0xf8ad4a9900c91780532d9166aabd7226acd4ba9b1223872ef81d1fefad630009,2026-07-13T09:03:29.275Z,629,629,954,27,Untrusted,2026-07-13T09:03:24.360Z,0x70ad95700cf812cb7672e8d9cf4e93eca30e2186bb542f1918297b796af15de5,,variant-batch live execution
datm-live-2026-07-13T09-01-24-227Z,A,entity-10-malicious,malicious,13,2026-07-13T09:03:28.321Z,2026-07-13T09:03:28.321Z,2026-07-13T09:03:28.321Z,0,2026-07-13T09:03:28.646Z,0xf2c60b31a9cf23ce51ca4761ddf4caa9e44edd683405ebb01d86d01ed37bf65a,2026-07-13T09:03:29.332Z,success,37763,1000,6376873,0xf8ad4a9900c91780532d9166aabd7226acd4ba9b1223872ef81d1fefad630009,2026-07-13T09:03:29.332Z,686,686,1011,27,Untrusted,2026-07-13T09:03:24.360Z,0x5b13538c1f02be2975609cd425da8f1e6c055dc13d1786ea9636d3cdbcde9a0c,,variant-batch live execution
datm-live-2026-07-13T09-01-24-227Z,A,entity-01-normal,normal,14,2026-07-13T09:03:34.835Z,2026-07-13T09:03:34.835Z,2026-07-13T09:03:34.835Z,0,2026-07-13T09:03:34.948Z,0xf181f1b3028476eb81013c2427c21b7549e36fcfdb8691806f3a51257714c87b,2026-07-13T09:03:39.804Z,success,37775,1000,6376875,0x2264c40bef8c9b1fa7c9a989ab8235256430aedebe4fd43c704baae56d49d30d,2026-07-13T09:03:39.804Z,4856,4856,4969,92,Trusted,2026-07-13T09:03:34.360Z,0x7c03f139d88e8c21aca0c8055059391be5bd7a99d8a2434e94022e173f3ce0b7,,variant-batch live execution
datm-live-2026-07-13T09-01-24-227Z,A,entity-02-normal,normal,14,2026-07-13T09:03:34.836Z,2026-07-13T09:03:34.836Z,2026-07-13T09:03:34.836Z,0,2026-07-13T09:03:34.948Z,0xf325f3149c1857e63378ea2c097be10f032be0b4ff6e05b7f73b2e6ec72ebda2,2026-07-13T09:03:39.711Z,success,37775,1000,6376875,0x2264c40bef8c9b1fa7c9a989ab8235256430aedebe4fd43c704baae56d49d30d,2026-07-13T09:03:39.711Z,4763,4763,4875,93,Trusted,2026-07-13T09:03:34.360Z,0xbb0d446a2dbbfb99fa8336d141e5b6ca9c05907f98ebe02d0ad44a2ed80da4ad,,variant-batch live execution
datm-live-2026-07-13T09-01-24-227Z,A,entity-03-normal,normal,14,2026-07-13T09:03:34.836Z,2026-07-13T09:03:34.836Z,2026-07-13T09:03:34.836Z,0,2026-07-13T09:03:34.976Z,0xcd65def5a6981a26bbd308fd993574b1bf2e2e7813b96863d1d85cf5e11ac9fe,2026-07-13T09:03:39.846Z,success,37775,1000,6376875,0x2264c40bef8c9b1fa7c9a989ab8235256430aedebe4fd43c704baae56d49d30d,2026-07-13T09:03:39.846Z,4870,4870,5010,91,Trusted,2026-07-13T09:03:34.360Z,0x2007fa1b3a243bf39ec172fd7835ff12bfdd0e07141daf0cc8ac48da2dee83a3,,variant-batch live execution
datm-live-2026-07-13T09-01-24-227Z,A,entity-04-normal,normal,14,2026-07-13T09:03:34.836Z,2026-07-13T09:03:34.836Z,2026-07-13T09:03:34.836Z,0,2026-07-13T09:03:34.957Z,0xff8d6de045b89891638283846f48655895a12dfba8ca532ffc2091ced68a6f43,2026-07-13T09:03:39.806Z,success,37775,1000,6376875,0x2264c40bef8c9b1fa7c9a989ab8235256430aedebe4fd43c704baae56d49d30d,2026-07-13T09:03:39.806Z,4849,4849,4970,92,Trusted,2026-07-13T09:03:34.360Z,0x31c41263104f32b02d6972faec830fccccba050362023089b3527c260acf86c3,,variant-batch live execution
datm-live-2026-07-13T09-01-24-227Z,A,entity-05-suspicious,suspicious,14,2026-07-13T09:03:34.837Z,2026-07-13T09:03:34.837Z,2026-07-13T09:03:34.837Z,0,2026-07-13T09:03:34.957Z,0x707c88000613a941d0fedf1f30902a63ea8fb4cb4d8ccd036dfddd6fe82180b1,2026-07-13T09:03:39.807Z,success,37775,1000,6376875,0x2264c40bef8c9b1fa7c9a989ab8235256430aedebe4fd43c704baae56d49d30d,2026-07-13T09:03:39.807Z,4850,4850,4970,61,Suspicious,2026-07-13T09:03:34.360Z,0x8fdc3db68830c8da854e382507a6d38b5a04d7ecc22ae1fa3bb625426757d8ff,,variant-batch live execution
datm-live-2026-07-13T09-01-24-227Z,A,entity-06-suspicious,suspicious,14,2026-07-13T09:03:34.837Z,2026-07-13T09:03:34.837Z,2026-07-13T09:03:34.837Z,0,2026-07-13T09:03:34.957Z,0x7eb9a2829f113a3e3ae712c0b0cc1fc7f0c04d8f03b45ae3ad4cdd0c80b15d57,2026-07-13T09:03:39.654Z,success,37775,1000,6376875,0x2264c40bef8c9b1fa7c9a989ab8235256430aedebe4fd43c704baae56d49d30d,2026-07-13T09:03:39.654Z,4697,4697,4817,60,Suspicious,2026-07-13T09:03:34.360Z,0xda649a039f6ad7114333d8ab1f74744a99470bf2e78fcf087931f0c6f7eb2c6f,,variant-batch live execution
datm-live-2026-07-13T09-01-24-227Z,A,entity-07-suspicious,suspicious,14,2026-07-13T09:03:34.837Z,2026-07-13T09:03:34.837Z,2026-07-13T09:03:34.837Z,0,2026-07-13T09:03:34.957Z,0x7d1dac931d46ea3f85b22f3d451f349c538bf557a57c5b961993eaed8c5b4810,2026-07-13T09:03:40.020Z,success,37775,1000,6376875,0x2264c40bef8c9b1fa7c9a989ab8235256430aedebe4fd43c704baae56d49d30d,2026-07-13T09:03:40.020Z,5063,5063,5183,62,Suspicious,2026-07-13T09:03:34.360Z,0x11464dff2332bfa885a58f405983959cf2cf239b5866b4e2bf5874b7738daa0e,,variant-batch live execution
datm-live-2026-07-13T09-01-24-227Z,A,entity-08-malicious,malicious,14,2026-07-13T09:03:34.838Z,2026-07-13T09:03:34.838Z,2026-07-13T09:03:34.838Z,0,2026-07-13T09:03:34.957Z,0xf31ee5e27e24e33da0ae574a0116814ae88a20606a5837a8a2140355a6b19f83,2026-07-13T09:03:40.051Z,success,37775,1000,6376875,0x2264c40bef8c9b1fa7c9a989ab8235256430aedebe4fd43c704baae56d49d30d,2026-07-13T09:03:40.051Z,5094,5094,5213,28,Untrusted,2026-07-13T09:03:34.360Z,0xc38c879af71fdc44d093e0c5be5816124ba3b43a866aec18e5c6cc8194aa45c9,,variant-batch live execution
datm-live-2026-07-13T09-01-24-227Z,A,entity-09-malicious,malicious,14,2026-07-13T09:03:34.838Z,2026-07-13T09:03:34.838Z,2026-07-13T09:03:34.838Z,0,2026-07-13T09:03:34.976Z,0x89389cb3f031e5c3ced6342b398c1b5b7126b936ba9463928b1908c5843d095c,2026-07-13T09:03:40.060Z,success,37775,1000,6376875,0x2264c40bef8c9b1fa7c9a989ab8235256430aedebe4fd43c704baae56d49d30d,2026-07-13T09:03:40.060Z,5084,5084,5222,26,Untrusted,2026-07-13T09:03:34.360Z,0x5dd91832d82919972cd11a62bc1980374452f05ea489bf818130420a7e667652,,variant-batch live execution
datm-live-2026-07-13T09-01-24-227Z,A,entity-10-malicious,malicious,14,2026-07-13T09:03:34.838Z,2026-07-13T09:03:34.838Z,2026-07-13T09:03:34.838Z,0,2026-07-13T09:03:34.976Z,0x24bfed9908d906cff6001b0fe79af1bf86a10852942d6a7afbf811ad86977662,2026-07-13T09:03:40.077Z,success,37763,1000,6376875,0x2264c40bef8c9b1fa7c9a989ab8235256430aedebe4fd43c704baae56d49d30d,2026-07-13T09:03:40.077Z,5101,5101,5239,30,Untrusted,2026-07-13T09:03:34.360Z,0x2e812532fb319685201559cc3074ac54085184a9f6b7a73ad61e633a2267f4a8,,variant-batch live execution
datm-live-2026-07-13T09-01-24-227Z,A,entity-01-normal,normal,15,2026-07-13T09:03:45.207Z,2026-07-13T09:03:45.207Z,2026-07-13T09:03:45.207Z,0,2026-07-13T09:03:45.472Z,0x17931b6cf72216593e160652db6dbcf14187b1c4f16855bfe13d40af191431c0,2026-07-13T09:03:50.279Z,success,37775,1000,6376877,0x6efac2d57a753a18ebf23fd55c839fa46ab7ebe884e02278965817a741f2febb,2026-07-13T09:03:50.279Z,4807,4807,5072,93,Trusted,2026-07-13T09:03:44.360Z,0x7e4ffcc62a285e54423982b9d3d9ff77fb074852df855da268162f053355733c,,variant-batch live execution
datm-live-2026-07-13T09-01-24-227Z,A,entity-02-normal,normal,15,2026-07-13T09:03:45.208Z,2026-07-13T09:03:45.208Z,2026-07-13T09:03:45.208Z,0,2026-07-13T09:03:45.473Z,0x3a06282e769bf6df7c3e48713ff22da369306a54f493dc13a2d5e79b380eef52,2026-07-13T09:03:50.282Z,success,37775,1000,6376877,0x6efac2d57a753a18ebf23fd55c839fa46ab7ebe884e02278965817a741f2febb,2026-07-13T09:03:50.282Z,4809,4809,5074,91,Trusted,2026-07-13T09:03:44.360Z,0x9e2c587d5c7cf0b0a3549baa0fa0393171d5e3ab933fb397db53c46a89d9dcbc,,variant-batch live execution
datm-live-2026-07-13T09-01-24-227Z,A,entity-03-normal,normal,15,2026-07-13T09:03:45.208Z,2026-07-13T09:03:45.208Z,2026-07-13T09:03:45.208Z,0,2026-07-13T09:03:45.589Z,0x00fee58bc2ad20549558210d39f24d7acfba23a46d5de49db16ab04bd5b67963,2026-07-13T09:03:50.347Z,success,37763,1000,6376877,0x6efac2d57a753a18ebf23fd55c839fa46ab7ebe884e02278965817a741f2febb,2026-07-13T09:03:50.347Z,4758,4758,5139,93,Trusted,2026-07-13T09:03:44.360Z,0x4d248b402c19c7d4a9002124f9fd94d37f8fba6bb4a0b750897132a3989cf8ef,,variant-batch live execution
datm-live-2026-07-13T09-01-24-227Z,A,entity-04-normal,normal,15,2026-07-13T09:03:45.209Z,2026-07-13T09:03:45.209Z,2026-07-13T09:03:45.209Z,0,2026-07-13T09:03:45.473Z,0xcec975c4218acf8640a2ce3274f49609e29ed433b38b338bf565e324c8db450f,2026-07-13T09:03:50.270Z,success,37775,1000,6376877,0x6efac2d57a753a18ebf23fd55c839fa46ab7ebe884e02278965817a741f2febb,2026-07-13T09:03:50.270Z,4797,4797,5061,93,Trusted,2026-07-13T09:03:44.360Z,0xac38143746bec7898102c29fdf97585bea09b1b5c0b84a31b1999544453d9a2f,,variant-batch live execution
datm-live-2026-07-13T09-01-24-227Z,A,entity-05-suspicious,suspicious,15,2026-07-13T09:03:45.209Z,2026-07-13T09:03:45.209Z,2026-07-13T09:03:45.209Z,0,2026-07-13T09:03:45.590Z,0xf24c99ea3a79b39edc1056a89eab0a287d6e3a9f02af80dd7fb017d8e1306684,2026-07-13T09:03:50.280Z,success,37763,1000,6376877,0x6efac2d57a753a18ebf23fd55c839fa46ab7ebe884e02278965817a741f2febb,2026-07-13T09:03:50.280Z,4690,4690,5071,60,Suspicious,2026-07-13T09:03:44.360Z,0x04cd1557306e00269b83f752da0a7afc5e6e3cf4807d10df6ad62b89b18ad938,,variant-batch live execution
datm-live-2026-07-13T09-01-24-227Z,A,entity-06-suspicious,suspicious,15,2026-07-13T09:03:45.209Z,2026-07-13T09:03:45.209Z,2026-07-13T09:03:45.209Z,0,2026-07-13T09:03:45.473Z,0x91335604a76e3a655d6fb9a6c27d2abfd318bb387a469f2817650cfc516f1815,2026-07-13T09:03:50.282Z,success,37775,1000,6376877,0x6efac2d57a753a18ebf23fd55c839fa46ab7ebe884e02278965817a741f2febb,2026-07-13T09:03:50.282Z,4809,4809,5073,64,Suspicious,2026-07-13T09:03:44.360Z,0xc02e3873f0427686f6dda5c1f68de435b35ea0ebe9f6f8d303eee2e0e636c4d2,,variant-batch live execution
datm-live-2026-07-13T09-01-24-227Z,A,entity-07-suspicious,suspicious,15,2026-07-13T09:03:45.209Z,2026-07-13T09:03:45.209Z,2026-07-13T09:03:45.209Z,0,2026-07-13T09:03:45.474Z,0xd7284d27c2cdd5fe7888387dbffc5a8d3abbfb3484e55bb554f7d928878d7da6,2026-07-13T09:03:50.722Z,success,37775,1000,6376877,0x6efac2d57a753a18ebf23fd55c839fa46ab7ebe884e02278965817a741f2febb,2026-07-13T09:03:50.722Z,5248,5248,5513,61,Suspicious,2026-07-13T09:03:44.360Z,0x43ee964a8a6a4afb8451bddf939eb1ad1608f2313e2eb5de8c0c9e8b0fb86013,,variant-batch live execution
datm-live-2026-07-13T09-01-24-227Z,A,entity-08-malicious,malicious,15,2026-07-13T09:03:45.210Z,2026-07-13T09:03:45.210Z,2026-07-13T09:03:45.210Z,0,2026-07-13T09:03:45.590Z,0xfcd56ad939092d1ccb1ba8eab8e20bf3a809efab6a741233409d033fb7a4bc75,2026-07-13T09:03:50.698Z,success,37775,1000,6376877,0x6efac2d57a753a18ebf23fd55c839fa46ab7ebe884e02278965817a741f2febb,2026-07-13T09:03:50.698Z,5108,5108,5488,26,Untrusted,2026-07-13T09:03:44.360Z,0x5074022ed64542386576861a52bf52c1ab7d8cef8aafa6c5529dad4cc30898e5,,variant-batch live execution
datm-live-2026-07-13T09-01-24-227Z,A,entity-09-malicious,malicious,15,2026-07-13T09:03:45.210Z,2026-07-13T09:03:45.210Z,2026-07-13T09:03:45.210Z,0,2026-07-13T09:03:45.474Z,0xeafd4b709a8bbb71da738a0bb696d3af8a7939b4ade4e4c1bcaa0003c5bfa191,2026-07-13T09:03:50.737Z,success,37775,1000,6376877,0x6efac2d57a753a18ebf23fd55c839fa46ab7ebe884e02278965817a741f2febb,2026-07-13T09:03:50.737Z,5263,5263,5527,28,Untrusted,2026-07-13T09:03:44.360Z,0x703c74bc15ce475fa28d7cdb1b1364e2185233c017a458529041093b0c165cc1,,variant-batch live execution
datm-live-2026-07-13T09-01-24-227Z,A,entity-10-malicious,malicious,15,2026-07-13T09:03:45.210Z,2026-07-13T09:03:45.210Z,2026-07-13T09:03:45.210Z,0,2026-07-13T09:03:45.590Z,0xfc631dd44c3719f8ff1225894b02e006501dcfb26fd6b466bb6e4a2e4d534554,2026-07-13T09:03:50.747Z,success,37763,1000,6376877,0x6efac2d57a753a18ebf23fd55c839fa46ab7ebe884e02278965817a741f2febb,2026-07-13T09:03:50.747Z,5157,5157,5537,28,Untrusted,2026-07-13T09:03:44.360Z,0x58240b53a84038f75d3fe986c8bd313e04e8a096c00f86750f22144226014ab8,,variant-batch live execution
datm-live-2026-07-13T09-01-24-227Z,A,entity-01-normal,normal,16,2026-07-13T09:03:55.888Z,2026-07-13T09:03:55.888Z,2026-07-13T09:03:55.888Z,0,2026-07-13T09:03:56.008Z,0xeb617b8eaabe1e9658649f7cc07e0d7510ddfaca79e9babc6798a8d25de3e757,2026-07-13T09:04:00.268Z,success,37775,1000,6376879,0xd8a8136c3cfdc3b3609557f61e4d097e8736b28874a493f24e2dfa68e2e45ece,2026-07-13T09:04:00.268Z,4260,4260,4380,90,Trusted,2026-07-13T09:03:54.360Z,0xc671e5c245ad23057aacad52a28d4f3b249258f388374e99db32486dd09779ae,,variant-batch live execution
datm-live-2026-07-13T09-01-24-227Z,A,entity-02-normal,normal,16,2026-07-13T09:03:55.889Z,2026-07-13T09:03:55.889Z,2026-07-13T09:03:55.889Z,0,2026-07-13T09:03:56.008Z,0xebf8dc7e9cb0f364b75db27d0f3babe7831d496a64840359d4ac5998c9f4cc44,2026-07-13T09:04:00.265Z,success,37775,1000,6376879,0xd8a8136c3cfdc3b3609557f61e4d097e8736b28874a493f24e2dfa68e2e45ece,2026-07-13T09:04:00.265Z,4257,4257,4376,92,Trusted,2026-07-13T09:03:54.360Z,0xeb4935aa1a18a6666383e45bf6f88d17f7b33d86b1cc423e200fd8b3f56a7283,,variant-batch live execution
datm-live-2026-07-13T09-01-24-227Z,A,entity-03-normal,normal,16,2026-07-13T09:03:55.889Z,2026-07-13T09:03:55.889Z,2026-07-13T09:03:55.889Z,0,2026-07-13T09:03:56.008Z,0x4530a944ff7a2a535be80a13364ab7124e4243cff7c32e6c13add6e6cfbc5bb9,2026-07-13T09:04:00.265Z,success,37775,1000,6376879,0xd8a8136c3cfdc3b3609557f61e4d097e8736b28874a493f24e2dfa68e2e45ece,2026-07-13T09:04:00.265Z,4257,4257,4376,92,Trusted,2026-07-13T09:03:54.360Z,0xad27cc9b16c88a930c31554e7043b66b67c2679be573e1d3531b64a9edbcf823,,variant-batch live execution
datm-live-2026-07-13T09-01-24-227Z,A,entity-04-normal,normal,16,2026-07-13T09:03:55.889Z,2026-07-13T09:03:55.889Z,2026-07-13T09:03:55.889Z,0,2026-07-13T09:03:56.008Z,0x91c89e796f7443d4910bb337e8a60c7b8bab31a213493371eed0cd12fd6771bb,2026-07-13T09:04:00.262Z,success,37763,1000,6376879,0xd8a8136c3cfdc3b3609557f61e4d097e8736b28874a493f24e2dfa68e2e45ece,2026-07-13T09:04:00.262Z,4254,4254,4373,90,Trusted,2026-07-13T09:03:54.360Z,0xcfbd3ffecabe6ef43898e012629b3be8cc725da199f5bb17059aff96d3005aff,,variant-batch live execution
datm-live-2026-07-13T09-01-24-227Z,A,entity-05-suspicious,suspicious,16,2026-07-13T09:03:55.890Z,2026-07-13T09:03:55.890Z,2026-07-13T09:03:55.890Z,0,2026-07-13T09:03:56.008Z,0xcf03deb56c2ffd6b3978fdc6f546de1f637b2a464a0a8fe886b655fae31e52e8,2026-07-13T09:04:00.267Z,success,37775,1000,6376879,0xd8a8136c3cfdc3b3609557f61e4d097e8736b28874a493f24e2dfa68e2e45ece,2026-07-13T09:04:00.267Z,4259,4259,4377,64,Suspicious,2026-07-13T09:03:54.360Z,0xa5c921fa1e871d8adef86acc64ec79ecce3a1da4c5254a253616cf7439dcd930,,variant-batch live execution
datm-live-2026-07-13T09-01-24-227Z,A,entity-06-suspicious,suspicious,16,2026-07-13T09:03:55.890Z,2026-07-13T09:03:55.890Z,2026-07-13T09:03:55.890Z,0,2026-07-13T09:03:56.008Z,0xe60af261ce65f427cd9cee92e809c66eed17b675c3087a4c0ba5d452d9ac5b2c,2026-07-13T09:04:00.289Z,success,37775,1000,6376879,0xd8a8136c3cfdc3b3609557f61e4d097e8736b28874a493f24e2dfa68e2e45ece,2026-07-13T09:04:00.289Z,4281,4281,4399,61,Suspicious,2026-07-13T09:03:54.360Z,0x433e9bea600563eb88c68e464ff8345ec5c627d9bed56179bf58e22a445653e1,,variant-batch live execution
datm-live-2026-07-13T09-01-24-227Z,A,entity-07-suspicious,suspicious,16,2026-07-13T09:03:55.890Z,2026-07-13T09:03:55.890Z,2026-07-13T09:03:55.890Z,0,2026-07-13T09:03:56.008Z,0x2c42fc3834d908f2ed9b5cfea78b92718511e3009f377e3874f68b490b8f7953,2026-07-13T09:04:00.441Z,success,37763,1000,6376879,0xd8a8136c3cfdc3b3609557f61e4d097e8736b28874a493f24e2dfa68e2e45ece,2026-07-13T09:04:00.441Z,4433,4433,4551,60,Suspicious,2026-07-13T09:03:54.360Z,0xa906ca8b8680441b83a786126cffd6875417404760b01551d93c460081d52179,,variant-batch live execution
datm-live-2026-07-13T09-01-24-227Z,A,entity-08-malicious,malicious,16,2026-07-13T09:03:55.891Z,2026-07-13T09:03:55.891Z,2026-07-13T09:03:55.891Z,0,2026-07-13T09:03:56.038Z,0x21df75f44f0c6bb99f180f0da72b97d6d58e3abd9f0f0b5bb412f3edbbf76776,2026-07-13T09:04:00.457Z,success,37763,1000,6376879,0xd8a8136c3cfdc3b3609557f61e4d097e8736b28874a493f24e2dfa68e2e45ece,2026-07-13T09:04:00.457Z,4419,4419,4566,28,Untrusted,2026-07-13T09:03:54.360Z,0xedcdb28d8b360aee5f6942c883df97c37c040ba88a3252e6031983001f66853c,,variant-batch live execution
datm-live-2026-07-13T09-01-24-227Z,A,entity-09-malicious,malicious,16,2026-07-13T09:03:55.891Z,2026-07-13T09:03:55.891Z,2026-07-13T09:03:55.891Z,0,2026-07-13T09:03:56.038Z,0x2a01a1a6924971c4164c9758e2f1a9c0fb2f9a7fb78c43145cc10d8cfe30a8ae,2026-07-13T09:04:00.465Z,success,37763,1000,6376879,0xd8a8136c3cfdc3b3609557f61e4d097e8736b28874a493f24e2dfa68e2e45ece,2026-07-13T09:04:00.465Z,4427,4427,4574,27,Untrusted,2026-07-13T09:03:54.360Z,0x9b50ceaa730456c2036c1005610d4600810bbf443ffe2a58771d0a79dffdd3be,,variant-batch live execution
datm-live-2026-07-13T09-01-24-227Z,A,entity-10-malicious,malicious,16,2026-07-13T09:03:55.891Z,2026-07-13T09:03:55.891Z,2026-07-13T09:03:55.891Z,0,2026-07-13T09:03:56.038Z,0xad86b61de84c04a1456ddb28f3394891e26dc0a8432a9a62c2eec1daae44ce71,2026-07-13T09:04:00.478Z,success,37739,1000,6376879,0xd8a8136c3cfdc3b3609557f61e4d097e8736b28874a493f24e2dfa68e2e45ece,2026-07-13T09:04:00.478Z,4440,4440,4587,26,Untrusted,2026-07-13T09:03:54.360Z,0xc5d73f425462d339da6fba003b057e227a399a630bb28274cb59001eb9f69525,,variant-batch live execution
datm-live-2026-07-13T09-01-24-227Z,A,entity-01-normal,normal,17,2026-07-13T09:04:05.602Z,2026-07-13T09:04:05.602Z,2026-07-13T09:04:05.602Z,0,2026-07-13T09:04:05.723Z,0xfc77f3b06397b62c54c91f1e6f1b2a9aeefd340c72864e207b77cd22dc30f14f,2026-07-13T09:04:09.978Z,success,37775,1000,6376881,0x2723deb9efaa97a51e66f9e55820489a2a2fb8b0750bf9b200ae31d66b3971f1,2026-07-13T09:04:09.978Z,4255,4255,4376,93,Trusted,2026-07-13T09:04:04.360Z,0x57cf6840e399f17efc67935a4768dbb9f56875406b21d7f869a928ec2dbc71b6,,variant-batch live execution
datm-live-2026-07-13T09-01-24-227Z,A,entity-02-normal,normal,17,2026-07-13T09:04:05.602Z,2026-07-13T09:04:05.602Z,2026-07-13T09:04:05.602Z,0,2026-07-13T09:04:05.723Z,0xb6991e6daa23cf2ee5f7c5a44e14736b4840e1f9a5513231becbd2728eaefd12,2026-07-13T09:04:09.980Z,success,37775,1000,6376881,0x2723deb9efaa97a51e66f9e55820489a2a2fb8b0750bf9b200ae31d66b3971f1,2026-07-13T09:04:09.980Z,4257,4257,4378,93,Trusted,2026-07-13T09:04:04.360Z,0x9569edaaf1dbbb04d926a3944520ea0b0b80afcae268da9753d4f31a0a497917,,variant-batch live execution
datm-live-2026-07-13T09-01-24-227Z,A,entity-03-normal,normal,17,2026-07-13T09:04:05.603Z,2026-07-13T09:04:05.603Z,2026-07-13T09:04:05.603Z,0,2026-07-13T09:04:05.733Z,0x7f03a46f67b145b4095a2295a771cfd4f5f23d0da8d2ae2ad42ed5508ab98c0d,2026-07-13T09:04:09.980Z,success,37775,1000,6376881,0x2723deb9efaa97a51e66f9e55820489a2a2fb8b0750bf9b200ae31d66b3971f1,2026-07-13T09:04:09.980Z,4247,4247,4377,92,Trusted,2026-07-13T09:04:04.360Z,0x6efceaf6731b649cb9a8c49d6959635e1fddaa82fc7bd4ebdb79ff409caf9f5d,,variant-batch live execution
datm-live-2026-07-13T09-01-24-227Z,A,entity-04-normal,normal,17,2026-07-13T09:04:05.603Z,2026-07-13T09:04:05.603Z,2026-07-13T09:04:05.603Z,0,2026-07-13T09:04:05.733Z,0x971958a963b5e2e3c7ebdf38bfaa686f66cb47aa8e7db975dde0afa91ba86433,2026-07-13T09:04:09.980Z,success,37775,1000,6376881,0x2723deb9efaa97a51e66f9e55820489a2a2fb8b0750bf9b200ae31d66b3971f1,2026-07-13T09:04:09.980Z,4247,4247,4377,93,Trusted,2026-07-13T09:04:04.360Z,0xb3eb7696e1497cb5ec849abb0dd372e84132f0323ce1947c265da5b0e823ccfb,,variant-batch live execution
datm-live-2026-07-13T09-01-24-227Z,A,entity-05-suspicious,suspicious,17,2026-07-13T09:04:05.604Z,2026-07-13T09:04:05.604Z,2026-07-13T09:04:05.604Z,0,2026-07-13T09:04:05.733Z,0x3d0d88a9cf76147d73073df696775f019b703b65f65885b48600942721e2a10e,2026-07-13T09:04:10.012Z,success,37775,1000,6376881,0x2723deb9efaa97a51e66f9e55820489a2a2fb8b0750bf9b200ae31d66b3971f1,2026-07-13T09:04:10.012Z,4279,4279,4408,61,Suspicious,2026-07-13T09:04:04.360Z,0x2788587c7b550f87561903b4797984b4436fbdeefaf0dc105ade6cc8f7225862,,variant-batch live execution
datm-live-2026-07-13T09-01-24-227Z,A,entity-06-suspicious,suspicious,17,2026-07-13T09:04:05.604Z,2026-07-13T09:04:05.604Z,2026-07-13T09:04:05.604Z,0,2026-07-13T09:04:05.733Z,0xa13c7e2827c6026f95fc84af145eea923f9da9a2d9493cca203c13fb9f7b15e8,2026-07-13T09:04:09.978Z,success,37775,1000,6376881,0x2723deb9efaa97a51e66f9e55820489a2a2fb8b0750bf9b200ae31d66b3971f1,2026-07-13T09:04:09.978Z,4245,4245,4374,58,Suspicious,2026-07-13T09:04:04.360Z,0x5aabc32eda8f925adb6fc5a1bf75f6dc739ce49e07468bc82495959123e55122,,variant-batch live execution
datm-live-2026-07-13T09-01-24-227Z,A,entity-07-suspicious,suspicious,17,2026-07-13T09:04:05.604Z,2026-07-13T09:04:05.604Z,2026-07-13T09:04:05.604Z,0,2026-07-13T09:04:05.752Z,0x382a2ede030da22a1de82f352119cfc28954ddbf7ea0b793a25a58835dfe0d3c,2026-07-13T09:04:10.190Z,success,37775,1000,6376881,0x2723deb9efaa97a51e66f9e55820489a2a2fb8b0750bf9b200ae31d66b3971f1,2026-07-13T09:04:10.190Z,4438,4438,4586,64,Suspicious,2026-07-13T09:04:04.360Z,0x11f840e760222dff8550141c1c42484b601305cb200e3ea46d373088cc3f0981,,variant-batch live execution
datm-live-2026-07-13T09-01-24-227Z,A,entity-08-malicious,malicious,17,2026-07-13T09:04:05.605Z,2026-07-13T09:04:05.605Z,2026-07-13T09:04:05.605Z,0,2026-07-13T09:04:05.733Z,0xae0460e39e45cb18b4d2dab91ce0406d8fa7d438270baebfc2341b0d2e79cb6a,2026-07-13T09:04:10.180Z,success,37775,1000,6376881,0x2723deb9efaa97a51e66f9e55820489a2a2fb8b0750bf9b200ae31d66b3971f1,2026-07-13T09:04:10.180Z,4447,4447,4575,27,Untrusted,2026-07-13T09:04:04.360Z,0xe4be3840d36dfcb7337ad2e8aa1926e9c01610e65830294d5b6ceb421ac896c9,,variant-batch live execution
datm-live-2026-07-13T09-01-24-227Z,A,entity-09-malicious,malicious,17,2026-07-13T09:04:05.606Z,2026-07-13T09:04:05.606Z,2026-07-13T09:04:05.606Z,0,2026-07-13T09:04:05.752Z,0x550c408d3c76bbe5620e18ecd3e0392a8bfa0ee0fa10864a544b0d683a0dbb10,2026-07-13T09:04:10.226Z,success,37775,1000,6376881,0x2723deb9efaa97a51e66f9e55820489a2a2fb8b0750bf9b200ae31d66b3971f1,2026-07-13T09:04:10.226Z,4474,4474,4620,26,Untrusted,2026-07-13T09:04:04.360Z,0x2b29db13f8c40e178e76578a09771f5c27215b6fa142f07409f26f2ba21d6251,,variant-batch live execution
datm-live-2026-07-13T09-01-24-227Z,A,entity-10-malicious,malicious,17,2026-07-13T09:04:05.606Z,2026-07-13T09:04:05.606Z,2026-07-13T09:04:05.606Z,0,2026-07-13T09:04:05.752Z,0x4ca81da5a42f38de67ba9bbad1ce5e31484590df6ba2bd78c1455b8e2c7d9cca,2026-07-13T09:04:10.204Z,success,37763,1000,6376881,0x2723deb9efaa97a51e66f9e55820489a2a2fb8b0750bf9b200ae31d66b3971f1,2026-07-13T09:04:10.204Z,4452,4452,4598,28,Untrusted,2026-07-13T09:04:04.360Z,0x3e59a7d068a31b97ad773db0ac7377d844379068cb936362803599dec7eb176a,,variant-batch live execution
datm-live-2026-07-13T09-01-24-227Z,A,entity-01-normal,normal,18,2026-07-13T09:04:15.348Z,2026-07-13T09:04:15.348Z,2026-07-13T09:04:15.348Z,0,2026-07-13T09:04:15.674Z,0x39ba293f19ec5150d713357f20e8feb458ac6d2b34e12b2734e8616f266d371b,2026-07-13T09:04:20.103Z,success,37763,1000,6376883,0x322c5384e5bc7b57de4179c8c2cbb925358c13b7a7043d047ada0c8591874cd9,2026-07-13T09:04:20.103Z,4429,4429,4755,92,Trusted,2026-07-13T09:04:14.360Z,0x1ca0c85a33b6c2f5c40cfcd4ca6513dc39898e17c0009e7c67f91c4d5929ceb5,,variant-batch live execution
datm-live-2026-07-13T09-01-24-227Z,A,entity-02-normal,normal,18,2026-07-13T09:04:15.350Z,2026-07-13T09:04:15.350Z,2026-07-13T09:04:15.350Z,0,2026-07-13T09:04:15.747Z,0xb22f70fe6eef1e29daf482fcacf62ae7e3b0f1bc6c6ba8b080fec1c5ab36f9d6,2026-07-13T09:04:20.108Z,success,37775,1000,6376883,0x322c5384e5bc7b57de4179c8c2cbb925358c13b7a7043d047ada0c8591874cd9,2026-07-13T09:04:20.108Z,4361,4361,4758,91,Trusted,2026-07-13T09:04:14.360Z,0xa4ff93fd3a6a2af05238548c5c18132cda62d7fd8ab13c13dae7759040d4181f,,variant-batch live execution
datm-live-2026-07-13T09-01-24-227Z,A,entity-03-normal,normal,18,2026-07-13T09:04:15.350Z,2026-07-13T09:04:15.350Z,2026-07-13T09:04:15.350Z,0,2026-07-13T09:04:15.674Z,0x42b5f69f14de15bf370584855822c1d3c938d3e7ea9160cb6bf0bd322789de62,2026-07-13T09:04:20.108Z,success,37763,1000,6376883,0x322c5384e5bc7b57de4179c8c2cbb925358c13b7a7043d047ada0c8591874cd9,2026-07-13T09:04:20.108Z,4434,4434,4758,92,Trusted,2026-07-13T09:04:14.360Z,0x2fa6aa1c5cee0078c41bb1a997092e8cf0a4c64a587842212a4b9922b092d55a,,variant-batch live execution
datm-live-2026-07-13T09-01-24-227Z,A,entity-04-normal,normal,18,2026-07-13T09:04:15.351Z,2026-07-13T09:04:15.351Z,2026-07-13T09:04:15.351Z,0,2026-07-13T09:04:15.747Z,0x17b83e0d074769c5fe95657d999a142048ab9008a8557dac2e267e49f3279a1a,2026-07-13T09:04:20.130Z,success,37775,1000,6376883,0x322c5384e5bc7b57de4179c8c2cbb925358c13b7a7043d047ada0c8591874cd9,2026-07-13T09:04:20.130Z,4383,4383,4779,92,Trusted,2026-07-13T09:04:14.360Z,0x67ed26c0c159894ca6ba655c0f0f1bd50c5e8b9e3fb6492d29d79976c7a9a0a7,,variant-batch live execution
datm-live-2026-07-13T09-01-24-227Z,A,entity-05-suspicious,suspicious,18,2026-07-13T09:04:15.351Z,2026-07-13T09:04:15.351Z,2026-07-13T09:04:15.351Z,0,2026-07-13T09:04:15.674Z,0xd1cf47d2f39a33864a68447b8c46ce79df775bad441647441f837c63ce3adb3f,2026-07-13T09:04:20.107Z,success,37775,1000,6376883,0x322c5384e5bc7b57de4179c8c2cbb925358c13b7a7043d047ada0c8591874cd9,2026-07-13T09:04:20.107Z,4433,4433,4756,58,Suspicious,2026-07-13T09:04:14.360Z,0xc42686e1d3b0a5ebcb2060a1f74976446e075dafc4c75233115385a9259becbd,,variant-batch live execution
datm-live-2026-07-13T09-01-24-227Z,A,entity-06-suspicious,suspicious,18,2026-07-13T09:04:15.351Z,2026-07-13T09:04:15.351Z,2026-07-13T09:04:15.351Z,0,2026-07-13T09:04:15.674Z,0xfbb32aece1f1e6413005a1b8ca3fff5d86d4b551f9730337df3fefd35a143274,2026-07-13T09:04:20.105Z,success,37775,1000,6376883,0x322c5384e5bc7b57de4179c8c2cbb925358c13b7a7043d047ada0c8591874cd9,2026-07-13T09:04:20.105Z,4431,4431,4754,60,Suspicious,2026-07-13T09:04:14.360Z,0x108c33368c1d23874ede12fdae50e0b7cdce66600cc0a9e6424ce67b64bc73a4,,variant-batch live execution
datm-live-2026-07-13T09-01-24-227Z,A,entity-07-suspicious,suspicious,18,2026-07-13T09:04:15.352Z,2026-07-13T09:04:15.352Z,2026-07-13T09:04:15.352Z,0,2026-07-13T09:04:15.748Z,0x2b99c07c3f2393d673992e81a4a46a3c5da823f873cd89a383284941b70fbb6f,2026-07-13T09:04:20.288Z,success,37775,1000,6376883,0x322c5384e5bc7b57de4179c8c2cbb925358c13b7a7043d047ada0c8591874cd9,2026-07-13T09:04:20.288Z,4540,4540,4936,61,Suspicious,2026-07-13T09:04:14.360Z,0x68abcde042f66a594b010e2b6ee49e29ce8473f711f876d6b4c856d3211cbab2,,variant-batch live execution
datm-live-2026-07-13T09-01-24-227Z,A,entity-08-malicious,malicious,18,2026-07-13T09:04:15.352Z,2026-07-13T09:04:15.352Z,2026-07-13T09:04:15.352Z,0,2026-07-13T09:04:15.674Z,0xdb99c809fa668a1e9d2501f82b25eba7bbc3ebbee1fa0558ce1f81c71c781e17,2026-07-13T09:04:20.302Z,success,37775,1000,6376883,0x322c5384e5bc7b57de4179c8c2cbb925358c13b7a7043d047ada0c8591874cd9,2026-07-13T09:04:20.302Z,4628,4628,4950,26,Untrusted,2026-07-13T09:04:14.360Z,0xa3acd166e94f9fd06ac4946554e3ee8b9c955de494fdbd7d6ef09504f4e514d2,,variant-batch live execution
datm-live-2026-07-13T09-01-24-227Z,A,entity-09-malicious,malicious,18,2026-07-13T09:04:15.352Z,2026-07-13T09:04:15.352Z,2026-07-13T09:04:15.352Z,0,2026-07-13T09:04:15.748Z,0x346e5072172281a9ec4b3ae520b6134dccc1fddeb255c5817d4b9717ce21c920,2026-07-13T09:04:20.309Z,success,37775,1000,6376883,0x322c5384e5bc7b57de4179c8c2cbb925358c13b7a7043d047ada0c8591874cd9,2026-07-13T09:04:20.309Z,4561,4561,4957,27,Untrusted,2026-07-13T09:04:14.360Z,0x6120221eda83370f5bb1cffa055a8841de424072de29e0a0c954bba30e468f66,,variant-batch live execution
datm-live-2026-07-13T09-01-24-227Z,A,entity-10-malicious,malicious,18,2026-07-13T09:04:15.353Z,2026-07-13T09:04:15.353Z,2026-07-13T09:04:15.353Z,0,2026-07-13T09:04:15.675Z,0x84a42f776147b7e2d667b1c212185fa20206e8ac85a56066ab9ea7d315f8bc7a,2026-07-13T09:04:20.326Z,success,37763,1000,6376883,0x322c5384e5bc7b57de4179c8c2cbb925358c13b7a7043d047ada0c8591874cd9,2026-07-13T09:04:20.326Z,4651,4651,4973,28,Untrusted,2026-07-13T09:04:14.360Z,0xa97aee5233a253766ba646adbb4dfb5deddf42c396b532642fea31a83cc9b73d,,variant-batch live execution
datm-live-2026-07-13T09-01-24-227Z,A,entity-01-normal,normal,19,2026-07-13T09:04:25.459Z,2026-07-13T09:04:25.459Z,2026-07-13T09:04:25.459Z,0,2026-07-13T09:04:25.581Z,0x64fbe00b39e7eb6aaf899754c6443515a6d08eabee708f7990102ff5ae3af186,2026-07-13T09:04:30.247Z,success,37775,1000,6376885,0x5ff1d15d6f398cd93833d2f55e9192434d5a9e4a104cd7a69e0e25e96674dc54,2026-07-13T09:04:30.247Z,4666,4666,4788,92,Trusted,2026-07-13T09:04:24.360Z,0x997fc6fe25fe27bc7714290db0dd5b3f211716010ecd11ffdca9b0b6b097c4bb,,variant-batch live execution
datm-live-2026-07-13T09-01-24-227Z,A,entity-02-normal,normal,19,2026-07-13T09:04:25.460Z,2026-07-13T09:04:25.460Z,2026-07-13T09:04:25.460Z,0,2026-07-13T09:04:25.615Z,0x2cdf9952be8f360d023040c6aab4331de3468a03a353c5a9e229c0da2384461b,2026-07-13T09:04:30.248Z,success,37775,1000,6376885,0x5ff1d15d6f398cd93833d2f55e9192434d5a9e4a104cd7a69e0e25e96674dc54,2026-07-13T09:04:30.248Z,4633,4633,4788,93,Trusted,2026-07-13T09:04:24.360Z,0x52e87d9a3b42c1e62c994c7dafdf9e553ffa0e50d5fe0c6fe0a23724d71cd86b,,variant-batch live execution
datm-live-2026-07-13T09-01-24-227Z,A,entity-03-normal,normal,19,2026-07-13T09:04:25.460Z,2026-07-13T09:04:25.460Z,2026-07-13T09:04:25.460Z,0,2026-07-13T09:04:25.581Z,0x219c91666eb84ce1016fccb95c2093b592ba8409f739cdc8d644cd41ed51f1ed,2026-07-13T09:04:30.247Z,success,37775,1000,6376885,0x5ff1d15d6f398cd93833d2f55e9192434d5a9e4a104cd7a69e0e25e96674dc54,2026-07-13T09:04:30.247Z,4666,4666,4787,93,Trusted,2026-07-13T09:04:24.360Z,0xc7be49801fd6cf5c8e46679b989c23c8081ac7ff489364b0cd4140289e493e7e,,variant-batch live execution
datm-live-2026-07-13T09-01-24-227Z,A,entity-04-normal,normal,19,2026-07-13T09:04:25.460Z,2026-07-13T09:04:25.460Z,2026-07-13T09:04:25.460Z,0,2026-07-13T09:04:25.581Z,0xae301eb9e1b7c8a431a5674d77c216659e60cb300ea3a9302da77d7049f32801,2026-07-13T09:04:30.245Z,success,37775,1000,6376885,0x5ff1d15d6f398cd93833d2f55e9192434d5a9e4a104cd7a69e0e25e96674dc54,2026-07-13T09:04:30.245Z,4664,4664,4785,92,Trusted,2026-07-13T09:04:24.360Z,0x43cd11b153016e1a9bf2d3e608aafc5d558a0f7f058ddb6529295cf6bac3601f,,variant-batch live execution
datm-live-2026-07-13T09-01-24-227Z,A,entity-05-suspicious,suspicious,19,2026-07-13T09:04:25.460Z,2026-07-13T09:04:25.460Z,2026-07-13T09:04:25.460Z,0,2026-07-13T09:04:25.615Z,0x81af83f8ee3586a230acd8ea2b7dba89bafb3a6719346baf9a37dd03714d806d,2026-07-13T09:04:30.453Z,success,37775,1000,6376885,0x5ff1d15d6f398cd93833d2f55e9192434d5a9e4a104cd7a69e0e25e96674dc54,2026-07-13T09:04:30.453Z,4838,4838,4993,60,Suspicious,2026-07-13T09:04:24.360Z,0xa95f4e1f8c3160219ea047ee7ad5608dd696d824d85c3b6397b2e278a7cfd388,,variant-batch live execution
datm-live-2026-07-13T09-01-24-227Z,A,entity-06-suspicious,suspicious,19,2026-07-13T09:04:25.460Z,2026-07-13T09:04:25.460Z,2026-07-13T09:04:25.460Z,0,2026-07-13T09:04:25.582Z,0xe6308215433baa36045748f534211ecbe9db5765d0b61d0ba68aee5e05a1c86c,2026-07-13T09:04:30.243Z,success,37775,1000,6376885,0x5ff1d15d6f398cd93833d2f55e9192434d5a9e4a104cd7a69e0e25e96674dc54,2026-07-13T09:04:30.243Z,4661,4661,4783,62,Suspicious,2026-07-13T09:04:24.360Z,0x3f09d7bcbdf8dcac59e41906435e57349261ae791186c7f79890d00f43e9c2da,,variant-batch live execution
datm-live-2026-07-13T09-01-24-227Z,A,entity-07-suspicious,suspicious,19,2026-07-13T09:04:25.460Z,2026-07-13T09:04:25.460Z,2026-07-13T09:04:25.460Z,0,2026-07-13T09:04:25.582Z,0xf39e03c0cd23fcd04c0ac853d6336134a2a7282491004889fc1d00c11fc6299e,2026-07-13T09:04:30.998Z,success,37775,1000,6376885,0x5ff1d15d6f398cd93833d2f55e9192434d5a9e4a104cd7a69e0e25e96674dc54,2026-07-13T09:04:30.998Z,5416,5416,5538,58,Suspicious,2026-07-13T09:04:24.360Z,0x937d533fe5b5af365b9175e2718330c2c914e1d38247338618d86b1ca330e332,,variant-batch live execution
datm-live-2026-07-13T09-01-24-227Z,A,entity-08-malicious,malicious,19,2026-07-13T09:04:25.460Z,2026-07-13T09:04:25.460Z,2026-07-13T09:04:25.460Z,0,2026-07-13T09:04:25.582Z,0x688c471c013ce868846264af3c84afac81bdba5c11f28c8492acb4bbb11cd969,2026-07-13T09:04:30.999Z,success,37775,1000,6376885,0x5ff1d15d6f398cd93833d2f55e9192434d5a9e4a104cd7a69e0e25e96674dc54,2026-07-13T09:04:30.999Z,5417,5417,5539,27,Untrusted,2026-07-13T09:04:24.360Z,0x6d7cd5a9c352dc954012045551a7aae452d75f1132d52dcfd012d2f0809e170d,,variant-batch live execution
datm-live-2026-07-13T09-01-24-227Z,A,entity-09-malicious,malicious,19,2026-07-13T09:04:25.460Z,2026-07-13T09:04:25.460Z,2026-07-13T09:04:25.460Z,0,2026-07-13T09:04:25.616Z,0xe5cc046f399fd512cfe605840a4ae0f29b273ee2b3c395a9b3e9e3cff0c8766e,2026-07-13T09:04:31.082Z,success,37763,1000,6376885,0x5ff1d15d6f398cd93833d2f55e9192434d5a9e4a104cd7a69e0e25e96674dc54,2026-07-13T09:04:31.082Z,5466,5466,5622,26,Untrusted,2026-07-13T09:04:24.360Z,0xcdadd3f91b67ea4377b0770e3b00b4778c3beebd9d9a9cae64366080a5a31fcd,,variant-batch live execution
datm-live-2026-07-13T09-01-24-227Z,A,entity-10-malicious,malicious,19,2026-07-13T09:04:25.460Z,2026-07-13T09:04:25.460Z,2026-07-13T09:04:25.460Z,0,2026-07-13T09:04:25.616Z,0xc0174e686be79f7b60e34f5fbeb76edabdbfecd4ddd28c9ed985852b1684a5a6,2026-07-13T09:04:30.999Z,success,37763,1000,6376885,0x5ff1d15d6f398cd93833d2f55e9192434d5a9e4a104cd7a69e0e25e96674dc54,2026-07-13T09:04:30.999Z,5383,5383,5539,27,Untrusted,2026-07-13T09:04:24.360Z,0xa71befc24b99d4ca9df1ed8be7e5fe071822450ea262f92cf7c8e0bb6c97298d,,variant-batch live execution
datm-live-2026-07-13T09-01-24-227Z,A,entity-01-normal,normal,20,2026-07-13T09:04:36.499Z,2026-07-13T09:04:36.499Z,2026-07-13T09:04:36.499Z,0,2026-07-13T09:04:37.354Z,0x468ec9413fee02fcd9534ab0d8a8febb113664c66d80b77ef36751958fe351cb,2026-07-13T09:04:42.188Z,success,37775,1000,6376887,0x7645f7cf310f4e3a4306bfddd596fe1080c12969230e6b8faa3ed95147f22181,2026-07-13T09:04:42.188Z,4834,4834,5689,92,Trusted,2026-07-13T09:04:34.360Z,0x2ebaf39e44eedfe9206f03848d968c8190b049905e4ce19fb83af385e8ec422c,,variant-batch live execution
datm-live-2026-07-13T09-01-24-227Z,A,entity-02-normal,normal,20,2026-07-13T09:04:36.500Z,2026-07-13T09:04:36.500Z,2026-07-13T09:04:36.500Z,0,2026-07-13T09:04:37.191Z,0x0d5afecfbd22e7ba0badc1f56787faa50729e980c912a3e4bfa9a64e3cb25935,2026-07-13T09:04:42.187Z,success,37775,1000,6376887,0x7645f7cf310f4e3a4306bfddd596fe1080c12969230e6b8faa3ed95147f22181,2026-07-13T09:04:42.187Z,4996,4996,5687,93,Trusted,2026-07-13T09:04:34.360Z,0xc9f97c67ddecb1c99bd6ba7bd6988ea99a74da641520c911d44767e63c6dd20d,,variant-batch live execution
datm-live-2026-07-13T09-01-24-227Z,A,entity-03-normal,normal,20,2026-07-13T09:04:36.500Z,2026-07-13T09:04:36.500Z,2026-07-13T09:04:36.500Z,0,2026-07-13T09:04:37.191Z,0xd07e09dd8a6e1033e155f50ff8e6057b9cc2b6e7e1d3022304558c989645958a,2026-07-13T09:04:42.188Z,success,37763,1000,6376887,0x7645f7cf310f4e3a4306bfddd596fe1080c12969230e6b8faa3ed95147f22181,2026-07-13T09:04:42.188Z,4997,4997,5688,91,Trusted,2026-07-13T09:04:34.360Z,0x66a50098429899aaef57ba7ff8edd5070d65141edf22111e1d26e26a375ffde8,,variant-batch live execution
datm-live-2026-07-13T09-01-24-227Z,A,entity-04-normal,normal,20,2026-07-13T09:04:36.501Z,2026-07-13T09:04:36.501Z,2026-07-13T09:04:36.501Z,0,2026-07-13T09:04:37.354Z,0xa3169f0d831a1383bb51a997cda715dde0a92dd85f61db53dc9218b140734855,2026-07-13T09:04:42.391Z,success,37775,1000,6376887,0x7645f7cf310f4e3a4306bfddd596fe1080c12969230e6b8faa3ed95147f22181,2026-07-13T09:04:42.391Z,5037,5037,5890,92,Trusted,2026-07-13T09:04:34.360Z,0xfdf58ebace3be60cfca83db3597d077f29ac694240969bbb4bcfcc52529887d7,,variant-batch live execution
datm-live-2026-07-13T09-01-24-227Z,A,entity-05-suspicious,suspicious,20,2026-07-13T09:04:36.501Z,2026-07-13T09:04:36.501Z,2026-07-13T09:04:36.501Z,0,2026-07-13T09:04:37.191Z,0xf4d69bda2c728366e91de0da5fc3aef76c4def1735d2847c70e7279a2dd6bd4d,2026-07-13T09:04:42.188Z,success,37775,1000,6376887,0x7645f7cf310f4e3a4306bfddd596fe1080c12969230e6b8faa3ed95147f22181,2026-07-13T09:04:42.188Z,4997,4997,5687,62,Suspicious,2026-07-13T09:04:34.360Z,0x52290b2d61876c067a76a56d17bccc986f5b303e4d20bbac44f911bbe1c69882,,variant-batch live execution
datm-live-2026-07-13T09-01-24-227Z,A,entity-06-suspicious,suspicious,20,2026-07-13T09:04:36.501Z,2026-07-13T09:04:36.501Z,2026-07-13T09:04:36.501Z,0,2026-07-13T09:04:37.192Z,0x51057efc65587385fe371ec630e9840b886918a20dc63d7c9deb2e9eb57b2f35,2026-07-13T09:04:42.188Z,success,37775,1000,6376887,0x7645f7cf310f4e3a4306bfddd596fe1080c12969230e6b8faa3ed95147f22181,2026-07-13T09:04:42.188Z,4996,4996,5687,63,Suspicious,2026-07-13T09:04:34.360Z,0x1b076e576582f512d3217dd68cf44c1923b259a119525da3cc925910b970b955,,variant-batch live execution
datm-live-2026-07-13T09-01-24-227Z,A,entity-07-suspicious,suspicious,20,2026-07-13T09:04:36.502Z,2026-07-13T09:04:36.502Z,2026-07-13T09:04:36.502Z,0,2026-07-13T09:04:37.192Z,0x3ec1ca8bc1e746f77ce3d67e653a8db9ca5e6111e31bc00fc5ee3ca462e00593,2026-07-13T09:04:42.896Z,success,37775,1000,6376887,0x7645f7cf310f4e3a4306bfddd596fe1080c12969230e6b8faa3ed95147f22181,2026-07-13T09:04:42.896Z,5704,5704,6394,60,Suspicious,2026-07-13T09:04:34.360Z,0xba2ce0d9da412107f7ace177c3ba6b07fa5fed80fe53e28eb529cac5676958e4,,variant-batch live execution
datm-live-2026-07-13T09-01-24-227Z,A,entity-08-malicious,malicious,20,2026-07-13T09:04:36.502Z,2026-07-13T09:04:36.502Z,2026-07-13T09:04:36.502Z,0,2026-07-13T09:04:37.354Z,0x120163990443bbc9a1420dfb6c24b9c234d8f153d8cdb8853bda8ea25bc1e65a,2026-07-13T09:04:43.072Z,success,37775,1000,6376887,0x7645f7cf310f4e3a4306bfddd596fe1080c12969230e6b8faa3ed95147f22181,2026-07-13T09:04:43.072Z,5718,5718,6570,26,Untrusted,2026-07-13T09:04:34.360Z,0x19f0821e6d481d80c5112aeff082772247f4c5a2f6e702ca36b3893c159db8c9,,variant-batch live execution
datm-live-2026-07-13T09-01-24-227Z,A,entity-09-malicious,malicious,20,2026-07-13T09:04:36.502Z,2026-07-13T09:04:36.502Z,2026-07-13T09:04:36.502Z,0,2026-07-13T09:04:37.355Z,0x5b40cb24f3a37b6992060363743a1e542f47b5e4d33e15b426e448b7b25695d7,2026-07-13T09:04:43.079Z,success,37775,1000,6376887,0x7645f7cf310f4e3a4306bfddd596fe1080c12969230e6b8faa3ed95147f22181,2026-07-13T09:04:43.079Z,5724,5724,6577,26,Untrusted,2026-07-13T09:04:34.360Z,0xdb17a259c9420d06048efe056d559b332ac084e52865404e93f1b27ba50711c5,,variant-batch live execution
datm-live-2026-07-13T09-01-24-227Z,A,entity-10-malicious,malicious,20,2026-07-13T09:04:36.503Z,2026-07-13T09:04:36.503Z,2026-07-13T09:04:36.503Z,0,2026-07-13T09:04:37.192Z,0xd0c9a52128d24c446aeed4ad64ec09b4915d7fa6431a15a9b58d4f1833431c18,2026-07-13T09:04:43.090Z,success,37763,1000,6376887,0x7645f7cf310f4e3a4306bfddd596fe1080c12969230e6b8faa3ed95147f22181,2026-07-13T09:04:43.090Z,5898,5898,6587,28,Untrusted,2026-07-13T09:04:34.360Z,0x5188219bbb1f3af9fd907872b3812666d1773286be06715d77fbd30b7edc1780,,variant-batch live execution
datm-live-2026-07-13T09-01-24-227Z,A,entity-01-normal,normal,21,2026-07-13T09:04:49.099Z,2026-07-13T09:04:49.099Z,2026-07-13T09:04:49.099Z,0,2026-07-13T09:04:49.211Z,0xd097428ffb1c0be860b2d093fa9902251ba276f6097ea633efa6cb5463269b7f,2026-07-13T09:04:57.541Z,success,37775,1000,6376890,0xdfffee501708be1b60e038e1aabc61bf6be3a6aa1f9e67ea035c5041950b7da0,2026-07-13T09:04:57.541Z,8330,8330,8442,91,Trusted,2026-07-13T09:04:44.360Z,0x3e961f53a4dfcdc0dae333713b2c972eab1a7a4757815794f62e9e8e46ef2c6e,,variant-batch live execution
datm-live-2026-07-13T09-01-24-227Z,A,entity-02-normal,normal,21,2026-07-13T09:04:49.100Z,2026-07-13T09:04:49.100Z,2026-07-13T09:04:49.100Z,0,2026-07-13T09:04:49.224Z,0xbdd47d80b3664bfaa2dcbb647a19e99204ffda385aff1f47b37865ab1877db78,2026-07-13T09:04:57.510Z,success,37775,1000,6376890,0xdfffee501708be1b60e038e1aabc61bf6be3a6aa1f9e67ea035c5041950b7da0,2026-07-13T09:04:57.510Z,8286,8286,8410,89,Trusted,2026-07-13T09:04:44.360Z,0x1e7a4be2e61c4d4944275950efb1cca3c67e83a32da9e2186ca0c086e6e1d639,,variant-batch live execution
datm-live-2026-07-13T09-01-24-227Z,A,entity-03-normal,normal,21,2026-07-13T09:04:49.101Z,2026-07-13T09:04:49.101Z,2026-07-13T09:04:49.101Z,0,2026-07-13T09:04:49.225Z,0x311dddd1b69c0b0a0170039533b7a31660fccaee977372651226e3ad61f40408,2026-07-13T09:04:57.524Z,success,37775,1000,6376890,0xdfffee501708be1b60e038e1aabc61bf6be3a6aa1f9e67ea035c5041950b7da0,2026-07-13T09:04:57.524Z,8299,8299,8423,91,Trusted,2026-07-13T09:04:44.360Z,0x67710c9125a26222a2c5fd376cdd0ab7a0b8f0e452a8ea65c46ff0be7b156d12,,variant-batch live execution
datm-live-2026-07-13T09-01-24-227Z,A,entity-04-normal,normal,21,2026-07-13T09:04:49.101Z,2026-07-13T09:04:49.101Z,2026-07-13T09:04:49.101Z,0,2026-07-13T09:04:49.225Z,0x1a8f2b9e6b5055674c7fc188bb6816200347b2187e43e4c3c0befaeca40a28a5,2026-07-13T09:04:57.523Z,success,37775,1000,6376890,0xdfffee501708be1b60e038e1aabc61bf6be3a6aa1f9e67ea035c5041950b7da0,2026-07-13T09:04:57.523Z,8298,8298,8422,91,Trusted,2026-07-13T09:04:44.360Z,0x128cda6b155720d096421b46aeae17664cf2f5222ac8d0f1548a66379b220bc5,,variant-batch live execution
datm-live-2026-07-13T09-01-24-227Z,A,entity-05-suspicious,suspicious,21,2026-07-13T09:04:49.101Z,2026-07-13T09:04:49.101Z,2026-07-13T09:04:49.101Z,0,2026-07-13T09:04:49.225Z,0x2a619c59eb708c1d99f544e1ee4198887a6ebb2457b8c0709ba4196ee78ff238,2026-07-13T09:04:57.524Z,success,37775,1000,6376890,0xdfffee501708be1b60e038e1aabc61bf6be3a6aa1f9e67ea035c5041950b7da0,2026-07-13T09:04:57.524Z,8299,8299,8423,63,Suspicious,2026-07-13T09:04:44.360Z,0x9a90050ca28f1498486b2e3deaf2ea1d1dd5bf8fcba5a3e4c20adb4e038b80d1,,variant-batch live execution
datm-live-2026-07-13T09-01-24-227Z,A,entity-06-suspicious,suspicious,21,2026-07-13T09:04:49.102Z,2026-07-13T09:04:49.102Z,2026-07-13T09:04:49.102Z,0,2026-07-13T09:04:49.245Z,0x04053a615faa22a14c088dd1cb870633edfe39599a04ef46162418483b4916c2,2026-07-13T09:04:57.484Z,success,37775,1000,6376890,0xdfffee501708be1b60e038e1aabc61bf6be3a6aa1f9e67ea035c5041950b7da0,2026-07-13T09:04:57.484Z,8239,8239,8382,61,Suspicious,2026-07-13T09:04:44.360Z,0xd4df1c5e1258e7c86788ebdf2329847a2482e388871d8acd11025928ad7db85d,,variant-batch live execution
datm-live-2026-07-13T09-01-24-227Z,A,entity-07-suspicious,suspicious,21,2026-07-13T09:04:49.103Z,2026-07-13T09:04:49.103Z,2026-07-13T09:04:49.103Z,0,2026-07-13T09:04:49.225Z,0x925da5d23e537a24c081bb9f2a85e6bca46e48ef21e2c955159eb6d123f6f461,2026-07-13T09:04:57.793Z,success,37775,1000,6376890,0xdfffee501708be1b60e038e1aabc61bf6be3a6aa1f9e67ea035c5041950b7da0,2026-07-13T09:04:57.793Z,8568,8568,8690,62,Suspicious,2026-07-13T09:04:44.360Z,0xf452f68080193d140903c09e5e0d23fdc3d0ce8efb3beeef10dda671603980ce,,variant-batch live execution
datm-live-2026-07-13T09-01-24-227Z,A,entity-08-malicious,malicious,21,2026-07-13T09:04:49.103Z,2026-07-13T09:04:49.103Z,2026-07-13T09:04:49.103Z,0,2026-07-13T09:04:49.245Z,0x36cadd3b6ac7ee9d26bc309df063a1d1c0807e93276d0479245defe65f974785,2026-07-13T09:04:57.841Z,success,37775,1000,6376890,0xdfffee501708be1b60e038e1aabc61bf6be3a6aa1f9e67ea035c5041950b7da0,2026-07-13T09:04:57.841Z,8596,8596,8738,26,Untrusted,2026-07-13T09:04:44.360Z,0x6a475e3341d68bd9bcebdac7d08c2e9d6fe4fd9a592d784293884824fd6930a5,,variant-batch live execution
datm-live-2026-07-13T09-01-24-227Z,A,entity-09-malicious,malicious,21,2026-07-13T09:04:49.103Z,2026-07-13T09:04:49.103Z,2026-07-13T09:04:49.103Z,0,2026-07-13T09:04:49.245Z,0x1c96da8a39d9692fb7cddd776988d56d57f93a287e557925d44639001b317f6f,2026-07-13T09:04:57.861Z,success,37775,1000,6376890,0xdfffee501708be1b60e038e1aabc61bf6be3a6aa1f9e67ea035c5041950b7da0,2026-07-13T09:04:57.861Z,8616,8616,8758,27,Untrusted,2026-07-13T09:04:44.360Z,0x3bab1cd896bbc9587035c61be453c4fd203e576d061f5812622c639a9ba89187,,variant-batch live execution
datm-live-2026-07-13T09-01-24-227Z,A,entity-10-malicious,malicious,21,2026-07-13T09:04:49.103Z,2026-07-13T09:04:49.103Z,2026-07-13T09:04:49.103Z,0,2026-07-13T09:04:49.245Z,0x1f6d02985d59842f3cf74bf914839b2c594761239e7f8aaef16396909fd6fdd1,2026-07-13T09:04:57.886Z,success,37763,1000,6376890,0xdfffee501708be1b60e038e1aabc61bf6be3a6aa1f9e67ea035c5041950b7da0,2026-07-13T09:04:57.886Z,8641,8641,8783,26,Untrusted,2026-07-13T09:04:44.360Z,0xa55d39cd302798f0f9bcfbb50b58adae89061666a92c6afe956debe1521daf1a,,variant-batch live execution
datm-live-2026-07-13T09-01-24-227Z,A,entity-01-normal,normal,22,2026-07-13T09:05:03.032Z,2026-07-13T09:05:03.032Z,2026-07-13T09:05:03.032Z,0,2026-07-13T09:05:03.290Z,0xb096cb99672e39ee25ccad507761253a24cf3da398a673df2f48b286f28b79d1,2026-07-13T09:05:07.666Z,success,37775,1000,6376892,0x690515accead1c353906102ae2500ddf0b41ddb2c1c837649ff0374998382ffa,2026-07-13T09:05:07.666Z,4376,4376,4634,91,Trusted,2026-07-13T09:04:54.360Z,0x20de2809859b1fed115d7d6f894d4d1222d8e05011cf1fdc49221589f143b729,,variant-batch live execution
datm-live-2026-07-13T09-01-24-227Z,A,entity-02-normal,normal,22,2026-07-13T09:05:03.034Z,2026-07-13T09:05:03.034Z,2026-07-13T09:05:03.034Z,0,2026-07-13T09:05:03.290Z,0x4a959abf99a2fecc7b252eccb6dfb7d22d406d797bd77ebb421e212a70a177a0,2026-07-13T09:05:07.667Z,success,37775,1000,6376892,0x690515accead1c353906102ae2500ddf0b41ddb2c1c837649ff0374998382ffa,2026-07-13T09:05:07.667Z,4377,4377,4633,93,Trusted,2026-07-13T09:04:54.360Z,0x09c5de08ea5623f3f9fd2bb137611a1fd26dbdad6511f01a2dcad7d783192f07,,variant-batch live execution
datm-live-2026-07-13T09-01-24-227Z,A,entity-03-normal,normal,22,2026-07-13T09:05:03.034Z,2026-07-13T09:05:03.034Z,2026-07-13T09:05:03.034Z,0,2026-07-13T09:05:03.290Z,0xc94a223e97a088236fd7f49b746e21736e710b5ec55a22acfb2f9af76bdccf8f,2026-07-13T09:05:07.667Z,success,37775,1000,6376892,0x690515accead1c353906102ae2500ddf0b41ddb2c1c837649ff0374998382ffa,2026-07-13T09:05:07.667Z,4377,4377,4633,92,Trusted,2026-07-13T09:04:54.360Z,0x9971f413fb0dc0f824cc8c9039b65ee2659090dc8c8adac35238b80546821e22,,variant-batch live execution
datm-live-2026-07-13T09-01-24-227Z,A,entity-04-normal,normal,22,2026-07-13T09:05:03.034Z,2026-07-13T09:05:03.034Z,2026-07-13T09:05:03.034Z,0,2026-07-13T09:05:03.290Z,0xd61b433d27c9f8f1f8bec165af42e0df91f09e424cae82cb304c9192515ce829,2026-07-13T09:05:07.694Z,success,37775,1000,6376892,0x690515accead1c353906102ae2500ddf0b41ddb2c1c837649ff0374998382ffa,2026-07-13T09:05:07.694Z,4404,4404,4660,91,Trusted,2026-07-13T09:04:54.360Z,0x38ddb717888a77968d277fcaeb78c3142c99479b267d6c242dfc691aee608f91,,variant-batch live execution
datm-live-2026-07-13T09-01-24-227Z,A,entity-05-suspicious,suspicious,22,2026-07-13T09:05:03.035Z,2026-07-13T09:05:03.035Z,2026-07-13T09:05:03.035Z,0,2026-07-13T09:05:03.290Z,0x18e45662d0cf232447508f3f64e016793b9e75bd05bb73b6d68efca0e569f366,2026-07-13T09:05:07.667Z,success,37775,1000,6376892,0x690515accead1c353906102ae2500ddf0b41ddb2c1c837649ff0374998382ffa,2026-07-13T09:05:07.667Z,4377,4377,4632,61,Suspicious,2026-07-13T09:04:54.360Z,0x41d74794bf437bee7cc103015e61c2d96fce43105c089d2e21bc9705cc550d7a,,variant-batch live execution
datm-live-2026-07-13T09-01-24-227Z,A,entity-06-suspicious,suspicious,22,2026-07-13T09:05:03.035Z,2026-07-13T09:05:03.035Z,2026-07-13T09:05:03.035Z,0,2026-07-13T09:05:03.342Z,0x2f77fb04ebf3a6ef88a1c41ce557a0076d7cc228e3a9810b00d1dc016ed0e3d7,2026-07-13T09:05:07.668Z,success,37775,1000,6376892,0x690515accead1c353906102ae2500ddf0b41ddb2c1c837649ff0374998382ffa,2026-07-13T09:05:07.668Z,4326,4326,4633,58,Suspicious,2026-07-13T09:04:54.360Z,0xf25f260fb38f4641dd96f2316635401b4dcc80a025d9c0854f36e3125f9992e9,,variant-batch live execution
datm-live-2026-07-13T09-01-24-227Z,A,entity-07-suspicious,suspicious,22,2026-07-13T09:05:03.035Z,2026-07-13T09:05:03.035Z,2026-07-13T09:05:03.035Z,0,2026-07-13T09:05:03.291Z,0x36912922291739a82cb8acc7150c2ad2d37a32d61a5055dba9422e4c31a2c381,2026-07-13T09:05:07.867Z,success,37775,1000,6376892,0x690515accead1c353906102ae2500ddf0b41ddb2c1c837649ff0374998382ffa,2026-07-13T09:05:07.867Z,4576,4576,4832,63,Suspicious,2026-07-13T09:04:54.360Z,0x289ef16e2e9c8b3a1b6d96d16b8013adc2753516c296a94b66bf6c0ee65f9679,,variant-batch live execution
datm-live-2026-07-13T09-01-24-227Z,A,entity-08-malicious,malicious,22,2026-07-13T09:05:03.036Z,2026-07-13T09:05:03.036Z,2026-07-13T09:05:03.036Z,0,2026-07-13T09:05:03.291Z,0xc5bfb26a74329ae049301283899611189d58725e3847e4bdf38bea61a9fda436,2026-07-13T09:05:07.882Z,success,37775,1000,6376892,0x690515accead1c353906102ae2500ddf0b41ddb2c1c837649ff0374998382ffa,2026-07-13T09:05:07.882Z,4591,4591,4846,27,Untrusted,2026-07-13T09:04:54.360Z,0x60dec624240fd8fcf10af37dca1a4b78480d6181c57ce7fd7c961db5bf7a72f0,,variant-batch live execution
datm-live-2026-07-13T09-01-24-227Z,A,entity-09-malicious,malicious,22,2026-07-13T09:05:03.036Z,2026-07-13T09:05:03.036Z,2026-07-13T09:05:03.036Z,0,2026-07-13T09:05:03.342Z,0x1e60dda35f82c9cc1d004f11a89794f2c99a37ce5fe1387202bb6202d50848d4,2026-07-13T09:05:07.895Z,success,37775,1000,6376892,0x690515accead1c353906102ae2500ddf0b41ddb2c1c837649ff0374998382ffa,2026-07-13T09:05:07.895Z,4553,4553,4859,25,Untrusted,2026-07-13T09:04:54.360Z,0xc8a35853c547a7a925aea8e807e05021d49f869634dbcc26c8e51a7f58226bfd,,variant-batch live execution
datm-live-2026-07-13T09-01-24-227Z,A,entity-10-malicious,malicious,22,2026-07-13T09:05:03.036Z,2026-07-13T09:05:03.036Z,2026-07-13T09:05:03.036Z,0,2026-07-13T09:05:03.342Z,0x9f830a8b7698aaaa62d53e9354f32f680329344ca05c6837d07767a0e6fa8f2e,2026-07-13T09:05:07.904Z,success,37763,1000,6376892,0x690515accead1c353906102ae2500ddf0b41ddb2c1c837649ff0374998382ffa,2026-07-13T09:05:07.904Z,4562,4562,4868,26,Untrusted,2026-07-13T09:04:54.360Z,0xd30719d2aaf0205ba2b107726201df670ccb25bc1c2a19ff5ec1f1a68242856a,,variant-batch live execution
datm-live-2026-07-13T09-01-24-227Z,A,entity-01-normal,normal,23,2026-07-13T09:05:13.041Z,2026-07-13T09:05:13.041Z,2026-07-13T09:05:13.041Z,0,2026-07-13T09:05:13.148Z,0x383391cfec721107506df4662e8f4368e5abb9b0874d479e32d04ee32eb3dc42,2026-07-13T09:05:17.419Z,success,37775,1000,6376894,0xe7cfb7b63d1d1393606a3a3d4d7649cdace9beb70c31e24ec70635407d2ef956,2026-07-13T09:05:17.419Z,4271,4271,4378,93,Trusted,2026-07-13T09:05:04.360Z,0x4298d8eff07b42a5c805cf4028e4d26b2c041ffdba05fe21233f6db9ec170bf7,,variant-batch live execution
datm-live-2026-07-13T09-01-24-227Z,A,entity-02-normal,normal,23,2026-07-13T09:05:13.042Z,2026-07-13T09:05:13.042Z,2026-07-13T09:05:13.042Z,0,2026-07-13T09:05:13.187Z,0xc4d395888f4040f08ee3f44d02ed9ee4c4398a03b344695e0e4cd7f386ec5364,2026-07-13T09:05:17.422Z,success,37775,1000,6376894,0xe7cfb7b63d1d1393606a3a3d4d7649cdace9beb70c31e24ec70635407d2ef956,2026-07-13T09:05:17.422Z,4235,4235,4380,93,Trusted,2026-07-13T09:05:04.360Z,0x1602e1129325b85b49d77971235840495b3255b51c9b8e655347cb27685a815a,,variant-batch live execution
datm-live-2026-07-13T09-01-24-227Z,A,entity-03-normal,normal,23,2026-07-13T09:05:13.042Z,2026-07-13T09:05:13.042Z,2026-07-13T09:05:13.042Z,0,2026-07-13T09:05:13.148Z,0xe316cf6250ad81d95299234a312bb3f28c19f909ed8be7d45464e04164f442f2,2026-07-13T09:05:17.415Z,success,37775,1000,6376894,0xe7cfb7b63d1d1393606a3a3d4d7649cdace9beb70c31e24ec70635407d2ef956,2026-07-13T09:05:17.415Z,4267,4267,4373,92,Trusted,2026-07-13T09:05:04.360Z,0x8ff26a4c50d7eb081ff575fc8ad1896ce29e0fd1b4b8a46a30926da190a82863,,variant-batch live execution
datm-live-2026-07-13T09-01-24-227Z,A,entity-04-normal,normal,23,2026-07-13T09:05:13.043Z,2026-07-13T09:05:13.043Z,2026-07-13T09:05:13.043Z,0,2026-07-13T09:05:13.148Z,0x7a5cdee5056a4c478f6a0f87342a936ad9da946416d25b06efa1cc69ed78cada,2026-07-13T09:05:17.442Z,success,37775,1000,6376894,0xe7cfb7b63d1d1393606a3a3d4d7649cdace9beb70c31e24ec70635407d2ef956,2026-07-13T09:05:17.442Z,4294,4294,4399,93,Trusted,2026-07-13T09:05:04.360Z,0x860934e73651365827d5c85f209accfd3e77fc8e6c11befc269e064ff00d950b,,variant-batch live execution
datm-live-2026-07-13T09-01-24-227Z,A,entity-05-suspicious,suspicious,23,2026-07-13T09:05:13.043Z,2026-07-13T09:05:13.043Z,2026-07-13T09:05:13.043Z,0,2026-07-13T09:05:13.148Z,0x6b151deccc22cd6c509d712f5ac99993869f949a513e2ab4abe416ddf16b6704,2026-07-13T09:05:17.423Z,success,37775,1000,6376894,0xe7cfb7b63d1d1393606a3a3d4d7649cdace9beb70c31e24ec70635407d2ef956,2026-07-13T09:05:17.423Z,4275,4275,4380,58,Suspicious,2026-07-13T09:05:04.360Z,0x42586e5edef30143a25b4a1f44b2210812a37030d7b284aa660ca72cea48910b,,variant-batch live execution
datm-live-2026-07-13T09-01-24-227Z,A,entity-06-suspicious,suspicious,23,2026-07-13T09:05:13.043Z,2026-07-13T09:05:13.043Z,2026-07-13T09:05:13.043Z,0,2026-07-13T09:05:13.148Z,0x4d21dc7ea336ea6823e9940a967bb7b5640b175a50e6e62fb2c54e89a578c108,2026-07-13T09:05:17.423Z,success,37775,1000,6376894,0xe7cfb7b63d1d1393606a3a3d4d7649cdace9beb70c31e24ec70635407d2ef956,2026-07-13T09:05:17.423Z,4275,4275,4380,61,Suspicious,2026-07-13T09:05:04.360Z,0x6c58809e2c449d01f304121f5912d00ecb0b6a83248051da05fa621850330d5b,,variant-batch live execution
datm-live-2026-07-13T09-01-24-227Z,A,entity-07-suspicious,suspicious,23,2026-07-13T09:05:13.043Z,2026-07-13T09:05:13.043Z,2026-07-13T09:05:13.043Z,0,2026-07-13T09:05:13.188Z,0xf60de2d07a9fd0aa4141b3c096a3428a8787e31ea3c8dad8dbf8996057700467,2026-07-13T09:05:17.631Z,success,37775,1000,6376894,0xe7cfb7b63d1d1393606a3a3d4d7649cdace9beb70c31e24ec70635407d2ef956,2026-07-13T09:05:17.631Z,4443,4443,4588,61,Suspicious,2026-07-13T09:05:04.360Z,0xf9b902313b0561d291086b9a4e497653f19c788a65161c31a84cf3c36ab28d76,,variant-batch live execution
datm-live-2026-07-13T09-01-24-227Z,A,entity-08-malicious,malicious,23,2026-07-13T09:05:13.044Z,2026-07-13T09:05:13.044Z,2026-07-13T09:05:13.044Z,0,2026-07-13T09:05:13.148Z,0xdbb22c5b1ea73c2434645b0d7282b30dff3b480b76a0accbcbdcf001b2a4809f,2026-07-13T09:05:17.633Z,success,37775,1000,6376894,0xe7cfb7b63d1d1393606a3a3d4d7649cdace9beb70c31e24ec70635407d2ef956,2026-07-13T09:05:17.633Z,4485,4485,4589,25,Untrusted,2026-07-13T09:05:04.360Z,0x28987a9e6177c00931e537ff78a7b5f336fefc8fbd5af4b468b944ec5976a383,,variant-batch live execution
datm-live-2026-07-13T09-01-24-227Z,A,entity-09-malicious,malicious,23,2026-07-13T09:05:13.044Z,2026-07-13T09:05:13.044Z,2026-07-13T09:05:13.044Z,0,2026-07-13T09:05:13.188Z,0x86e2bd496318528fa9fe484d0cc0b4836c296a652aac1256ae83f286c3c4fb0a,2026-07-13T09:05:17.657Z,success,37775,1000,6376894,0xe7cfb7b63d1d1393606a3a3d4d7649cdace9beb70c31e24ec70635407d2ef956,2026-07-13T09:05:17.657Z,4469,4469,4613,25,Untrusted,2026-07-13T09:05:04.360Z,0x3b9f235306de50405a9ed18a3bc9bcc40816eb4e70d6627a1ccf80588af8024f,,variant-batch live execution
datm-live-2026-07-13T09-01-24-227Z,A,entity-10-malicious,malicious,23,2026-07-13T09:05:13.045Z,2026-07-13T09:05:13.045Z,2026-07-13T09:05:13.045Z,0,2026-07-13T09:05:13.188Z,0x87468cee26123a082b9b9eaecf5f55f6718f1b0db3677e8a5091fa7db692f701,2026-07-13T09:05:17.632Z,success,37763,1000,6376894,0xe7cfb7b63d1d1393606a3a3d4d7649cdace9beb70c31e24ec70635407d2ef956,2026-07-13T09:05:17.632Z,4444,4444,4587,28,Untrusted,2026-07-13T09:05:04.360Z,0x8122eab0f09f79d7aec27046c01b841403f232750122a21e0dfc21a7595a7ce7,,variant-batch live execution
datm-live-2026-07-13T09-01-24-227Z,A,entity-01-normal,normal,24,2026-07-13T09:05:22.773Z,2026-07-13T09:05:22.773Z,2026-07-13T09:05:22.773Z,0,2026-07-13T09:05:22.889Z,0x7e835df54551c692971ed43a9ca0040cc729fde08c391e721102628cf8a476ba,2026-07-13T09:05:27.133Z,success,37775,1000,6376896,0xd3b2b961ae969e89fad893305016e784d823fa2e41ee87351ee955783eac3fc4,2026-07-13T09:05:27.133Z,4244,4244,4360,92,Trusted,2026-07-13T09:05:14.360Z,0xe55b3314dc23d44a6110285f1a05ed9b695f0fa00cd03241ec452f5d3da53515,,variant-batch live execution
datm-live-2026-07-13T09-01-24-227Z,A,entity-02-normal,normal,24,2026-07-13T09:05:22.774Z,2026-07-13T09:05:22.774Z,2026-07-13T09:05:22.774Z,0,2026-07-13T09:05:22.916Z,0xe87fd3d77ffd758280fcd52e89165df202f82fa3ef6b94203d155885f2e80a42,2026-07-13T09:05:27.129Z,success,37775,1000,6376896,0xd3b2b961ae969e89fad893305016e784d823fa2e41ee87351ee955783eac3fc4,2026-07-13T09:05:27.129Z,4213,4213,4355,91,Trusted,2026-07-13T09:05:14.360Z,0x757550be661f34715ed2915cda223e278bb558d4365de9b8df8d9dd8cc36f5e0,,variant-batch live execution
datm-live-2026-07-13T09-01-24-227Z,A,entity-03-normal,normal,24,2026-07-13T09:05:22.774Z,2026-07-13T09:05:22.774Z,2026-07-13T09:05:22.774Z,0,2026-07-13T09:05:22.889Z,0x602aeee6ab860197a02e95183c2313fed983f9cb95bb705fcd2c6fe94e69dc72,2026-07-13T09:05:27.134Z,success,37775,1000,6376896,0xd3b2b961ae969e89fad893305016e784d823fa2e41ee87351ee955783eac3fc4,2026-07-13T09:05:27.134Z,4245,4245,4360,92,Trusted,2026-07-13T09:05:14.360Z,0xb1c464d7ed74d5fc0550bc3055e34b7c321ede380d67cb700dc1afeab7634ff5,,variant-batch live execution
datm-live-2026-07-13T09-01-24-227Z,A,entity-04-normal,normal,24,2026-07-13T09:05:22.775Z,2026-07-13T09:05:22.775Z,2026-07-13T09:05:22.775Z,0,2026-07-13T09:05:22.890Z,0x75c2a4c95e72ced79c40bfd1f7c60dd8edca0512ddfb8d21e8574a6bfc5bfb73,2026-07-13T09:05:27.171Z,success,37775,1000,6376896,0xd3b2b961ae969e89fad893305016e784d823fa2e41ee87351ee955783eac3fc4,2026-07-13T09:05:27.171Z,4281,4281,4396,92,Trusted,2026-07-13T09:05:14.360Z,0x5faa759b45aa54d303bc3f12caecdd7070a00ebad2010c0793e07360d150349a,,variant-batch live execution
datm-live-2026-07-13T09-01-24-227Z,A,entity-05-suspicious,suspicious,24,2026-07-13T09:05:22.775Z,2026-07-13T09:05:22.775Z,2026-07-13T09:05:22.775Z,0,2026-07-13T09:05:22.890Z,0xff806cce5e3db725de08fcb98438bfb83f27b897b6e4c87f481585cb26303633,2026-07-13T09:05:27.134Z,success,37775,1000,6376896,0xd3b2b961ae969e89fad893305016e784d823fa2e41ee87351ee955783eac3fc4,2026-07-13T09:05:27.134Z,4244,4244,4359,61,Suspicious,2026-07-13T09:05:14.360Z,0x4aa374e00122b1127de4be96c1380c23581766cfb1b05de53219ee81f57885ba,,variant-batch live execution
datm-live-2026-07-13T09-01-24-227Z,A,entity-06-suspicious,suspicious,24,2026-07-13T09:05:22.775Z,2026-07-13T09:05:22.775Z,2026-07-13T09:05:22.775Z,0,2026-07-13T09:05:22.890Z,0xacb03924b5df0cc72374e5ec064ea21b26c9b3aec36b84511aedc08ce42a47de,2026-07-13T09:05:27.136Z,success,37775,1000,6376896,0xd3b2b961ae969e89fad893305016e784d823fa2e41ee87351ee955783eac3fc4,2026-07-13T09:05:27.136Z,4246,4246,4361,61,Suspicious,2026-07-13T09:05:14.360Z,0x11a63f86e8886b3fcea8d473720bda4ada247fa3bc9dd81495e0f80a38b89312,,variant-batch live execution
datm-live-2026-07-13T09-01-24-227Z,A,entity-07-suspicious,suspicious,24,2026-07-13T09:05:22.775Z,2026-07-13T09:05:22.775Z,2026-07-13T09:05:22.775Z,0,2026-07-13T09:05:22.890Z,0xb66eb4c3ecc4e57722ed2c3f2ea94a2c056b114edd2d9576a4a3274e5f030ed7,2026-07-13T09:05:27.324Z,success,37775,1000,6376896,0xd3b2b961ae969e89fad893305016e784d823fa2e41ee87351ee955783eac3fc4,2026-07-13T09:05:27.324Z,4434,4434,4549,58,Suspicious,2026-07-13T09:05:14.360Z,0x4d9e326fa30e7925244bac068e7303dc6fac4a3699d01be5f85cd312cde80281,,variant-batch live execution
datm-live-2026-07-13T09-01-24-227Z,A,entity-08-malicious,malicious,24,2026-07-13T09:05:22.776Z,2026-07-13T09:05:22.776Z,2026-07-13T09:05:22.776Z,0,2026-07-13T09:05:22.917Z,0x3fa0657c5d91c43b798155e6e4ab9f1c3135c6fd38b05e5f29bde7b96e777f21,2026-07-13T09:05:27.347Z,success,37775,1000,6376896,0xd3b2b961ae969e89fad893305016e784d823fa2e41ee87351ee955783eac3fc4,2026-07-13T09:05:27.347Z,4430,4430,4571,25,Untrusted,2026-07-13T09:05:14.360Z,0xe0256d35eb2182d392034edd1b1e39158ca2e0090cc250029f3208b4f3a6c902,,variant-batch live execution
datm-live-2026-07-13T09-01-24-227Z,A,entity-09-malicious,malicious,24,2026-07-13T09:05:22.776Z,2026-07-13T09:05:22.776Z,2026-07-13T09:05:22.776Z,0,2026-07-13T09:05:22.917Z,0x369f78d98bb147c13be74776b29f04c977c8bbba4159eee35cf4c9c6333d71cb,2026-07-13T09:05:27.356Z,success,37775,1000,6376896,0xd3b2b961ae969e89fad893305016e784d823fa2e41ee87351ee955783eac3fc4,2026-07-13T09:05:27.356Z,4439,4439,4580,27,Untrusted,2026-07-13T09:05:14.360Z,0xd4d0b3435ba841baad91ba1ef7f43c68d496146a618327bb77d21c1e3afa618d,,variant-batch live execution
datm-live-2026-07-13T09-01-24-227Z,A,entity-10-malicious,malicious,24,2026-07-13T09:05:22.776Z,2026-07-13T09:05:22.776Z,2026-07-13T09:05:22.776Z,0,2026-07-13T09:05:22.917Z,0xc3020a7cbb60d4a0438e8e7d5479c8b7fa06bd144a5f07eea8c7892c4bded400,2026-07-13T09:05:27.360Z,success,37763,1000,6376896,0xd3b2b961ae969e89fad893305016e784d823fa2e41ee87351ee955783eac3fc4,2026-07-13T09:05:27.360Z,4443,4443,4584,26,Untrusted,2026-07-13T09:05:14.360Z,0xf2c9f3f34b53d5a6bba78a18582bca540534d23ef5cde84f08599581a6f3348a,,variant-batch live execution
datm-live-2026-07-13T09-01-24-227Z,A,entity-01-normal,normal,25,2026-07-13T09:05:32.455Z,2026-07-13T09:05:32.455Z,2026-07-13T09:05:32.455Z,0,2026-07-13T09:05:32.582Z,0x532b87ec9d55f51638af056a632ba92f9ccae88d73f1ba90e081307996299f69,2026-07-13T09:05:36.848Z,success,37775,1000,6376898,0x618d848e08db1641608844245db215a774e216ec5c5f5eda8e1aa987e921296e,2026-07-13T09:05:36.848Z,4266,4266,4393,92,Trusted,2026-07-13T09:05:24.360Z,0x4d8db7610d483df00d0af650bab393aa26959667dc2889ff98778ee59ed4503c,,variant-batch live execution
datm-live-2026-07-13T09-01-24-227Z,A,entity-02-normal,normal,25,2026-07-13T09:05:32.456Z,2026-07-13T09:05:32.456Z,2026-07-13T09:05:32.456Z,0,2026-07-13T09:05:32.592Z,0xbcc976ea9e42905662dd5e8c6f33cdc1f7a6cfaa10d3efbeea7f25618d5430ae,2026-07-13T09:05:36.848Z,success,37775,1000,6376898,0x618d848e08db1641608844245db215a774e216ec5c5f5eda8e1aa987e921296e,2026-07-13T09:05:36.848Z,4256,4256,4392,92,Trusted,2026-07-13T09:05:24.360Z,0x01e0ffd607e58518582db1bf59b31922a23e776f646d6ea99d1fd09552706e4b,,variant-batch live execution
datm-live-2026-07-13T09-01-24-227Z,A,entity-03-normal,normal,25,2026-07-13T09:05:32.456Z,2026-07-13T09:05:32.456Z,2026-07-13T09:05:32.456Z,0,2026-07-13T09:05:32.593Z,0xa2952eb7d71653d394304436914c166a9effe682fc69a28525f32dbed1e38ca2,2026-07-13T09:05:36.850Z,success,37775,1000,6376898,0x618d848e08db1641608844245db215a774e216ec5c5f5eda8e1aa987e921296e,2026-07-13T09:05:36.850Z,4257,4257,4394,93,Trusted,2026-07-13T09:05:24.360Z,0xe3d8de7aa1f1195b7f17178e318b727f47f9eb08563316a99db95f2a12f0344f,,variant-batch live execution
datm-live-2026-07-13T09-01-24-227Z,A,entity-04-normal,normal,25,2026-07-13T09:05:32.456Z,2026-07-13T09:05:32.456Z,2026-07-13T09:05:32.456Z,0,2026-07-13T09:05:32.614Z,0xc815d2c1eacdc0cf95f7b311c01696f01139e2fbaab46b29626cfb442c269530,2026-07-13T09:05:36.852Z,success,37775,1000,6376898,0x618d848e08db1641608844245db215a774e216ec5c5f5eda8e1aa987e921296e,2026-07-13T09:05:36.852Z,4238,4238,4396,92,Trusted,2026-07-13T09:05:24.360Z,0x5537ada6b90d02fbc8b6482a4a5fe2c503725e9512266d26b202221c9cb8d1f3,,variant-batch live execution
datm-live-2026-07-13T09-01-24-227Z,A,entity-05-suspicious,suspicious,25,2026-07-13T09:05:32.456Z,2026-07-13T09:05:32.456Z,2026-07-13T09:05:32.456Z,0,2026-07-13T09:05:32.593Z,0x70e22b02c039915994b8e0aa0e7b93bc06880e484ac91a55567a91a520bcf06a,2026-07-13T09:05:36.852Z,success,37763,1000,6376898,0x618d848e08db1641608844245db215a774e216ec5c5f5eda8e1aa987e921296e,2026-07-13T09:05:36.852Z,4259,4259,4396,61,Suspicious,2026-07-13T09:05:24.360Z,0x1573dee7c68ab9aeba650069df5e9b37daf898bba3357b0f707eca8305bd15b3,,variant-batch live execution
datm-live-2026-07-13T09-01-24-227Z,A,entity-06-suspicious,suspicious,25,2026-07-13T09:05:32.456Z,2026-07-13T09:05:32.456Z,2026-07-13T09:05:32.456Z,0,2026-07-13T09:05:32.593Z,0x296d7981837dbfa00b9cf01713da22d6483d462d63aeb09e6b83839583d00bf8,2026-07-13T09:05:36.852Z,success,37775,1000,6376898,0x618d848e08db1641608844245db215a774e216ec5c5f5eda8e1aa987e921296e,2026-07-13T09:05:36.852Z,4259,4259,4396,61,Suspicious,2026-07-13T09:05:24.360Z,0x1ca11bbe6eb3b22456960dca88e421ba4420556754a0133799109b5d5540968b,,variant-batch live execution
datm-live-2026-07-13T09-01-24-227Z,A,entity-07-suspicious,suspicious,25,2026-07-13T09:05:32.456Z,2026-07-13T09:05:32.456Z,2026-07-13T09:05:32.456Z,0,2026-07-13T09:05:32.593Z,0x3852654cf7b10d0fec9ef5124da184da267448ef35f42447a25a4a9bcd298244,2026-07-13T09:05:37.043Z,success,37775,1000,6376898,0x618d848e08db1641608844245db215a774e216ec5c5f5eda8e1aa987e921296e,2026-07-13T09:05:37.043Z,4450,4450,4587,61,Suspicious,2026-07-13T09:05:24.360Z,0x96aae2f4acea10a3f9a74cf0d479cf6787c9278ee3d0e553655c16536bb532f2,,variant-batch live execution
datm-live-2026-07-13T09-01-24-227Z,A,entity-08-malicious,malicious,25,2026-07-13T09:05:32.457Z,2026-07-13T09:05:32.457Z,2026-07-13T09:05:32.457Z,0,2026-07-13T09:05:32.614Z,0xf2eb7915840882d9e08b8b58bcc178faee1c9b90210dd7176c3bb12cefaa3ab8,2026-07-13T09:05:37.028Z,success,37775,1000,6376898,0x618d848e08db1641608844245db215a774e216ec5c5f5eda8e1aa987e921296e,2026-07-13T09:05:37.028Z,4414,4414,4571,27,Untrusted,2026-07-13T09:05:24.360Z,0xed5e4979db933b2cbc5ae77d42ab9dbb6e4a586a95d3d3ff9fbf50c5e4b93dbe,,variant-batch live execution
datm-live-2026-07-13T09-01-24-227Z,A,entity-09-malicious,malicious,25,2026-07-13T09:05:32.458Z,2026-07-13T09:05:32.458Z,2026-07-13T09:05:32.458Z,0,2026-07-13T09:05:32.614Z,0x14da4d130904612cb7c846594a6584fab61aacb7e467223ed6f54f9e5fc94535,2026-07-13T09:05:37.072Z,success,37775,1000,6376898,0x618d848e08db1641608844245db215a774e216ec5c5f5eda8e1aa987e921296e,2026-07-13T09:05:37.072Z,4458,4458,4614,25,Untrusted,2026-07-13T09:05:24.360Z,0x7c58cfd9611cf2053f4624080333c77d0a36aff91cddd0fd4e0fa73a40cfc7eb,,variant-batch live execution
datm-live-2026-07-13T09-01-24-227Z,A,entity-10-malicious,malicious,25,2026-07-13T09:05:32.458Z,2026-07-13T09:05:32.458Z,2026-07-13T09:05:32.458Z,0,2026-07-13T09:05:32.614Z,0x03bbfbe96c985c7daa91415288fdf8ca7770d02bb99ebf8ee971d5d025146387,2026-07-13T09:05:37.064Z,success,37751,1000,6376898,0x618d848e08db1641608844245db215a774e216ec5c5f5eda8e1aa987e921296e,2026-07-13T09:05:37.064Z,4450,4450,4606,25,Untrusted,2026-07-13T09:05:24.360Z,0x013a1d06e9c5f09cb952e48a4f3bc1ee00d712b4792bdc82ebfd7e8569436195,,variant-batch live execution
datm-live-2026-07-13T09-01-24-227Z,A,entity-01-normal,normal,26,2026-07-13T09:05:42.209Z,2026-07-13T09:05:42.209Z,2026-07-13T09:05:42.209Z,0,2026-07-13T09:05:42.343Z,0x4aaf23948148f026b984d512fba767b32b7f6aad33bb0de4836ce6abf450c539,2026-07-13T09:05:46.665Z,success,37775,1000,6376900,0x3295eb50444b62fa693869f62a3b5feab303247288ec8b89b6663e13147b9f58,2026-07-13T09:05:46.665Z,4322,4322,4456,92,Trusted,2026-07-13T09:05:34.360Z,0x6f2ae0aa4bf92ce78d7dbe67e380e2f95527ea739f7e4083b3b53b0ed7a7725d,,variant-batch live execution
datm-live-2026-07-13T09-01-24-227Z,A,entity-02-normal,normal,26,2026-07-13T09:05:42.209Z,2026-07-13T09:05:42.209Z,2026-07-13T09:05:42.209Z,0,2026-07-13T09:05:42.350Z,0xbfc7cb52b1aeeda974bf75f1b47be88ecb291a85cb43517a6be9684198712060,2026-07-13T09:05:46.657Z,success,37775,1000,6376900,0x3295eb50444b62fa693869f62a3b5feab303247288ec8b89b6663e13147b9f58,2026-07-13T09:05:46.657Z,4307,4307,4448,92,Trusted,2026-07-13T09:05:34.360Z,0x3416e7031014b7493eafb487e0ccdb05b339121fbd32e8874d8d3a600c09d05e,,variant-batch live execution
datm-live-2026-07-13T09-01-24-227Z,A,entity-03-normal,normal,26,2026-07-13T09:05:42.209Z,2026-07-13T09:05:42.209Z,2026-07-13T09:05:42.209Z,0,2026-07-13T09:05:42.350Z,0xbe2c775003f582471128653680ebd30eeeea98caa485f4e749da40bba61b832a,2026-07-13T09:05:46.663Z,success,37775,1000,6376900,0x3295eb50444b62fa693869f62a3b5feab303247288ec8b89b6663e13147b9f58,2026-07-13T09:05:46.663Z,4313,4313,4454,91,Trusted,2026-07-13T09:05:34.360Z,0xbfdfe247d6b1688e5f113fb015ca7d9f0556bf0e5ba3bdffb3632d3e27533e0e,,variant-batch live execution
datm-live-2026-07-13T09-01-24-227Z,A,entity-04-normal,normal,26,2026-07-13T09:05:42.210Z,2026-07-13T09:05:42.210Z,2026-07-13T09:05:42.210Z,0,2026-07-13T09:05:42.350Z,0x9272770e80f8f8f3b3c930e6a03db1ef21b3086e636974c5663be6d2a7a935de,2026-07-13T09:05:46.664Z,success,37775,1000,6376900,0x3295eb50444b62fa693869f62a3b5feab303247288ec8b89b6663e13147b9f58,2026-07-13T09:05:46.664Z,4314,4314,4454,92,Trusted,2026-07-13T09:05:34.360Z,0x442ae89bc332ace358d70ea35cd3ea1b2614a357672f159edf62d7fecf6e2b80,,variant-batch live execution
datm-live-2026-07-13T09-01-24-227Z,A,entity-05-suspicious,suspicious,26,2026-07-13T09:05:42.210Z,2026-07-13T09:05:42.210Z,2026-07-13T09:05:42.210Z,0,2026-07-13T09:05:42.350Z,0x7ec552a57c15cf116f8e5548b26ff61e748b80019bad91effe42c60949989443,2026-07-13T09:05:46.664Z,success,37775,1000,6376900,0x3295eb50444b62fa693869f62a3b5feab303247288ec8b89b6663e13147b9f58,2026-07-13T09:05:46.664Z,4314,4314,4454,61,Suspicious,2026-07-13T09:05:34.360Z,0x9b2c6295699901065c6f45b85d61f51e747e6475ecd264b89470d24991c63d2d,,variant-batch live execution
datm-live-2026-07-13T09-01-24-227Z,A,entity-06-suspicious,suspicious,26,2026-07-13T09:05:42.211Z,2026-07-13T09:05:42.211Z,2026-07-13T09:05:42.211Z,0,2026-07-13T09:05:42.350Z,0x9bcd9b4ef316dbadb23916d7b094393239d3cfda248e9054a60c77c6d4ab2044,2026-07-13T09:05:46.684Z,success,37775,1000,6376900,0x3295eb50444b62fa693869f62a3b5feab303247288ec8b89b6663e13147b9f58,2026-07-13T09:05:46.684Z,4334,4334,4473,60,Suspicious,2026-07-13T09:05:34.360Z,0x80378d15383b2f6883889e5281c744fcf6fb47378785a7ecb1cec28407c6c520,,variant-batch live execution
datm-live-2026-07-13T09-01-24-227Z,A,entity-07-suspicious,suspicious,26,2026-07-13T09:05:42.211Z,2026-07-13T09:05:42.211Z,2026-07-13T09:05:42.211Z,0,2026-07-13T09:05:42.376Z,0x30c6fe6688281aaa8ef602ac41e891dab2cfca282a1ea7f7766c20c03c0c8de7,2026-07-13T09:05:46.906Z,success,37775,1000,6376900,0x3295eb50444b62fa693869f62a3b5feab303247288ec8b89b6663e13147b9f58,2026-07-13T09:05:46.906Z,4530,4530,4695,61,Suspicious,2026-07-13T09:05:34.360Z,0xca79d1c74ffe9eb03bf0ef3b12e122c564ced93857633aa4318ffdf3c89fde45,,variant-batch live execution
datm-live-2026-07-13T09-01-24-227Z,A,entity-08-malicious,malicious,26,2026-07-13T09:05:42.211Z,2026-07-13T09:05:42.211Z,2026-07-13T09:05:42.211Z,0,2026-07-13T09:05:42.376Z,0x1bcf39705fb39fb0f61effddd17a9195e483e7e3c249ed65d04cc97cf3d0e02a,2026-07-13T09:05:46.916Z,success,37775,1000,6376900,0x3295eb50444b62fa693869f62a3b5feab303247288ec8b89b6663e13147b9f58,2026-07-13T09:05:46.916Z,4540,4540,4705,25,Untrusted,2026-07-13T09:05:34.360Z,0xef4a5baf109d209946fefdc6ad8cd8cc7c0cefd9739a1ecce3f2dd50d7145443,,variant-batch live execution
datm-live-2026-07-13T09-01-24-227Z,A,entity-09-malicious,malicious,26,2026-07-13T09:05:42.211Z,2026-07-13T09:05:42.211Z,2026-07-13T09:05:42.211Z,0,2026-07-13T09:05:42.376Z,0x5f1b9bb373aab38de104c12e1942974d2634a096a70bc5e8775f2093bc8794fe,2026-07-13T09:05:46.934Z,success,37775,1000,6376900,0x3295eb50444b62fa693869f62a3b5feab303247288ec8b89b6663e13147b9f58,2026-07-13T09:05:46.934Z,4558,4558,4723,24,Untrusted,2026-07-13T09:05:34.360Z,0x495037853a9df1eb63428d0959d6306b4b73e7add57e20b7bd4416ca0d965c8e,,variant-batch live execution
datm-live-2026-07-13T09-01-24-227Z,A,entity-10-malicious,malicious,26,2026-07-13T09:05:42.212Z,2026-07-13T09:05:42.212Z,2026-07-13T09:05:42.212Z,0,2026-07-13T09:05:42.376Z,0xb622a72236b7dad847501d47dabab48a3f607515e265eb5fa6bba2c84cb97ae3,2026-07-13T09:05:46.942Z,success,37763,1000,6376900,0x3295eb50444b62fa693869f62a3b5feab303247288ec8b89b6663e13147b9f58,2026-07-13T09:05:46.942Z,4566,4566,4730,28,Untrusted,2026-07-13T09:05:34.360Z,0x658e762f3970450a1c613ecc776f69e72908c9f87e84d90d23de19b7cb40235b,,variant-batch live execution
datm-live-2026-07-13T09-01-24-227Z,A,entity-01-normal,normal,27,2026-07-13T09:05:52.054Z,2026-07-13T09:05:52.054Z,2026-07-13T09:05:52.054Z,0,2026-07-13T09:05:52.170Z,0x8d4fd6b3ab7d774c99e4e2b6a0fadb8ae9e711fc329342298d0038e06b212664,2026-07-13T09:05:56.473Z,success,37775,1000,6376902,0x2c409085903713113fc0e86dc92b4a7e4b8010c7663dafa5564b8c57dfa982fb,2026-07-13T09:05:56.473Z,4303,4303,4419,93,Trusted,2026-07-13T09:05:44.360Z,0x06946abf57854182363f7a21c2719304090decc21354bd362d265057165cccdb,,variant-batch live execution
datm-live-2026-07-13T09-01-24-227Z,A,entity-02-normal,normal,27,2026-07-13T09:05:52.054Z,2026-07-13T09:05:52.054Z,2026-07-13T09:05:52.054Z,0,2026-07-13T09:05:52.170Z,0xb6923bd4bb74d24787c8a8a5fd0e2595a4d4361a95ba8ebabbb87348c162d199,2026-07-13T09:05:56.470Z,success,37763,1000,6376902,0x2c409085903713113fc0e86dc92b4a7e4b8010c7663dafa5564b8c57dfa982fb,2026-07-13T09:05:56.470Z,4300,4300,4416,91,Trusted,2026-07-13T09:05:44.360Z,0xdf570fc54eb41900680629163f5c701b83fe86abeb19d2fbe4f31240e60997f3,,variant-batch live execution
datm-live-2026-07-13T09-01-24-227Z,A,entity-03-normal,normal,27,2026-07-13T09:05:52.054Z,2026-07-13T09:05:52.054Z,2026-07-13T09:05:52.054Z,0,2026-07-13T09:05:52.169Z,0x0a50d2450d3dfafd8b3916670a006a67dafe048cc9274ce0e20640ddbe2d77d5,2026-07-13T09:05:56.474Z,success,37775,1000,6376902,0x2c409085903713113fc0e86dc92b4a7e4b8010c7663dafa5564b8c57dfa982fb,2026-07-13T09:05:56.474Z,4305,4305,4420,93,Trusted,2026-07-13T09:05:44.360Z,0xea91bf43dfde36806cc070afb9b6ad0825c5d8adc3b2e01e37a661ed53fddb72,,variant-batch live execution
datm-live-2026-07-13T09-01-24-227Z,A,entity-04-normal,normal,27,2026-07-13T09:05:52.055Z,2026-07-13T09:05:52.055Z,2026-07-13T09:05:52.055Z,0,2026-07-13T09:05:52.170Z,0x2cc99d3896aac89a0a83d330d72afbd9f9c99a4cfc8b81207df79b647941263f,2026-07-13T09:05:56.474Z,success,37775,1000,6376902,0x2c409085903713113fc0e86dc92b4a7e4b8010c7663dafa5564b8c57dfa982fb,2026-07-13T09:05:56.474Z,4304,4304,4419,93,Trusted,2026-07-13T09:05:44.360Z,0xb28ec7b49e9a56af616337ecc3a107153fc1e491fd52aef0f2dc515c035d424e,,variant-batch live execution
datm-live-2026-07-13T09-01-24-227Z,A,entity-05-suspicious,suspicious,27,2026-07-13T09:05:52.055Z,2026-07-13T09:05:52.055Z,2026-07-13T09:05:52.055Z,0,2026-07-13T09:05:52.170Z,0x938e730fa61daa4486f49b60a2d87162bc1ef4de6560afeb1b70f89e52281580,2026-07-13T09:05:56.475Z,success,37763,1000,6376902,0x2c409085903713113fc0e86dc92b4a7e4b8010c7663dafa5564b8c57dfa982fb,2026-07-13T09:05:56.475Z,4305,4305,4420,60,Suspicious,2026-07-13T09:05:44.360Z,0xbffe0316fa8419e87222f6120a9600fbab4ec9cab26b7877c7d0abb71537b470,,variant-batch live execution
datm-live-2026-07-13T09-01-24-227Z,A,entity-06-suspicious,suspicious,27,2026-07-13T09:05:52.055Z,2026-07-13T09:05:52.055Z,2026-07-13T09:05:52.055Z,0,2026-07-13T09:05:52.170Z,0xcd63df7723ec82844b0b75951e1963fa888917798fb1ff399f7e73f98f1fc4f7,2026-07-13T09:05:56.497Z,success,37763,1000,6376902,0x2c409085903713113fc0e86dc92b4a7e4b8010c7663dafa5564b8c57dfa982fb,2026-07-13T09:05:56.497Z,4327,4327,4442,63,Suspicious,2026-07-13T09:05:44.360Z,0xd000a284fce40f74d36ec82d461307ee4bbd0f35ec820dced29996cbffe63539,,variant-batch live execution
datm-live-2026-07-13T09-01-24-227Z,A,entity-07-suspicious,suspicious,27,2026-07-13T09:05:52.055Z,2026-07-13T09:05:52.055Z,2026-07-13T09:05:52.055Z,0,2026-07-13T09:05:52.197Z,0xfe01a5d2ad0b1d46ea57722929531c1e9ab9d79fd44551f4be3dd138ba5e7992,2026-07-13T09:05:56.649Z,success,37775,1000,6376902,0x2c409085903713113fc0e86dc92b4a7e4b8010c7663dafa5564b8c57dfa982fb,2026-07-13T09:05:56.649Z,4452,4452,4594,61,Suspicious,2026-07-13T09:05:44.360Z,0x0cac673a3f6422187c37ec935e1e04d533b986fdb352285a29f50d0796f89082,,variant-batch live execution
datm-live-2026-07-13T09-01-24-227Z,A,entity-08-malicious,malicious,27,2026-07-13T09:05:52.055Z,2026-07-13T09:05:52.055Z,2026-07-13T09:05:52.055Z,0,2026-07-13T09:05:52.197Z,0x5fb74d7f06deb5ae4d0d1d47e8d923d5c7c4f27c46d73d544d2d578731dabf7e,2026-07-13T09:05:56.658Z,success,37775,1000,6376902,0x2c409085903713113fc0e86dc92b4a7e4b8010c7663dafa5564b8c57dfa982fb,2026-07-13T09:05:56.658Z,4461,4461,4603,24,Untrusted,2026-07-13T09:05:44.360Z,0xe443edfc4bf6825246c05b25c76b5e0b13e63373c22ff73558d9821107e8f7c4,,variant-batch live execution
datm-live-2026-07-13T09-01-24-227Z,A,entity-09-malicious,malicious,27,2026-07-13T09:05:52.055Z,2026-07-13T09:05:52.055Z,2026-07-13T09:05:52.055Z,0,2026-07-13T09:05:52.197Z,0x7865a5611c7bb304289f79d43a0dec3e93e2284c9492ef395fd272b116156271,2026-07-13T09:05:56.672Z,success,37775,1000,6376902,0x2c409085903713113fc0e86dc92b4a7e4b8010c7663dafa5564b8c57dfa982fb,2026-07-13T09:05:56.672Z,4475,4475,4617,26,Untrusted,2026-07-13T09:05:44.360Z,0x8eb2941c8059494db9b3673d93bae5fe49f4f5d2b30f80418e852660e9f8e543,,variant-batch live execution
datm-live-2026-07-13T09-01-24-227Z,A,entity-10-malicious,malicious,27,2026-07-13T09:05:52.055Z,2026-07-13T09:05:52.055Z,2026-07-13T09:05:52.055Z,0,2026-07-13T09:05:52.197Z,0xb44db552dd50affbb206b77b12faa0cee8c945df7b351f57e8b0a476d32f3426,2026-07-13T09:05:56.682Z,success,37763,1000,6376902,0x2c409085903713113fc0e86dc92b4a7e4b8010c7663dafa5564b8c57dfa982fb,2026-07-13T09:05:56.682Z,4485,4485,4627,26,Untrusted,2026-07-13T09:05:44.360Z,0x3dcae5494cd78fc3b4cdb602206ac809ef6dddcd782c82a9c68338903e28f5c9,,variant-batch live execution
datm-live-2026-07-13T09-01-24-227Z,A,entity-01-normal,normal,28,2026-07-13T09:06:01.797Z,2026-07-13T09:06:01.797Z,2026-07-13T09:06:01.797Z,0,2026-07-13T09:06:01.922Z,0x32797e256a735976e0e3b5b5bd50befbec350c336425b5e9349174984e5e1ad9,2026-07-13T09:06:06.180Z,success,37775,1000,6376904,0xd619f9e482c8e67dd1605c1481168c3834057ff125a585acd4282cb42670bf8b,2026-07-13T09:06:06.180Z,4258,4258,4383,91,Trusted,2026-07-13T09:05:54.360Z,0xfc966108c45a0624bbdc5c327f1215de3476e23773880a3f8ff048efabbeab46,,variant-batch live execution
datm-live-2026-07-13T09-01-24-227Z,A,entity-02-normal,normal,28,2026-07-13T09:06:01.798Z,2026-07-13T09:06:01.798Z,2026-07-13T09:06:01.798Z,0,2026-07-13T09:06:01.931Z,0x7ad7781ccf2c97048ad4dd90668ba4857cbd3a886555b12c5fddca6db4be1a82,2026-07-13T09:06:06.179Z,success,37775,1000,6376904,0xd619f9e482c8e67dd1605c1481168c3834057ff125a585acd4282cb42670bf8b,2026-07-13T09:06:06.179Z,4248,4248,4381,92,Trusted,2026-07-13T09:05:54.360Z,0xd6c9fedf06ae994c8f0dddc94b9e7b9b9301b60ffb15fd6d7e07c0ccda3411ad,,variant-batch live execution
datm-live-2026-07-13T09-01-24-227Z,A,entity-03-normal,normal,28,2026-07-13T09:06:01.798Z,2026-07-13T09:06:01.798Z,2026-07-13T09:06:01.798Z,0,2026-07-13T09:06:01.951Z,0x3d31f8f003be481670d2527f31aa4a4dd3b71dde4fd76c417470c169e036a20a,2026-07-13T09:06:06.179Z,success,37775,1000,6376904,0xd619f9e482c8e67dd1605c1481168c3834057ff125a585acd4282cb42670bf8b,2026-07-13T09:06:06.179Z,4228,4228,4381,92,Trusted,2026-07-13T09:05:54.360Z,0xaa133fa1078ed516f2a72da9dd7ba1ef5da4c215a5586a94605aa8586f9d2db3,,variant-batch live execution
datm-live-2026-07-13T09-01-24-227Z,A,entity-04-normal,normal,28,2026-07-13T09:06:01.798Z,2026-07-13T09:06:01.798Z,2026-07-13T09:06:01.798Z,0,2026-07-13T09:06:01.951Z,0xef2f1d90eaaac13a3495bc28190aad9ecbad9fe254383fff6d7772dfec7c4c5d,2026-07-13T09:06:06.207Z,success,37775,1000,6376904,0xd619f9e482c8e67dd1605c1481168c3834057ff125a585acd4282cb42670bf8b,2026-07-13T09:06:06.207Z,4256,4256,4409,91,Trusted,2026-07-13T09:05:54.360Z,0x0ea423ba59dc7c4fc6aeb2cb6642faaae684cede5676ac384f608ac48657a226,,variant-batch live execution
datm-live-2026-07-13T09-01-24-227Z,A,entity-05-suspicious,suspicious,28,2026-07-13T09:06:01.799Z,2026-07-13T09:06:01.799Z,2026-07-13T09:06:01.799Z,0,2026-07-13T09:06:01.931Z,0x6744986248469fd90d3ed34276908f4ef1d721f28bc1dea1fc977d05765bd136,2026-07-13T09:06:06.181Z,success,37775,1000,6376904,0xd619f9e482c8e67dd1605c1481168c3834057ff125a585acd4282cb42670bf8b,2026-07-13T09:06:06.181Z,4250,4250,4382,63,Suspicious,2026-07-13T09:05:54.360Z,0xe62da7cff8a047095937101af95824a2c21df2c48c4bb6e6c5533eb8f418c01d,,variant-batch live execution
datm-live-2026-07-13T09-01-24-227Z,A,entity-06-suspicious,suspicious,28,2026-07-13T09:06:01.799Z,2026-07-13T09:06:01.799Z,2026-07-13T09:06:01.799Z,0,2026-07-13T09:06:01.951Z,0x1b11eb09112f1e74038f6a95668f4b4b4431c049a52cf837d78a4430be089fe1,2026-07-13T09:06:06.178Z,success,37775,1000,6376904,0xd619f9e482c8e67dd1605c1481168c3834057ff125a585acd4282cb42670bf8b,2026-07-13T09:06:06.178Z,4227,4227,4379,62,Suspicious,2026-07-13T09:05:54.360Z,0x98a0b2f2d381edd09e5c53541796fc350824923e29fc6340dd13b617a393c351,,variant-batch live execution
datm-live-2026-07-13T09-01-24-227Z,A,entity-07-suspicious,suspicious,28,2026-07-13T09:06:01.799Z,2026-07-13T09:06:01.799Z,2026-07-13T09:06:01.799Z,0,2026-07-13T09:06:01.932Z,0x20c9fa7e277ec8d8e150b752123e8a0d009da6c313575f008ff06c0321f8d023,2026-07-13T09:06:06.385Z,success,37775,1000,6376904,0xd619f9e482c8e67dd1605c1481168c3834057ff125a585acd4282cb42670bf8b,2026-07-13T09:06:06.385Z,4453,4453,4586,60,Suspicious,2026-07-13T09:05:54.360Z,0x2c9a6dbcb3bc0bc5a5592bb47dcc8aaa7c493bd92a0ce4afdfd6fa6b8fade3a7,,variant-batch live execution
datm-live-2026-07-13T09-01-24-227Z,A,entity-08-malicious,malicious,28,2026-07-13T09:06:01.799Z,2026-07-13T09:06:01.799Z,2026-07-13T09:06:01.799Z,0,2026-07-13T09:06:01.951Z,0xd10a2522b0ae6592086e2d6f2eefd915e68e54a934cb4904814c902a307596cb,2026-07-13T09:06:06.364Z,success,37775,1000,6376904,0xd619f9e482c8e67dd1605c1481168c3834057ff125a585acd4282cb42670bf8b,2026-07-13T09:06:06.364Z,4413,4413,4565,26,Untrusted,2026-07-13T09:05:54.360Z,0xf33c3fd3d24d9de4c36ccb0795ecc3b2877bb06362ea7b07bde6ffb3bf784174,,variant-batch live execution
datm-live-2026-07-13T09-01-24-227Z,A,entity-09-malicious,malicious,28,2026-07-13T09:06:01.799Z,2026-07-13T09:06:01.799Z,2026-07-13T09:06:01.799Z,0,2026-07-13T09:06:01.932Z,0x75c178e55d3bc5989a751a7d053c572d8af61da06dbd75da3698fb361a8bc0ae,2026-07-13T09:06:06.392Z,success,37775,1000,6376904,0xd619f9e482c8e67dd1605c1481168c3834057ff125a585acd4282cb42670bf8b,2026-07-13T09:06:06.392Z,4460,4460,4593,25,Untrusted,2026-07-13T09:05:54.360Z,0x74f0aaf0b4cbbc3e984bd2f0421b55cb7402f68c79119fcadcd3c9c1ef0bde7e,,variant-batch live execution
datm-live-2026-07-13T09-01-24-227Z,A,entity-10-malicious,malicious,28,2026-07-13T09:06:01.799Z,2026-07-13T09:06:01.799Z,2026-07-13T09:06:01.799Z,0,2026-07-13T09:06:01.932Z,0x2a33076baabb5c8735b6e3e9abd9ca3b96a321fb2150341f0af8e0e72296d651,2026-07-13T09:06:06.401Z,success,37763,1000,6376904,0xd619f9e482c8e67dd1605c1481168c3834057ff125a585acd4282cb42670bf8b,2026-07-13T09:06:06.401Z,4469,4469,4602,24,Untrusted,2026-07-13T09:05:54.360Z,0x3f38a4a15ff2e56c40c3660792223bf23b1d25efee6b30c1556847ad6cd242bb,,variant-batch live execution
datm-live-2026-07-13T09-01-24-227Z,A,entity-01-normal,normal,29,2026-07-13T09:06:11.495Z,2026-07-13T09:06:11.495Z,2026-07-13T09:06:11.495Z,0,2026-07-13T09:06:11.931Z,0x0967443435444cf472e7d905a2b6a1068b987b38145455a8057e1cdac4201c3b,2026-07-13T09:06:16.264Z,success,37775,1000,6376906,0x0538685ead4c59dfb8d5a666e268db50df8331500779a01bc638a2e9457f87b5,2026-07-13T09:06:16.264Z,4333,4333,4769,93,Trusted,2026-07-13T09:06:04.360Z,0xdbf502e65b251a881abb1730066ad01bbd371932f0ae337be561a7424a0e1c4c,,variant-batch live execution
datm-live-2026-07-13T09-01-24-227Z,A,entity-02-normal,normal,29,2026-07-13T09:06:11.495Z,2026-07-13T09:06:11.495Z,2026-07-13T09:06:11.495Z,0,2026-07-13T09:06:11.979Z,0xb03b0465ab6b901dc0b0c309db686803bbb5774d79b9eb28b4a25bfefe80f2aa,2026-07-13T09:06:16.258Z,success,37775,1000,6376906,0x0538685ead4c59dfb8d5a666e268db50df8331500779a01bc638a2e9457f87b5,2026-07-13T09:06:16.258Z,4279,4279,4763,92,Trusted,2026-07-13T09:06:04.360Z,0xa7aa7414adc037211bdb1b4611ef607f3791622b347240564da5c1832f19b992,,variant-batch live execution
datm-live-2026-07-13T09-01-24-227Z,A,entity-03-normal,normal,29,2026-07-13T09:06:11.495Z,2026-07-13T09:06:11.495Z,2026-07-13T09:06:11.495Z,0,2026-07-13T09:06:12.005Z,0x0b1f41466308eb7beca10fc1e8b9eba591c9414e8b039edfcf66d18f6e43da2f,2026-07-13T09:06:16.260Z,success,37775,1000,6376906,0x0538685ead4c59dfb8d5a666e268db50df8331500779a01bc638a2e9457f87b5,2026-07-13T09:06:16.260Z,4255,4255,4765,92,Trusted,2026-07-13T09:06:04.360Z,0x0f9125cc3434bdb85219e3e8897b972146c25d1a5812500c2543791a520e3e2d,,variant-batch live execution
datm-live-2026-07-13T09-01-24-227Z,A,entity-04-normal,normal,29,2026-07-13T09:06:11.495Z,2026-07-13T09:06:11.495Z,2026-07-13T09:06:11.495Z,0,2026-07-13T09:06:12.005Z,0x65418c07cc3c2e1b3fdb0686332ceaab469ec5d92524463a679e5a7f9d2c6141,2026-07-13T09:06:16.261Z,success,37775,1000,6376906,0x0538685ead4c59dfb8d5a666e268db50df8331500779a01bc638a2e9457f87b5,2026-07-13T09:06:16.261Z,4256,4256,4766,93,Trusted,2026-07-13T09:06:04.360Z,0xb67377a8a86cb414898024f78711940aceb7575bd1e6c04230815ee1327aa9c1,,variant-batch live execution
datm-live-2026-07-13T09-01-24-227Z,A,entity-05-suspicious,suspicious,29,2026-07-13T09:06:11.496Z,2026-07-13T09:06:11.496Z,2026-07-13T09:06:11.496Z,0,2026-07-13T09:06:12.005Z,0x14a707f6f0e8dd25d287ca2d18ebe6e25ad5415515586dc7f7125a4830d411db,2026-07-13T09:06:16.262Z,success,37775,1000,6376906,0x0538685ead4c59dfb8d5a666e268db50df8331500779a01bc638a2e9457f87b5,2026-07-13T09:06:16.262Z,4257,4257,4766,62,Suspicious,2026-07-13T09:06:04.360Z,0x89bb531ac081a28e3fa3cec3785a45c3c03d8cd47cb78a41bbdfac9a9f055201,,variant-batch live execution
datm-live-2026-07-13T09-01-24-227Z,A,entity-06-suspicious,suspicious,29,2026-07-13T09:06:11.496Z,2026-07-13T09:06:11.496Z,2026-07-13T09:06:11.496Z,0,2026-07-13T09:06:12.005Z,0x1233824c52a205e915cdc6b2ef845afc1e5e0438d353d43373e5c7f6b7e239be,2026-07-13T09:06:16.288Z,success,37763,1000,6376906,0x0538685ead4c59dfb8d5a666e268db50df8331500779a01bc638a2e9457f87b5,2026-07-13T09:06:16.288Z,4283,4283,4792,58,Suspicious,2026-07-13T09:06:04.360Z,0x690adb07f4c4fffa74007b58e4b7204b2369685cecccdbf696cd38edbec85dd8,,variant-batch live execution
datm-live-2026-07-13T09-01-24-227Z,A,entity-07-suspicious,suspicious,29,2026-07-13T09:06:11.496Z,2026-07-13T09:06:11.496Z,2026-07-13T09:06:11.496Z,0,2026-07-13T09:06:12.030Z,0xa2c6651d69f2f8d2cf1ae8804b101f3f9d24c051258f8544dbaabb78654d74e8,2026-07-13T09:06:16.445Z,success,37775,1000,6376906,0x0538685ead4c59dfb8d5a666e268db50df8331500779a01bc638a2e9457f87b5,2026-07-13T09:06:16.445Z,4415,4415,4949,63,Suspicious,2026-07-13T09:06:04.360Z,0xfab5ae5ed8039d36db97d25b98c0303008b7970b387b588e552c8482b15205e4,,variant-batch live execution
datm-live-2026-07-13T09-01-24-227Z,A,entity-08-malicious,malicious,29,2026-07-13T09:06:11.496Z,2026-07-13T09:06:11.496Z,2026-07-13T09:06:11.496Z,0,2026-07-13T09:06:12.031Z,0x196794ff0afc005fadec1aa2e25fe1132890f09a6baf3b619a181a4b9de58454,2026-07-13T09:06:16.455Z,success,37775,1000,6376906,0x0538685ead4c59dfb8d5a666e268db50df8331500779a01bc638a2e9457f87b5,2026-07-13T09:06:16.455Z,4424,4424,4959,25,Untrusted,2026-07-13T09:06:04.360Z,0x9e44ee6d3124f67e800501bf51e334d79b0ad589e034a85b6ba9fca7843d8dc5,,variant-batch live execution
datm-live-2026-07-13T09-01-24-227Z,A,entity-09-malicious,malicious,29,2026-07-13T09:06:11.497Z,2026-07-13T09:06:11.497Z,2026-07-13T09:06:11.497Z,0,2026-07-13T09:06:12.031Z,0x79643436c3970890c860c9dc95dea7799361b25b0c6b63e052ee3d9750420956,2026-07-13T09:06:16.469Z,success,37775,1000,6376906,0x0538685ead4c59dfb8d5a666e268db50df8331500779a01bc638a2e9457f87b5,2026-07-13T09:06:16.469Z,4438,4438,4972,24,Untrusted,2026-07-13T09:06:04.360Z,0xa2a4203d61acba2e70c42c53d0d72581b84c3d09148a9a8d5bb35fa21c0a7c06,,variant-batch live execution
datm-live-2026-07-13T09-01-24-227Z,A,entity-10-malicious,malicious,29,2026-07-13T09:06:11.497Z,2026-07-13T09:06:11.497Z,2026-07-13T09:06:11.497Z,0,2026-07-13T09:06:12.031Z,0x1c6f46c932187d01de8b5a33dced0ff2256f65b961c712a01a9adcd7dda7fe35,2026-07-13T09:06:16.490Z,success,37751,1000,6376906,0x0538685ead4c59dfb8d5a666e268db50df8331500779a01bc638a2e9457f87b5,2026-07-13T09:06:16.490Z,4459,4459,4993,26,Untrusted,2026-07-13T09:06:04.360Z,0xd0c4cb1661c6049c73fca8195ce96fb000c492c863dc9781d3d7cfbbbdd03593,,variant-batch live execution
datm-live-2026-07-13T09-01-24-227Z,A,entity-01-normal,normal,30,2026-07-13T09:06:21.621Z,2026-07-13T09:06:21.621Z,2026-07-13T09:06:21.621Z,0,2026-07-13T09:06:21.741Z,0xc331db80fc350e15ac7d9b22dc378058f8e990df540aa0df6064672936d06ae7,2026-07-13T09:06:25.992Z,success,37775,1000,6376908,0xa52432e833b515f5a65c97e4f8b1199fa6cc685c6cebe80c476eb31a155bd27d,2026-07-13T09:06:25.992Z,4251,4251,4371,92,Trusted,2026-07-13T09:06:14.360Z,0x2331bf4d8f7ed35c6be5ef8c716e4106f1a7588f12c5f0f2a6f8d1c45a785294,,variant-batch live execution
datm-live-2026-07-13T09-01-24-227Z,A,entity-02-normal,normal,30,2026-07-13T09:06:21.622Z,2026-07-13T09:06:21.622Z,2026-07-13T09:06:21.622Z,0,2026-07-13T09:06:21.752Z,0x8e1c0180f957d25253a6855cd1cb397cd18a8d7ec50689335de4f2b0b56bfb0d,2026-07-13T09:06:25.996Z,success,37775,1000,6376908,0xa52432e833b515f5a65c97e4f8b1199fa6cc685c6cebe80c476eb31a155bd27d,2026-07-13T09:06:25.996Z,4244,4244,4374,91,Trusted,2026-07-13T09:06:14.360Z,0xeed55865a8775a9025907c7e5455f113c1fe3a49ef71362cf7cbb790afb38d15,,variant-batch live execution
datm-live-2026-07-13T09-01-24-227Z,A,entity-03-normal,normal,30,2026-07-13T09:06:21.622Z,2026-07-13T09:06:21.622Z,2026-07-13T09:06:21.622Z,0,2026-07-13T09:06:21.752Z,0xac460d1f4e78696fc1490f4f6ab895f098aa60d4ab60dd0e8a3e341baa2c5897,2026-07-13T09:06:25.996Z,success,37763,1000,6376908,0xa52432e833b515f5a65c97e4f8b1199fa6cc685c6cebe80c476eb31a155bd27d,2026-07-13T09:06:25.996Z,4244,4244,4374,92,Trusted,2026-07-13T09:06:14.360Z,0x27a36bc7b2a5b0a4d139056ad7bf483c5e7664e664f400f644e4025f4b1e6002,,variant-batch live execution
datm-live-2026-07-13T09-01-24-227Z,A,entity-04-normal,normal,30,2026-07-13T09:06:21.622Z,2026-07-13T09:06:21.622Z,2026-07-13T09:06:21.622Z,0,2026-07-13T09:06:21.752Z,0x5cf19ea5847b6aa96a47043af15c0f242ecc44a01438dda55ae2dcfba3f588fe,2026-07-13T09:06:25.994Z,success,37775,1000,6376908,0xa52432e833b515f5a65c97e4f8b1199fa6cc685c6cebe80c476eb31a155bd27d,2026-07-13T09:06:25.994Z,4242,4242,4372,92,Trusted,2026-07-13T09:06:14.360Z,0xd7de401d10a9ba194b7ef52d17aa39d00a5ba34b57c7caaa0b8045f09ca9f837,,variant-batch live execution
datm-live-2026-07-13T09-01-24-227Z,A,entity-05-suspicious,suspicious,30,2026-07-13T09:06:21.623Z,2026-07-13T09:06:21.623Z,2026-07-13T09:06:21.623Z,0,2026-07-13T09:06:21.752Z,0xe9d9879b9ab213743139c2829ee262142ff11585ec11f628cffec85215b0b6ca,2026-07-13T09:06:26.013Z,success,37775,1000,6376908,0xa52432e833b515f5a65c97e4f8b1199fa6cc685c6cebe80c476eb31a155bd27d,2026-07-13T09:06:26.013Z,4261,4261,4390,58,Suspicious,2026-07-13T09:06:14.360Z,0x1d2238f767c4a8fd727dae4bca050940aeb725c3f8b61d662093d853d6651754,,variant-batch live execution
datm-live-2026-07-13T09-01-24-227Z,A,entity-06-suspicious,suspicious,30,2026-07-13T09:06:21.623Z,2026-07-13T09:06:21.623Z,2026-07-13T09:06:21.623Z,0,2026-07-13T09:06:21.766Z,0xa12f662caf33999be6c64831444f0c2e80dd52054cfdf85c8a690d19170851a4,2026-07-13T09:06:25.988Z,success,37775,1000,6376908,0xa52432e833b515f5a65c97e4f8b1199fa6cc685c6cebe80c476eb31a155bd27d,2026-07-13T09:06:25.988Z,4222,4222,4365,60,Suspicious,2026-07-13T09:06:14.360Z,0xbd4f74b03a63c84c0c9497d9e5fbbafe81e7f0f2473fb5dc337bee89192e05c7,,variant-batch live execution
datm-live-2026-07-13T09-01-24-227Z,A,entity-07-suspicious,suspicious,30,2026-07-13T09:06:21.623Z,2026-07-13T09:06:21.623Z,2026-07-13T09:06:21.623Z,0,2026-07-13T09:06:21.752Z,0x6a36b784c88c7bc9f7e8dd80bba661e2969940ca0a811b96b2fff98ddaee2b60,2026-07-13T09:06:26.191Z,success,37775,1000,6376908,0xa52432e833b515f5a65c97e4f8b1199fa6cc685c6cebe80c476eb31a155bd27d,2026-07-13T09:06:26.191Z,4439,4439,4568,62,Suspicious,2026-07-13T09:06:14.360Z,0x1c0e7b5552a4c393c17f80c28be195beace970fdbeb77df2687e7cc2f3205db7,,variant-batch live execution
datm-live-2026-07-13T09-01-24-227Z,A,entity-08-malicious,malicious,30,2026-07-13T09:06:21.624Z,2026-07-13T09:06:21.624Z,2026-07-13T09:06:21.624Z,0,2026-07-13T09:06:21.766Z,0x08266696acc82318cb846f51ec9801a4e8e909536564fb61820e0814b56649cc,2026-07-13T09:06:26.165Z,success,37775,1000,6376908,0xa52432e833b515f5a65c97e4f8b1199fa6cc685c6cebe80c476eb31a155bd27d,2026-07-13T09:06:26.165Z,4399,4399,4541,24,Untrusted,2026-07-13T09:06:14.360Z,0xb818dfaf65bde1904a4c34f07db6f0735e1990cd1ffb99cfe90cba8be6b9cc1a,,variant-batch live execution
datm-live-2026-07-13T09-01-24-227Z,A,entity-09-malicious,malicious,30,2026-07-13T09:06:21.624Z,2026-07-13T09:06:21.624Z,2026-07-13T09:06:21.624Z,0,2026-07-13T09:06:21.766Z,0x3a8bd81ea9239309196827c3a703f0ed08ecf82c40403208c25a6d70bafde61a,2026-07-13T09:06:26.208Z,success,37775,1000,6376908,0xa52432e833b515f5a65c97e4f8b1199fa6cc685c6cebe80c476eb31a155bd27d,2026-07-13T09:06:26.208Z,4442,4442,4584,25,Untrusted,2026-07-13T09:06:14.360Z,0x0b6117ecad66220ebdf744c7ee1ccfa72eb85d96148e1352cc10fe0d89626de1,,variant-batch live execution
datm-live-2026-07-13T09-01-24-227Z,A,entity-10-malicious,malicious,30,2026-07-13T09:06:21.624Z,2026-07-13T09:06:21.624Z,2026-07-13T09:06:21.624Z,0,2026-07-13T09:06:21.766Z,0x20d9edaacf51fee2ea82e87ae9e233b972e85a42e3b12014318a411ff75a6e6e,2026-07-13T09:06:26.216Z,success,37763,1000,6376908,0xa52432e833b515f5a65c97e4f8b1199fa6cc685c6cebe80c476eb31a155bd27d,2026-07-13T09:06:26.216Z,4450,4450,4592,26,Untrusted,2026-07-13T09:06:14.360Z,0xb2ecd3875127d5ee4cb34f29cc837e5c1527999fb1084e9ad29152a778084c09,,variant-batch live execution
