run_id,variant,entity_id,entity_profile,sequence_no,scheduled_at,datm_start_at,datm_end_at,datm_processing_ms,submit_at,tx_hash,receipt_at,tx_status,gas_used,effective_gas_price,block_number,block_hash,block_timestamp,confirmation_latency_ms,block_inclusion_latency_ms,end_to_end_latency_ms,ats,trust_state,calc_timestamp,input_hash,error_code,error_message
datm-live-2026-07-13T09-07-24-495Z,B,entity-01-normal,normal,1,2026-07-13T09:07:24.840Z,2026-07-13T09:07:24.840Z,2026-07-13T09:07:24.840Z,0,2026-07-13T09:07:24.966Z,0x2e0339e4874e7a6e90881da11d5c840338af0077f21087cea43d48b6caf4e839,2026-07-13T09:07:29.235Z,success,38835,1000,6376921,0x00f658e4caf84537f956dcf512de84c2472080b85f5ad0f32c810ee17a380593,2026-07-13T09:07:29.235Z,4269,4269,4395,89,Trusted,2026-07-13T09:07:24.634Z,0xe9240d7fc6b1aa932937bf9931bbb000c23d7d33c08d62aaa3f9535e84f8ffc9,,variant-batch live execution
datm-live-2026-07-13T09-07-24-495Z,B,entity-02-normal,normal,1,2026-07-13T09:07:24.845Z,2026-07-13T09:07:24.845Z,2026-07-13T09:07:24.845Z,0,2026-07-13T09:07:24.992Z,0x11de32e86a4514013361528d6d07b7ce9e597ace544aecc3d4a664094d5bbb0b,2026-07-13T09:07:29.236Z,success,38847,1000,6376921,0x00f658e4caf84537f956dcf512de84c2472080b85f5ad0f32c810ee17a380593,2026-07-13T09:07:29.236Z,4244,4244,4391,90,Trusted,2026-07-13T09:07:24.634Z,0xe22d19b4a6cf04be86027fce68bfc64835d8650aec2759ebab4afe4277886815,,variant-batch live execution
datm-live-2026-07-13T09-07-24-495Z,B,entity-03-normal,normal,1,2026-07-13T09:07:24.845Z,2026-07-13T09:07:24.845Z,2026-07-13T09:07:24.845Z,0,2026-07-13T09:07:24.992Z,0x82ac577d9bfa112f9ee881023410e8965146639856fd8005b274689a7fb6fbed,2026-07-13T09:07:29.239Z,success,38847,1000,6376921,0x00f658e4caf84537f956dcf512de84c2472080b85f5ad0f32c810ee17a380593,2026-07-13T09:07:29.239Z,4247,4247,4394,90,Trusted,2026-07-13T09:07:24.634Z,0xa4c1f5d91cfd62d15cc2267efd8cf6b8fe22272b55f1644fb5012bb828a45a47,,variant-batch live execution
datm-live-2026-07-13T09-07-24-495Z,B,entity-04-normal,normal,1,2026-07-13T09:07:24.846Z,2026-07-13T09:07:24.846Z,2026-07-13T09:07:24.846Z,0,2026-07-13T09:07:24.992Z,0x04400aa8eeac868af69a371bcc0616930fa54b4545c9a2375aa00dc1f4fcec13,2026-07-13T09:07:29.240Z,success,38847,1000,6376921,0x00f658e4caf84537f956dcf512de84c2472080b85f5ad0f32c810ee17a380593,2026-07-13T09:07:29.240Z,4248,4248,4394,89,Trusted,2026-07-13T09:07:24.634Z,0x797646cc58509bab67fccabcfee9089bfd36aa8760e440b07fcb60bfcb3a24d9,,variant-batch live execution
datm-live-2026-07-13T09-07-24-495Z,B,entity-05-suspicious,suspicious,1,2026-07-13T09:07:24.846Z,2026-07-13T09:07:24.846Z,2026-07-13T09:07:24.846Z,0,2026-07-13T09:07:24.995Z,0x51c539fd0839b9013b57b682ade6a80378b90fd3612e39b6d59d63aac122de19,2026-07-13T09:07:29.240Z,success,38855,1000,6376921,0x00f658e4caf84537f956dcf512de84c2472080b85f5ad0f32c810ee17a380593,2026-07-13T09:07:29.240Z,4245,4245,4394,63,Suspicious,2026-07-13T09:07:24.634Z,0x79ef406a275d003b31b30a2363e6abecc9cd0f1a1c37ac799f605143e20b4b05,,variant-batch live execution
datm-live-2026-07-13T09-07-24-495Z,B,entity-06-suspicious,suspicious,1,2026-07-13T09:07:24.847Z,2026-07-13T09:07:24.847Z,2026-07-13T09:07:24.847Z,0,2026-07-13T09:07:24.992Z,0x536d892c0e5eaa61166e8e3ed8481e6fd3d18e848c340a5ab996bd63a3dca718,2026-07-13T09:07:29.257Z,success,38867,1000,6376921,0x00f658e4caf84537f956dcf512de84c2472080b85f5ad0f32c810ee17a380593,2026-07-13T09:07:29.257Z,4265,4265,4410,60,Suspicious,2026-07-13T09:07:24.634Z,0x3bc3ba6502071f44adadcdf47f1dc0364636f5c52d71235997f30fa597a0e42e,,variant-batch live execution
datm-live-2026-07-13T09-07-24-495Z,B,entity-07-suspicious,suspicious,1,2026-07-13T09:07:24.848Z,2026-07-13T09:07:24.848Z,2026-07-13T09:07:24.848Z,0,2026-07-13T09:07:24.992Z,0xc970ec15c6eef15cdf16965a2f5a58038ada756ea119ca462a01074e45f84863,2026-07-13T09:07:29.441Z,success,38867,1000,6376921,0x00f658e4caf84537f956dcf512de84c2472080b85f5ad0f32c810ee17a380593,2026-07-13T09:07:29.441Z,4449,4449,4593,61,Suspicious,2026-07-13T09:07:24.634Z,0x2c3d1eaa83a74ae34e343cf33506c2903bb883e1bec54802affcff5e7ef5c07f,,variant-batch live execution
datm-live-2026-07-13T09-07-24-495Z,B,entity-08-malicious,malicious,1,2026-07-13T09:07:24.849Z,2026-07-13T09:07:24.849Z,2026-07-13T09:07:24.849Z,0,2026-07-13T09:07:24.995Z,0x7454322d18950eede17309f8f190447dc71e089c1556d8aa7479a37c8b56edf9,2026-07-13T09:07:29.448Z,success,38866,1000,6376921,0x00f658e4caf84537f956dcf512de84c2472080b85f5ad0f32c810ee17a380593,2026-07-13T09:07:29.448Z,4453,4453,4599,31,Untrusted,2026-07-13T09:07:24.634Z,0xd14f96b2ea414ea7e7b451162ad78ee9f9f731d939bef51c8bc3350f5d232189,,variant-batch live execution
datm-live-2026-07-13T09-07-24-495Z,B,entity-09-malicious,malicious,1,2026-07-13T09:07:24.849Z,2026-07-13T09:07:24.849Z,2026-07-13T09:07:24.849Z,0,2026-07-13T09:07:24.995Z,0xf047d91a0bee1e799c5f001338a0aa48e89c8bd4e5a7ea321192a2ffb97498c4,2026-07-13T09:07:29.446Z,success,38866,1000,6376921,0x00f658e4caf84537f956dcf512de84c2472080b85f5ad0f32c810ee17a380593,2026-07-13T09:07:29.446Z,4451,4451,4597,29,Untrusted,2026-07-13T09:07:24.634Z,0x303ce4feea67951ecdbe77a19ad9772dbfcd21776a6639c13418f1ba21621185,,variant-batch live execution
datm-live-2026-07-13T09-07-24-495Z,B,entity-10-malicious,malicious,1,2026-07-13T09:07:24.850Z,2026-07-13T09:07:24.850Z,2026-07-13T09:07:24.850Z,0,2026-07-13T09:07:24.995Z,0x6edbd3de2969b32c80b426272bb937f2db5c7e71e99c7e6a447d975396206a68,2026-07-13T09:07:29.467Z,success,38854,1000,6376921,0x00f658e4caf84537f956dcf512de84c2472080b85f5ad0f32c810ee17a380593,2026-07-13T09:07:29.467Z,4472,4472,4617,29,Untrusted,2026-07-13T09:07:24.634Z,0x2f0845bf4c60f8332d78b8e7e345a23afe93da935e3c1e897983fae774cef5e7,,variant-batch live execution
datm-live-2026-07-13T09-07-24-495Z,B,entity-01-normal,normal,2,2026-07-13T09:07:34.590Z,2026-07-13T09:07:34.590Z,2026-07-13T09:07:34.590Z,0,2026-07-13T09:07:34.746Z,0xef32b28cee6d194959a9123c5c1b64f3a34eff6876aaea6da9d0726b58371b74,2026-07-13T09:07:43.019Z,success,38835,1000,6376923,0x589f759b639424d3def4cde82f3b287bdcba6c6a6fc58bce07fc990e6b35f86a,2026-07-13T09:07:43.019Z,8273,8273,8429,93,Trusted,2026-07-13T09:07:34.634Z,0x9f3a90c3796e6f4144f13ba7d6c47a7cdc3eb6584d00b01f8e9166c5e72e52f7,,variant-batch live execution
datm-live-2026-07-13T09-07-24-495Z,B,entity-02-normal,normal,2,2026-07-13T09:07:34.592Z,2026-07-13T09:07:34.592Z,2026-07-13T09:07:34.592Z,0,2026-07-13T09:07:34.756Z,0x8a1fe1ec575685ba4798ed1bdfd1cadd69f848876f11d5c62690bf8d7fb0908b,2026-07-13T09:07:43.060Z,success,38847,1000,6376923,0x589f759b639424d3def4cde82f3b287bdcba6c6a6fc58bce07fc990e6b35f86a,2026-07-13T09:07:43.060Z,8304,8304,8468,93,Trusted,2026-07-13T09:07:34.634Z,0x6d57f9a54bd746c71abbbe4665bd50eab817d8f305750a6a978e590be7bcb563,,variant-batch live execution
datm-live-2026-07-13T09-07-24-495Z,B,entity-03-normal,normal,2,2026-07-13T09:07:34.593Z,2026-07-13T09:07:34.593Z,2026-07-13T09:07:34.593Z,0,2026-07-13T09:07:34.757Z,0x7b0c773d3e6133c6bb048a61de4f33ec3a7a3aad47218afc943e6e77ac04ba51,2026-07-13T09:07:43.056Z,success,38847,1000,6376923,0x589f759b639424d3def4cde82f3b287bdcba6c6a6fc58bce07fc990e6b35f86a,2026-07-13T09:07:43.056Z,8299,8299,8463,91,Trusted,2026-07-13T09:07:34.634Z,0xabffaf568653afd59b016c77019c93d8e2c2658a6ce9ecb43166874deefb34cf,,variant-batch live execution
datm-live-2026-07-13T09-07-24-495Z,B,entity-04-normal,normal,2,2026-07-13T09:07:34.594Z,2026-07-13T09:07:34.594Z,2026-07-13T09:07:34.594Z,0,2026-07-13T09:07:34.757Z,0xc9d5595cacdad6844d6db723e3329312b7a483eea57d3df48298ac569b1f10e8,2026-07-13T09:07:43.032Z,success,38847,1000,6376923,0x589f759b639424d3def4cde82f3b287bdcba6c6a6fc58bce07fc990e6b35f86a,2026-07-13T09:07:43.032Z,8275,8275,8438,93,Trusted,2026-07-13T09:07:34.634Z,0x77eafcccc9d4d4517cddafe7ef38ac5a06a027277ea811d56a2bad668abceec1,,variant-batch live execution
datm-live-2026-07-13T09-07-24-495Z,B,entity-05-suspicious,suspicious,2,2026-07-13T09:07:34.595Z,2026-07-13T09:07:34.595Z,2026-07-13T09:07:34.595Z,0,2026-07-13T09:07:34.757Z,0x6200b826fdf28a9491463f9a92441e852a93628cf832f55ce8748f8581c383a1,2026-07-13T09:07:43.025Z,success,38855,1000,6376923,0x589f759b639424d3def4cde82f3b287bdcba6c6a6fc58bce07fc990e6b35f86a,2026-07-13T09:07:43.025Z,8268,8268,8430,60,Suspicious,2026-07-13T09:07:34.634Z,0xf31d001dc1554de1ecfa1d5d9bad423ca8d37dbbad4fdaee2b082e20b5c03834,,variant-batch live execution
datm-live-2026-07-13T09-07-24-495Z,B,entity-06-suspicious,suspicious,2,2026-07-13T09:07:34.596Z,2026-07-13T09:07:34.596Z,2026-07-13T09:07:34.596Z,0,2026-07-13T09:07:34.757Z,0x2c64213962ec3e594b563febac5a7e1439a91fd3b46502cfb6e6321815856803,2026-07-13T09:07:42.992Z,success,38867,1000,6376923,0x589f759b639424d3def4cde82f3b287bdcba6c6a6fc58bce07fc990e6b35f86a,2026-07-13T09:07:42.992Z,8235,8235,8396,60,Suspicious,2026-07-13T09:07:34.634Z,0x0915c733cb679605492988b7612269675a0c8d6fbb14507b20bf0667255158d8,,variant-batch live execution
datm-live-2026-07-13T09-07-24-495Z,B,entity-07-suspicious,suspicious,2,2026-07-13T09:07:34.596Z,2026-07-13T09:07:34.596Z,2026-07-13T09:07:34.596Z,0,2026-07-13T09:07:34.770Z,0x646e0d42a87e261aac00030cd298e5e1218c006b6b03901fe909fe2ac4382caa,2026-07-13T09:07:43.201Z,success,38867,1000,6376923,0x589f759b639424d3def4cde82f3b287bdcba6c6a6fc58bce07fc990e6b35f86a,2026-07-13T09:07:43.201Z,8431,8431,8605,63,Suspicious,2026-07-13T09:07:34.634Z,0x5b1469aab52093aa86c5d7eca2fa2e4a06bc18d8b82c029c8f6d3e6437bb94ce,,variant-batch live execution
datm-live-2026-07-13T09-07-24-495Z,B,entity-08-malicious,malicious,2,2026-07-13T09:07:34.597Z,2026-07-13T09:07:34.597Z,2026-07-13T09:07:34.597Z,0,2026-07-13T09:07:34.770Z,0x1c67acf2adcc35fab198e890206aa82d2deb4533e35c0e09cee6f164211189a3,2026-07-13T09:07:43.216Z,success,38866,1000,6376923,0x589f759b639424d3def4cde82f3b287bdcba6c6a6fc58bce07fc990e6b35f86a,2026-07-13T09:07:43.216Z,8446,8446,8619,30,Untrusted,2026-07-13T09:07:34.634Z,0xa2e1a3c4c7599595ff45f418f006cddcb63b2a5bf283c23acd95be7313d45ecb,,variant-batch live execution
datm-live-2026-07-13T09-07-24-495Z,B,entity-09-malicious,malicious,2,2026-07-13T09:07:34.597Z,2026-07-13T09:07:34.597Z,2026-07-13T09:07:34.597Z,0,2026-07-13T09:07:34.770Z,0x96963012da6ed32a8ff89a736c3c539c137d225a000dc05145d2b9e07a3d705a,2026-07-13T09:07:43.200Z,success,38854,1000,6376923,0x589f759b639424d3def4cde82f3b287bdcba6c6a6fc58bce07fc990e6b35f86a,2026-07-13T09:07:43.200Z,8430,8430,8603,28,Untrusted,2026-07-13T09:07:34.634Z,0x3bde3e9fb8b533e414fdad8691008ba70e80a2d5b2a60ce79f54b44c34d0d253,,variant-batch live execution
datm-live-2026-07-13T09-07-24-495Z,B,entity-10-malicious,malicious,2,2026-07-13T09:07:34.598Z,2026-07-13T09:07:34.598Z,2026-07-13T09:07:34.598Z,0,2026-07-13T09:07:34.771Z,0x52878d1778b459a167ffcb7474429a04db72c307bca2771a70e4286b76ec660d,2026-07-13T09:07:43.245Z,success,38854,1000,6376923,0x589f759b639424d3def4cde82f3b287bdcba6c6a6fc58bce07fc990e6b35f86a,2026-07-13T09:07:43.245Z,8474,8474,8647,32,Untrusted,2026-07-13T09:07:34.634Z,0xd41acc54f44d99b3218f8603d3b21be24708d376314c4608d238810ac9719518,,variant-batch live execution
datm-live-2026-07-13T09-07-24-495Z,B,entity-01-normal,normal,3,2026-07-13T09:07:48.370Z,2026-07-13T09:07:48.370Z,2026-07-13T09:07:48.370Z,0,2026-07-13T09:07:48.504Z,0x5530ae886e62dfd8470008044d942b832a02b78a7b68cfe3efdf2aa77362ba19,2026-07-13T09:07:52.768Z,success,38835,1000,6376925,0x0012e80ebdc9d2619014f4a9b603742c9feb52a6d599b503192f57f428806cdf,2026-07-13T09:07:52.768Z,4264,4264,4398,93,Trusted,2026-07-13T09:07:44.634Z,0xac7bba9b56a7c121303b6543b4ba62a6b465e6e738783c62f728dc3d29097700,,variant-batch live execution
datm-live-2026-07-13T09-07-24-495Z,B,entity-02-normal,normal,3,2026-07-13T09:07:48.371Z,2026-07-13T09:07:48.371Z,2026-07-13T09:07:48.371Z,0,2026-07-13T09:07:48.505Z,0xfbed06f01786147c38fefdaaeed50ce60373a0f39336af50c1d0eff692cb4d9a,2026-07-13T09:07:52.775Z,success,38847,1000,6376925,0x0012e80ebdc9d2619014f4a9b603742c9feb52a6d599b503192f57f428806cdf,2026-07-13T09:07:52.775Z,4270,4270,4404,92,Trusted,2026-07-13T09:07:44.634Z,0xf615043d27f75aa48a41055a5e7c3bae1539681c32df36e7a71a88d536df85e1,,variant-batch live execution
datm-live-2026-07-13T09-07-24-495Z,B,entity-03-normal,normal,3,2026-07-13T09:07:48.371Z,2026-07-13T09:07:48.371Z,2026-07-13T09:07:48.371Z,0,2026-07-13T09:07:48.515Z,0xc1bb5889f315ffeca5e39f1031135f03226a521b27e789e13963dc5c77863824,2026-07-13T09:07:52.776Z,success,38847,1000,6376925,0x0012e80ebdc9d2619014f4a9b603742c9feb52a6d599b503192f57f428806cdf,2026-07-13T09:07:52.776Z,4261,4261,4405,93,Trusted,2026-07-13T09:07:44.634Z,0xd45a4f8611368a51dd55c13c61a72e3dd64b6568a7a3151d353c755d6f14ee6a,,variant-batch live execution
datm-live-2026-07-13T09-07-24-495Z,B,entity-04-normal,normal,3,2026-07-13T09:07:48.372Z,2026-07-13T09:07:48.372Z,2026-07-13T09:07:48.372Z,0,2026-07-13T09:07:48.515Z,0x13e02298cbca5b702092119c84227a260e0dd90e7c47be30911a42b23e7400e0,2026-07-13T09:07:52.772Z,success,38847,1000,6376925,0x0012e80ebdc9d2619014f4a9b603742c9feb52a6d599b503192f57f428806cdf,2026-07-13T09:07:52.772Z,4257,4257,4400,93,Trusted,2026-07-13T09:07:44.634Z,0xbf439e4ff3c103ace229cd7a69e6a1a4f95f7772e558461a8bd7c857e23df136,,variant-batch live execution
datm-live-2026-07-13T09-07-24-495Z,B,entity-05-suspicious,suspicious,3,2026-07-13T09:07:48.372Z,2026-07-13T09:07:48.372Z,2026-07-13T09:07:48.372Z,0,2026-07-13T09:07:48.515Z,0xe000edaa29d5f34362f91156577e12372e9ebebf7c14ae720f57785071c32158,2026-07-13T09:07:52.773Z,success,38867,1000,6376925,0x0012e80ebdc9d2619014f4a9b603742c9feb52a6d599b503192f57f428806cdf,2026-07-13T09:07:52.773Z,4258,4258,4401,60,Suspicious,2026-07-13T09:07:44.634Z,0xc23a6cc29b63476de62bb6e18722040bfc38928bed63a3820394cfaf07b5e3d0,,variant-batch live execution
datm-live-2026-07-13T09-07-24-495Z,B,entity-06-suspicious,suspicious,3,2026-07-13T09:07:48.373Z,2026-07-13T09:07:48.373Z,2026-07-13T09:07:48.373Z,0,2026-07-13T09:07:48.531Z,0x5f6e202b97b24b82f34666c3c8376de508f0ee250f39fc2bc33b9b4a0ce0e94e,2026-07-13T09:07:52.798Z,success,38867,1000,6376925,0x0012e80ebdc9d2619014f4a9b603742c9feb52a6d599b503192f57f428806cdf,2026-07-13T09:07:52.798Z,4267,4267,4425,64,Suspicious,2026-07-13T09:07:44.634Z,0x5027066e3be96032469140aabcc830cc25022d4461a042f68dcbb91b5966529d,,variant-batch live execution
datm-live-2026-07-13T09-07-24-495Z,B,entity-07-suspicious,suspicious,3,2026-07-13T09:07:48.373Z,2026-07-13T09:07:48.373Z,2026-07-13T09:07:48.373Z,0,2026-07-13T09:07:48.531Z,0x101d84475ab5b1f6ee178ab84e61df6a43f614da675e43f9633e31abc479c2fa,2026-07-13T09:07:52.964Z,success,38867,1000,6376925,0x0012e80ebdc9d2619014f4a9b603742c9feb52a6d599b503192f57f428806cdf,2026-07-13T09:07:52.964Z,4433,4433,4591,60,Suspicious,2026-07-13T09:07:44.634Z,0xe37b95ab3f55fa78d3674dfa916139e218ae3a1c3c4f891565e1d4dc836f4401,,variant-batch live execution
datm-live-2026-07-13T09-07-24-495Z,B,entity-08-malicious,malicious,3,2026-07-13T09:07:48.373Z,2026-07-13T09:07:48.373Z,2026-07-13T09:07:48.373Z,0,2026-07-13T09:07:48.515Z,0x38abfa760597a21cf1020821b21ac5a0ceebcb91e826faf500543dca6a744962,2026-07-13T09:07:52.975Z,success,38866,1000,6376925,0x0012e80ebdc9d2619014f4a9b603742c9feb52a6d599b503192f57f428806cdf,2026-07-13T09:07:52.975Z,4460,4460,4602,28,Untrusted,2026-07-13T09:07:44.634Z,0x8c8be3d6e938e5f987f9d1f98a66292ed93dca28d51f35b52c1f0d24e83a6154,,variant-batch live execution
datm-live-2026-07-13T09-07-24-495Z,B,entity-09-malicious,malicious,3,2026-07-13T09:07:48.374Z,2026-07-13T09:07:48.374Z,2026-07-13T09:07:48.374Z,0,2026-07-13T09:07:48.515Z,0x90a1c88ff1791a637770ccf59683ac8a98480d58dace9db3b78e96546df0b438,2026-07-13T09:07:52.989Z,success,38866,1000,6376925,0x0012e80ebdc9d2619014f4a9b603742c9feb52a6d599b503192f57f428806cdf,2026-07-13T09:07:52.989Z,4474,4474,4615,30,Untrusted,2026-07-13T09:07:44.634Z,0x3f51dc908aa1ede1e0c5193d94c3e5e75ddafcd187fc9fd6babaddc0d4dc4ff0,,variant-batch live execution
datm-live-2026-07-13T09-07-24-495Z,B,entity-10-malicious,malicious,3,2026-07-13T09:07:48.374Z,2026-07-13T09:07:48.374Z,2026-07-13T09:07:48.374Z,0,2026-07-13T09:07:48.531Z,0xf585d327f0b05b33bc011e0b14fca839bcea7320e5b6a2d0311671992fc886bf,2026-07-13T09:07:52.996Z,success,38854,1000,6376925,0x0012e80ebdc9d2619014f4a9b603742c9feb52a6d599b503192f57f428806cdf,2026-07-13T09:07:52.996Z,4465,4465,4622,30,Untrusted,2026-07-13T09:07:44.634Z,0x9f894c355bb568639598749a26dae095aaec14bee8805a79050ab08ef17cb9fc,,variant-batch live execution
datm-live-2026-07-13T09-07-24-495Z,B,entity-01-normal,normal,4,2026-07-13T09:07:58.133Z,2026-07-13T09:07:58.133Z,2026-07-13T09:07:58.133Z,0,2026-07-13T09:07:58.257Z,0x82a1242b1dfa25402cb164e9df7f73fa4a2b80555bde588e5cfe906376daf7d3,2026-07-13T09:08:02.517Z,success,38847,1000,6376927,0x77b494a51866deb366ae39dd13c6415b06a9474e149f1058ded01c4fc88bf27d,2026-07-13T09:08:02.517Z,4260,4260,4384,91,Trusted,2026-07-13T09:07:54.634Z,0xb55f1277b567e0dca95b195de924f92199ecb2a18968362a532ad7e1dc4edbc5,,variant-batch live execution
datm-live-2026-07-13T09-07-24-495Z,B,entity-02-normal,normal,4,2026-07-13T09:07:58.134Z,2026-07-13T09:07:58.134Z,2026-07-13T09:07:58.134Z,0,2026-07-13T09:07:58.257Z,0xcc33f80a7b96557255ff829adb1df8df6a79d298a345d3afb74895f489b587f2,2026-07-13T09:08:02.519Z,success,38847,1000,6376927,0x77b494a51866deb366ae39dd13c6415b06a9474e149f1058ded01c4fc88bf27d,2026-07-13T09:08:02.519Z,4262,4262,4385,93,Trusted,2026-07-13T09:07:54.634Z,0x7339121eb8e754fc8befba69eca0394e59089686b156f9c5ec0edb49a4bbeb23,,variant-batch live execution
datm-live-2026-07-13T09-07-24-495Z,B,entity-03-normal,normal,4,2026-07-13T09:07:58.134Z,2026-07-13T09:07:58.134Z,2026-07-13T09:07:58.134Z,0,2026-07-13T09:07:58.254Z,0xc0003ad8d92acd1c98ed6b579599f9ed17fbdc11cb19d325a18c01e415317d2f,2026-07-13T09:08:02.520Z,success,38847,1000,6376927,0x77b494a51866deb366ae39dd13c6415b06a9474e149f1058ded01c4fc88bf27d,2026-07-13T09:08:02.520Z,4266,4266,4386,93,Trusted,2026-07-13T09:07:54.634Z,0xcc586edfedfe617ebc8026106d795cc75c0a01ae6101c71a6cc33845a845f0d2,,variant-batch live execution
datm-live-2026-07-13T09-07-24-495Z,B,entity-04-normal,normal,4,2026-07-13T09:07:58.134Z,2026-07-13T09:07:58.134Z,2026-07-13T09:07:58.134Z,0,2026-07-13T09:07:58.257Z,0xec8f80d3035eb4347a14456efebf8d0fc7e3157efa4ea241b76fb51092e984f8,2026-07-13T09:08:02.522Z,success,38847,1000,6376927,0x77b494a51866deb366ae39dd13c6415b06a9474e149f1058ded01c4fc88bf27d,2026-07-13T09:08:02.522Z,4265,4265,4388,91,Trusted,2026-07-13T09:07:54.634Z,0x16ae6d33724e75a960096cf6090deba9cfc194cb4ba866a3dc4a16334b24fe56,,variant-batch live execution
datm-live-2026-07-13T09-07-24-495Z,B,entity-05-suspicious,suspicious,4,2026-07-13T09:07:58.135Z,2026-07-13T09:07:58.135Z,2026-07-13T09:07:58.135Z,0,2026-07-13T09:07:58.257Z,0x0cd785bc8da66185fc2ee19199fdaa205c06f481d4b32b0e8c90594b26503b6c,2026-07-13T09:08:02.522Z,success,38867,1000,6376927,0x77b494a51866deb366ae39dd13c6415b06a9474e149f1058ded01c4fc88bf27d,2026-07-13T09:08:02.522Z,4265,4265,4387,64,Suspicious,2026-07-13T09:07:54.634Z,0x7c36ca8ed50b5a0524da660a9ca118eea765d70242f61851aff2a576bd19610c,,variant-batch live execution
datm-live-2026-07-13T09-07-24-495Z,B,entity-06-suspicious,suspicious,4,2026-07-13T09:07:58.135Z,2026-07-13T09:07:58.135Z,2026-07-13T09:07:58.135Z,0,2026-07-13T09:07:58.257Z,0xbf1b69f1cda9a616ed42e021fa8da5b8e6d914f77cd4f1d344945faf9ca4f4ef,2026-07-13T09:08:02.556Z,success,38867,1000,6376927,0x77b494a51866deb366ae39dd13c6415b06a9474e149f1058ded01c4fc88bf27d,2026-07-13T09:08:02.556Z,4299,4299,4421,61,Suspicious,2026-07-13T09:07:54.634Z,0xfde8bae8237ba8caf6e062ccd49dd0f66f61319934c865955e77399b246bada5,,variant-batch live execution
datm-live-2026-07-13T09-07-24-495Z,B,entity-07-suspicious,suspicious,4,2026-07-13T09:07:58.135Z,2026-07-13T09:07:58.135Z,2026-07-13T09:07:58.135Z,0,2026-07-13T09:07:58.280Z,0xc4e5d88172941cff312611132fb0bb49ecb4dd14a9e2912f287483ffba6c603b,2026-07-13T09:08:02.736Z,success,38867,1000,6376927,0x77b494a51866deb366ae39dd13c6415b06a9474e149f1058ded01c4fc88bf27d,2026-07-13T09:08:02.736Z,4456,4456,4601,60,Suspicious,2026-07-13T09:07:54.634Z,0xc2ddebf954b734b41b131e1d9ccf0f2ed33a3cf5cb17cc7ab84a1daa1e6dc520,,variant-batch live execution
datm-live-2026-07-13T09-07-24-495Z,B,entity-08-malicious,malicious,4,2026-07-13T09:07:58.135Z,2026-07-13T09:07:58.135Z,2026-07-13T09:07:58.135Z,0,2026-07-13T09:07:58.280Z,0xedc016ee0faa5798276b510bef4f624a78bfcb16396997fbef03f7a1b5e56891,2026-07-13T09:08:02.719Z,success,38866,1000,6376927,0x77b494a51866deb366ae39dd13c6415b06a9474e149f1058ded01c4fc88bf27d,2026-07-13T09:08:02.719Z,4439,4439,4584,30,Untrusted,2026-07-13T09:07:54.634Z,0x9f1a4d4a6d550ad71e4d40905574926d4ad80aa8c0633fa7a6aab1cf853ff83d,,variant-batch live execution
datm-live-2026-07-13T09-07-24-495Z,B,entity-09-malicious,malicious,4,2026-07-13T09:07:58.135Z,2026-07-13T09:07:58.135Z,2026-07-13T09:07:58.135Z,0,2026-07-13T09:07:58.280Z,0xd071cbff92177d5b4c7b609d41caa9989bc94e05c3dca8ae2d5eb2d8b64f1936,2026-07-13T09:08:02.749Z,success,38854,1000,6376927,0x77b494a51866deb366ae39dd13c6415b06a9474e149f1058ded01c4fc88bf27d,2026-07-13T09:08:02.749Z,4469,4469,4614,29,Untrusted,2026-07-13T09:07:54.634Z,0x6e9cc5e18462a961209330dd5e005259c3bd3e034bbb0758bf9fcf6b548fdeaa,,variant-batch live execution
datm-live-2026-07-13T09-07-24-495Z,B,entity-10-malicious,malicious,4,2026-07-13T09:07:58.136Z,2026-07-13T09:07:58.136Z,2026-07-13T09:07:58.136Z,0,2026-07-13T09:07:58.281Z,0xa963110780cf68b60f866f06b0a56377f2fe4f03defbd6567826e7bc5858b741,2026-07-13T09:08:02.760Z,success,38842,1000,6376927,0x77b494a51866deb366ae39dd13c6415b06a9474e149f1058ded01c4fc88bf27d,2026-07-13T09:08:02.760Z,4479,4479,4624,29,Untrusted,2026-07-13T09:07:54.634Z,0xba73e7dc30ee0ea225878be3745700012e66f052abdf5461adbac0a286858b3e,,variant-batch live execution
datm-live-2026-07-13T09-07-24-495Z,B,entity-01-normal,normal,5,2026-07-13T09:08:07.881Z,2026-07-13T09:08:07.881Z,2026-07-13T09:08:07.881Z,0,2026-07-13T09:08:08.006Z,0xd26a4b0fc0441ef64694752ac8ca2256c48694e0c7d281c7a2ef8f0abd55d1ee,2026-07-13T09:08:12.257Z,success,38847,1000,6376929,0x81bef7a57a72652b3b6d21c4150efd7f9360fcd9fc72dfb593e7804b72a05502,2026-07-13T09:08:12.257Z,4251,4251,4376,93,Trusted,2026-07-13T09:08:04.634Z,0x61d5e8741de2e0aa0beeb471139eca6c0e363210097c5b248efbb11e74aa5510,,variant-batch live execution
datm-live-2026-07-13T09-07-24-495Z,B,entity-02-normal,normal,5,2026-07-13T09:08:07.882Z,2026-07-13T09:08:07.882Z,2026-07-13T09:08:07.882Z,0,2026-07-13T09:08:08.006Z,0xe92c849916d44a4e9c16d38725e0a42277aa7652f89d9fff33410dfcc47e78dc,2026-07-13T09:08:12.283Z,success,38847,1000,6376929,0x81bef7a57a72652b3b6d21c4150efd7f9360fcd9fc72dfb593e7804b72a05502,2026-07-13T09:08:12.283Z,4277,4277,4401,93,Trusted,2026-07-13T09:08:04.634Z,0x47907c736820640cf578f1c8d9ad74d0f93f0d8aaf4456d33e76adfcc4ac60c9,,variant-batch live execution
datm-live-2026-07-13T09-07-24-495Z,B,entity-03-normal,normal,5,2026-07-13T09:08:07.883Z,2026-07-13T09:08:07.883Z,2026-07-13T09:08:07.883Z,0,2026-07-13T09:08:08.017Z,0xff59a39358c1c0aa41abbaffa0a250ff1bdd7bb317daa689237b28f64565945e,2026-07-13T09:08:12.263Z,success,38835,1000,6376929,0x81bef7a57a72652b3b6d21c4150efd7f9360fcd9fc72dfb593e7804b72a05502,2026-07-13T09:08:12.263Z,4246,4246,4380,92,Trusted,2026-07-13T09:08:04.634Z,0x8de5b85c3dcd5afba375b2e93d8b21a9c317c4dfad3000afdd3592205dff2e39,,variant-batch live execution
datm-live-2026-07-13T09-07-24-495Z,B,entity-04-normal,normal,5,2026-07-13T09:08:07.883Z,2026-07-13T09:08:07.883Z,2026-07-13T09:08:07.883Z,0,2026-07-13T09:08:08.017Z,0x4cd7dd9ae0e5f731e34ca0645449a09c32377a1ce92cba1a9d177b0c3f3dcf72,2026-07-13T09:08:12.264Z,success,38847,1000,6376929,0x81bef7a57a72652b3b6d21c4150efd7f9360fcd9fc72dfb593e7804b72a05502,2026-07-13T09:08:12.264Z,4247,4247,4381,93,Trusted,2026-07-13T09:08:04.634Z,0x8b55a77bf8a6d9878ff13c5418d904750fd033db41b465439f9a1a568eb9682d,,variant-batch live execution
datm-live-2026-07-13T09-07-24-495Z,B,entity-05-suspicious,suspicious,5,2026-07-13T09:08:07.883Z,2026-07-13T09:08:07.883Z,2026-07-13T09:08:07.883Z,0,2026-07-13T09:08:08.017Z,0xe557438971f9effab9e18a899f530b0d8799fce3587e9a0d38b251ff2fd50ba8,2026-07-13T09:08:12.266Z,success,38867,1000,6376929,0x81bef7a57a72652b3b6d21c4150efd7f9360fcd9fc72dfb593e7804b72a05502,2026-07-13T09:08:12.266Z,4249,4249,4383,61,Suspicious,2026-07-13T09:08:04.634Z,0x40b0726309873e4db62f2c7d75783c3d1836f6fe0720b2f8418dcac618e5a3a3,,variant-batch live execution
datm-live-2026-07-13T09-07-24-495Z,B,entity-06-suspicious,suspicious,5,2026-07-13T09:08:07.884Z,2026-07-13T09:08:07.884Z,2026-07-13T09:08:07.884Z,0,2026-07-13T09:08:08.018Z,0x47a9aaa38cde16b88a0cf4909ed719429b7bcabcee7513e263410414ca469a69,2026-07-13T09:08:12.267Z,success,38867,1000,6376929,0x81bef7a57a72652b3b6d21c4150efd7f9360fcd9fc72dfb593e7804b72a05502,2026-07-13T09:08:12.267Z,4249,4249,4383,59,Suspicious,2026-07-13T09:08:04.634Z,0x9e625ac46525377061a9beee468f4060e93bde75aaf82640cadc4641dd400dc3,,variant-batch live execution
datm-live-2026-07-13T09-07-24-495Z,B,entity-07-suspicious,suspicious,5,2026-07-13T09:08:07.884Z,2026-07-13T09:08:07.884Z,2026-07-13T09:08:07.884Z,0,2026-07-13T09:08:08.018Z,0xb76e5a6d3c5f2418230662f143d13e8fe9e0984f785bfa2918d26bb5ab8ae044,2026-07-13T09:08:12.462Z,success,38867,1000,6376929,0x81bef7a57a72652b3b6d21c4150efd7f9360fcd9fc72dfb593e7804b72a05502,2026-07-13T09:08:12.462Z,4444,4444,4578,64,Suspicious,2026-07-13T09:08:04.634Z,0x48b6572094347051ff6ce35770a993f102139b644fe55807feb95fd3f8af2ae1,,variant-batch live execution
datm-live-2026-07-13T09-07-24-495Z,B,entity-08-malicious,malicious,5,2026-07-13T09:08:07.884Z,2026-07-13T09:08:07.884Z,2026-07-13T09:08:07.884Z,0,2026-07-13T09:08:08.042Z,0x7ec50d2c79c97a7f634e0ebb29474598512750f0f0e7b8b48910f69676872058,2026-07-13T09:08:12.463Z,success,38866,1000,6376929,0x81bef7a57a72652b3b6d21c4150efd7f9360fcd9fc72dfb593e7804b72a05502,2026-07-13T09:08:12.463Z,4421,4421,4579,30,Untrusted,2026-07-13T09:08:04.634Z,0x2c7adf98e3bf29f80da6f7b245c6bc61eccc4dfeb909022e517b8531e19d8b5e,,variant-batch live execution
datm-live-2026-07-13T09-07-24-495Z,B,entity-09-malicious,malicious,5,2026-07-13T09:08:07.885Z,2026-07-13T09:08:07.885Z,2026-07-13T09:08:07.885Z,0,2026-07-13T09:08:08.043Z,0xe66aa139c3d554fee1ce233622c61b5bbd70621367bb4e9996f084aaa18ff011,2026-07-13T09:08:12.461Z,success,38866,1000,6376929,0x81bef7a57a72652b3b6d21c4150efd7f9360fcd9fc72dfb593e7804b72a05502,2026-07-13T09:08:12.461Z,4418,4418,4576,28,Untrusted,2026-07-13T09:08:04.634Z,0x79c650a7aad26fb61d5552e95d3a83202bd3d078a7f83fad4ef4eff2ec9eaf86,,variant-batch live execution
datm-live-2026-07-13T09-07-24-495Z,B,entity-10-malicious,malicious,5,2026-07-13T09:08:07.885Z,2026-07-13T09:08:07.885Z,2026-07-13T09:08:07.885Z,0,2026-07-13T09:08:08.043Z,0x9769082572fd3832aeefb39e3cab2f0bff103afd11fdedd689cb6772044a5aec,2026-07-13T09:08:12.487Z,success,38854,1000,6376929,0x81bef7a57a72652b3b6d21c4150efd7f9360fcd9fc72dfb593e7804b72a05502,2026-07-13T09:08:12.487Z,4444,4444,4602,31,Untrusted,2026-07-13T09:08:04.634Z,0x0177a2647e21438aa4b75495e8068fc66f9accf26831c9e5a1a3d1c2fef8cf57,,variant-batch live execution
datm-live-2026-07-13T09-07-24-495Z,B,entity-01-normal,normal,6,2026-07-13T09:08:17.602Z,2026-07-13T09:08:17.602Z,2026-07-13T09:08:17.602Z,0,2026-07-13T09:08:17.735Z,0xb7aa9eb8070030086771cf84c2d0a6dfbbf028f3c6cfc3a385e5c8abe9280a50,2026-07-13T09:08:21.989Z,success,38835,1000,6376931,0xbb74c97ec04e21b9e8993ae6565e7a4e644bed2749dd066ef6ed42785430d523,2026-07-13T09:08:21.989Z,4254,4254,4387,93,Trusted,2026-07-13T09:08:14.634Z,0x87327ab7125862b9795cb2009dc06f7c09ee46b983f35117cc8c6d1626dff38d,,variant-batch live execution
datm-live-2026-07-13T09-07-24-495Z,B,entity-02-normal,normal,6,2026-07-13T09:08:17.603Z,2026-07-13T09:08:17.603Z,2026-07-13T09:08:17.603Z,0,2026-07-13T09:08:17.735Z,0x54a90daba02d86ad7c8e35713247ac9acfb0a0e22859fc22ac8b182150ce0bd0,2026-07-13T09:08:21.995Z,success,38847,1000,6376931,0xbb74c97ec04e21b9e8993ae6565e7a4e644bed2749dd066ef6ed42785430d523,2026-07-13T09:08:21.995Z,4260,4260,4392,92,Trusted,2026-07-13T09:08:14.634Z,0x9785f50ec21b6fbf233f5c0e0bf4756b7c199e5e38b9e7787a93babbe84769a1,,variant-batch live execution
datm-live-2026-07-13T09-07-24-495Z,B,entity-03-normal,normal,6,2026-07-13T09:08:17.603Z,2026-07-13T09:08:17.603Z,2026-07-13T09:08:17.603Z,0,2026-07-13T09:08:17.727Z,0x0419d0f21677e8a407a15e7f9152bc1ebfe881fd33500c5183cc963839213b6a,2026-07-13T09:08:21.994Z,success,38847,1000,6376931,0xbb74c97ec04e21b9e8993ae6565e7a4e644bed2749dd066ef6ed42785430d523,2026-07-13T09:08:21.994Z,4267,4267,4391,93,Trusted,2026-07-13T09:08:14.634Z,0xa8db147f0e2c1b4320a3ef148fd3f36cc7436af45b983b977bf4abfda83577cb,,variant-batch live execution
datm-live-2026-07-13T09-07-24-495Z,B,entity-04-normal,normal,6,2026-07-13T09:08:17.603Z,2026-07-13T09:08:17.603Z,2026-07-13T09:08:17.603Z,0,2026-07-13T09:08:17.736Z,0x20fc2dbefbc69fa7a8cf8d045bda2e71055526a76ee7e921c53aa224bd3b98e6,2026-07-13T09:08:22.026Z,success,38847,1000,6376931,0xbb74c97ec04e21b9e8993ae6565e7a4e644bed2749dd066ef6ed42785430d523,2026-07-13T09:08:22.026Z,4290,4290,4423,93,Trusted,2026-07-13T09:08:14.634Z,0xbd40f2099201ebee5cb2d1b4f79c81fb78f7fad613b2636c59dba510ba26c94d,,variant-batch live execution
datm-live-2026-07-13T09-07-24-495Z,B,entity-05-suspicious,suspicious,6,2026-07-13T09:08:17.603Z,2026-07-13T09:08:17.603Z,2026-07-13T09:08:17.603Z,0,2026-07-13T09:08:17.736Z,0xb1fe87979dcabf4d6c7cba9f8ace884d63e63c4836e4545787e93da24404f2a1,2026-07-13T09:08:21.994Z,success,38867,1000,6376931,0xbb74c97ec04e21b9e8993ae6565e7a4e644bed2749dd066ef6ed42785430d523,2026-07-13T09:08:21.994Z,4258,4258,4391,59,Suspicious,2026-07-13T09:08:14.634Z,0x0b7a8ea17eaff6f501895f8d9d19166dece0499601108f0505783a88d3b698eb,,variant-batch live execution
datm-live-2026-07-13T09-07-24-495Z,B,entity-06-suspicious,suspicious,6,2026-07-13T09:08:17.604Z,2026-07-13T09:08:17.604Z,2026-07-13T09:08:17.604Z,0,2026-07-13T09:08:17.736Z,0xb62e8c7035f3d26c476b92ffaa273c38ca56fd4c11ec6de44e8274e925c477f1,2026-07-13T09:08:22.003Z,success,38867,1000,6376931,0xbb74c97ec04e21b9e8993ae6565e7a4e644bed2749dd066ef6ed42785430d523,2026-07-13T09:08:22.003Z,4267,4267,4399,60,Suspicious,2026-07-13T09:08:14.634Z,0x99dc82dac65aad325b2ac47ec2651780230a43fe954e906940e90716fb88766b,,variant-batch live execution
datm-live-2026-07-13T09-07-24-495Z,B,entity-07-suspicious,suspicious,6,2026-07-13T09:08:17.604Z,2026-07-13T09:08:17.604Z,2026-07-13T09:08:17.604Z,0,2026-07-13T09:08:17.764Z,0x791d5bcc6c8292968b797f7c92a8865e11ee7b870adfa60087bc50b433b41c47,2026-07-13T09:08:22.208Z,success,38867,1000,6376931,0xbb74c97ec04e21b9e8993ae6565e7a4e644bed2749dd066ef6ed42785430d523,2026-07-13T09:08:22.208Z,4444,4444,4604,61,Suspicious,2026-07-13T09:08:14.634Z,0x01ac2bc81735868bf8d9122107b21d44d0c7f04fc71b651fdd9360ecf2b7ce21,,variant-batch live execution
datm-live-2026-07-13T09-07-24-495Z,B,entity-08-malicious,malicious,6,2026-07-13T09:08:17.604Z,2026-07-13T09:08:17.604Z,2026-07-13T09:08:17.604Z,0,2026-07-13T09:08:17.765Z,0x244fdf2058bffc2d061e5df1610ee8bffb3806c07704c131ca2063bb4c54c12e,2026-07-13T09:08:22.183Z,success,38866,1000,6376931,0xbb74c97ec04e21b9e8993ae6565e7a4e644bed2749dd066ef6ed42785430d523,2026-07-13T09:08:22.183Z,4418,4418,4579,28,Untrusted,2026-07-13T09:08:14.634Z,0xfa859462e8d93f015e876f2d1aeb50263d0b4c59440e4dcb8bf1f023a1d909dc,,variant-batch live execution
datm-live-2026-07-13T09-07-24-495Z,B,entity-09-malicious,malicious,6,2026-07-13T09:08:17.604Z,2026-07-13T09:08:17.604Z,2026-07-13T09:08:17.604Z,0,2026-07-13T09:08:17.765Z,0x1487df034a898b32158f86d2af3c9a577c60d68672f0058f9a3c5bce530aff26,2026-07-13T09:08:22.222Z,success,38866,1000,6376931,0xbb74c97ec04e21b9e8993ae6565e7a4e644bed2749dd066ef6ed42785430d523,2026-07-13T09:08:22.222Z,4457,4457,4618,29,Untrusted,2026-07-13T09:08:14.634Z,0x0b4db83e5bb6441032fec89af1528a263513cb70dd3c5019cc10602bd004ba42,,variant-batch live execution
datm-live-2026-07-13T09-07-24-495Z,B,entity-10-malicious,malicious,6,2026-07-13T09:08:17.604Z,2026-07-13T09:08:17.604Z,2026-07-13T09:08:17.604Z,0,2026-07-13T09:08:17.765Z,0x07b3f59e6d4e41dba06c31c717706c7f4f7dc62d1606f9286798bc519ea87a3e,2026-07-13T09:08:22.236Z,success,38854,1000,6376931,0xbb74c97ec04e21b9e8993ae6565e7a4e644bed2749dd066ef6ed42785430d523,2026-07-13T09:08:22.236Z,4471,4471,4632,30,Untrusted,2026-07-13T09:08:14.634Z,0x49e6048f387b9732c1fd8a926507cea33db0b71be4cd2cdba5c5c30ed1f6ccec,,variant-batch live execution
datm-live-2026-07-13T09-07-24-495Z,B,entity-01-normal,normal,7,2026-07-13T09:08:27.351Z,2026-07-13T09:08:27.351Z,2026-07-13T09:08:27.351Z,0,2026-07-13T09:08:27.471Z,0xb8cf4f6ed3c9d1e867b7758478c0e8fcfed2ada617e2ec4420efbae872c619bd,2026-07-13T09:08:31.740Z,success,38835,1000,6376933,0x174446d1e2d3cc23bc02f190d5a0ae3deb51d0bdd6b94e21423e5c87710343a4,2026-07-13T09:08:31.740Z,4269,4269,4389,92,Trusted,2026-07-13T09:08:24.634Z,0x1f82efc2747363af83412e4e53f41f7f2e0c1549799c009807891564a1906716,,variant-batch live execution
datm-live-2026-07-13T09-07-24-495Z,B,entity-02-normal,normal,7,2026-07-13T09:08:27.352Z,2026-07-13T09:08:27.352Z,2026-07-13T09:08:27.352Z,0,2026-07-13T09:08:27.498Z,0x3bc9005fcc2d9b51a466d708e18426774949f3bc9d546624e291c551a2a29693,2026-07-13T09:08:31.740Z,success,38847,1000,6376933,0x174446d1e2d3cc23bc02f190d5a0ae3deb51d0bdd6b94e21423e5c87710343a4,2026-07-13T09:08:31.740Z,4242,4242,4388,93,Trusted,2026-07-13T09:08:24.634Z,0x87fe0995a5cc167656ca2c73a1da367bad0dc8f38dd22a1ec3c5f2b40c348235,,variant-batch live execution
datm-live-2026-07-13T09-07-24-495Z,B,entity-03-normal,normal,7,2026-07-13T09:08:27.352Z,2026-07-13T09:08:27.352Z,2026-07-13T09:08:27.352Z,0,2026-07-13T09:08:27.498Z,0x87ec3100bb654aaa1c8e0a92105beb57bf0d9626ea32145e081d75ad0e95f0a3,2026-07-13T09:08:31.771Z,success,38847,1000,6376933,0x174446d1e2d3cc23bc02f190d5a0ae3deb51d0bdd6b94e21423e5c87710343a4,2026-07-13T09:08:31.771Z,4273,4273,4419,93,Trusted,2026-07-13T09:08:24.634Z,0x5fd48076f44206daa5bb1eaceb13e76e80379aebcc5753a54ba2daaeadb4f8f5,,variant-batch live execution
datm-live-2026-07-13T09-07-24-495Z,B,entity-04-normal,normal,7,2026-07-13T09:08:27.352Z,2026-07-13T09:08:27.352Z,2026-07-13T09:08:27.352Z,0,2026-07-13T09:08:27.498Z,0x710ab1e2699dc29045d679612ec0a4f794a80bf4c2ba067d6a4e8cef041ebad8,2026-07-13T09:08:31.739Z,success,38847,1000,6376933,0x174446d1e2d3cc23bc02f190d5a0ae3deb51d0bdd6b94e21423e5c87710343a4,2026-07-13T09:08:31.739Z,4241,4241,4387,92,Trusted,2026-07-13T09:08:24.634Z,0xc8b26defeaafbdb3670d9ba4a5e90b60f4c8181bb91d7d62360450c69381b1aa,,variant-batch live execution
datm-live-2026-07-13T09-07-24-495Z,B,entity-05-suspicious,suspicious,7,2026-07-13T09:08:27.353Z,2026-07-13T09:08:27.353Z,2026-07-13T09:08:27.353Z,0,2026-07-13T09:08:27.498Z,0x5ea0c9bd9609cdd0a0cb516248b9b34c1980ce8e8be836239b186e4c11a0d693,2026-07-13T09:08:31.738Z,success,38855,1000,6376933,0x174446d1e2d3cc23bc02f190d5a0ae3deb51d0bdd6b94e21423e5c87710343a4,2026-07-13T09:08:31.738Z,4240,4240,4385,60,Suspicious,2026-07-13T09:08:24.634Z,0x19dba7db353cffb3056cdb0a25540e5b96817041f8b85520a900481bea0f61e5,,variant-batch live execution
datm-live-2026-07-13T09-07-24-495Z,B,entity-06-suspicious,suspicious,7,2026-07-13T09:08:27.353Z,2026-07-13T09:08:27.353Z,2026-07-13T09:08:27.353Z,0,2026-07-13T09:08:27.498Z,0xbf59c3294ebcffd883fff0e162f7a15e3040c0499c983def53e481df04a50a63,2026-07-13T09:08:31.734Z,success,38867,1000,6376933,0x174446d1e2d3cc23bc02f190d5a0ae3deb51d0bdd6b94e21423e5c87710343a4,2026-07-13T09:08:31.734Z,4236,4236,4381,62,Suspicious,2026-07-13T09:08:24.634Z,0xf94ec08e3db3f347aca6c870fadf6384537cea93627fdef3cf49e5db9c8152bc,,variant-batch live execution
datm-live-2026-07-13T09-07-24-495Z,B,entity-07-suspicious,suspicious,7,2026-07-13T09:08:27.353Z,2026-07-13T09:08:27.353Z,2026-07-13T09:08:27.353Z,0,2026-07-13T09:08:27.498Z,0xe5c6b0f428988764147631ae7ab71b6d190e1f5756e8dc9dd2bcef73de86128c,2026-07-13T09:08:31.944Z,success,38855,1000,6376933,0x174446d1e2d3cc23bc02f190d5a0ae3deb51d0bdd6b94e21423e5c87710343a4,2026-07-13T09:08:31.944Z,4446,4446,4591,59,Suspicious,2026-07-13T09:08:24.634Z,0xcbc9ade42e00c6f3e37a126eb30a7996c20f6ab5a41f4bf6043f18dd280c2e3f,,variant-batch live execution
datm-live-2026-07-13T09-07-24-495Z,B,entity-08-malicious,malicious,7,2026-07-13T09:08:27.354Z,2026-07-13T09:08:27.354Z,2026-07-13T09:08:27.354Z,0,2026-07-13T09:08:27.499Z,0x5e99fe98ed6ebd7ed6f8a5dc16b033cd64f691d3e262dcdd2bdfd3d407853ff0,2026-07-13T09:08:31.917Z,success,38866,1000,6376933,0x174446d1e2d3cc23bc02f190d5a0ae3deb51d0bdd6b94e21423e5c87710343a4,2026-07-13T09:08:31.917Z,4418,4418,4563,29,Untrusted,2026-07-13T09:08:24.634Z,0x33e1e9f7b659ac9d11231842ee3a7a3edc6c1ae08133694e671b2347d2312561,,variant-batch live execution
datm-live-2026-07-13T09-07-24-495Z,B,entity-09-malicious,malicious,7,2026-07-13T09:08:27.354Z,2026-07-13T09:08:27.354Z,2026-07-13T09:08:27.354Z,0,2026-07-13T09:08:27.499Z,0x991dd938f3a2a4e121857b9f62e4a7e2c21abae8346fe681aa3c8b0a9e7f7009,2026-07-13T09:08:31.950Z,success,38866,1000,6376933,0x174446d1e2d3cc23bc02f190d5a0ae3deb51d0bdd6b94e21423e5c87710343a4,2026-07-13T09:08:31.950Z,4451,4451,4596,28,Untrusted,2026-07-13T09:08:24.634Z,0x65ec8c3df718e8a823cef8ae0adda5d094961f3543558f22b0a6538dffdbba2f,,variant-batch live execution
datm-live-2026-07-13T09-07-24-495Z,B,entity-10-malicious,malicious,7,2026-07-13T09:08:27.354Z,2026-07-13T09:08:27.354Z,2026-07-13T09:08:27.354Z,0,2026-07-13T09:08:27.499Z,0x23aa18c9954b192b3214186a9b7e69dc7421785e42593dc5fb372fead016a351,2026-07-13T09:08:31.946Z,success,38842,1000,6376933,0x174446d1e2d3cc23bc02f190d5a0ae3deb51d0bdd6b94e21423e5c87710343a4,2026-07-13T09:08:31.946Z,4447,4447,4592,29,Untrusted,2026-07-13T09:08:24.634Z,0x0040f33787fd28f7d13563def82ff8f4750d70638fa768989a6d239f7bd7e46e,,variant-batch live execution
datm-live-2026-07-13T09-07-24-495Z,B,entity-01-normal,normal,8,2026-07-13T09:08:37.068Z,2026-07-13T09:08:37.068Z,2026-07-13T09:08:37.068Z,0,2026-07-13T09:08:37.205Z,0xa711d3fb64e2d4b5ca2c62efe22274b8512603ff429651df3af574faebea479b,2026-07-13T09:08:41.468Z,success,38835,1000,6376935,0x8205c794196598b5c524e39f6e3ff0455cdc732d17acc9dc30c2e79896328b42,2026-07-13T09:08:41.468Z,4263,4263,4400,93,Trusted,2026-07-13T09:08:34.634Z,0xb5db0163578b7bd479402da38aa8da92dedabf9adf71e55e00d37e416bdf3aa3,,variant-batch live execution
datm-live-2026-07-13T09-07-24-495Z,B,entity-02-normal,normal,8,2026-07-13T09:08:37.069Z,2026-07-13T09:08:37.069Z,2026-07-13T09:08:37.069Z,0,2026-07-13T09:08:37.205Z,0x9e39adf0cbcc8b2150868b15660e64287d7c2802b3e78f32551a92d10d066360,2026-07-13T09:08:41.470Z,success,38847,1000,6376935,0x8205c794196598b5c524e39f6e3ff0455cdc732d17acc9dc30c2e79896328b42,2026-07-13T09:08:41.470Z,4265,4265,4401,93,Trusted,2026-07-13T09:08:34.634Z,0xe7df3e57f328ba25e5f3063120caed6f375c7960942e7c84d863499bc3b9ce77,,variant-batch live execution
datm-live-2026-07-13T09-07-24-495Z,B,entity-03-normal,normal,8,2026-07-13T09:08:37.070Z,2026-07-13T09:08:37.070Z,2026-07-13T09:08:37.070Z,0,2026-07-13T09:08:37.222Z,0x0dd97d52c861a62e1407707c8d7da74f4409a811a7472b1fe5934990fd787693,2026-07-13T09:08:41.464Z,success,38847,1000,6376935,0x8205c794196598b5c524e39f6e3ff0455cdc732d17acc9dc30c2e79896328b42,2026-07-13T09:08:41.464Z,4242,4242,4394,91,Trusted,2026-07-13T09:08:34.634Z,0xd75ae7a0f9b9a00a31174d4a7b70073ac226f45627ac54288942f5ad0a6b0f5a,,variant-batch live execution
datm-live-2026-07-13T09-07-24-495Z,B,entity-04-normal,normal,8,2026-07-13T09:08:37.071Z,2026-07-13T09:08:37.071Z,2026-07-13T09:08:37.071Z,0,2026-07-13T09:08:37.223Z,0x4295e25c167ec00880297caf3c90a86f4987de9dbfcca5dd9353a1a453272057,2026-07-13T09:08:41.465Z,success,38835,1000,6376935,0x8205c794196598b5c524e39f6e3ff0455cdc732d17acc9dc30c2e79896328b42,2026-07-13T09:08:41.465Z,4242,4242,4394,93,Trusted,2026-07-13T09:08:34.634Z,0x2e7232a3e70a1c201637b4e4f4427b66b5d6e3a95c6ef392090067f45f76afc0,,variant-batch live execution
datm-live-2026-07-13T09-07-24-495Z,B,entity-05-suspicious,suspicious,8,2026-07-13T09:08:37.071Z,2026-07-13T09:08:37.071Z,2026-07-13T09:08:37.071Z,0,2026-07-13T09:08:37.223Z,0x094e46c9e112e00c24b801b05a7c3bdfa08a196875ee8d97429383030e0c0cd5,2026-07-13T09:08:41.468Z,success,38855,1000,6376935,0x8205c794196598b5c524e39f6e3ff0455cdc732d17acc9dc30c2e79896328b42,2026-07-13T09:08:41.468Z,4245,4245,4397,62,Suspicious,2026-07-13T09:08:34.634Z,0x73d414c93122f33c052d7878ba6984002aa912124b094d1b803e4c0568acbe6a,,variant-batch live execution
datm-live-2026-07-13T09-07-24-495Z,B,entity-06-suspicious,suspicious,8,2026-07-13T09:08:37.071Z,2026-07-13T09:08:37.071Z,2026-07-13T09:08:37.071Z,0,2026-07-13T09:08:37.223Z,0xc92c667fe99b15dd26ef6e66a6a8cc64e45b894c6912a9f7578883772f90b154,2026-07-13T09:08:41.488Z,success,38867,1000,6376935,0x8205c794196598b5c524e39f6e3ff0455cdc732d17acc9dc30c2e79896328b42,2026-07-13T09:08:41.488Z,4265,4265,4417,63,Suspicious,2026-07-13T09:08:34.634Z,0x2de8f901db3785b43029c914735af4261d432176d0b4a8cc6b6d74b3f4386a61,,variant-batch live execution
datm-live-2026-07-13T09-07-24-495Z,B,entity-07-suspicious,suspicious,8,2026-07-13T09:08:37.072Z,2026-07-13T09:08:37.072Z,2026-07-13T09:08:37.072Z,0,2026-07-13T09:08:37.223Z,0xc7aa11421a27f763aafe05c74609429e0a9edc2aa86c0ffab49abff73d55e7d1,2026-07-13T09:08:41.663Z,success,38867,1000,6376935,0x8205c794196598b5c524e39f6e3ff0455cdc732d17acc9dc30c2e79896328b42,2026-07-13T09:08:41.663Z,4440,4440,4591,60,Suspicious,2026-07-13T09:08:34.634Z,0x10666d74194d6698707c3701f3011e99d8973906d87b69f4eec98ce1b3b845c4,,variant-batch live execution
datm-live-2026-07-13T09-07-24-495Z,B,entity-08-malicious,malicious,8,2026-07-13T09:08:37.072Z,2026-07-13T09:08:37.072Z,2026-07-13T09:08:37.072Z,0,2026-07-13T09:08:37.229Z,0x2f8dae47135805f492d8759adabfc6c0702ceb0bed7838462dafc7220970c4cd,2026-07-13T09:08:41.925Z,success,38866,1000,6376935,0x8205c794196598b5c524e39f6e3ff0455cdc732d17acc9dc30c2e79896328b42,2026-07-13T09:08:41.925Z,4696,4696,4853,28,Untrusted,2026-07-13T09:08:34.634Z,0x22dc7ec168be143c0be0ea957bb767ee6e21319aac3d68e95410e0c57537b2c6,,variant-batch live execution
datm-live-2026-07-13T09-07-24-495Z,B,entity-09-malicious,malicious,8,2026-07-13T09:08:37.073Z,2026-07-13T09:08:37.073Z,2026-07-13T09:08:37.073Z,0,2026-07-13T09:08:37.229Z,0xfa57cb4f027e4c6f9ba8755117a59144b5d1c3bec292ca28375e5733f689da00,2026-07-13T09:08:41.923Z,success,38866,1000,6376935,0x8205c794196598b5c524e39f6e3ff0455cdc732d17acc9dc30c2e79896328b42,2026-07-13T09:08:41.923Z,4694,4694,4850,28,Untrusted,2026-07-13T09:08:34.634Z,0xb3a06e6caa89ef192bf6a2b4636205ccef219f71774eade59a0104a888ddbdcb,,variant-batch live execution
datm-live-2026-07-13T09-07-24-495Z,B,entity-10-malicious,malicious,8,2026-07-13T09:08:37.073Z,2026-07-13T09:08:37.073Z,2026-07-13T09:08:37.073Z,0,2026-07-13T09:08:37.229Z,0x6c1a6b19693fedbbcfe66b7c036c745a79ae99a6469fc4060bfc6e221a82d163,2026-07-13T09:08:41.948Z,success,38854,1000,6376935,0x8205c794196598b5c524e39f6e3ff0455cdc732d17acc9dc30c2e79896328b42,2026-07-13T09:08:41.948Z,4719,4719,4875,30,Untrusted,2026-07-13T09:08:34.634Z,0x73876e992d1b6b1276960b8c11e60e5591ba6a4ea68b56138fb3d4ec68f5459c,,variant-batch live execution
datm-live-2026-07-13T09-07-24-495Z,B,entity-01-normal,normal,9,2026-07-13T09:08:47.077Z,2026-07-13T09:08:47.077Z,2026-07-13T09:08:47.077Z,0,2026-07-13T09:08:47.208Z,0x4e85d3c3e55f70c72e1422f8008a1da3b3d25aa28b36a1b8a9afd73e00ececf2,2026-07-13T09:08:51.476Z,success,38847,1000,6376937,0x2db0931dfa39b9765fef7fc3c6a797229d2edc4b381c1bf9b59ba1afb8dfd217,2026-07-13T09:08:51.476Z,4268,4268,4399,93,Trusted,2026-07-13T09:08:44.634Z,0xda689ce910da361a170b18c3659effe74e4d766eceef6e843b084b614c4e4a05,,variant-batch live execution
datm-live-2026-07-13T09-07-24-495Z,B,entity-02-normal,normal,9,2026-07-13T09:08:47.078Z,2026-07-13T09:08:47.078Z,2026-07-13T09:08:47.078Z,0,2026-07-13T09:08:47.212Z,0xab17068efa9b76df296b576f9b6e0d880ca779da8a383044fb2d04dab7939484,2026-07-13T09:08:51.505Z,success,38847,1000,6376937,0x2db0931dfa39b9765fef7fc3c6a797229d2edc4b381c1bf9b59ba1afb8dfd217,2026-07-13T09:08:51.505Z,4293,4293,4427,92,Trusted,2026-07-13T09:08:44.634Z,0x48d874571605af952df7c18a5ee6b12afdb107539db2228d11ae06d74c379eae,,variant-batch live execution
datm-live-2026-07-13T09-07-24-495Z,B,entity-03-normal,normal,9,2026-07-13T09:08:47.079Z,2026-07-13T09:08:47.079Z,2026-07-13T09:08:47.079Z,0,2026-07-13T09:08:47.212Z,0xefb2dea71da68b5afcc58879c7fe522e986c972f232f9249916b0d63dbdf8894,2026-07-13T09:08:51.483Z,success,38847,1000,6376937,0x2db0931dfa39b9765fef7fc3c6a797229d2edc4b381c1bf9b59ba1afb8dfd217,2026-07-13T09:08:51.483Z,4271,4271,4404,93,Trusted,2026-07-13T09:08:44.634Z,0x3133a23d404bd4b075adb3b0fd9d93b97e87905acd3d4aebce4d9403638ccab1,,variant-batch live execution
datm-live-2026-07-13T09-07-24-495Z,B,entity-04-normal,normal,9,2026-07-13T09:08:47.079Z,2026-07-13T09:08:47.079Z,2026-07-13T09:08:47.079Z,0,2026-07-13T09:08:47.213Z,0xf1112fd1bb8bd374c6175a06640bfe85734a04a541eced5528631278768fb4aa,2026-07-13T09:08:51.483Z,success,38847,1000,6376937,0x2db0931dfa39b9765fef7fc3c6a797229d2edc4b381c1bf9b59ba1afb8dfd217,2026-07-13T09:08:51.483Z,4270,4270,4404,93,Trusted,2026-07-13T09:08:44.634Z,0x67f7a9031da875573bc62b6a484393dc6c94a38f19b85f5915b0f7a7fa5991a6,,variant-batch live execution
datm-live-2026-07-13T09-07-24-495Z,B,entity-05-suspicious,suspicious,9,2026-07-13T09:08:47.080Z,2026-07-13T09:08:47.080Z,2026-07-13T09:08:47.080Z,0,2026-07-13T09:08:47.213Z,0x74f1afd0ec14660e12b912198e52152a416af5db5896357cc9de05507b8f071c,2026-07-13T09:08:51.483Z,success,38855,1000,6376937,0x2db0931dfa39b9765fef7fc3c6a797229d2edc4b381c1bf9b59ba1afb8dfd217,2026-07-13T09:08:51.483Z,4270,4270,4403,63,Suspicious,2026-07-13T09:08:44.634Z,0x411ec780917aaeea1ff300d2a09764427b45bafa0a092a1912a9e274e71db05e,,variant-batch live execution
datm-live-2026-07-13T09-07-24-495Z,B,entity-06-suspicious,suspicious,9,2026-07-13T09:08:47.080Z,2026-07-13T09:08:47.080Z,2026-07-13T09:08:47.080Z,0,2026-07-13T09:08:47.213Z,0x9b6efca4e6bf8b0b76d513bf5c48a6e7fa5c694929e788aeacb8f11f04cbc376,2026-07-13T09:08:51.483Z,success,38867,1000,6376937,0x2db0931dfa39b9765fef7fc3c6a797229d2edc4b381c1bf9b59ba1afb8dfd217,2026-07-13T09:08:51.483Z,4270,4270,4403,61,Suspicious,2026-07-13T09:08:44.634Z,0xc8d76d92436504015c875811b68ee312cca253b26bee11af74273b1cb9c4e373,,variant-batch live execution
datm-live-2026-07-13T09-07-24-495Z,B,entity-07-suspicious,suspicious,9,2026-07-13T09:08:47.081Z,2026-07-13T09:08:47.081Z,2026-07-13T09:08:47.081Z,0,2026-07-13T09:08:47.233Z,0x948857968380b5592634ee0b7c991e438aaad3e30bd70395d48a37d9cc2aba56,2026-07-13T09:08:51.657Z,success,38867,1000,6376937,0x2db0931dfa39b9765fef7fc3c6a797229d2edc4b381c1bf9b59ba1afb8dfd217,2026-07-13T09:08:51.657Z,4424,4424,4576,62,Suspicious,2026-07-13T09:08:44.634Z,0x12a15e7358cee9350fc8209e562416d89f607a3b9dce6607f2fc0b201e72d74e,,variant-batch live execution
datm-live-2026-07-13T09-07-24-495Z,B,entity-08-malicious,malicious,9,2026-07-13T09:08:47.081Z,2026-07-13T09:08:47.081Z,2026-07-13T09:08:47.081Z,0,2026-07-13T09:08:47.233Z,0xbca137364077098e5df91d90b710b55a82a2e170754a17bd888b59b901dfb8b5,2026-07-13T09:08:51.669Z,success,38866,1000,6376937,0x2db0931dfa39b9765fef7fc3c6a797229d2edc4b381c1bf9b59ba1afb8dfd217,2026-07-13T09:08:51.669Z,4436,4436,4588,28,Untrusted,2026-07-13T09:08:44.634Z,0x9d79b6e056ad71977c91bd073a0788ce8339098a32c2144ac8177f53f7c52c34,,variant-batch live execution
datm-live-2026-07-13T09-07-24-495Z,B,entity-09-malicious,malicious,9,2026-07-13T09:08:47.082Z,2026-07-13T09:08:47.082Z,2026-07-13T09:08:47.082Z,0,2026-07-13T09:08:47.234Z,0x9112fb3bf655dabe78a115ee7be0ef706b79de1b90890d624239d1f4972b1cc8,2026-07-13T09:08:51.698Z,success,38866,1000,6376937,0x2db0931dfa39b9765fef7fc3c6a797229d2edc4b381c1bf9b59ba1afb8dfd217,2026-07-13T09:08:51.698Z,4464,4464,4616,29,Untrusted,2026-07-13T09:08:44.634Z,0x408803a29be81a418c2f2a02d43a91a28145f21d9e3a6ed7ae765aa780fe5513,,variant-batch live execution
datm-live-2026-07-13T09-07-24-495Z,B,entity-10-malicious,malicious,9,2026-07-13T09:08:47.082Z,2026-07-13T09:08:47.082Z,2026-07-13T09:08:47.082Z,0,2026-07-13T09:08:47.234Z,0xad73bde50af796f07964bbbea6cceb7bee796ce4f9e04dbc8042863b6c1d15ab,2026-07-13T09:08:51.720Z,success,38854,1000,6376937,0x2db0931dfa39b9765fef7fc3c6a797229d2edc4b381c1bf9b59ba1afb8dfd217,2026-07-13T09:08:51.720Z,4486,4486,4638,29,Untrusted,2026-07-13T09:08:44.634Z,0xcc1a956c2a91e5e1028e7ca20d430746a702c4c15c50601d77df360ccc0d3902,,variant-batch live execution
datm-live-2026-07-13T09-07-24-495Z,B,entity-01-normal,normal,10,2026-07-13T09:08:56.860Z,2026-07-13T09:08:56.860Z,2026-07-13T09:08:56.860Z,0,2026-07-13T09:08:56.978Z,0xb55a366fd1545c2bbb539324aae494ddc94908bdf7373817898ba861f7293e38,2026-07-13T09:09:01.246Z,success,38847,1000,6376939,0x788fadf1042f0a7371c6647c0bbe95295980f9e3b79e9cb4bcef65382c830091,2026-07-13T09:09:01.246Z,4268,4268,4386,91,Trusted,2026-07-13T09:08:54.634Z,0x854186181bb04513ae2268ddbf88db527fa75267934b16f8f5c9311dde0dc5d2,,variant-batch live execution
datm-live-2026-07-13T09-07-24-495Z,B,entity-02-normal,normal,10,2026-07-13T09:08:56.860Z,2026-07-13T09:08:56.860Z,2026-07-13T09:08:56.860Z,0,2026-07-13T09:08:56.978Z,0x3b8ed3572e269c947ef6081e444440f40c4c5ddcea1489e5c0b796ea5610355b,2026-07-13T09:09:01.238Z,success,38847,1000,6376939,0x788fadf1042f0a7371c6647c0bbe95295980f9e3b79e9cb4bcef65382c830091,2026-07-13T09:09:01.238Z,4260,4260,4378,93,Trusted,2026-07-13T09:08:54.634Z,0x1fa557ac05204c50b9420a7a5c84941c5179c3a6cfa7b41c5dd280ed3e52c6bf,,variant-batch live execution
datm-live-2026-07-13T09-07-24-495Z,B,entity-03-normal,normal,10,2026-07-13T09:08:56.861Z,2026-07-13T09:08:56.861Z,2026-07-13T09:08:56.861Z,0,2026-07-13T09:08:56.987Z,0x48563b03c48234c6e08e6d7a7f1e5c3837b4a4dd9ffb977d1b0e907f4e6c4add,2026-07-13T09:09:01.237Z,success,38847,1000,6376939,0x788fadf1042f0a7371c6647c0bbe95295980f9e3b79e9cb4bcef65382c830091,2026-07-13T09:09:01.237Z,4250,4250,4376,93,Trusted,2026-07-13T09:08:54.634Z,0x6db81c0a6b53fd404bc2fddfce01ea4a7ba27cce360e37358d68a06acb99a9ed,,variant-batch live execution
datm-live-2026-07-13T09-07-24-495Z,B,entity-04-normal,normal,10,2026-07-13T09:08:56.861Z,2026-07-13T09:08:56.861Z,2026-07-13T09:08:56.861Z,0,2026-07-13T09:08:56.987Z,0x37b1dbd54f3524a9b5dbc4cb530a0c7d2e39f8cd4c9c345c80d46e8d1de50490,2026-07-13T09:09:01.240Z,success,38847,1000,6376939,0x788fadf1042f0a7371c6647c0bbe95295980f9e3b79e9cb4bcef65382c830091,2026-07-13T09:09:01.240Z,4253,4253,4379,91,Trusted,2026-07-13T09:08:54.634Z,0x2baa3507acc02cf913191828116945399383a7b3caa51df4f894b49535c3a304,,variant-batch live execution
datm-live-2026-07-13T09-07-24-495Z,B,entity-05-suspicious,suspicious,10,2026-07-13T09:08:56.861Z,2026-07-13T09:08:56.861Z,2026-07-13T09:08:56.861Z,0,2026-07-13T09:08:56.987Z,0xb870b5d46318cdf617a39ed3caa726c032edb69ebf2262aec13a459aef75ecbe,2026-07-13T09:09:01.264Z,success,38867,1000,6376939,0x788fadf1042f0a7371c6647c0bbe95295980f9e3b79e9cb4bcef65382c830091,2026-07-13T09:09:01.264Z,4277,4277,4403,61,Suspicious,2026-07-13T09:08:54.634Z,0xc70621dfd3aa1f1e45f5455e6931eb587119b3dea0eeed23af68f143596ccdee,,variant-batch live execution
datm-live-2026-07-13T09-07-24-495Z,B,entity-06-suspicious,suspicious,10,2026-07-13T09:08:56.861Z,2026-07-13T09:08:56.861Z,2026-07-13T09:08:56.861Z,0,2026-07-13T09:08:56.987Z,0x57b6d0047ad1c97fef0d65a6311b7fa3edba1370036a7b3e165a190c4e66df8e,2026-07-13T09:09:01.248Z,success,38867,1000,6376939,0x788fadf1042f0a7371c6647c0bbe95295980f9e3b79e9cb4bcef65382c830091,2026-07-13T09:09:01.248Z,4261,4261,4387,60,Suspicious,2026-07-13T09:08:54.634Z,0x82152fd64a43bdba7740e2bb498c43a7501fac6059528394961bddabbdfef776,,variant-batch live execution
datm-live-2026-07-13T09-07-24-495Z,B,entity-07-suspicious,suspicious,10,2026-07-13T09:08:56.861Z,2026-07-13T09:08:56.861Z,2026-07-13T09:08:56.861Z,0,2026-07-13T09:08:56.987Z,0x5dcfd8d8e7ffbf2c8f6a6ce8bbe79dd8fcf4116754f890c83971b783f65f626e,2026-07-13T09:09:01.428Z,success,38867,1000,6376939,0x788fadf1042f0a7371c6647c0bbe95295980f9e3b79e9cb4bcef65382c830091,2026-07-13T09:09:01.428Z,4441,4441,4567,63,Suspicious,2026-07-13T09:08:54.634Z,0x1b1fb82cfaab9c5df4b6c0558798d1e428eb9d965759dd3a1ce0eb08528ed7f1,,variant-batch live execution
datm-live-2026-07-13T09-07-24-495Z,B,entity-08-malicious,malicious,10,2026-07-13T09:08:56.862Z,2026-07-13T09:08:56.862Z,2026-07-13T09:08:56.862Z,0,2026-07-13T09:08:57.008Z,0xadd35555d40e89a24ca98b6828fe4695f1f86c0312c7e4a21687f6c0d051f727,2026-07-13T09:09:01.437Z,success,38866,1000,6376939,0x788fadf1042f0a7371c6647c0bbe95295980f9e3b79e9cb4bcef65382c830091,2026-07-13T09:09:01.437Z,4429,4429,4575,29,Untrusted,2026-07-13T09:08:54.634Z,0xac15e00851d80974fabfa70ba4ac8c306646e9ea2f5f16b9f56d2e0c071fd4c0,,variant-batch live execution
datm-live-2026-07-13T09-07-24-495Z,B,entity-09-malicious,malicious,10,2026-07-13T09:08:56.862Z,2026-07-13T09:08:56.862Z,2026-07-13T09:08:56.862Z,0,2026-07-13T09:08:57.008Z,0xb4c5b8512088764b5bd0288603fcac807ed7d460a8c1f5e7d0dda79f899c1632,2026-07-13T09:09:01.447Z,success,38866,1000,6376939,0x788fadf1042f0a7371c6647c0bbe95295980f9e3b79e9cb4bcef65382c830091,2026-07-13T09:09:01.447Z,4439,4439,4585,27,Untrusted,2026-07-13T09:08:54.634Z,0xcf1f6e5673ccb54a58f24b752d08982bb59e3cb65bc45aeb598c1d6de30bad2e,,variant-batch live execution
datm-live-2026-07-13T09-07-24-495Z,B,entity-10-malicious,malicious,10,2026-07-13T09:08:56.862Z,2026-07-13T09:08:56.862Z,2026-07-13T09:08:56.862Z,0,2026-07-13T09:08:57.008Z,0x8b8270552d3f792012bd0d5c9ff691b34ce0131e21738f83f8c33a893951dd6b,2026-07-13T09:09:01.466Z,success,38854,1000,6376939,0x788fadf1042f0a7371c6647c0bbe95295980f9e3b79e9cb4bcef65382c830091,2026-07-13T09:09:01.466Z,4458,4458,4604,29,Untrusted,2026-07-13T09:08:54.634Z,0x62107fb00b9eaeda83f524345ee0d59430cefd9934f981dfc48b3755ee054038,,variant-batch live execution
datm-live-2026-07-13T09-07-24-495Z,B,entity-01-normal,normal,11,2026-07-13T09:09:06.590Z,2026-07-13T09:09:06.590Z,2026-07-13T09:09:06.590Z,0,2026-07-13T09:09:06.722Z,0xfd091919a9f9353c95e71626a6a092073902b8e360e04d64fa9338c56714ab27,2026-07-13T09:09:10.991Z,success,38835,1000,6376941,0x630734ed0d396dab4173f1d47a224ade25d10e7d077375bb89aba096597a6178,2026-07-13T09:09:10.991Z,4269,4269,4401,92,Trusted,2026-07-13T09:09:04.634Z,0x288905007ef2c1c578a0d43eb7428e066f9ba566db101074e3a13aa16fb1c5e2,,variant-batch live execution
datm-live-2026-07-13T09-07-24-495Z,B,entity-02-normal,normal,11,2026-07-13T09:09:06.591Z,2026-07-13T09:09:06.591Z,2026-07-13T09:09:06.591Z,0,2026-07-13T09:09:06.722Z,0x84b8fa597881be1cc3a84c1c809b3147c88cf7fa7d5708652e96706ccfb0529a,2026-07-13T09:09:10.992Z,success,38847,1000,6376941,0x630734ed0d396dab4173f1d47a224ade25d10e7d077375bb89aba096597a6178,2026-07-13T09:09:10.992Z,4270,4270,4401,92,Trusted,2026-07-13T09:09:04.634Z,0x747027186746f594eb44100e6afb67c163f8f7c5ec6ed57b5bb7e950840e33b7,,variant-batch live execution
datm-live-2026-07-13T09-07-24-495Z,B,entity-03-normal,normal,11,2026-07-13T09:09:06.591Z,2026-07-13T09:09:06.591Z,2026-07-13T09:09:06.591Z,0,2026-07-13T09:09:06.731Z,0x9c12ee668900314f4ea4a99a7f444e3a8ba6a84aa2fa12f9f7f6f73dfc74d2a6,2026-07-13T09:09:10.987Z,success,38847,1000,6376941,0x630734ed0d396dab4173f1d47a224ade25d10e7d077375bb89aba096597a6178,2026-07-13T09:09:10.987Z,4256,4256,4396,91,Trusted,2026-07-13T09:09:04.634Z,0xb939ce1491e028f5ff631ee7f5b88b1a49fd634daea447760971a27d1c88229f,,variant-batch live execution
datm-live-2026-07-13T09-07-24-495Z,B,entity-04-normal,normal,11,2026-07-13T09:09:06.592Z,2026-07-13T09:09:06.592Z,2026-07-13T09:09:06.592Z,0,2026-07-13T09:09:06.731Z,0xc590500a7e056eb0937fadfe1040ab3a709ef05710372ab97c4a3743a37d00c2,2026-07-13T09:09:10.991Z,success,38847,1000,6376941,0x630734ed0d396dab4173f1d47a224ade25d10e7d077375bb89aba096597a6178,2026-07-13T09:09:10.991Z,4260,4260,4399,92,Trusted,2026-07-13T09:09:04.634Z,0x4983ec7fbeb8f58caef3356b6d4637b5891e286d42f2390bfe403f6b960cdc66,,variant-batch live execution
datm-live-2026-07-13T09-07-24-495Z,B,entity-05-suspicious,suspicious,11,2026-07-13T09:09:06.592Z,2026-07-13T09:09:06.592Z,2026-07-13T09:09:06.592Z,0,2026-07-13T09:09:06.732Z,0x1d655fa3f989ead012349c49d865ebdd2fdfe12a76141bdac3a1659508d3ae5b,2026-07-13T09:09:10.991Z,success,38867,1000,6376941,0x630734ed0d396dab4173f1d47a224ade25d10e7d077375bb89aba096597a6178,2026-07-13T09:09:10.991Z,4259,4259,4399,60,Suspicious,2026-07-13T09:09:04.634Z,0x559e242c405dd08458663f547e200eed3df2fd5eb66f2c2785bc07c1bae94168,,variant-batch live execution
datm-live-2026-07-13T09-07-24-495Z,B,entity-06-suspicious,suspicious,11,2026-07-13T09:09:06.592Z,2026-07-13T09:09:06.592Z,2026-07-13T09:09:06.592Z,0,2026-07-13T09:09:06.732Z,0x726d1b1aa54fad55940f56baf4e53d3dd45e96180113a8230d8471c4048eaa8d,2026-07-13T09:09:11.013Z,success,38855,1000,6376941,0x630734ed0d396dab4173f1d47a224ade25d10e7d077375bb89aba096597a6178,2026-07-13T09:09:11.013Z,4281,4281,4421,61,Suspicious,2026-07-13T09:09:04.634Z,0x72e71f1b0206a2091ef4239b5957f8f56830ed00d6b2028fbddb4058310b2733,,variant-batch live execution
datm-live-2026-07-13T09-07-24-495Z,B,entity-07-suspicious,suspicious,11,2026-07-13T09:09:06.592Z,2026-07-13T09:09:06.592Z,2026-07-13T09:09:06.592Z,0,2026-07-13T09:09:06.732Z,0x304e9d9909150dcf3931a167ba81b259e0c5f1c4ae855eefbe23d1ac60f8e5e7,2026-07-13T09:09:11.207Z,success,38867,1000,6376941,0x630734ed0d396dab4173f1d47a224ade25d10e7d077375bb89aba096597a6178,2026-07-13T09:09:11.207Z,4475,4475,4615,60,Suspicious,2026-07-13T09:09:04.634Z,0x08ad0e16d3d750394a6e09d48abf988409c6c62980eb684bf4a6b95c44ba6240,,variant-batch live execution
datm-live-2026-07-13T09-07-24-495Z,B,entity-08-malicious,malicious,11,2026-07-13T09:09:06.593Z,2026-07-13T09:09:06.593Z,2026-07-13T09:09:06.593Z,0,2026-07-13T09:09:06.752Z,0xdee6c2b30f0823a55f45c38b3eec3eff01f1abe88844f215357c4b75c876aecc,2026-07-13T09:09:11.190Z,success,38866,1000,6376941,0x630734ed0d396dab4173f1d47a224ade25d10e7d077375bb89aba096597a6178,2026-07-13T09:09:11.190Z,4438,4438,4597,27,Untrusted,2026-07-13T09:09:04.634Z,0x8a0e62bea46d818f0ac4ad6ae2ae582ccdd16def9ad7cd078f075707b6ea6583,,variant-batch live execution
datm-live-2026-07-13T09-07-24-495Z,B,entity-09-malicious,malicious,11,2026-07-13T09:09:06.593Z,2026-07-13T09:09:06.593Z,2026-07-13T09:09:06.593Z,0,2026-07-13T09:09:06.752Z,0xa89e7d1bfff92a01a50899bf88fdf78a9ce978077f100f992d6939c8917fda07,2026-07-13T09:09:11.232Z,success,38866,1000,6376941,0x630734ed0d396dab4173f1d47a224ade25d10e7d077375bb89aba096597a6178,2026-07-13T09:09:11.232Z,4480,4480,4639,27,Untrusted,2026-07-13T09:09:04.634Z,0x21263a8b91e93da12626911f0cee4720d68c61bee4dceaacae1191e53f816d2e,,variant-batch live execution
datm-live-2026-07-13T09-07-24-495Z,B,entity-10-malicious,malicious,11,2026-07-13T09:09:06.593Z,2026-07-13T09:09:06.593Z,2026-07-13T09:09:06.593Z,0,2026-07-13T09:09:06.752Z,0x63e6e0525285ff991f28ae29613d026521871fdfff08ddb84beb8f62a67b2927,2026-07-13T09:09:11.233Z,success,38854,1000,6376941,0x630734ed0d396dab4173f1d47a224ade25d10e7d077375bb89aba096597a6178,2026-07-13T09:09:11.233Z,4481,4481,4640,30,Untrusted,2026-07-13T09:09:04.634Z,0x9984d289e34fea665f318b3ad7c031862b694becdd2ed8d308a80693e9484e36,,variant-batch live execution
datm-live-2026-07-13T09-07-24-495Z,B,entity-01-normal,normal,12,2026-07-13T09:09:16.366Z,2026-07-13T09:09:16.366Z,2026-07-13T09:09:16.366Z,0,2026-07-13T09:09:16.549Z,0x1c0503c15b792b58ae65488661b3a0f835cc25c819619d7019490035706578f6,2026-07-13T09:09:20.830Z,success,38847,1000,6376943,0x984f48e1b5ef30fbe55aaddcfc93caff0d8911bb77086cff56e46e34ad4a676c,2026-07-13T09:09:20.830Z,4281,4281,4464,93,Trusted,2026-07-13T09:09:14.634Z,0xeb8cc030c55df678fbf8f6cec3ee07ad2224cc2eaf954a9722ea06127629c5ae,,variant-batch live execution
datm-live-2026-07-13T09-07-24-495Z,B,entity-02-normal,normal,12,2026-07-13T09:09:16.367Z,2026-07-13T09:09:16.367Z,2026-07-13T09:09:16.367Z,0,2026-07-13T09:09:16.549Z,0x0ff63c4203764f155cc86ec28b4759d0d72ad4d396590c9191e488e369e7c499,2026-07-13T09:09:20.830Z,success,38847,1000,6376943,0x984f48e1b5ef30fbe55aaddcfc93caff0d8911bb77086cff56e46e34ad4a676c,2026-07-13T09:09:20.830Z,4281,4281,4463,92,Trusted,2026-07-13T09:09:14.634Z,0xd8cf3a2dde94d302cd36496931d2ecadc4ddc2e79e81a918f1d5cfd44c06202b,,variant-batch live execution
datm-live-2026-07-13T09-07-24-495Z,B,entity-03-normal,normal,12,2026-07-13T09:09:16.368Z,2026-07-13T09:09:16.368Z,2026-07-13T09:09:16.368Z,0,2026-07-13T09:09:16.578Z,0x5cf94ad904b85ca40bbe56d6fd318e73ad1e8e7094549aea6f10a2db3f96c304,2026-07-13T09:09:20.830Z,success,38847,1000,6376943,0x984f48e1b5ef30fbe55aaddcfc93caff0d8911bb77086cff56e46e34ad4a676c,2026-07-13T09:09:20.830Z,4252,4252,4462,93,Trusted,2026-07-13T09:09:14.634Z,0x2f4650e420f8ec7231905c162759a5aafc43f5df01cb9c6fbaa10d2d34157ea2,,variant-batch live execution
datm-live-2026-07-13T09-07-24-495Z,B,entity-04-normal,normal,12,2026-07-13T09:09:16.368Z,2026-07-13T09:09:16.368Z,2026-07-13T09:09:16.368Z,0,2026-07-13T09:09:16.549Z,0x53c42c62a6d507a416f3cfbc0843b2a58fc26293d07494d03bd137e853b5cf5a,2026-07-13T09:09:20.831Z,success,38847,1000,6376943,0x984f48e1b5ef30fbe55aaddcfc93caff0d8911bb77086cff56e46e34ad4a676c,2026-07-13T09:09:20.831Z,4282,4282,4463,93,Trusted,2026-07-13T09:09:14.634Z,0xf3e90d7a1cc8021c0c9f1a4ff4a47597460642092f4ee6cf785cc85e65f07d37,,variant-batch live execution
datm-live-2026-07-13T09-07-24-495Z,B,entity-05-suspicious,suspicious,12,2026-07-13T09:09:16.368Z,2026-07-13T09:09:16.368Z,2026-07-13T09:09:16.368Z,0,2026-07-13T09:09:16.549Z,0x0df1047e1aeec5e1b5bc62b47bf3047a11d4e7b036cc44c0e031b159fe5639e6,2026-07-13T09:09:20.830Z,success,38867,1000,6376943,0x984f48e1b5ef30fbe55aaddcfc93caff0d8911bb77086cff56e46e34ad4a676c,2026-07-13T09:09:20.830Z,4281,4281,4462,61,Suspicious,2026-07-13T09:09:14.634Z,0xfac4fd2cec1af0cce8740f03b0a88f609e66e08f218b061e80457dfdc9e4e63f,,variant-batch live execution
datm-live-2026-07-13T09-07-24-495Z,B,entity-06-suspicious,suspicious,12,2026-07-13T09:09:16.368Z,2026-07-13T09:09:16.368Z,2026-07-13T09:09:16.368Z,0,2026-07-13T09:09:16.549Z,0x57859007cac584e57f675afc0168836da5d12ded8bbd7a2c102257cf726ff8ae,2026-07-13T09:09:20.861Z,success,38867,1000,6376943,0x984f48e1b5ef30fbe55aaddcfc93caff0d8911bb77086cff56e46e34ad4a676c,2026-07-13T09:09:20.861Z,4312,4312,4493,62,Suspicious,2026-07-13T09:09:14.634Z,0xe62efb5e958fdbeafd6768eac955a33fcb8e417ce23a49e51ef68c1942760bc7,,variant-batch live execution
datm-live-2026-07-13T09-07-24-495Z,B,entity-07-suspicious,suspicious,12,2026-07-13T09:09:16.369Z,2026-07-13T09:09:16.369Z,2026-07-13T09:09:16.369Z,0,2026-07-13T09:09:16.550Z,0x433237ffba88c4a1f9cb52a3ba01355a4a4dcdb8caf49ec83813988d65106fa1,2026-07-13T09:09:21.122Z,success,38867,1000,6376943,0x984f48e1b5ef30fbe55aaddcfc93caff0d8911bb77086cff56e46e34ad4a676c,2026-07-13T09:09:21.122Z,4572,4572,4753,60,Suspicious,2026-07-13T09:09:14.634Z,0x01dae6679e2df05cada8d1947dc4e5a4c3c5a0c74201458a361f56059e2496cb,,variant-batch live execution
datm-live-2026-07-13T09-07-24-495Z,B,entity-08-malicious,malicious,12,2026-07-13T09:09:16.369Z,2026-07-13T09:09:16.369Z,2026-07-13T09:09:16.369Z,0,2026-07-13T09:09:16.578Z,0x4d78720354883e678a61eea207e8392a7c6fec765d7d3a8b6f6b2fc91b9ecbfe,2026-07-13T09:09:21.133Z,success,38866,1000,6376943,0x984f48e1b5ef30fbe55aaddcfc93caff0d8911bb77086cff56e46e34ad4a676c,2026-07-13T09:09:21.133Z,4555,4555,4764,27,Untrusted,2026-07-13T09:09:14.634Z,0x610a8563242eb8069e25aafea6c15e82f52308fa93bfc0cff6da800957468a45,,variant-batch live execution
datm-live-2026-07-13T09-07-24-495Z,B,entity-09-malicious,malicious,12,2026-07-13T09:09:16.369Z,2026-07-13T09:09:16.369Z,2026-07-13T09:09:16.369Z,0,2026-07-13T09:09:16.578Z,0xe1ced9605cb81355d9efde88aa18b6e5453b996ebe313e1d2f72cad6ea8d60f7,2026-07-13T09:09:21.155Z,success,38866,1000,6376943,0x984f48e1b5ef30fbe55aaddcfc93caff0d8911bb77086cff56e46e34ad4a676c,2026-07-13T09:09:21.155Z,4577,4577,4786,29,Untrusted,2026-07-13T09:09:14.634Z,0xbb12aa329e75c9cc30453cd8601e06428a0dd3151f6f4896c4060db5b0e9ca26,,variant-batch live execution
datm-live-2026-07-13T09-07-24-495Z,B,entity-10-malicious,malicious,12,2026-07-13T09:09:16.369Z,2026-07-13T09:09:16.369Z,2026-07-13T09:09:16.369Z,0,2026-07-13T09:09:16.578Z,0xd5a5deec073b03efc3131b6556e8f20fadd80e486b81f38df78abdb5a7c194bc,2026-07-13T09:09:21.159Z,success,38854,1000,6376943,0x984f48e1b5ef30fbe55aaddcfc93caff0d8911bb77086cff56e46e34ad4a676c,2026-07-13T09:09:21.159Z,4581,4581,4790,28,Untrusted,2026-07-13T09:09:14.634Z,0x0b55ccb04b7d7d6d16f88e66e52fe20db6e2c2f42346e735bbfd9313b9c7a18c,,variant-batch live execution
datm-live-2026-07-13T09-07-24-495Z,B,entity-01-normal,normal,13,2026-07-13T09:09:26.280Z,2026-07-13T09:09:26.280Z,2026-07-13T09:09:26.280Z,0,2026-07-13T09:09:26.418Z,0x48562c36503a528be3b28c1959bb22eee1b409fa769283bb2dfc2c4d59765bfb,2026-07-13T09:09:30.684Z,success,38847,1000,6376945,0xcbabddff7616074cfc1e8dd66e42cdb93e73013126597881d8c32296a3e99604,2026-07-13T09:09:30.684Z,4266,4266,4404,92,Trusted,2026-07-13T09:09:24.634Z,0x218df87c4cc4764ee612ecc7b365f90df772faa12f88ff0e68fe3b786eb8ce14,,variant-batch live execution
datm-live-2026-07-13T09-07-24-495Z,B,entity-02-normal,normal,13,2026-07-13T09:09:26.280Z,2026-07-13T09:09:26.280Z,2026-07-13T09:09:26.280Z,0,2026-07-13T09:09:26.418Z,0x8cc7cac4909c5bf6a2c6487b4bc0e3d68cce3b0f0f4898c66569ae634830aaa4,2026-07-13T09:09:30.682Z,success,38847,1000,6376945,0xcbabddff7616074cfc1e8dd66e42cdb93e73013126597881d8c32296a3e99604,2026-07-13T09:09:30.682Z,4264,4264,4402,93,Trusted,2026-07-13T09:09:24.634Z,0x78a9b6e254523cf272b4d2138b8090da0b6cecb0cb41b95917d76603e1eef710,,variant-batch live execution
datm-live-2026-07-13T09-07-24-495Z,B,entity-03-normal,normal,13,2026-07-13T09:09:26.280Z,2026-07-13T09:09:26.280Z,2026-07-13T09:09:26.280Z,0,2026-07-13T09:09:26.418Z,0x43584523ce576093ebdf6a223e69b1a9e408beb49e9d12a2c62fcbb210ab39c2,2026-07-13T09:09:30.709Z,success,38847,1000,6376945,0xcbabddff7616074cfc1e8dd66e42cdb93e73013126597881d8c32296a3e99604,2026-07-13T09:09:30.709Z,4291,4291,4429,93,Trusted,2026-07-13T09:09:24.634Z,0xa8eb836b2cd4ac670b223626cbe063afa6e72e694cafc94c764294360e222e2c,,variant-batch live execution
datm-live-2026-07-13T09-07-24-495Z,B,entity-04-normal,normal,13,2026-07-13T09:09:26.281Z,2026-07-13T09:09:26.281Z,2026-07-13T09:09:26.281Z,0,2026-07-13T09:09:26.418Z,0x680bcf43eb60eed5fd557ced7c2aaee6778fcf50468ca34cc05410a057e3f6ec,2026-07-13T09:09:30.685Z,success,38847,1000,6376945,0xcbabddff7616074cfc1e8dd66e42cdb93e73013126597881d8c32296a3e99604,2026-07-13T09:09:30.685Z,4267,4267,4404,92,Trusted,2026-07-13T09:09:24.634Z,0xda8e7f589bbad4e518c4343a0d1a37e402d58a1f557a6dff4e9c7e7279723adc,,variant-batch live execution
datm-live-2026-07-13T09-07-24-495Z,B,entity-05-suspicious,suspicious,13,2026-07-13T09:09:26.281Z,2026-07-13T09:09:26.281Z,2026-07-13T09:09:26.281Z,0,2026-07-13T09:09:26.442Z,0x36b0e2a5b0cf8e22d017b7706a01e6a8d98f629c865a00ad4fa674857d597601,2026-07-13T09:09:30.686Z,success,38867,1000,6376945,0xcbabddff7616074cfc1e8dd66e42cdb93e73013126597881d8c32296a3e99604,2026-07-13T09:09:30.686Z,4244,4244,4405,62,Suspicious,2026-07-13T09:09:24.634Z,0xc3951fa653b603835cacb1fc2ee34536be1f2988805ee0f48ba5a7a8a1f25f93,,variant-batch live execution
datm-live-2026-07-13T09-07-24-495Z,B,entity-06-suspicious,suspicious,13,2026-07-13T09:09:26.281Z,2026-07-13T09:09:26.281Z,2026-07-13T09:09:26.281Z,0,2026-07-13T09:09:26.418Z,0x2bb9d662076dbbf17f8a4f58f852f47894c033b58349c5575b7084df24f9d5bc,2026-07-13T09:09:30.687Z,success,38867,1000,6376945,0xcbabddff7616074cfc1e8dd66e42cdb93e73013126597881d8c32296a3e99604,2026-07-13T09:09:30.687Z,4269,4269,4406,61,Suspicious,2026-07-13T09:09:24.634Z,0x82779d1f4271c91cb5e08fb14a830bdfa7072a84282840084ba97223c837155d,,variant-batch live execution
datm-live-2026-07-13T09-07-24-495Z,B,entity-07-suspicious,suspicious,13,2026-07-13T09:09:26.281Z,2026-07-13T09:09:26.281Z,2026-07-13T09:09:26.281Z,0,2026-07-13T09:09:26.419Z,0xb5f49d6f3fa40dea85e94c5fcf187f7f37575ef811b460e2ca469a1e68ec2058,2026-07-13T09:09:30.868Z,success,38867,1000,6376945,0xcbabddff7616074cfc1e8dd66e42cdb93e73013126597881d8c32296a3e99604,2026-07-13T09:09:30.868Z,4449,4449,4587,61,Suspicious,2026-07-13T09:09:24.634Z,0x02c322363022121fcb2520d35780eeeced9b7b9332567aaf76d44cc6a8326b05,,variant-batch live execution
datm-live-2026-07-13T09-07-24-495Z,B,entity-08-malicious,malicious,13,2026-07-13T09:09:26.281Z,2026-07-13T09:09:26.281Z,2026-07-13T09:09:26.281Z,0,2026-07-13T09:09:26.419Z,0xf6b76f2fd45620ac6e716ffc5e5399fbb86eb953abeb24578c54a9578b0668ac,2026-07-13T09:09:30.878Z,success,38866,1000,6376945,0xcbabddff7616074cfc1e8dd66e42cdb93e73013126597881d8c32296a3e99604,2026-07-13T09:09:30.878Z,4459,4459,4597,29,Untrusted,2026-07-13T09:09:24.634Z,0x3945e4bfc28986fbbba1e6266e6058f7cf2bc0457640c75728f2cac2a16e8581,,variant-batch live execution
datm-live-2026-07-13T09-07-24-495Z,B,entity-09-malicious,malicious,13,2026-07-13T09:09:26.282Z,2026-07-13T09:09:26.282Z,2026-07-13T09:09:26.282Z,0,2026-07-13T09:09:26.442Z,0x657af9809ead064986094aa98f5b58b366ab8a50e484bfc4f9f4fbec735dca60,2026-07-13T09:09:30.892Z,success,38866,1000,6376945,0xcbabddff7616074cfc1e8dd66e42cdb93e73013126597881d8c32296a3e99604,2026-07-13T09:09:30.892Z,4450,4450,4610,27,Untrusted,2026-07-13T09:09:24.634Z,0x70ad95700cf812cb7672e8d9cf4e93eca30e2186bb542f1918297b796af15de5,,variant-batch live execution
datm-live-2026-07-13T09-07-24-495Z,B,entity-10-malicious,malicious,13,2026-07-13T09:09:26.282Z,2026-07-13T09:09:26.282Z,2026-07-13T09:09:26.282Z,0,2026-07-13T09:09:26.442Z,0x6eb8f39e53c67157ed38e29373456befc119d293558cef200a03658fcbf74b42,2026-07-13T09:09:30.905Z,success,38854,1000,6376945,0xcbabddff7616074cfc1e8dd66e42cdb93e73013126597881d8c32296a3e99604,2026-07-13T09:09:30.905Z,4463,4463,4623,27,Untrusted,2026-07-13T09:09:24.634Z,0x5b13538c1f02be2975609cd425da8f1e6c055dc13d1786ea9636d3cdbcde9a0c,,variant-batch live execution
datm-live-2026-07-13T09-07-24-495Z,B,entity-01-normal,normal,14,2026-07-13T09:09:36.031Z,2026-07-13T09:09:36.031Z,2026-07-13T09:09:36.031Z,0,2026-07-13T09:09:36.144Z,0x7d29c2c6349ef61c64f80a04ef17b0d66fa43cbb3470b8701dd93c4b9d1ae268,2026-07-13T09:09:40.407Z,success,38847,1000,6376947,0xb570da5a8b160f22b77d68576f93f8113badecb54ea22c7a5af79aa8353251ec,2026-07-13T09:09:40.407Z,4263,4263,4376,92,Trusted,2026-07-13T09:09:34.634Z,0x7c03f139d88e8c21aca0c8055059391be5bd7a99d8a2434e94022e173f3ce0b7,,variant-batch live execution
datm-live-2026-07-13T09-07-24-495Z,B,entity-02-normal,normal,14,2026-07-13T09:09:36.032Z,2026-07-13T09:09:36.032Z,2026-07-13T09:09:36.032Z,0,2026-07-13T09:09:36.144Z,0x6d45464e5c1ccdb8075c6af9644de87b71710bafc36b4b6aa4b87ee8fda03717,2026-07-13T09:09:40.408Z,success,38847,1000,6376947,0xb570da5a8b160f22b77d68576f93f8113badecb54ea22c7a5af79aa8353251ec,2026-07-13T09:09:40.408Z,4264,4264,4376,93,Trusted,2026-07-13T09:09:34.634Z,0xbb0d446a2dbbfb99fa8336d141e5b6ca9c05907f98ebe02d0ad44a2ed80da4ad,,variant-batch live execution
datm-live-2026-07-13T09-07-24-495Z,B,entity-03-normal,normal,14,2026-07-13T09:09:36.033Z,2026-07-13T09:09:36.033Z,2026-07-13T09:09:36.033Z,0,2026-07-13T09:09:36.144Z,0x3bb2c54c8f0502b5181bf2351f8b8bed00f69d36ae3ee5358529726c9a45600c,2026-07-13T09:09:40.409Z,success,38847,1000,6376947,0xb570da5a8b160f22b77d68576f93f8113badecb54ea22c7a5af79aa8353251ec,2026-07-13T09:09:40.409Z,4265,4265,4376,91,Trusted,2026-07-13T09:09:34.634Z,0x2007fa1b3a243bf39ec172fd7835ff12bfdd0e07141daf0cc8ac48da2dee83a3,,variant-batch live execution
datm-live-2026-07-13T09-07-24-495Z,B,entity-04-normal,normal,14,2026-07-13T09:09:36.033Z,2026-07-13T09:09:36.033Z,2026-07-13T09:09:36.033Z,0,2026-07-13T09:09:36.145Z,0x79a0a36bd551f53a5d9fac274a0b6329c39722810af618d480c00c79c89ef3ed,2026-07-13T09:09:40.409Z,success,38847,1000,6376947,0xb570da5a8b160f22b77d68576f93f8113badecb54ea22c7a5af79aa8353251ec,2026-07-13T09:09:40.409Z,4264,4264,4376,92,Trusted,2026-07-13T09:09:34.634Z,0x31c41263104f32b02d6972faec830fccccba050362023089b3527c260acf86c3,,variant-batch live execution
datm-live-2026-07-13T09-07-24-495Z,B,entity-05-suspicious,suspicious,14,2026-07-13T09:09:36.033Z,2026-07-13T09:09:36.033Z,2026-07-13T09:09:36.033Z,0,2026-07-13T09:09:36.145Z,0x618441a1db2e315af33d857d6e7a97807d11c8a90f7d50c46cb74797fa0f2ae0,2026-07-13T09:09:40.434Z,success,38867,1000,6376947,0xb570da5a8b160f22b77d68576f93f8113badecb54ea22c7a5af79aa8353251ec,2026-07-13T09:09:40.434Z,4289,4289,4401,61,Suspicious,2026-07-13T09:09:34.634Z,0x8fdc3db68830c8da854e382507a6d38b5a04d7ecc22ae1fa3bb625426757d8ff,,variant-batch live execution
datm-live-2026-07-13T09-07-24-495Z,B,entity-06-suspicious,suspicious,14,2026-07-13T09:09:36.033Z,2026-07-13T09:09:36.033Z,2026-07-13T09:09:36.033Z,0,2026-07-13T09:09:36.148Z,0x6822519e8514422bc7e626c5eb31e0fce094d6b22997c2d036ea1d2f4b1edaa5,2026-07-13T09:09:40.411Z,success,38867,1000,6376947,0xb570da5a8b160f22b77d68576f93f8113badecb54ea22c7a5af79aa8353251ec,2026-07-13T09:09:40.411Z,4263,4263,4378,60,Suspicious,2026-07-13T09:09:34.634Z,0xda649a039f6ad7114333d8ab1f74744a99470bf2e78fcf087931f0c6f7eb2c6f,,variant-batch live execution
datm-live-2026-07-13T09-07-24-495Z,B,entity-07-suspicious,suspicious,14,2026-07-13T09:09:36.033Z,2026-07-13T09:09:36.033Z,2026-07-13T09:09:36.033Z,0,2026-07-13T09:09:36.186Z,0x2701746172531d6e1e1681111d0bea276d543d79c094944d5aa9a15482ee26de,2026-07-13T09:09:40.605Z,success,38867,1000,6376947,0xb570da5a8b160f22b77d68576f93f8113badecb54ea22c7a5af79aa8353251ec,2026-07-13T09:09:40.605Z,4419,4419,4572,62,Suspicious,2026-07-13T09:09:34.634Z,0x11464dff2332bfa885a58f405983959cf2cf239b5866b4e2bf5874b7738daa0e,,variant-batch live execution
datm-live-2026-07-13T09-07-24-495Z,B,entity-08-malicious,malicious,14,2026-07-13T09:09:36.034Z,2026-07-13T09:09:36.034Z,2026-07-13T09:09:36.034Z,0,2026-07-13T09:09:36.186Z,0x0778216f5e46276a692d49d39d5f2af94d61980fa6bf9734ecc5ae912d173626,2026-07-13T09:09:40.607Z,success,38866,1000,6376947,0xb570da5a8b160f22b77d68576f93f8113badecb54ea22c7a5af79aa8353251ec,2026-07-13T09:09:40.607Z,4421,4421,4573,28,Untrusted,2026-07-13T09:09:34.634Z,0xc38c879af71fdc44d093e0c5be5816124ba3b43a866aec18e5c6cc8194aa45c9,,variant-batch live execution
datm-live-2026-07-13T09-07-24-495Z,B,entity-09-malicious,malicious,14,2026-07-13T09:09:36.034Z,2026-07-13T09:09:36.034Z,2026-07-13T09:09:36.034Z,0,2026-07-13T09:09:36.186Z,0xce5be7ed0f68c41f5db2169948959d6186d4c1f229ebcbef8e3a48231e821699,2026-07-13T09:09:40.622Z,success,38866,1000,6376947,0xb570da5a8b160f22b77d68576f93f8113badecb54ea22c7a5af79aa8353251ec,2026-07-13T09:09:40.622Z,4436,4436,4588,26,Untrusted,2026-07-13T09:09:34.634Z,0x5dd91832d82919972cd11a62bc1980374452f05ea489bf818130420a7e667652,,variant-batch live execution
datm-live-2026-07-13T09-07-24-495Z,B,entity-10-malicious,malicious,14,2026-07-13T09:09:36.034Z,2026-07-13T09:09:36.034Z,2026-07-13T09:09:36.034Z,0,2026-07-13T09:09:36.186Z,0xc55b7de45f3c547cf5ebaf662dac35428e1212a5342f258ca51a7868ce46bb0c,2026-07-13T09:09:40.633Z,success,38854,1000,6376947,0xb570da5a8b160f22b77d68576f93f8113badecb54ea22c7a5af79aa8353251ec,2026-07-13T09:09:40.633Z,4447,4447,4599,30,Untrusted,2026-07-13T09:09:34.634Z,0x2e812532fb319685201559cc3074ac54085184a9f6b7a73ad61e633a2267f4a8,,variant-batch live execution
datm-live-2026-07-13T09-07-24-495Z,B,entity-01-normal,normal,15,2026-07-13T09:09:45.749Z,2026-07-13T09:09:45.749Z,2026-07-13T09:09:45.749Z,0,2026-07-13T09:09:45.873Z,0xb8ac07ae51c2a9759c2366379172a7e67f63838ac5335693911cfb7436cb3815,2026-07-13T09:09:50.175Z,success,38847,1000,6376949,0x87ce0d5ce2923493378bc2b8f09768364fc5c0fa4c23c0ab76cc8eef5b07913b,2026-07-13T09:09:50.175Z,4302,4302,4426,93,Trusted,2026-07-13T09:09:44.634Z,0x7e4ffcc62a285e54423982b9d3d9ff77fb074852df855da268162f053355733c,,variant-batch live execution
datm-live-2026-07-13T09-07-24-495Z,B,entity-02-normal,normal,15,2026-07-13T09:09:45.750Z,2026-07-13T09:09:45.750Z,2026-07-13T09:09:45.750Z,0,2026-07-13T09:09:45.878Z,0x40a81e7826fe34ff0faff94624c570532f56e24c6d8ac74eebdb4a61f36f9127,2026-07-13T09:09:50.175Z,success,38847,1000,6376949,0x87ce0d5ce2923493378bc2b8f09768364fc5c0fa4c23c0ab76cc8eef5b07913b,2026-07-13T09:09:50.175Z,4297,4297,4425,91,Trusted,2026-07-13T09:09:44.634Z,0x9e2c587d5c7cf0b0a3549baa0fa0393171d5e3ab933fb397db53c46a89d9dcbc,,variant-batch live execution
datm-live-2026-07-13T09-07-24-495Z,B,entity-03-normal,normal,15,2026-07-13T09:09:45.751Z,2026-07-13T09:09:45.751Z,2026-07-13T09:09:45.751Z,0,2026-07-13T09:09:45.878Z,0xc5caef43648644ed4e996a6d35d347bc61d30b09a2c55ab4e3a8ec8c89205a48,2026-07-13T09:09:50.191Z,success,38835,1000,6376949,0x87ce0d5ce2923493378bc2b8f09768364fc5c0fa4c23c0ab76cc8eef5b07913b,2026-07-13T09:09:50.191Z,4313,4313,4440,93,Trusted,2026-07-13T09:09:44.634Z,0x4d248b402c19c7d4a9002124f9fd94d37f8fba6bb4a0b750897132a3989cf8ef,,variant-batch live execution
datm-live-2026-07-13T09-07-24-495Z,B,entity-04-normal,normal,15,2026-07-13T09:09:45.751Z,2026-07-13T09:09:45.751Z,2026-07-13T09:09:45.751Z,0,2026-07-13T09:09:45.879Z,0x82b21efeb44158c7e6a131bb05b61060224b9809d1e778af11922b83f4ea688f,2026-07-13T09:09:50.165Z,success,38847,1000,6376949,0x87ce0d5ce2923493378bc2b8f09768364fc5c0fa4c23c0ab76cc8eef5b07913b,2026-07-13T09:09:50.165Z,4286,4286,4414,93,Trusted,2026-07-13T09:09:44.634Z,0xac38143746bec7898102c29fdf97585bea09b1b5c0b84a31b1999544453d9a2f,,variant-batch live execution
datm-live-2026-07-13T09-07-24-495Z,B,entity-05-suspicious,suspicious,15,2026-07-13T09:09:45.751Z,2026-07-13T09:09:45.751Z,2026-07-13T09:09:45.751Z,0,2026-07-13T09:09:45.879Z,0x048141121f05ac2dd2168d7520b91ac7cfeb6db841ccaeb279afe5d3ff72888b,2026-07-13T09:09:50.176Z,success,38855,1000,6376949,0x87ce0d5ce2923493378bc2b8f09768364fc5c0fa4c23c0ab76cc8eef5b07913b,2026-07-13T09:09:50.176Z,4297,4297,4425,60,Suspicious,2026-07-13T09:09:44.634Z,0x04cd1557306e00269b83f752da0a7afc5e6e3cf4807d10df6ad62b89b18ad938,,variant-batch live execution
datm-live-2026-07-13T09-07-24-495Z,B,entity-06-suspicious,suspicious,15,2026-07-13T09:09:45.752Z,2026-07-13T09:09:45.752Z,2026-07-13T09:09:45.752Z,0,2026-07-13T09:09:45.879Z,0x08358f19cc9fdcfa3e535bcb6484cbe43e020e97606db6a6b1e9d89c65adaf3c,2026-07-13T09:09:50.174Z,success,38867,1000,6376949,0x87ce0d5ce2923493378bc2b8f09768364fc5c0fa4c23c0ab76cc8eef5b07913b,2026-07-13T09:09:50.174Z,4295,4295,4422,64,Suspicious,2026-07-13T09:09:44.634Z,0xc02e3873f0427686f6dda5c1f68de435b35ea0ebe9f6f8d303eee2e0e636c4d2,,variant-batch live execution
datm-live-2026-07-13T09-07-24-495Z,B,entity-07-suspicious,suspicious,15,2026-07-13T09:09:45.752Z,2026-07-13T09:09:45.752Z,2026-07-13T09:09:45.752Z,0,2026-07-13T09:09:45.898Z,0xa93c18c3ef2e2cb42fd88236ca6e26fa1130eac42253e2ce790e12ed11a87a1d,2026-07-13T09:09:50.365Z,success,38867,1000,6376949,0x87ce0d5ce2923493378bc2b8f09768364fc5c0fa4c23c0ab76cc8eef5b07913b,2026-07-13T09:09:50.365Z,4467,4467,4613,61,Suspicious,2026-07-13T09:09:44.634Z,0x43ee964a8a6a4afb8451bddf939eb1ad1608f2313e2eb5de8c0c9e8b0fb86013,,variant-batch live execution
datm-live-2026-07-13T09-07-24-495Z,B,entity-08-malicious,malicious,15,2026-07-13T09:09:45.752Z,2026-07-13T09:09:45.752Z,2026-07-13T09:09:45.752Z,0,2026-07-13T09:09:45.898Z,0x2340968ad2d7501ec0d718b33714a360fffbc5dc35864def79edfd91a4ba8cbd,2026-07-13T09:09:50.392Z,success,38866,1000,6376949,0x87ce0d5ce2923493378bc2b8f09768364fc5c0fa4c23c0ab76cc8eef5b07913b,2026-07-13T09:09:50.392Z,4494,4494,4640,26,Untrusted,2026-07-13T09:09:44.634Z,0x5074022ed64542386576861a52bf52c1ab7d8cef8aafa6c5529dad4cc30898e5,,variant-batch live execution
datm-live-2026-07-13T09-07-24-495Z,B,entity-09-malicious,malicious,15,2026-07-13T09:09:45.752Z,2026-07-13T09:09:45.752Z,2026-07-13T09:09:45.752Z,0,2026-07-13T09:09:45.899Z,0xf6dda7d091292cc706d17911098c08bf3ad416bf3f243dc6a92695bedc228b32,2026-07-13T09:09:50.408Z,success,38866,1000,6376949,0x87ce0d5ce2923493378bc2b8f09768364fc5c0fa4c23c0ab76cc8eef5b07913b,2026-07-13T09:09:50.408Z,4509,4509,4656,28,Untrusted,2026-07-13T09:09:44.634Z,0x703c74bc15ce475fa28d7cdb1b1364e2185233c017a458529041093b0c165cc1,,variant-batch live execution
datm-live-2026-07-13T09-07-24-495Z,B,entity-10-malicious,malicious,15,2026-07-13T09:09:45.753Z,2026-07-13T09:09:45.753Z,2026-07-13T09:09:45.753Z,0,2026-07-13T09:09:45.899Z,0xad0431b637b7250e4618bb7fbe0c04459d5530628331411c9652547b5b7fbfbd,2026-07-13T09:09:50.402Z,success,38854,1000,6376949,0x87ce0d5ce2923493378bc2b8f09768364fc5c0fa4c23c0ab76cc8eef5b07913b,2026-07-13T09:09:50.402Z,4503,4503,4649,28,Untrusted,2026-07-13T09:09:44.634Z,0x58240b53a84038f75d3fe986c8bd313e04e8a096c00f86750f22144226014ab8,,variant-batch live execution
datm-live-2026-07-13T09-07-24-495Z,B,entity-01-normal,normal,16,2026-07-13T09:09:55.503Z,2026-07-13T09:09:55.503Z,2026-07-13T09:09:55.503Z,0,2026-07-13T09:09:55.635Z,0xaae641b770e020faff5b7fc6127bc68b5f448cc2699b8a8cdcb800a78fc3b93d,2026-07-13T09:09:59.876Z,success,38847,1000,6376951,0x51eb99a7bf4d95eef5de6c8098d3906600e8f5be364ff0c2916e5126d1e7cc8b,2026-07-13T09:09:59.876Z,4241,4241,4373,90,Trusted,2026-07-13T09:09:54.634Z,0xc671e5c245ad23057aacad52a28d4f3b249258f388374e99db32486dd09779ae,,variant-batch live execution
datm-live-2026-07-13T09-07-24-495Z,B,entity-02-normal,normal,16,2026-07-13T09:09:55.504Z,2026-07-13T09:09:55.504Z,2026-07-13T09:09:55.504Z,0,2026-07-13T09:09:55.635Z,0x9b89876b2bb2858b2abe3688acc33415d34a7a1224a3acda0fe2f35e70effda5,2026-07-13T09:09:59.906Z,success,38847,1000,6376951,0x51eb99a7bf4d95eef5de6c8098d3906600e8f5be364ff0c2916e5126d1e7cc8b,2026-07-13T09:09:59.906Z,4271,4271,4402,92,Trusted,2026-07-13T09:09:54.634Z,0xeb4935aa1a18a6666383e45bf6f88d17f7b33d86b1cc423e200fd8b3f56a7283,,variant-batch live execution
datm-live-2026-07-13T09-07-24-495Z,B,entity-03-normal,normal,16,2026-07-13T09:09:55.504Z,2026-07-13T09:09:55.504Z,2026-07-13T09:09:55.504Z,0,2026-07-13T09:09:55.635Z,0x0919f15657258fb2d7542e190d3154b140b9c70b357dba5931ddca1adb954910,2026-07-13T09:09:59.881Z,success,38847,1000,6376951,0x51eb99a7bf4d95eef5de6c8098d3906600e8f5be364ff0c2916e5126d1e7cc8b,2026-07-13T09:09:59.881Z,4246,4246,4377,92,Trusted,2026-07-13T09:09:54.634Z,0xad27cc9b16c88a930c31554e7043b66b67c2679be573e1d3531b64a9edbcf823,,variant-batch live execution
datm-live-2026-07-13T09-07-24-495Z,B,entity-04-normal,normal,16,2026-07-13T09:09:55.505Z,2026-07-13T09:09:55.505Z,2026-07-13T09:09:55.505Z,0,2026-07-13T09:09:55.635Z,0x39c361161ae15aeba94e30391c510ab839ef15fa84f1f2d9477497b360290c63,2026-07-13T09:09:59.881Z,success,38835,1000,6376951,0x51eb99a7bf4d95eef5de6c8098d3906600e8f5be364ff0c2916e5126d1e7cc8b,2026-07-13T09:09:59.881Z,4246,4246,4376,90,Trusted,2026-07-13T09:09:54.634Z,0xcfbd3ffecabe6ef43898e012629b3be8cc725da199f5bb17059aff96d3005aff,,variant-batch live execution
datm-live-2026-07-13T09-07-24-495Z,B,entity-05-suspicious,suspicious,16,2026-07-13T09:09:55.505Z,2026-07-13T09:09:55.505Z,2026-07-13T09:09:55.505Z,0,2026-07-13T09:09:55.635Z,0x3627c133b8560c539c564be2324628d5d31ed759cbf5bef89f069323f9feecac,2026-07-13T09:09:59.882Z,success,38867,1000,6376951,0x51eb99a7bf4d95eef5de6c8098d3906600e8f5be364ff0c2916e5126d1e7cc8b,2026-07-13T09:09:59.882Z,4247,4247,4377,64,Suspicious,2026-07-13T09:09:54.634Z,0xa5c921fa1e871d8adef86acc64ec79ecce3a1da4c5254a253616cf7439dcd930,,variant-batch live execution
datm-live-2026-07-13T09-07-24-495Z,B,entity-06-suspicious,suspicious,16,2026-07-13T09:09:55.505Z,2026-07-13T09:09:55.505Z,2026-07-13T09:09:55.505Z,0,2026-07-13T09:09:55.636Z,0x7391a1252a7d3d2a657e6e8c184925ca02ca27ced8f7f554336bb4000936b3a7,2026-07-13T09:09:59.883Z,success,38867,1000,6376951,0x51eb99a7bf4d95eef5de6c8098d3906600e8f5be364ff0c2916e5126d1e7cc8b,2026-07-13T09:09:59.883Z,4247,4247,4378,61,Suspicious,2026-07-13T09:09:54.634Z,0x433e9bea600563eb88c68e464ff8345ec5c627d9bed56179bf58e22a445653e1,,variant-batch live execution
datm-live-2026-07-13T09-07-24-495Z,B,entity-07-suspicious,suspicious,16,2026-07-13T09:09:55.506Z,2026-07-13T09:09:55.506Z,2026-07-13T09:09:55.506Z,0,2026-07-13T09:09:55.665Z,0x5ea8e43935fe552d26a0f3668e9f3814dd69c859f787e4d338a5b749b0449066,2026-07-13T09:10:00.072Z,success,38855,1000,6376951,0x51eb99a7bf4d95eef5de6c8098d3906600e8f5be364ff0c2916e5126d1e7cc8b,2026-07-13T09:10:00.072Z,4407,4407,4566,60,Suspicious,2026-07-13T09:09:54.634Z,0xa906ca8b8680441b83a786126cffd6875417404760b01551d93c460081d52179,,variant-batch live execution
datm-live-2026-07-13T09-07-24-495Z,B,entity-08-malicious,malicious,16,2026-07-13T09:09:55.506Z,2026-07-13T09:09:55.506Z,2026-07-13T09:09:55.506Z,0,2026-07-13T09:09:55.665Z,0xfda50553df31ef300fb2f0f8315320c0c0aef1646eb1f99193835125e60a61e7,2026-07-13T09:10:00.083Z,success,38854,1000,6376951,0x51eb99a7bf4d95eef5de6c8098d3906600e8f5be364ff0c2916e5126d1e7cc8b,2026-07-13T09:10:00.083Z,4418,4418,4577,28,Untrusted,2026-07-13T09:09:54.634Z,0xedcdb28d8b360aee5f6942c883df97c37c040ba88a3252e6031983001f66853c,,variant-batch live execution
datm-live-2026-07-13T09-07-24-495Z,B,entity-09-malicious,malicious,16,2026-07-13T09:09:55.506Z,2026-07-13T09:09:55.506Z,2026-07-13T09:09:55.506Z,0,2026-07-13T09:09:55.665Z,0x39ddb2622d2036beb3a1dd0d089f09287b407fd83c4156975c46e9ec4d22bf81,2026-07-13T09:10:00.088Z,success,38854,1000,6376951,0x51eb99a7bf4d95eef5de6c8098d3906600e8f5be364ff0c2916e5126d1e7cc8b,2026-07-13T09:10:00.088Z,4423,4423,4582,27,Untrusted,2026-07-13T09:09:54.634Z,0x9b50ceaa730456c2036c1005610d4600810bbf443ffe2a58771d0a79dffdd3be,,variant-batch live execution
datm-live-2026-07-13T09-07-24-495Z,B,entity-10-malicious,malicious,16,2026-07-13T09:09:55.507Z,2026-07-13T09:09:55.507Z,2026-07-13T09:09:55.507Z,0,2026-07-13T09:09:55.665Z,0xa9846f629fdf2c3126b64912079eb2084b4ceb2f42641739a52784907c7d5c66,2026-07-13T09:10:00.129Z,success,38830,1000,6376951,0x51eb99a7bf4d95eef5de6c8098d3906600e8f5be364ff0c2916e5126d1e7cc8b,2026-07-13T09:10:00.129Z,4464,4464,4622,26,Untrusted,2026-07-13T09:09:54.634Z,0xc5d73f425462d339da6fba003b057e227a399a630bb28274cb59001eb9f69525,,variant-batch live execution
datm-live-2026-07-13T09-07-24-495Z,B,entity-01-normal,normal,17,2026-07-13T09:10:05.243Z,2026-07-13T09:10:05.243Z,2026-07-13T09:10:05.243Z,0,2026-07-13T09:10:05.364Z,0xf92f9296dc06419b8a74f2e72f2f81f6ed0c6f73cab5719322ac609ca4f38b1e,2026-07-13T09:10:09.626Z,success,38847,1000,6376953,0x440370faa986511ed6080f7fea075b12d1dd8faa20eb8274628dd226a57b3075,2026-07-13T09:10:09.626Z,4262,4262,4383,93,Trusted,2026-07-13T09:10:04.634Z,0x57cf6840e399f17efc67935a4768dbb9f56875406b21d7f869a928ec2dbc71b6,,variant-batch live execution
datm-live-2026-07-13T09-07-24-495Z,B,entity-02-normal,normal,17,2026-07-13T09:10:05.244Z,2026-07-13T09:10:05.244Z,2026-07-13T09:10:05.244Z,0,2026-07-13T09:10:05.364Z,0x3cf275dcf73f16b722ad0aa68bf7f6ed2ddda43201ba659763595203c1f1a808,2026-07-13T09:10:09.651Z,success,38847,1000,6376953,0x440370faa986511ed6080f7fea075b12d1dd8faa20eb8274628dd226a57b3075,2026-07-13T09:10:09.651Z,4287,4287,4407,93,Trusted,2026-07-13T09:10:04.634Z,0x9569edaaf1dbbb04d926a3944520ea0b0b80afcae268da9753d4f31a0a497917,,variant-batch live execution
datm-live-2026-07-13T09-07-24-495Z,B,entity-03-normal,normal,17,2026-07-13T09:10:05.245Z,2026-07-13T09:10:05.245Z,2026-07-13T09:10:05.245Z,0,2026-07-13T09:10:05.364Z,0x5cad8e209189f5e4a95cf5e5ff4c4864dc56e747cb026a94aaef3423b2597911,2026-07-13T09:10:09.620Z,success,38847,1000,6376953,0x440370faa986511ed6080f7fea075b12d1dd8faa20eb8274628dd226a57b3075,2026-07-13T09:10:09.620Z,4256,4256,4375,92,Trusted,2026-07-13T09:10:04.634Z,0x6efceaf6731b649cb9a8c49d6959635e1fddaa82fc7bd4ebdb79ff409caf9f5d,,variant-batch live execution
datm-live-2026-07-13T09-07-24-495Z,B,entity-04-normal,normal,17,2026-07-13T09:10:05.245Z,2026-07-13T09:10:05.245Z,2026-07-13T09:10:05.245Z,0,2026-07-13T09:10:05.364Z,0xeb570946e8e67c5f9398d7a6e05e11be00051802190f0c56f578d180ac9f81b9,2026-07-13T09:10:09.626Z,success,38847,1000,6376953,0x440370faa986511ed6080f7fea075b12d1dd8faa20eb8274628dd226a57b3075,2026-07-13T09:10:09.626Z,4262,4262,4381,93,Trusted,2026-07-13T09:10:04.634Z,0xb3eb7696e1497cb5ec849abb0dd372e84132f0323ce1947c265da5b0e823ccfb,,variant-batch live execution
datm-live-2026-07-13T09-07-24-495Z,B,entity-05-suspicious,suspicious,17,2026-07-13T09:10:05.245Z,2026-07-13T09:10:05.245Z,2026-07-13T09:10:05.245Z,0,2026-07-13T09:10:05.389Z,0xa00eccef0542c57d4e9b18c53827e36fcd9bf02f5e4fecf5f4249f4d9bff8837,2026-07-13T09:10:09.624Z,success,38867,1000,6376953,0x440370faa986511ed6080f7fea075b12d1dd8faa20eb8274628dd226a57b3075,2026-07-13T09:10:09.624Z,4235,4235,4379,61,Suspicious,2026-07-13T09:10:04.634Z,0x2788587c7b550f87561903b4797984b4436fbdeefaf0dc105ade6cc8f7225862,,variant-batch live execution
datm-live-2026-07-13T09-07-24-495Z,B,entity-06-suspicious,suspicious,17,2026-07-13T09:10:05.245Z,2026-07-13T09:10:05.245Z,2026-07-13T09:10:05.245Z,0,2026-07-13T09:10:05.390Z,0x458056b88ab2cdac6336da181dfe2aa2580a24e4258d220aeb07233fd50d9914,2026-07-13T09:10:09.624Z,success,38867,1000,6376953,0x440370faa986511ed6080f7fea075b12d1dd8faa20eb8274628dd226a57b3075,2026-07-13T09:10:09.624Z,4234,4234,4379,58,Suspicious,2026-07-13T09:10:04.634Z,0x5aabc32eda8f925adb6fc5a1bf75f6dc739ce49e07468bc82495959123e55122,,variant-batch live execution
datm-live-2026-07-13T09-07-24-495Z,B,entity-07-suspicious,suspicious,17,2026-07-13T09:10:05.245Z,2026-07-13T09:10:05.245Z,2026-07-13T09:10:05.245Z,0,2026-07-13T09:10:05.390Z,0xb8cfc8e7807bd9742662f521959ae42687a265f93c5ba8bab3dde334a1264707,2026-07-13T09:10:09.835Z,success,38867,1000,6376953,0x440370faa986511ed6080f7fea075b12d1dd8faa20eb8274628dd226a57b3075,2026-07-13T09:10:09.835Z,4445,4445,4590,64,Suspicious,2026-07-13T09:10:04.634Z,0x11f840e760222dff8550141c1c42484b601305cb200e3ea46d373088cc3f0981,,variant-batch live execution
datm-live-2026-07-13T09-07-24-495Z,B,entity-08-malicious,malicious,17,2026-07-13T09:10:05.246Z,2026-07-13T09:10:05.246Z,2026-07-13T09:10:05.246Z,0,2026-07-13T09:10:05.390Z,0x9236c4c575226c5b5c126ac357432111cb6b3686109ccec18477f4b41198b717,2026-07-13T09:10:09.836Z,success,38866,1000,6376953,0x440370faa986511ed6080f7fea075b12d1dd8faa20eb8274628dd226a57b3075,2026-07-13T09:10:09.836Z,4446,4446,4590,27,Untrusted,2026-07-13T09:10:04.634Z,0xe4be3840d36dfcb7337ad2e8aa1926e9c01610e65830294d5b6ceb421ac896c9,,variant-batch live execution
datm-live-2026-07-13T09-07-24-495Z,B,entity-09-malicious,malicious,17,2026-07-13T09:10:05.246Z,2026-07-13T09:10:05.246Z,2026-07-13T09:10:05.246Z,0,2026-07-13T09:10:05.364Z,0x0e26c6dd46becde3a4c9feb6ea6563d2e99825ef5b3deca551eb3e837f15378a,2026-07-13T09:10:09.838Z,success,38866,1000,6376953,0x440370faa986511ed6080f7fea075b12d1dd8faa20eb8274628dd226a57b3075,2026-07-13T09:10:09.838Z,4474,4474,4592,26,Untrusted,2026-07-13T09:10:04.634Z,0x2b29db13f8c40e178e76578a09771f5c27215b6fa142f07409f26f2ba21d6251,,variant-batch live execution
datm-live-2026-07-13T09-07-24-495Z,B,entity-10-malicious,malicious,17,2026-07-13T09:10:05.246Z,2026-07-13T09:10:05.246Z,2026-07-13T09:10:05.246Z,0,2026-07-13T09:10:05.364Z,0xba6bcd17a6a241062a4c7af929fb5c6ceb1aa511e2f7f42dbb3501a061a1fa47,2026-07-13T09:10:09.872Z,success,38854,1000,6376953,0x440370faa986511ed6080f7fea075b12d1dd8faa20eb8274628dd226a57b3075,2026-07-13T09:10:09.872Z,4508,4508,4626,28,Untrusted,2026-07-13T09:10:04.634Z,0x3e59a7d068a31b97ad773db0ac7377d844379068cb936362803599dec7eb176a,,variant-batch live execution
datm-live-2026-07-13T09-07-24-495Z,B,entity-01-normal,normal,18,2026-07-13T09:10:14.990Z,2026-07-13T09:10:14.990Z,2026-07-13T09:10:14.990Z,0,2026-07-13T09:10:15.110Z,0x0dc50c10a80cc2bac2296e4ab380ab3ecb17e105b61b843505d7e01e379aef1d,2026-07-13T09:10:19.437Z,success,38835,1000,6376955,0x7f80d34f9da1b049701faa8432e62f89dca55bba29c23ec8a7c6a3eb48d0c955,2026-07-13T09:10:19.437Z,4327,4327,4447,92,Trusted,2026-07-13T09:10:14.634Z,0x1ca0c85a33b6c2f5c40cfcd4ca6513dc39898e17c0009e7c67f91c4d5929ceb5,,variant-batch live execution
datm-live-2026-07-13T09-07-24-495Z,B,entity-02-normal,normal,18,2026-07-13T09:10:14.991Z,2026-07-13T09:10:14.991Z,2026-07-13T09:10:14.991Z,0,2026-07-13T09:10:15.111Z,0x1b1eb5c25e522c6b1af290bc59c0bbb2134978b7036a4c33451ebdb37dfa73eb,2026-07-13T09:10:19.412Z,success,38847,1000,6376955,0x7f80d34f9da1b049701faa8432e62f89dca55bba29c23ec8a7c6a3eb48d0c955,2026-07-13T09:10:19.412Z,4301,4301,4421,91,Trusted,2026-07-13T09:10:14.634Z,0xa4ff93fd3a6a2af05238548c5c18132cda62d7fd8ab13c13dae7759040d4181f,,variant-batch live execution
datm-live-2026-07-13T09-07-24-495Z,B,entity-03-normal,normal,18,2026-07-13T09:10:14.991Z,2026-07-13T09:10:14.991Z,2026-07-13T09:10:14.991Z,0,2026-07-13T09:10:15.122Z,0x1bef2b1fd81f5ad92be276ab69548f2c5a60b0268b20644f1ee5299927e00f26,2026-07-13T09:10:19.413Z,success,38835,1000,6376955,0x7f80d34f9da1b049701faa8432e62f89dca55bba29c23ec8a7c6a3eb48d0c955,2026-07-13T09:10:19.413Z,4291,4291,4422,92,Trusted,2026-07-13T09:10:14.634Z,0x2fa6aa1c5cee0078c41bb1a997092e8cf0a4c64a587842212a4b9922b092d55a,,variant-batch live execution
datm-live-2026-07-13T09-07-24-495Z,B,entity-04-normal,normal,18,2026-07-13T09:10:14.991Z,2026-07-13T09:10:14.991Z,2026-07-13T09:10:14.991Z,0,2026-07-13T09:10:15.122Z,0x28d5ca7048c7a36894a30601f85886dd8593b64acd9423fb5b3c1289ba0f8345,2026-07-13T09:10:19.416Z,success,38847,1000,6376955,0x7f80d34f9da1b049701faa8432e62f89dca55bba29c23ec8a7c6a3eb48d0c955,2026-07-13T09:10:19.416Z,4294,4294,4425,92,Trusted,2026-07-13T09:10:14.634Z,0x67ed26c0c159894ca6ba655c0f0f1bd50c5e8b9e3fb6492d29d79976c7a9a0a7,,variant-batch live execution
datm-live-2026-07-13T09-07-24-495Z,B,entity-05-suspicious,suspicious,18,2026-07-13T09:10:14.992Z,2026-07-13T09:10:14.992Z,2026-07-13T09:10:14.992Z,0,2026-07-13T09:10:15.122Z,0xbe5df1b08d04c7439ca3cbdc39bf384a2b5c9e1d9e84982e299e299693155171,2026-07-13T09:10:19.419Z,success,38867,1000,6376955,0x7f80d34f9da1b049701faa8432e62f89dca55bba29c23ec8a7c6a3eb48d0c955,2026-07-13T09:10:19.419Z,4297,4297,4427,58,Suspicious,2026-07-13T09:10:14.634Z,0xc42686e1d3b0a5ebcb2060a1f74976446e075dafc4c75233115385a9259becbd,,variant-batch live execution
datm-live-2026-07-13T09-07-24-495Z,B,entity-06-suspicious,suspicious,18,2026-07-13T09:10:14.992Z,2026-07-13T09:10:14.992Z,2026-07-13T09:10:14.992Z,0,2026-07-13T09:10:15.122Z,0x19b9495008b26e21c46206318917fa1980c171a6a61ba0b684c7ed8fefb1b6a4,2026-07-13T09:10:19.419Z,success,38867,1000,6376955,0x7f80d34f9da1b049701faa8432e62f89dca55bba29c23ec8a7c6a3eb48d0c955,2026-07-13T09:10:19.419Z,4297,4297,4427,60,Suspicious,2026-07-13T09:10:14.634Z,0x108c33368c1d23874ede12fdae50e0b7cdce66600cc0a9e6424ce67b64bc73a4,,variant-batch live execution
datm-live-2026-07-13T09-07-24-495Z,B,entity-07-suspicious,suspicious,18,2026-07-13T09:10:14.992Z,2026-07-13T09:10:14.992Z,2026-07-13T09:10:14.992Z,0,2026-07-13T09:10:15.122Z,0xf40f4bbcb9857006d8f53e0b3ec1b575c5320d62813d7ddecb41884dd83ba099,2026-07-13T09:10:19.646Z,success,38867,1000,6376955,0x7f80d34f9da1b049701faa8432e62f89dca55bba29c23ec8a7c6a3eb48d0c955,2026-07-13T09:10:19.646Z,4524,4524,4654,61,Suspicious,2026-07-13T09:10:14.634Z,0x68abcde042f66a594b010e2b6ee49e29ce8473f711f876d6b4c856d3211cbab2,,variant-batch live execution
datm-live-2026-07-13T09-07-24-495Z,B,entity-08-malicious,malicious,18,2026-07-13T09:10:14.992Z,2026-07-13T09:10:14.992Z,2026-07-13T09:10:14.992Z,0,2026-07-13T09:10:15.147Z,0xbec264819bf9ddb2c88f1c6c74f32069c5f52bacc5739a3de6fde703a6066e93,2026-07-13T09:10:19.662Z,success,38866,1000,6376955,0x7f80d34f9da1b049701faa8432e62f89dca55bba29c23ec8a7c6a3eb48d0c955,2026-07-13T09:10:19.662Z,4515,4515,4670,26,Untrusted,2026-07-13T09:10:14.634Z,0xa3acd166e94f9fd06ac4946554e3ee8b9c955de494fdbd7d6ef09504f4e514d2,,variant-batch live execution
datm-live-2026-07-13T09-07-24-495Z,B,entity-09-malicious,malicious,18,2026-07-13T09:10:14.993Z,2026-07-13T09:10:14.993Z,2026-07-13T09:10:14.993Z,0,2026-07-13T09:10:15.148Z,0x114729496bd564be3dab45da0bda166131a8f508e32764722cf66cfc5ee24a61,2026-07-13T09:10:19.684Z,success,38866,1000,6376955,0x7f80d34f9da1b049701faa8432e62f89dca55bba29c23ec8a7c6a3eb48d0c955,2026-07-13T09:10:19.684Z,4536,4536,4691,27,Untrusted,2026-07-13T09:10:14.634Z,0x6120221eda83370f5bb1cffa055a8841de424072de29e0a0c954bba30e468f66,,variant-batch live execution
datm-live-2026-07-13T09-07-24-495Z,B,entity-10-malicious,malicious,18,2026-07-13T09:10:14.993Z,2026-07-13T09:10:14.993Z,2026-07-13T09:10:14.993Z,0,2026-07-13T09:10:15.148Z,0x028280003c70a6ed1dc28c72d19ae29a61dbbd9bc939242d1c89408984d1d1b0,2026-07-13T09:10:19.683Z,success,38854,1000,6376955,0x7f80d34f9da1b049701faa8432e62f89dca55bba29c23ec8a7c6a3eb48d0c955,2026-07-13T09:10:19.683Z,4535,4535,4690,28,Untrusted,2026-07-13T09:10:14.634Z,0xa97aee5233a253766ba646adbb4dfb5deddf42c396b532642fea31a83cc9b73d,,variant-batch live execution
datm-live-2026-07-13T09-07-24-495Z,B,entity-01-normal,normal,19,2026-07-13T09:10:24.809Z,2026-07-13T09:10:24.809Z,2026-07-13T09:10:24.809Z,0,2026-07-13T09:10:24.929Z,0xc7e245f3fb5e09ff7f77956209f45c5783fcf3249ee12606165c492ff74cc892,2026-07-13T09:10:29.200Z,success,38847,1000,6376957,0x1c47a4d907dcd4dae366652c9aa3814cb2c902af560a52a796d8a4f4cb507ac9,2026-07-13T09:10:29.200Z,4271,4271,4391,92,Trusted,2026-07-13T09:10:24.634Z,0x997fc6fe25fe27bc7714290db0dd5b3f211716010ecd11ffdca9b0b6b097c4bb,,variant-batch live execution
datm-live-2026-07-13T09-07-24-495Z,B,entity-02-normal,normal,19,2026-07-13T09:10:24.810Z,2026-07-13T09:10:24.810Z,2026-07-13T09:10:24.810Z,0,2026-07-13T09:10:24.930Z,0xe4067701669e63f5dd14fa3ca21e98159fe86a76f34c82788d23edb9530fe8af,2026-07-13T09:10:29.198Z,success,38847,1000,6376957,0x1c47a4d907dcd4dae366652c9aa3814cb2c902af560a52a796d8a4f4cb507ac9,2026-07-13T09:10:29.198Z,4268,4268,4388,93,Trusted,2026-07-13T09:10:24.634Z,0x52e87d9a3b42c1e62c994c7dafdf9e553ffa0e50d5fe0c6fe0a23724d71cd86b,,variant-batch live execution
datm-live-2026-07-13T09-07-24-495Z,B,entity-03-normal,normal,19,2026-07-13T09:10:24.810Z,2026-07-13T09:10:24.810Z,2026-07-13T09:10:24.810Z,0,2026-07-13T09:10:24.954Z,0x01fa87a82af0735de6355eb898a737537fa5e812f02161e5b49acb9005bd731f,2026-07-13T09:10:29.196Z,success,38847,1000,6376957,0x1c47a4d907dcd4dae366652c9aa3814cb2c902af560a52a796d8a4f4cb507ac9,2026-07-13T09:10:29.196Z,4242,4242,4386,93,Trusted,2026-07-13T09:10:24.634Z,0xc7be49801fd6cf5c8e46679b989c23c8081ac7ff489364b0cd4140289e493e7e,,variant-batch live execution
datm-live-2026-07-13T09-07-24-495Z,B,entity-04-normal,normal,19,2026-07-13T09:10:24.811Z,2026-07-13T09:10:24.811Z,2026-07-13T09:10:24.811Z,0,2026-07-13T09:10:24.955Z,0x55c4f44e6ea6c2b72f72d96bbfeb054ce84cafd5d0068d3f6f64a4c9c5e80bea,2026-07-13T09:10:29.222Z,success,38847,1000,6376957,0x1c47a4d907dcd4dae366652c9aa3814cb2c902af560a52a796d8a4f4cb507ac9,2026-07-13T09:10:29.222Z,4267,4267,4411,92,Trusted,2026-07-13T09:10:24.634Z,0x43cd11b153016e1a9bf2d3e608aafc5d558a0f7f058ddb6529295cf6bac3601f,,variant-batch live execution
datm-live-2026-07-13T09-07-24-495Z,B,entity-05-suspicious,suspicious,19,2026-07-13T09:10:24.811Z,2026-07-13T09:10:24.811Z,2026-07-13T09:10:24.811Z,0,2026-07-13T09:10:24.955Z,0x960e0bbd5be0d546e38ae3ddb193afb6eb58f5cdbdc2a8edf00dbe88b2a022cf,2026-07-13T09:10:29.199Z,success,38867,1000,6376957,0x1c47a4d907dcd4dae366652c9aa3814cb2c902af560a52a796d8a4f4cb507ac9,2026-07-13T09:10:29.199Z,4244,4244,4388,60,Suspicious,2026-07-13T09:10:24.634Z,0xa95f4e1f8c3160219ea047ee7ad5608dd696d824d85c3b6397b2e278a7cfd388,,variant-batch live execution
datm-live-2026-07-13T09-07-24-495Z,B,entity-06-suspicious,suspicious,19,2026-07-13T09:10:24.811Z,2026-07-13T09:10:24.811Z,2026-07-13T09:10:24.811Z,0,2026-07-13T09:10:24.955Z,0x236c745878951a4696eb2ca35a1aee1dfa6aaa3f3375ce5db2ed64c945e3b22e,2026-07-13T09:10:29.195Z,success,38867,1000,6376957,0x1c47a4d907dcd4dae366652c9aa3814cb2c902af560a52a796d8a4f4cb507ac9,2026-07-13T09:10:29.195Z,4240,4240,4384,62,Suspicious,2026-07-13T09:10:24.634Z,0x3f09d7bcbdf8dcac59e41906435e57349261ae791186c7f79890d00f43e9c2da,,variant-batch live execution
datm-live-2026-07-13T09-07-24-495Z,B,entity-07-suspicious,suspicious,19,2026-07-13T09:10:24.812Z,2026-07-13T09:10:24.812Z,2026-07-13T09:10:24.812Z,0,2026-07-13T09:10:24.955Z,0x562e6fa798e65a36595dfe9b5c7f5536199e82b251d1059877d95a6e56369326,2026-07-13T09:10:29.406Z,success,38867,1000,6376957,0x1c47a4d907dcd4dae366652c9aa3814cb2c902af560a52a796d8a4f4cb507ac9,2026-07-13T09:10:29.406Z,4451,4451,4594,58,Suspicious,2026-07-13T09:10:24.634Z,0x937d533fe5b5af365b9175e2718330c2c914e1d38247338618d86b1ca330e332,,variant-batch live execution
datm-live-2026-07-13T09-07-24-495Z,B,entity-08-malicious,malicious,19,2026-07-13T09:10:24.812Z,2026-07-13T09:10:24.812Z,2026-07-13T09:10:24.812Z,0,2026-07-13T09:10:24.964Z,0xff4b9240555557d2e21ef0ab5ec1421e78b241014a6bc921fc70744efac47c90,2026-07-13T09:10:29.383Z,success,38866,1000,6376957,0x1c47a4d907dcd4dae366652c9aa3814cb2c902af560a52a796d8a4f4cb507ac9,2026-07-13T09:10:29.383Z,4419,4419,4571,27,Untrusted,2026-07-13T09:10:24.634Z,0x6d7cd5a9c352dc954012045551a7aae452d75f1132d52dcfd012d2f0809e170d,,variant-batch live execution
datm-live-2026-07-13T09-07-24-495Z,B,entity-09-malicious,malicious,19,2026-07-13T09:10:24.813Z,2026-07-13T09:10:24.813Z,2026-07-13T09:10:24.813Z,0,2026-07-13T09:10:24.964Z,0xc68ce3320687d60db490aeb34ef7823449124e3b5bd6d3f7a4b6faeaa43d54a8,2026-07-13T09:10:29.416Z,success,38854,1000,6376957,0x1c47a4d907dcd4dae366652c9aa3814cb2c902af560a52a796d8a4f4cb507ac9,2026-07-13T09:10:29.416Z,4452,4452,4603,26,Untrusted,2026-07-13T09:10:24.634Z,0xcdadd3f91b67ea4377b0770e3b00b4778c3beebd9d9a9cae64366080a5a31fcd,,variant-batch live execution
datm-live-2026-07-13T09-07-24-495Z,B,entity-10-malicious,malicious,19,2026-07-13T09:10:24.813Z,2026-07-13T09:10:24.813Z,2026-07-13T09:10:24.813Z,0,2026-07-13T09:10:24.964Z,0x683d63a2ecf112ac60419f0ea833a1ff0de4d0321ef4cecfacc8fa3c5846e127,2026-07-13T09:10:29.425Z,success,38854,1000,6376957,0x1c47a4d907dcd4dae366652c9aa3814cb2c902af560a52a796d8a4f4cb507ac9,2026-07-13T09:10:29.425Z,4461,4461,4612,27,Untrusted,2026-07-13T09:10:24.634Z,0xa71befc24b99d4ca9df1ed8be7e5fe071822450ea262f92cf7c8e0bb6c97298d,,variant-batch live execution
datm-live-2026-07-13T09-07-24-495Z,B,entity-01-normal,normal,20,2026-07-13T09:10:34.552Z,2026-07-13T09:10:34.552Z,2026-07-13T09:10:34.552Z,0,2026-07-13T09:10:34.661Z,0xe67890baa5ba7d65bbc316d16e14137a8c712b5d176aaa0a688f6411b22f6485,2026-07-13T09:10:43.119Z,success,38847,1000,6376959,0x5f4983a3414460b710e3799fe97756e3d48128de40491bea2ba06d14d6bc64e3,2026-07-13T09:10:43.119Z,8458,8458,8567,92,Trusted,2026-07-13T09:10:34.634Z,0x2ebaf39e44eedfe9206f03848d968c8190b049905e4ce19fb83af385e8ec422c,,variant-batch live execution
datm-live-2026-07-13T09-07-24-495Z,B,entity-02-normal,normal,20,2026-07-13T09:10:34.553Z,2026-07-13T09:10:34.553Z,2026-07-13T09:10:34.553Z,0,2026-07-13T09:10:34.661Z,0x8bae8beca75c4fab9ebc494403bd57a176a31d0dba6f6e8f60cce344765d5a0e,2026-07-13T09:10:43.181Z,success,38847,1000,6376959,0x5f4983a3414460b710e3799fe97756e3d48128de40491bea2ba06d14d6bc64e3,2026-07-13T09:10:43.181Z,8520,8520,8628,93,Trusted,2026-07-13T09:10:34.634Z,0xc9f97c67ddecb1c99bd6ba7bd6988ea99a74da641520c911d44767e63c6dd20d,,variant-batch live execution
datm-live-2026-07-13T09-07-24-495Z,B,entity-03-normal,normal,20,2026-07-13T09:10:34.553Z,2026-07-13T09:10:34.553Z,2026-07-13T09:10:34.553Z,0,2026-07-13T09:10:34.690Z,0x2a86099bbe58c49d5b97d640388f496cd9003799862c27ff8a8d7e7160f391a9,2026-07-13T09:10:43.066Z,success,38835,1000,6376959,0x5f4983a3414460b710e3799fe97756e3d48128de40491bea2ba06d14d6bc64e3,2026-07-13T09:10:43.066Z,8376,8376,8513,91,Trusted,2026-07-13T09:10:34.634Z,0x66a50098429899aaef57ba7ff8edd5070d65141edf22111e1d26e26a375ffde8,,variant-batch live execution
datm-live-2026-07-13T09-07-24-495Z,B,entity-04-normal,normal,20,2026-07-13T09:10:34.553Z,2026-07-13T09:10:34.553Z,2026-07-13T09:10:34.553Z,0,2026-07-13T09:10:34.689Z,0x830a082f715b00ed495f37a65930764c8d6702f1aa8f78fecfa1eec7b2dbfe5b,2026-07-13T09:10:43.160Z,success,38847,1000,6376959,0x5f4983a3414460b710e3799fe97756e3d48128de40491bea2ba06d14d6bc64e3,2026-07-13T09:10:43.160Z,8471,8471,8607,92,Trusted,2026-07-13T09:10:34.634Z,0xfdf58ebace3be60cfca83db3597d077f29ac694240969bbb4bcfcc52529887d7,,variant-batch live execution
datm-live-2026-07-13T09-07-24-495Z,B,entity-05-suspicious,suspicious,20,2026-07-13T09:10:34.554Z,2026-07-13T09:10:34.554Z,2026-07-13T09:10:34.554Z,0,2026-07-13T09:10:34.689Z,0x3d973239114947511962ddbf89a2149dcb735e83331df5a21f247f3c8ebda48d,2026-07-13T09:10:43.158Z,success,38867,1000,6376959,0x5f4983a3414460b710e3799fe97756e3d48128de40491bea2ba06d14d6bc64e3,2026-07-13T09:10:43.158Z,8469,8469,8604,62,Suspicious,2026-07-13T09:10:34.634Z,0x52290b2d61876c067a76a56d17bccc986f5b303e4d20bbac44f911bbe1c69882,,variant-batch live execution
datm-live-2026-07-13T09-07-24-495Z,B,entity-06-suspicious,suspicious,20,2026-07-13T09:10:34.554Z,2026-07-13T09:10:34.554Z,2026-07-13T09:10:34.554Z,0,2026-07-13T09:10:34.689Z,0xb81797ceeeba86dd3d4644beecdbdd9c375c8682cf2c752d293dca358b48d296,2026-07-13T09:10:43.157Z,success,38867,1000,6376959,0x5f4983a3414460b710e3799fe97756e3d48128de40491bea2ba06d14d6bc64e3,2026-07-13T09:10:43.157Z,8468,8468,8603,63,Suspicious,2026-07-13T09:10:34.634Z,0x1b076e576582f512d3217dd68cf44c1923b259a119525da3cc925910b970b955,,variant-batch live execution
datm-live-2026-07-13T09-07-24-495Z,B,entity-07-suspicious,suspicious,20,2026-07-13T09:10:34.554Z,2026-07-13T09:10:34.554Z,2026-07-13T09:10:34.554Z,0,2026-07-13T09:10:34.689Z,0x169f355ac7315d4acc377bbeba5b7b0edd8ebea2281849ecf2d57f1b12705834,2026-07-13T09:10:43.296Z,success,38867,1000,6376959,0x5f4983a3414460b710e3799fe97756e3d48128de40491bea2ba06d14d6bc64e3,2026-07-13T09:10:43.296Z,8607,8607,8742,60,Suspicious,2026-07-13T09:10:34.634Z,0xba2ce0d9da412107f7ace177c3ba6b07fa5fed80fe53e28eb529cac5676958e4,,variant-batch live execution
datm-live-2026-07-13T09-07-24-495Z,B,entity-08-malicious,malicious,20,2026-07-13T09:10:34.554Z,2026-07-13T09:10:34.554Z,2026-07-13T09:10:34.554Z,0,2026-07-13T09:10:34.690Z,0xea5156ea7d679be9f0d33ab6609e9716f99649a17e20b920f3e6b395c6a81c76,2026-07-13T09:10:43.330Z,success,38866,1000,6376959,0x5f4983a3414460b710e3799fe97756e3d48128de40491bea2ba06d14d6bc64e3,2026-07-13T09:10:43.330Z,8640,8640,8776,26,Untrusted,2026-07-13T09:10:34.634Z,0x19f0821e6d481d80c5112aeff082772247f4c5a2f6e702ca36b3893c159db8c9,,variant-batch live execution
datm-live-2026-07-13T09-07-24-495Z,B,entity-09-malicious,malicious,20,2026-07-13T09:10:34.554Z,2026-07-13T09:10:34.554Z,2026-07-13T09:10:34.554Z,0,2026-07-13T09:10:34.689Z,0x566c152beb38a7fc363c8c1f26aa6d80f7ecfe6da8ee1f4c7255a6abb3c91bc3,2026-07-13T09:10:43.355Z,success,38866,1000,6376959,0x5f4983a3414460b710e3799fe97756e3d48128de40491bea2ba06d14d6bc64e3,2026-07-13T09:10:43.355Z,8666,8666,8801,26,Untrusted,2026-07-13T09:10:34.634Z,0xdb17a259c9420d06048efe056d559b332ac084e52865404e93f1b27ba50711c5,,variant-batch live execution
datm-live-2026-07-13T09-07-24-495Z,B,entity-10-malicious,malicious,20,2026-07-13T09:10:34.555Z,2026-07-13T09:10:34.555Z,2026-07-13T09:10:34.555Z,0,2026-07-13T09:10:34.690Z,0x0829b23fb38e9b7936458e9ad0c065bd9cb5154b3df8b77ae25864c0d6973aa6,2026-07-13T09:10:43.339Z,success,38854,1000,6376959,0x5f4983a3414460b710e3799fe97756e3d48128de40491bea2ba06d14d6bc64e3,2026-07-13T09:10:43.339Z,8649,8649,8784,28,Untrusted,2026-07-13T09:10:34.634Z,0x5188219bbb1f3af9fd907872b3812666d1773286be06715d77fbd30b7edc1780,,variant-batch live execution
datm-live-2026-07-13T09-07-24-495Z,B,entity-01-normal,normal,21,2026-07-13T09:10:48.469Z,2026-07-13T09:10:48.469Z,2026-07-13T09:10:48.469Z,0,2026-07-13T09:10:48.607Z,0xaa332cadb9abcfd39a6b309fc2c135873be6bb9c553a26bfeb00ba1c4793c69b,2026-07-13T09:10:52.850Z,success,38847,1000,6376961,0xc1d087639b6cf80e8b115251fc0290fdd6763fc8832f11c5aed8f045e5162022,2026-07-13T09:10:52.850Z,4243,4243,4381,91,Trusted,2026-07-13T09:10:44.634Z,0x3e961f53a4dfcdc0dae333713b2c972eab1a7a4757815794f62e9e8e46ef2c6e,,variant-batch live execution
datm-live-2026-07-13T09-07-24-495Z,B,entity-02-normal,normal,21,2026-07-13T09:10:48.469Z,2026-07-13T09:10:48.469Z,2026-07-13T09:10:48.469Z,0,2026-07-13T09:10:48.608Z,0x4a8571ac69baedb26deda5925cce63aef7d79ed26b1ec0400cdf358ad23e76aa,2026-07-13T09:10:52.846Z,success,38847,1000,6376961,0xc1d087639b6cf80e8b115251fc0290fdd6763fc8832f11c5aed8f045e5162022,2026-07-13T09:10:52.846Z,4238,4238,4377,89,Trusted,2026-07-13T09:10:44.634Z,0x1e7a4be2e61c4d4944275950efb1cca3c67e83a32da9e2186ca0c086e6e1d639,,variant-batch live execution
datm-live-2026-07-13T09-07-24-495Z,B,entity-03-normal,normal,21,2026-07-13T09:10:48.470Z,2026-07-13T09:10:48.470Z,2026-07-13T09:10:48.470Z,0,2026-07-13T09:10:48.626Z,0x6ccf6ecee03664d13a3c89c76a6fdadaa142a76936f4c2a67dc49b827ca68add,2026-07-13T09:10:52.848Z,success,38847,1000,6376961,0xc1d087639b6cf80e8b115251fc0290fdd6763fc8832f11c5aed8f045e5162022,2026-07-13T09:10:52.848Z,4222,4222,4378,91,Trusted,2026-07-13T09:10:44.634Z,0x67710c9125a26222a2c5fd376cdd0ab7a0b8f0e452a8ea65c46ff0be7b156d12,,variant-batch live execution
datm-live-2026-07-13T09-07-24-495Z,B,entity-04-normal,normal,21,2026-07-13T09:10:48.470Z,2026-07-13T09:10:48.470Z,2026-07-13T09:10:48.470Z,0,2026-07-13T09:10:48.626Z,0x92aa5f15ccb486a23b1f5d41e61cad71909bda0ae25f0bbacafc08a969818770,2026-07-13T09:10:52.848Z,success,38847,1000,6376961,0xc1d087639b6cf80e8b115251fc0290fdd6763fc8832f11c5aed8f045e5162022,2026-07-13T09:10:52.848Z,4222,4222,4378,91,Trusted,2026-07-13T09:10:44.634Z,0x128cda6b155720d096421b46aeae17664cf2f5222ac8d0f1548a66379b220bc5,,variant-batch live execution
datm-live-2026-07-13T09-07-24-495Z,B,entity-05-suspicious,suspicious,21,2026-07-13T09:10:48.470Z,2026-07-13T09:10:48.470Z,2026-07-13T09:10:48.470Z,0,2026-07-13T09:10:48.626Z,0x2515373b4edd521d2a7cd4d7892927a0dda379122a5bc00ac45d2263baa64236,2026-07-13T09:10:52.850Z,success,38867,1000,6376961,0xc1d087639b6cf80e8b115251fc0290fdd6763fc8832f11c5aed8f045e5162022,2026-07-13T09:10:52.850Z,4224,4224,4380,63,Suspicious,2026-07-13T09:10:44.634Z,0x9a90050ca28f1498486b2e3deaf2ea1d1dd5bf8fcba5a3e4c20adb4e038b80d1,,variant-batch live execution
datm-live-2026-07-13T09-07-24-495Z,B,entity-06-suspicious,suspicious,21,2026-07-13T09:10:48.470Z,2026-07-13T09:10:48.470Z,2026-07-13T09:10:48.470Z,0,2026-07-13T09:10:48.626Z,0xf9039cced3bc67c08b6cb76607da1610b549dbb253baade5c35b5e6fbec2e152,2026-07-13T09:10:52.875Z,success,38867,1000,6376961,0xc1d087639b6cf80e8b115251fc0290fdd6763fc8832f11c5aed8f045e5162022,2026-07-13T09:10:52.875Z,4249,4249,4405,61,Suspicious,2026-07-13T09:10:44.634Z,0xd4df1c5e1258e7c86788ebdf2329847a2482e388871d8acd11025928ad7db85d,,variant-batch live execution
datm-live-2026-07-13T09-07-24-495Z,B,entity-07-suspicious,suspicious,21,2026-07-13T09:10:48.471Z,2026-07-13T09:10:48.471Z,2026-07-13T09:10:48.471Z,0,2026-07-13T09:10:48.634Z,0x408b6256c9e85b0f66afd26e6793182b2a06563180bb3a6f29a5aa791a5e25d3,2026-07-13T09:10:53.173Z,success,38867,1000,6376961,0xc1d087639b6cf80e8b115251fc0290fdd6763fc8832f11c5aed8f045e5162022,2026-07-13T09:10:53.173Z,4539,4539,4702,62,Suspicious,2026-07-13T09:10:44.634Z,0xf452f68080193d140903c09e5e0d23fdc3d0ce8efb3beeef10dda671603980ce,,variant-batch live execution
datm-live-2026-07-13T09-07-24-495Z,B,entity-08-malicious,malicious,21,2026-07-13T09:10:48.471Z,2026-07-13T09:10:48.471Z,2026-07-13T09:10:48.471Z,0,2026-07-13T09:10:48.627Z,0x0fc20561ce7e11cf6cfd176f8e3bdd877422cb668a4c55c5149d6a814a78941a,2026-07-13T09:10:53.200Z,success,38866,1000,6376961,0xc1d087639b6cf80e8b115251fc0290fdd6763fc8832f11c5aed8f045e5162022,2026-07-13T09:10:53.200Z,4573,4573,4729,26,Untrusted,2026-07-13T09:10:44.634Z,0x6a475e3341d68bd9bcebdac7d08c2e9d6fe4fd9a592d784293884824fd6930a5,,variant-batch live execution
datm-live-2026-07-13T09-07-24-495Z,B,entity-09-malicious,malicious,21,2026-07-13T09:10:48.471Z,2026-07-13T09:10:48.471Z,2026-07-13T09:10:48.471Z,0,2026-07-13T09:10:48.635Z,0xff4cfc942fe187818fef613a2ca585a66c616adf29f162b43ece5a6a1929add0,2026-07-13T09:10:53.174Z,success,38866,1000,6376961,0xc1d087639b6cf80e8b115251fc0290fdd6763fc8832f11c5aed8f045e5162022,2026-07-13T09:10:53.174Z,4539,4539,4703,27,Untrusted,2026-07-13T09:10:44.634Z,0x3bab1cd896bbc9587035c61be453c4fd203e576d061f5812622c639a9ba89187,,variant-batch live execution
datm-live-2026-07-13T09-07-24-495Z,B,entity-10-malicious,malicious,21,2026-07-13T09:10:48.471Z,2026-07-13T09:10:48.471Z,2026-07-13T09:10:48.471Z,0,2026-07-13T09:10:48.635Z,0xf2db77c1d18db0f6ba3b60f5487d1038311de11dca642cd59ee9aeee4b76f35d,2026-07-13T09:10:53.176Z,success,38854,1000,6376961,0xc1d087639b6cf80e8b115251fc0290fdd6763fc8832f11c5aed8f045e5162022,2026-07-13T09:10:53.176Z,4541,4541,4705,26,Untrusted,2026-07-13T09:10:44.634Z,0xa55d39cd302798f0f9bcfbb50b58adae89061666a92c6afe956debe1521daf1a,,variant-batch live execution
datm-live-2026-07-13T09-07-24-495Z,B,entity-01-normal,normal,22,2026-07-13T09:10:58.337Z,2026-07-13T09:10:58.337Z,2026-07-13T09:10:58.337Z,0,2026-07-13T09:10:58.470Z,0x8da4076ff3a291abe3a45f22cf5afd98a552b768b0fd9f86d5abc96938769de8,2026-07-13T09:11:02.730Z,success,38847,1000,6376963,0xc41b6c302fbbad7f16159db223da2fbd8106e46a0d17c3adefaff0f502ca65dc,2026-07-13T09:11:02.730Z,4260,4260,4393,91,Trusted,2026-07-13T09:10:54.634Z,0x20de2809859b1fed115d7d6f894d4d1222d8e05011cf1fdc49221589f143b729,,variant-batch live execution
datm-live-2026-07-13T09-07-24-495Z,B,entity-02-normal,normal,22,2026-07-13T09:10:58.337Z,2026-07-13T09:10:58.337Z,2026-07-13T09:10:58.337Z,0,2026-07-13T09:10:58.470Z,0x28646e80b6186d69b1c9197c4da192a20bee9d3cc3b5bc5c0500ec9e6febdf28,2026-07-13T09:11:02.746Z,success,38847,1000,6376963,0xc41b6c302fbbad7f16159db223da2fbd8106e46a0d17c3adefaff0f502ca65dc,2026-07-13T09:11:02.746Z,4276,4276,4409,93,Trusted,2026-07-13T09:10:54.634Z,0x09c5de08ea5623f3f9fd2bb137611a1fd26dbdad6511f01a2dcad7d783192f07,,variant-batch live execution
datm-live-2026-07-13T09-07-24-495Z,B,entity-03-normal,normal,22,2026-07-13T09:10:58.338Z,2026-07-13T09:10:58.338Z,2026-07-13T09:10:58.338Z,0,2026-07-13T09:10:58.480Z,0x49fa2be391808676b00a1d3fd462c56b420cdbdcb676bda6cfe5e8ee6c31e83b,2026-07-13T09:11:02.730Z,success,38847,1000,6376963,0xc41b6c302fbbad7f16159db223da2fbd8106e46a0d17c3adefaff0f502ca65dc,2026-07-13T09:11:02.730Z,4250,4250,4392,92,Trusted,2026-07-13T09:10:54.634Z,0x9971f413fb0dc0f824cc8c9039b65ee2659090dc8c8adac35238b80546821e22,,variant-batch live execution
datm-live-2026-07-13T09-07-24-495Z,B,entity-04-normal,normal,22,2026-07-13T09:10:58.339Z,2026-07-13T09:10:58.339Z,2026-07-13T09:10:58.339Z,0,2026-07-13T09:10:58.480Z,0xefe881b0219cd163f03acd32487acd0c4bfa9bfbd0fa62f79a08d3844df75745,2026-07-13T09:11:02.728Z,success,38847,1000,6376963,0xc41b6c302fbbad7f16159db223da2fbd8106e46a0d17c3adefaff0f502ca65dc,2026-07-13T09:11:02.728Z,4248,4248,4389,91,Trusted,2026-07-13T09:10:54.634Z,0x38ddb717888a77968d277fcaeb78c3142c99479b267d6c242dfc691aee608f91,,variant-batch live execution
datm-live-2026-07-13T09-07-24-495Z,B,entity-05-suspicious,suspicious,22,2026-07-13T09:10:58.339Z,2026-07-13T09:10:58.339Z,2026-07-13T09:10:58.339Z,0,2026-07-13T09:10:58.481Z,0x2230bf3e09f960f5125e6b77af4d1c6744d46c425ef8b5504c3e452a124b4d9c,2026-07-13T09:11:02.729Z,success,38867,1000,6376963,0xc41b6c302fbbad7f16159db223da2fbd8106e46a0d17c3adefaff0f502ca65dc,2026-07-13T09:11:02.729Z,4248,4248,4390,61,Suspicious,2026-07-13T09:10:54.634Z,0x41d74794bf437bee7cc103015e61c2d96fce43105c089d2e21bc9705cc550d7a,,variant-batch live execution
datm-live-2026-07-13T09-07-24-495Z,B,entity-06-suspicious,suspicious,22,2026-07-13T09:10:58.339Z,2026-07-13T09:10:58.339Z,2026-07-13T09:10:58.339Z,0,2026-07-13T09:10:58.481Z,0x4855f0a226e2ef5de38761f47f9f153e61091c065274a2b12bb1536920abe631,2026-07-13T09:11:02.717Z,success,38867,1000,6376963,0xc41b6c302fbbad7f16159db223da2fbd8106e46a0d17c3adefaff0f502ca65dc,2026-07-13T09:11:02.717Z,4236,4236,4378,58,Suspicious,2026-07-13T09:10:54.634Z,0xf25f260fb38f4641dd96f2316635401b4dcc80a025d9c0854f36e3125f9992e9,,variant-batch live execution
datm-live-2026-07-13T09-07-24-495Z,B,entity-07-suspicious,suspicious,22,2026-07-13T09:10:58.340Z,2026-07-13T09:10:58.340Z,2026-07-13T09:10:58.340Z,0,2026-07-13T09:10:58.481Z,0x988b21222e89b71ac9f94506ba05c97fde5618532acfd10c28ff830b963a8998,2026-07-13T09:11:02.920Z,success,38867,1000,6376963,0xc41b6c302fbbad7f16159db223da2fbd8106e46a0d17c3adefaff0f502ca65dc,2026-07-13T09:11:02.920Z,4439,4439,4580,63,Suspicious,2026-07-13T09:10:54.634Z,0x289ef16e2e9c8b3a1b6d96d16b8013adc2753516c296a94b66bf6c0ee65f9679,,variant-batch live execution
datm-live-2026-07-13T09-07-24-495Z,B,entity-08-malicious,malicious,22,2026-07-13T09:10:58.340Z,2026-07-13T09:10:58.340Z,2026-07-13T09:10:58.340Z,0,2026-07-13T09:10:58.501Z,0xf04435147546a2d63cf924a299baae57b7c2f5242753f4540689b05ac66c5761,2026-07-13T09:11:02.938Z,success,38866,1000,6376963,0xc41b6c302fbbad7f16159db223da2fbd8106e46a0d17c3adefaff0f502ca65dc,2026-07-13T09:11:02.938Z,4437,4437,4598,27,Untrusted,2026-07-13T09:10:54.634Z,0x60dec624240fd8fcf10af37dca1a4b78480d6181c57ce7fd7c961db5bf7a72f0,,variant-batch live execution
datm-live-2026-07-13T09-07-24-495Z,B,entity-09-malicious,malicious,22,2026-07-13T09:10:58.340Z,2026-07-13T09:10:58.340Z,2026-07-13T09:10:58.340Z,0,2026-07-13T09:10:58.501Z,0x86a2ba1735327134e1c5040cc40190aedbc1e059cbe5bc39800374920f820e2f,2026-07-13T09:11:02.959Z,success,38866,1000,6376963,0xc41b6c302fbbad7f16159db223da2fbd8106e46a0d17c3adefaff0f502ca65dc,2026-07-13T09:11:02.959Z,4458,4458,4619,25,Untrusted,2026-07-13T09:10:54.634Z,0xc8a35853c547a7a925aea8e807e05021d49f869634dbcc26c8e51a7f58226bfd,,variant-batch live execution
datm-live-2026-07-13T09-07-24-495Z,B,entity-10-malicious,malicious,22,2026-07-13T09:10:58.341Z,2026-07-13T09:10:58.341Z,2026-07-13T09:10:58.341Z,0,2026-07-13T09:10:58.501Z,0x1ed8203734e44ff29f001476ad12b6e112985f61a4d8615a8b945bd95a7e7ebd,2026-07-13T09:11:02.950Z,success,38854,1000,6376963,0xc41b6c302fbbad7f16159db223da2fbd8106e46a0d17c3adefaff0f502ca65dc,2026-07-13T09:11:02.950Z,4449,4449,4609,26,Untrusted,2026-07-13T09:10:54.634Z,0xd30719d2aaf0205ba2b107726201df670ccb25bc1c2a19ff5ec1f1a68242856a,,variant-batch live execution
datm-live-2026-07-13T09-07-24-495Z,B,entity-01-normal,normal,23,2026-07-13T09:11:08.111Z,2026-07-13T09:11:08.111Z,2026-07-13T09:11:08.111Z,0,2026-07-13T09:11:08.250Z,0x6841d838115139d6526ef38040c71e8ce6734e64b3f40ec439e378818668062f,2026-07-13T09:11:12.516Z,success,38847,1000,6376965,0xa3ae5ada951cf9777a2d60109b53569d00a7a05fe0eb67f351ae43594ccbac74,2026-07-13T09:11:12.516Z,4266,4266,4405,93,Trusted,2026-07-13T09:11:04.634Z,0x4298d8eff07b42a5c805cf4028e4d26b2c041ffdba05fe21233f6db9ec170bf7,,variant-batch live execution
datm-live-2026-07-13T09-07-24-495Z,B,entity-02-normal,normal,23,2026-07-13T09:11:08.112Z,2026-07-13T09:11:08.112Z,2026-07-13T09:11:08.112Z,0,2026-07-13T09:11:08.250Z,0xa697f14a47eac11f5a63a2730964554efd571f977c02c88a29b276789cbe338a,2026-07-13T09:11:12.508Z,success,38847,1000,6376965,0xa3ae5ada951cf9777a2d60109b53569d00a7a05fe0eb67f351ae43594ccbac74,2026-07-13T09:11:12.508Z,4258,4258,4396,93,Trusted,2026-07-13T09:11:04.634Z,0x1602e1129325b85b49d77971235840495b3255b51c9b8e655347cb27685a815a,,variant-batch live execution
datm-live-2026-07-13T09-07-24-495Z,B,entity-03-normal,normal,23,2026-07-13T09:11:08.113Z,2026-07-13T09:11:08.113Z,2026-07-13T09:11:08.113Z,0,2026-07-13T09:11:08.251Z,0x6db1796fa44caf4bd8f3a61b170b031fe279c4d4d5cfe48fc5ba22db45fe71c7,2026-07-13T09:11:12.513Z,success,38847,1000,6376965,0xa3ae5ada951cf9777a2d60109b53569d00a7a05fe0eb67f351ae43594ccbac74,2026-07-13T09:11:12.513Z,4262,4262,4400,92,Trusted,2026-07-13T09:11:04.634Z,0x8ff26a4c50d7eb081ff575fc8ad1896ce29e0fd1b4b8a46a30926da190a82863,,variant-batch live execution
datm-live-2026-07-13T09-07-24-495Z,B,entity-04-normal,normal,23,2026-07-13T09:11:08.113Z,2026-07-13T09:11:08.113Z,2026-07-13T09:11:08.113Z,0,2026-07-13T09:11:08.251Z,0x89c09c1f4c06412930ffb805dae94ef79e3b0eefe4f48a04d44790745d0d36d0,2026-07-13T09:11:12.515Z,success,38847,1000,6376965,0xa3ae5ada951cf9777a2d60109b53569d00a7a05fe0eb67f351ae43594ccbac74,2026-07-13T09:11:12.515Z,4264,4264,4402,93,Trusted,2026-07-13T09:11:04.634Z,0x860934e73651365827d5c85f209accfd3e77fc8e6c11befc269e064ff00d950b,,variant-batch live execution
datm-live-2026-07-13T09-07-24-495Z,B,entity-05-suspicious,suspicious,23,2026-07-13T09:11:08.114Z,2026-07-13T09:11:08.114Z,2026-07-13T09:11:08.114Z,0,2026-07-13T09:11:08.251Z,0x6efb3a56ee6d073f0e21f961f5a71d338bb053df7b4b49abdfbfb7b3c5a9e219,2026-07-13T09:11:12.513Z,success,38867,1000,6376965,0xa3ae5ada951cf9777a2d60109b53569d00a7a05fe0eb67f351ae43594ccbac74,2026-07-13T09:11:12.513Z,4262,4262,4399,58,Suspicious,2026-07-13T09:11:04.634Z,0x42586e5edef30143a25b4a1f44b2210812a37030d7b284aa660ca72cea48910b,,variant-batch live execution
datm-live-2026-07-13T09-07-24-495Z,B,entity-06-suspicious,suspicious,23,2026-07-13T09:11:08.115Z,2026-07-13T09:11:08.115Z,2026-07-13T09:11:08.115Z,0,2026-07-13T09:11:08.274Z,0xcd22238a2445abd7d083bddb3e19842464659ded76391b6dfd3a9be4216c9fbb,2026-07-13T09:11:12.542Z,success,38867,1000,6376965,0xa3ae5ada951cf9777a2d60109b53569d00a7a05fe0eb67f351ae43594ccbac74,2026-07-13T09:11:12.542Z,4268,4268,4427,61,Suspicious,2026-07-13T09:11:04.634Z,0x6c58809e2c449d01f304121f5912d00ecb0b6a83248051da05fa621850330d5b,,variant-batch live execution
datm-live-2026-07-13T09-07-24-495Z,B,entity-07-suspicious,suspicious,23,2026-07-13T09:11:08.116Z,2026-07-13T09:11:08.116Z,2026-07-13T09:11:08.116Z,0,2026-07-13T09:11:08.251Z,0x847cf72f7a3a81a77b2c94d94f6e4b138d4ddbbb027c51e7d8e5ac7241a2fc77,2026-07-13T09:11:12.715Z,success,38867,1000,6376965,0xa3ae5ada951cf9777a2d60109b53569d00a7a05fe0eb67f351ae43594ccbac74,2026-07-13T09:11:12.715Z,4464,4464,4599,61,Suspicious,2026-07-13T09:11:04.634Z,0xf9b902313b0561d291086b9a4e497653f19c788a65161c31a84cf3c36ab28d76,,variant-batch live execution
datm-live-2026-07-13T09-07-24-495Z,B,entity-08-malicious,malicious,23,2026-07-13T09:11:08.117Z,2026-07-13T09:11:08.117Z,2026-07-13T09:11:08.117Z,0,2026-07-13T09:11:08.275Z,0xf17c29f3a504733e55e3dbea70cc8b3ff55969da2f6002bb3f34b442ef3f32ad,2026-07-13T09:11:12.718Z,success,38866,1000,6376965,0xa3ae5ada951cf9777a2d60109b53569d00a7a05fe0eb67f351ae43594ccbac74,2026-07-13T09:11:12.718Z,4443,4443,4601,25,Untrusted,2026-07-13T09:11:04.634Z,0x28987a9e6177c00931e537ff78a7b5f336fefc8fbd5af4b468b944ec5976a383,,variant-batch live execution
datm-live-2026-07-13T09-07-24-495Z,B,entity-09-malicious,malicious,23,2026-07-13T09:11:08.120Z,2026-07-13T09:11:08.120Z,2026-07-13T09:11:08.120Z,0,2026-07-13T09:11:08.275Z,0xf87df79f132bb83d4a244a9543857c8fce96ad673a0d26cee693adda74f6c517,2026-07-13T09:11:12.716Z,success,38866,1000,6376965,0xa3ae5ada951cf9777a2d60109b53569d00a7a05fe0eb67f351ae43594ccbac74,2026-07-13T09:11:12.716Z,4441,4441,4596,25,Untrusted,2026-07-13T09:11:04.634Z,0x3b9f235306de50405a9ed18a3bc9bcc40816eb4e70d6627a1ccf80588af8024f,,variant-batch live execution
datm-live-2026-07-13T09-07-24-495Z,B,entity-10-malicious,malicious,23,2026-07-13T09:11:08.121Z,2026-07-13T09:11:08.121Z,2026-07-13T09:11:08.121Z,0,2026-07-13T09:11:08.275Z,0x61928acc8c921775f2a13a49e83c2f7e07fc2283bd30a0c9fd65b578e6a542b7,2026-07-13T09:11:12.748Z,success,38854,1000,6376965,0xa3ae5ada951cf9777a2d60109b53569d00a7a05fe0eb67f351ae43594ccbac74,2026-07-13T09:11:12.748Z,4473,4473,4627,28,Untrusted,2026-07-13T09:11:04.634Z,0x8122eab0f09f79d7aec27046c01b841403f232750122a21e0dfc21a7595a7ce7,,variant-batch live execution
datm-live-2026-07-13T09-07-24-495Z,B,entity-01-normal,normal,24,2026-07-13T09:11:17.879Z,2026-07-13T09:11:17.879Z,2026-07-13T09:11:17.879Z,0,2026-07-13T09:11:18.026Z,0x41d4fe157adff182ff6242ff120ab0959ea8dea589522fe10f21d45e6a80ab31,2026-07-13T09:11:22.276Z,success,38847,1000,6376967,0x587773efcfe86bd8385556d629e99b9fddfc6469a10c31cffb390c2daa7c17e4,2026-07-13T09:11:22.276Z,4250,4250,4397,92,Trusted,2026-07-13T09:11:14.634Z,0xe55b3314dc23d44a6110285f1a05ed9b695f0fa00cd03241ec452f5d3da53515,,variant-batch live execution
datm-live-2026-07-13T09-07-24-495Z,B,entity-02-normal,normal,24,2026-07-13T09:11:17.880Z,2026-07-13T09:11:17.880Z,2026-07-13T09:11:17.880Z,0,2026-07-13T09:11:18.027Z,0x7404b3aab24ba08c00885b9f1dc8351663f5ddc86fdac69e2fe9c78825986b67,2026-07-13T09:11:22.303Z,success,38847,1000,6376967,0x587773efcfe86bd8385556d629e99b9fddfc6469a10c31cffb390c2daa7c17e4,2026-07-13T09:11:22.303Z,4276,4276,4423,91,Trusted,2026-07-13T09:11:14.634Z,0x757550be661f34715ed2915cda223e278bb558d4365de9b8df8d9dd8cc36f5e0,,variant-batch live execution
datm-live-2026-07-13T09-07-24-495Z,B,entity-03-normal,normal,24,2026-07-13T09:11:17.881Z,2026-07-13T09:11:17.881Z,2026-07-13T09:11:17.881Z,0,2026-07-13T09:11:18.027Z,0xc8af2c613e7bd157bd94ce6d4c73979529fafb3a7585afef44e42e1934925c51,2026-07-13T09:11:22.294Z,success,38847,1000,6376967,0x587773efcfe86bd8385556d629e99b9fddfc6469a10c31cffb390c2daa7c17e4,2026-07-13T09:11:22.294Z,4267,4267,4413,92,Trusted,2026-07-13T09:11:14.634Z,0xb1c464d7ed74d5fc0550bc3055e34b7c321ede380d67cb700dc1afeab7634ff5,,variant-batch live execution
datm-live-2026-07-13T09-07-24-495Z,B,entity-04-normal,normal,24,2026-07-13T09:11:17.881Z,2026-07-13T09:11:17.881Z,2026-07-13T09:11:17.881Z,0,2026-07-13T09:11:18.027Z,0xa17161ce1c5ab1d2656e442f24bea63d3bcff037e8fb4b87458c3864c4abe89a,2026-07-13T09:11:22.294Z,success,38847,1000,6376967,0x587773efcfe86bd8385556d629e99b9fddfc6469a10c31cffb390c2daa7c17e4,2026-07-13T09:11:22.294Z,4267,4267,4413,92,Trusted,2026-07-13T09:11:14.634Z,0x5faa759b45aa54d303bc3f12caecdd7070a00ebad2010c0793e07360d150349a,,variant-batch live execution
datm-live-2026-07-13T09-07-24-495Z,B,entity-05-suspicious,suspicious,24,2026-07-13T09:11:17.882Z,2026-07-13T09:11:17.882Z,2026-07-13T09:11:17.882Z,0,2026-07-13T09:11:18.027Z,0x22771007c88909e88065073d8ae3ae4999dd02842f0ddead55ef413e4d115c9b,2026-07-13T09:11:22.291Z,success,38867,1000,6376967,0x587773efcfe86bd8385556d629e99b9fddfc6469a10c31cffb390c2daa7c17e4,2026-07-13T09:11:22.291Z,4264,4264,4409,61,Suspicious,2026-07-13T09:11:14.634Z,0x4aa374e00122b1127de4be96c1380c23581766cfb1b05de53219ee81f57885ba,,variant-batch live execution
datm-live-2026-07-13T09-07-24-495Z,B,entity-06-suspicious,suspicious,24,2026-07-13T09:11:17.882Z,2026-07-13T09:11:17.882Z,2026-07-13T09:11:17.882Z,0,2026-07-13T09:11:18.027Z,0xa057ecf45c0273878349813db3ce5426b5cc9c470ec1b6bd21d2b1a2de85d2b2,2026-07-13T09:11:22.295Z,success,38867,1000,6376967,0x587773efcfe86bd8385556d629e99b9fddfc6469a10c31cffb390c2daa7c17e4,2026-07-13T09:11:22.295Z,4268,4268,4413,61,Suspicious,2026-07-13T09:11:14.634Z,0x11a63f86e8886b3fcea8d473720bda4ada247fa3bc9dd81495e0f80a38b89312,,variant-batch live execution
datm-live-2026-07-13T09-07-24-495Z,B,entity-07-suspicious,suspicious,24,2026-07-13T09:11:17.882Z,2026-07-13T09:11:17.882Z,2026-07-13T09:11:17.882Z,0,2026-07-13T09:11:18.056Z,0x6c8789b36db293bdbcee84394259729078b3d319c6021c2fa13ed96cd5f215e3,2026-07-13T09:11:22.518Z,success,38867,1000,6376967,0x587773efcfe86bd8385556d629e99b9fddfc6469a10c31cffb390c2daa7c17e4,2026-07-13T09:11:22.518Z,4462,4462,4636,58,Suspicious,2026-07-13T09:11:14.634Z,0x4d9e326fa30e7925244bac068e7303dc6fac4a3699d01be5f85cd312cde80281,,variant-batch live execution
datm-live-2026-07-13T09-07-24-495Z,B,entity-08-malicious,malicious,24,2026-07-13T09:11:17.883Z,2026-07-13T09:11:17.883Z,2026-07-13T09:11:17.883Z,0,2026-07-13T09:11:18.056Z,0x34bc0101494b9a1cded8bb20dd59163ede93df11e87b5670269f80afe5c8a391,2026-07-13T09:11:22.547Z,success,38866,1000,6376967,0x587773efcfe86bd8385556d629e99b9fddfc6469a10c31cffb390c2daa7c17e4,2026-07-13T09:11:22.547Z,4491,4491,4664,25,Untrusted,2026-07-13T09:11:14.634Z,0xe0256d35eb2182d392034edd1b1e39158ca2e0090cc250029f3208b4f3a6c902,,variant-batch live execution
datm-live-2026-07-13T09-07-24-495Z,B,entity-09-malicious,malicious,24,2026-07-13T09:11:17.883Z,2026-07-13T09:11:17.883Z,2026-07-13T09:11:17.883Z,0,2026-07-13T09:11:18.056Z,0x67826788c9c60ab826414016b9510b1a57a79b253cdc7d654f6492f521860a49,2026-07-13T09:11:22.523Z,success,38866,1000,6376967,0x587773efcfe86bd8385556d629e99b9fddfc6469a10c31cffb390c2daa7c17e4,2026-07-13T09:11:22.523Z,4467,4467,4640,27,Untrusted,2026-07-13T09:11:14.634Z,0xd4d0b3435ba841baad91ba1ef7f43c68d496146a618327bb77d21c1e3afa618d,,variant-batch live execution
datm-live-2026-07-13T09-07-24-495Z,B,entity-10-malicious,malicious,24,2026-07-13T09:11:17.884Z,2026-07-13T09:11:17.884Z,2026-07-13T09:11:17.884Z,0,2026-07-13T09:11:18.056Z,0x2356706f7c64b3c60bf172dfedb046377d4553b02ae2db034e9b935e32457735,2026-07-13T09:11:22.522Z,success,38854,1000,6376967,0x587773efcfe86bd8385556d629e99b9fddfc6469a10c31cffb390c2daa7c17e4,2026-07-13T09:11:22.522Z,4466,4466,4638,26,Untrusted,2026-07-13T09:11:14.634Z,0xf2c9f3f34b53d5a6bba78a18582bca540534d23ef5cde84f08599581a6f3348a,,variant-batch live execution
datm-live-2026-07-13T09-07-24-495Z,B,entity-01-normal,normal,25,2026-07-13T09:11:27.662Z,2026-07-13T09:11:27.662Z,2026-07-13T09:11:27.662Z,0,2026-07-13T09:11:27.786Z,0x762affb93935b1494789bb833db6dcef3a4ce0729b3a70fddb5ba2d08482ce4d,2026-07-13T09:11:32.052Z,success,38847,1000,6376969,0x3675252ecdeb6019ec4d3e1d90624f0ff224037b543e6e2fda648a00a64fe290,2026-07-13T09:11:32.052Z,4266,4266,4390,92,Trusted,2026-07-13T09:11:24.634Z,0x4d8db7610d483df00d0af650bab393aa26959667dc2889ff98778ee59ed4503c,,variant-batch live execution
datm-live-2026-07-13T09-07-24-495Z,B,entity-02-normal,normal,25,2026-07-13T09:11:27.663Z,2026-07-13T09:11:27.663Z,2026-07-13T09:11:27.663Z,0,2026-07-13T09:11:27.786Z,0xf78e4c00a43bc89bb10cbae03076e089716ca000d57f54bd76ec7cf7ca95561a,2026-07-13T09:11:32.053Z,success,38847,1000,6376969,0x3675252ecdeb6019ec4d3e1d90624f0ff224037b543e6e2fda648a00a64fe290,2026-07-13T09:11:32.053Z,4267,4267,4390,92,Trusted,2026-07-13T09:11:24.634Z,0x01e0ffd607e58518582db1bf59b31922a23e776f646d6ea99d1fd09552706e4b,,variant-batch live execution
datm-live-2026-07-13T09-07-24-495Z,B,entity-03-normal,normal,25,2026-07-13T09:11:27.664Z,2026-07-13T09:11:27.664Z,2026-07-13T09:11:27.664Z,0,2026-07-13T09:11:27.786Z,0xeafc68bcf29d185dc768a9d85271e16182eb0c11f10fa766a6f26fd74267cbbe,2026-07-13T09:11:32.051Z,success,38847,1000,6376969,0x3675252ecdeb6019ec4d3e1d90624f0ff224037b543e6e2fda648a00a64fe290,2026-07-13T09:11:32.051Z,4265,4265,4387,93,Trusted,2026-07-13T09:11:24.634Z,0xe3d8de7aa1f1195b7f17178e318b727f47f9eb08563316a99db95f2a12f0344f,,variant-batch live execution
datm-live-2026-07-13T09-07-24-495Z,B,entity-04-normal,normal,25,2026-07-13T09:11:27.664Z,2026-07-13T09:11:27.664Z,2026-07-13T09:11:27.664Z,0,2026-07-13T09:11:27.787Z,0x70303237ab1c88c24bedcb749bcc11902edb94e418977d2845b258ee930a0c52,2026-07-13T09:11:32.052Z,success,38847,1000,6376969,0x3675252ecdeb6019ec4d3e1d90624f0ff224037b543e6e2fda648a00a64fe290,2026-07-13T09:11:32.052Z,4265,4265,4388,92,Trusted,2026-07-13T09:11:24.634Z,0x5537ada6b90d02fbc8b6482a4a5fe2c503725e9512266d26b202221c9cb8d1f3,,variant-batch live execution
datm-live-2026-07-13T09-07-24-495Z,B,entity-05-suspicious,suspicious,25,2026-07-13T09:11:27.665Z,2026-07-13T09:11:27.665Z,2026-07-13T09:11:27.665Z,0,2026-07-13T09:11:27.787Z,0x6458102198067f9d322e2830fd8e2b9705bd03fc31c9ebecbc2a379fa09d4268,2026-07-13T09:11:32.078Z,success,38855,1000,6376969,0x3675252ecdeb6019ec4d3e1d90624f0ff224037b543e6e2fda648a00a64fe290,2026-07-13T09:11:32.078Z,4291,4291,4413,61,Suspicious,2026-07-13T09:11:24.634Z,0x1573dee7c68ab9aeba650069df5e9b37daf898bba3357b0f707eca8305bd15b3,,variant-batch live execution
datm-live-2026-07-13T09-07-24-495Z,B,entity-06-suspicious,suspicious,25,2026-07-13T09:11:27.665Z,2026-07-13T09:11:27.665Z,2026-07-13T09:11:27.665Z,0,2026-07-13T09:11:27.787Z,0xede3929306d22d0acb56b4536a331acc0360ac5c62f2d28e52be9b0e43dd9255,2026-07-13T09:11:32.052Z,success,38867,1000,6376969,0x3675252ecdeb6019ec4d3e1d90624f0ff224037b543e6e2fda648a00a64fe290,2026-07-13T09:11:32.052Z,4265,4265,4387,61,Suspicious,2026-07-13T09:11:24.634Z,0x1ca11bbe6eb3b22456960dca88e421ba4420556754a0133799109b5d5540968b,,variant-batch live execution
datm-live-2026-07-13T09-07-24-495Z,B,entity-07-suspicious,suspicious,25,2026-07-13T09:11:27.666Z,2026-07-13T09:11:27.666Z,2026-07-13T09:11:27.666Z,0,2026-07-13T09:11:27.811Z,0x32035b6a70716d19d73005fb8962c3ee58c54ab35879d2bff3668d3d691f81a3,2026-07-13T09:11:32.246Z,success,38867,1000,6376969,0x3675252ecdeb6019ec4d3e1d90624f0ff224037b543e6e2fda648a00a64fe290,2026-07-13T09:11:32.246Z,4435,4435,4580,61,Suspicious,2026-07-13T09:11:24.634Z,0x96aae2f4acea10a3f9a74cf0d479cf6787c9278ee3d0e553655c16536bb532f2,,variant-batch live execution
datm-live-2026-07-13T09-07-24-495Z,B,entity-08-malicious,malicious,25,2026-07-13T09:11:27.666Z,2026-07-13T09:11:27.666Z,2026-07-13T09:11:27.666Z,0,2026-07-13T09:11:27.811Z,0x7c5867ad69b12ebfb562bec7fda5c2782fd7bdbb1e3fe991a7127dca4c6a645a,2026-07-13T09:11:32.230Z,success,38866,1000,6376969,0x3675252ecdeb6019ec4d3e1d90624f0ff224037b543e6e2fda648a00a64fe290,2026-07-13T09:11:32.230Z,4419,4419,4564,27,Untrusted,2026-07-13T09:11:24.634Z,0xed5e4979db933b2cbc5ae77d42ab9dbb6e4a586a95d3d3ff9fbf50c5e4b93dbe,,variant-batch live execution
datm-live-2026-07-13T09-07-24-495Z,B,entity-09-malicious,malicious,25,2026-07-13T09:11:27.667Z,2026-07-13T09:11:27.667Z,2026-07-13T09:11:27.667Z,0,2026-07-13T09:11:27.811Z,0x6bfa59a1e4e3e3f46bbd59d58ad63af5b3dfa5dde9490219e79de793aac9558c,2026-07-13T09:11:32.261Z,success,38866,1000,6376969,0x3675252ecdeb6019ec4d3e1d90624f0ff224037b543e6e2fda648a00a64fe290,2026-07-13T09:11:32.261Z,4450,4450,4594,25,Untrusted,2026-07-13T09:11:24.634Z,0x7c58cfd9611cf2053f4624080333c77d0a36aff91cddd0fd4e0fa73a40cfc7eb,,variant-batch live execution
datm-live-2026-07-13T09-07-24-495Z,B,entity-10-malicious,malicious,25,2026-07-13T09:11:27.667Z,2026-07-13T09:11:27.667Z,2026-07-13T09:11:27.667Z,0,2026-07-13T09:11:27.811Z,0xab2add267d17261d66fee4d9e078fd350f837ba4eeeb1fcbd1713ec21cf9381c,2026-07-13T09:11:32.267Z,success,38842,1000,6376969,0x3675252ecdeb6019ec4d3e1d90624f0ff224037b543e6e2fda648a00a64fe290,2026-07-13T09:11:32.267Z,4456,4456,4600,25,Untrusted,2026-07-13T09:11:24.634Z,0x013a1d06e9c5f09cb952e48a4f3bc1ee00d712b4792bdc82ebfd7e8569436195,,variant-batch live execution
datm-live-2026-07-13T09-07-24-495Z,B,entity-01-normal,normal,26,2026-07-13T09:11:37.402Z,2026-07-13T09:11:37.402Z,2026-07-13T09:11:37.402Z,0,2026-07-13T09:11:37.535Z,0x6bcbdf69a18a47bff64770445efc4f57bc7a0fe3e8143d921ba28d06dd1ed7ce,2026-07-13T09:11:41.805Z,success,38847,1000,6376971,0x6f9ef653b3a18598f24ca1090388e797aeb824aab0cbc9facd751e43181a8d20,2026-07-13T09:11:41.805Z,4270,4270,4403,92,Trusted,2026-07-13T09:11:34.634Z,0x6f2ae0aa4bf92ce78d7dbe67e380e2f95527ea739f7e4083b3b53b0ed7a7725d,,variant-batch live execution
datm-live-2026-07-13T09-07-24-495Z,B,entity-02-normal,normal,26,2026-07-13T09:11:37.404Z,2026-07-13T09:11:37.404Z,2026-07-13T09:11:37.404Z,0,2026-07-13T09:11:37.535Z,0xcf7739a2b1b8e8a6c1a5269b2c22bb3ad09d3d757bee8638b4fb1d2f45292a75,2026-07-13T09:11:41.801Z,success,38847,1000,6376971,0x6f9ef653b3a18598f24ca1090388e797aeb824aab0cbc9facd751e43181a8d20,2026-07-13T09:11:41.801Z,4266,4266,4397,92,Trusted,2026-07-13T09:11:34.634Z,0x3416e7031014b7493eafb487e0ccdb05b339121fbd32e8874d8d3a600c09d05e,,variant-batch live execution
datm-live-2026-07-13T09-07-24-495Z,B,entity-03-normal,normal,26,2026-07-13T09:11:37.404Z,2026-07-13T09:11:37.404Z,2026-07-13T09:11:37.404Z,0,2026-07-13T09:11:37.533Z,0x979d87d9309e70d6982520a6e59d9153e7e80c3596ddc318b6dfa63cb32974f3,2026-07-13T09:11:41.805Z,success,38847,1000,6376971,0x6f9ef653b3a18598f24ca1090388e797aeb824aab0cbc9facd751e43181a8d20,2026-07-13T09:11:41.805Z,4272,4272,4401,91,Trusted,2026-07-13T09:11:34.634Z,0xbfdfe247d6b1688e5f113fb015ca7d9f0556bf0e5ba3bdffb3632d3e27533e0e,,variant-batch live execution
datm-live-2026-07-13T09-07-24-495Z,B,entity-04-normal,normal,26,2026-07-13T09:11:37.405Z,2026-07-13T09:11:37.405Z,2026-07-13T09:11:37.405Z,0,2026-07-13T09:11:37.535Z,0xbff8a15979586544f45f7b7a9635fd366912da036591f7ac2c838c94bd1afecc,2026-07-13T09:11:41.802Z,success,38847,1000,6376971,0x6f9ef653b3a18598f24ca1090388e797aeb824aab0cbc9facd751e43181a8d20,2026-07-13T09:11:41.802Z,4267,4267,4397,92,Trusted,2026-07-13T09:11:34.634Z,0x442ae89bc332ace358d70ea35cd3ea1b2614a357672f159edf62d7fecf6e2b80,,variant-batch live execution
datm-live-2026-07-13T09-07-24-495Z,B,entity-05-suspicious,suspicious,26,2026-07-13T09:11:37.406Z,2026-07-13T09:11:37.406Z,2026-07-13T09:11:37.406Z,0,2026-07-13T09:11:37.535Z,0xb206f586f2199a2de6ef1c8afed388cdb2c1f6e5beb903a37b15b6da1cf83106,2026-07-13T09:11:41.804Z,success,38867,1000,6376971,0x6f9ef653b3a18598f24ca1090388e797aeb824aab0cbc9facd751e43181a8d20,2026-07-13T09:11:41.804Z,4269,4269,4398,61,Suspicious,2026-07-13T09:11:34.634Z,0x9b2c6295699901065c6f45b85d61f51e747e6475ecd264b89470d24991c63d2d,,variant-batch live execution
datm-live-2026-07-13T09-07-24-495Z,B,entity-06-suspicious,suspicious,26,2026-07-13T09:11:37.407Z,2026-07-13T09:11:37.407Z,2026-07-13T09:11:37.407Z,0,2026-07-13T09:11:37.536Z,0xc4f83a6c50ed9faaa04f3b7308d1aa8878f7671c5d3e8552ba9a037fdf47a798,2026-07-13T09:11:41.842Z,success,38867,1000,6376971,0x6f9ef653b3a18598f24ca1090388e797aeb824aab0cbc9facd751e43181a8d20,2026-07-13T09:11:41.842Z,4306,4306,4435,60,Suspicious,2026-07-13T09:11:34.634Z,0x80378d15383b2f6883889e5281c744fcf6fb47378785a7ecb1cec28407c6c520,,variant-batch live execution
datm-live-2026-07-13T09-07-24-495Z,B,entity-07-suspicious,suspicious,26,2026-07-13T09:11:37.407Z,2026-07-13T09:11:37.407Z,2026-07-13T09:11:37.407Z,0,2026-07-13T09:11:37.562Z,0xc40a0a1bb5015e54a51d610273b2777efce0e56caae6d166599806e5a97602f5,2026-07-13T09:11:41.990Z,success,38867,1000,6376971,0x6f9ef653b3a18598f24ca1090388e797aeb824aab0cbc9facd751e43181a8d20,2026-07-13T09:11:41.990Z,4428,4428,4583,61,Suspicious,2026-07-13T09:11:34.634Z,0xca79d1c74ffe9eb03bf0ef3b12e122c564ced93857633aa4318ffdf3c89fde45,,variant-batch live execution
datm-live-2026-07-13T09-07-24-495Z,B,entity-08-malicious,malicious,26,2026-07-13T09:11:37.408Z,2026-07-13T09:11:37.408Z,2026-07-13T09:11:37.408Z,0,2026-07-13T09:11:37.562Z,0xceefd9b76b422d40296eda530e9b2978f7f4a76947c5bf20c7c962031515ab01,2026-07-13T09:11:42.008Z,success,38866,1000,6376971,0x6f9ef653b3a18598f24ca1090388e797aeb824aab0cbc9facd751e43181a8d20,2026-07-13T09:11:42.008Z,4446,4446,4600,25,Untrusted,2026-07-13T09:11:34.634Z,0xef4a5baf109d209946fefdc6ad8cd8cc7c0cefd9739a1ecce3f2dd50d7145443,,variant-batch live execution
datm-live-2026-07-13T09-07-24-495Z,B,entity-09-malicious,malicious,26,2026-07-13T09:11:37.410Z,2026-07-13T09:11:37.410Z,2026-07-13T09:11:37.410Z,0,2026-07-13T09:11:37.562Z,0x7f426240039a026cee326bd17e12045a6bd8f7bbfa517aef5b941a018f9127e8,2026-07-13T09:11:42.020Z,success,38866,1000,6376971,0x6f9ef653b3a18598f24ca1090388e797aeb824aab0cbc9facd751e43181a8d20,2026-07-13T09:11:42.020Z,4458,4458,4610,24,Untrusted,2026-07-13T09:11:34.634Z,0x495037853a9df1eb63428d0959d6306b4b73e7add57e20b7bd4416ca0d965c8e,,variant-batch live execution
datm-live-2026-07-13T09-07-24-495Z,B,entity-10-malicious,malicious,26,2026-07-13T09:11:37.410Z,2026-07-13T09:11:37.410Z,2026-07-13T09:11:37.410Z,0,2026-07-13T09:11:37.562Z,0x32e70c09193efcd02bd5ac361a40dc4e933b7b31dbb781132b98c79b11e5b9a2,2026-07-13T09:11:42.025Z,success,38854,1000,6376971,0x6f9ef653b3a18598f24ca1090388e797aeb824aab0cbc9facd751e43181a8d20,2026-07-13T09:11:42.025Z,4463,4463,4615,28,Untrusted,2026-07-13T09:11:34.634Z,0x658e762f3970450a1c613ecc776f69e72908c9f87e84d90d23de19b7cb40235b,,variant-batch live execution
datm-live-2026-07-13T09-07-24-495Z,B,entity-01-normal,normal,27,2026-07-13T09:11:47.216Z,2026-07-13T09:11:47.216Z,2026-07-13T09:11:47.216Z,0,2026-07-13T09:11:47.348Z,0x1b6c2617989af19ea4582ebd15a948194d6b73b988c49d0a24ef6fedea07e18a,2026-07-13T09:11:51.611Z,success,38847,1000,6376973,0x609269afabe0531101c998be2e61554f53819b574a12441ff891a9f093efe4d8,2026-07-13T09:11:51.611Z,4263,4263,4395,93,Trusted,2026-07-13T09:11:44.634Z,0x06946abf57854182363f7a21c2719304090decc21354bd362d265057165cccdb,,variant-batch live execution
datm-live-2026-07-13T09-07-24-495Z,B,entity-02-normal,normal,27,2026-07-13T09:11:47.217Z,2026-07-13T09:11:47.217Z,2026-07-13T09:11:47.217Z,0,2026-07-13T09:11:47.348Z,0x7b4579b53a36f57eb013440e8b254578e1c2e7bc6a535e7e0f514f4f11cdf82f,2026-07-13T09:11:51.609Z,success,38835,1000,6376973,0x609269afabe0531101c998be2e61554f53819b574a12441ff891a9f093efe4d8,2026-07-13T09:11:51.609Z,4261,4261,4392,91,Trusted,2026-07-13T09:11:44.634Z,0xdf570fc54eb41900680629163f5c701b83fe86abeb19d2fbe4f31240e60997f3,,variant-batch live execution
datm-live-2026-07-13T09-07-24-495Z,B,entity-03-normal,normal,27,2026-07-13T09:11:47.217Z,2026-07-13T09:11:47.217Z,2026-07-13T09:11:47.217Z,0,2026-07-13T09:11:47.363Z,0x1b2b98dc720931d7c5b1c3adf9bf332e84e775e5bfdfa3fceae367631d802e70,2026-07-13T09:11:51.612Z,success,38847,1000,6376973,0x609269afabe0531101c998be2e61554f53819b574a12441ff891a9f093efe4d8,2026-07-13T09:11:51.612Z,4249,4249,4395,93,Trusted,2026-07-13T09:11:44.634Z,0xea91bf43dfde36806cc070afb9b6ad0825c5d8adc3b2e01e37a661ed53fddb72,,variant-batch live execution
datm-live-2026-07-13T09-07-24-495Z,B,entity-04-normal,normal,27,2026-07-13T09:11:47.218Z,2026-07-13T09:11:47.218Z,2026-07-13T09:11:47.218Z,0,2026-07-13T09:11:47.363Z,0x889e3ae8645bc0e2ec7b21521c5f4ef88fe3bf07cb6dbfb4a43fd48407c06a0b,2026-07-13T09:11:51.617Z,success,38847,1000,6376973,0x609269afabe0531101c998be2e61554f53819b574a12441ff891a9f093efe4d8,2026-07-13T09:11:51.617Z,4254,4254,4399,93,Trusted,2026-07-13T09:11:44.634Z,0xb28ec7b49e9a56af616337ecc3a107153fc1e491fd52aef0f2dc515c035d424e,,variant-batch live execution
datm-live-2026-07-13T09-07-24-495Z,B,entity-05-suspicious,suspicious,27,2026-07-13T09:11:47.218Z,2026-07-13T09:11:47.218Z,2026-07-13T09:11:47.218Z,0,2026-07-13T09:11:47.363Z,0x01420ae187e44b861e90e5fa874b0361867d507528d1e728907f8577e990f1f3,2026-07-13T09:11:51.615Z,success,38855,1000,6376973,0x609269afabe0531101c998be2e61554f53819b574a12441ff891a9f093efe4d8,2026-07-13T09:11:51.615Z,4252,4252,4397,60,Suspicious,2026-07-13T09:11:44.634Z,0xbffe0316fa8419e87222f6120a9600fbab4ec9cab26b7877c7d0abb71537b470,,variant-batch live execution
datm-live-2026-07-13T09-07-24-495Z,B,entity-06-suspicious,suspicious,27,2026-07-13T09:11:47.218Z,2026-07-13T09:11:47.218Z,2026-07-13T09:11:47.218Z,0,2026-07-13T09:11:47.363Z,0x1abc978a0f80e94df77717647ccd3e520c4717e63ddc5406aaa7e294d157acc3,2026-07-13T09:11:51.637Z,success,38855,1000,6376973,0x609269afabe0531101c998be2e61554f53819b574a12441ff891a9f093efe4d8,2026-07-13T09:11:51.637Z,4274,4274,4419,63,Suspicious,2026-07-13T09:11:44.634Z,0xd000a284fce40f74d36ec82d461307ee4bbd0f35ec820dced29996cbffe63539,,variant-batch live execution
datm-live-2026-07-13T09-07-24-495Z,B,entity-07-suspicious,suspicious,27,2026-07-13T09:11:47.218Z,2026-07-13T09:11:47.218Z,2026-07-13T09:11:47.218Z,0,2026-07-13T09:11:47.364Z,0x1a577569de2054034534e61bfd5e56b16274834d322eef310327b2244483b032,2026-07-13T09:11:51.822Z,success,38867,1000,6376973,0x609269afabe0531101c998be2e61554f53819b574a12441ff891a9f093efe4d8,2026-07-13T09:11:51.822Z,4458,4458,4604,61,Suspicious,2026-07-13T09:11:44.634Z,0x0cac673a3f6422187c37ec935e1e04d533b986fdb352285a29f50d0796f89082,,variant-batch live execution
datm-live-2026-07-13T09-07-24-495Z,B,entity-08-malicious,malicious,27,2026-07-13T09:11:47.219Z,2026-07-13T09:11:47.219Z,2026-07-13T09:11:47.219Z,0,2026-07-13T09:11:47.373Z,0x13a1ab2861c366edbbd9e48b67cf282f90c86b5d4a18cb3064ed80cb21d3d360,2026-07-13T09:11:51.828Z,success,38866,1000,6376973,0x609269afabe0531101c998be2e61554f53819b574a12441ff891a9f093efe4d8,2026-07-13T09:11:51.828Z,4455,4455,4609,24,Untrusted,2026-07-13T09:11:44.634Z,0xe443edfc4bf6825246c05b25c76b5e0b13e63373c22ff73558d9821107e8f7c4,,variant-batch live execution
datm-live-2026-07-13T09-07-24-495Z,B,entity-09-malicious,malicious,27,2026-07-13T09:11:47.220Z,2026-07-13T09:11:47.220Z,2026-07-13T09:11:47.220Z,0,2026-07-13T09:11:47.374Z,0xaf6fd64aefedac08a554bc39c45d522d6c48723174e52d27d31c1edfc53f08e8,2026-07-13T09:11:51.833Z,success,38866,1000,6376973,0x609269afabe0531101c998be2e61554f53819b574a12441ff891a9f093efe4d8,2026-07-13T09:11:51.833Z,4459,4459,4613,26,Untrusted,2026-07-13T09:11:44.634Z,0x8eb2941c8059494db9b3673d93bae5fe49f4f5d2b30f80418e852660e9f8e543,,variant-batch live execution
datm-live-2026-07-13T09-07-24-495Z,B,entity-10-malicious,malicious,27,2026-07-13T09:11:47.220Z,2026-07-13T09:11:47.220Z,2026-07-13T09:11:47.220Z,0,2026-07-13T09:11:47.374Z,0xfa42a5468f401722d490aa78ca7c6032194f491e21418fa3ee8773b27e35ee83,2026-07-13T09:11:51.868Z,success,38854,1000,6376973,0x609269afabe0531101c998be2e61554f53819b574a12441ff891a9f093efe4d8,2026-07-13T09:11:51.868Z,4494,4494,4648,26,Untrusted,2026-07-13T09:11:44.634Z,0x3dcae5494cd78fc3b4cdb602206ac809ef6dddcd782c82a9c68338903e28f5c9,,variant-batch live execution
datm-live-2026-07-13T09-07-24-495Z,B,entity-01-normal,normal,28,2026-07-13T09:11:56.970Z,2026-07-13T09:11:56.970Z,2026-07-13T09:11:56.970Z,0,2026-07-13T09:11:57.092Z,0xdd06d0ef86331aaa892dae0af1760cdfcd228209d3e5e33208118de86a34f968,2026-07-13T09:12:01.359Z,success,38847,1000,6376975,0x86f9ab769f17900f3247455937a063920da29c0ddaf06189d0e6a29d627a8927,2026-07-13T09:12:01.359Z,4267,4267,4389,91,Trusted,2026-07-13T09:11:54.634Z,0xfc966108c45a0624bbdc5c327f1215de3476e23773880a3f8ff048efabbeab46,,variant-batch live execution
datm-live-2026-07-13T09-07-24-495Z,B,entity-02-normal,normal,28,2026-07-13T09:11:56.971Z,2026-07-13T09:11:56.971Z,2026-07-13T09:11:56.971Z,0,2026-07-13T09:11:57.092Z,0x84a22f076b6d53f725abbe101308d730573c192bdcd8eba621b1f583da1d2dc8,2026-07-13T09:12:01.364Z,success,38847,1000,6376975,0x86f9ab769f17900f3247455937a063920da29c0ddaf06189d0e6a29d627a8927,2026-07-13T09:12:01.364Z,4272,4272,4393,92,Trusted,2026-07-13T09:11:54.634Z,0xd6c9fedf06ae994c8f0dddc94b9e7b9b9301b60ffb15fd6d7e07c0ccda3411ad,,variant-batch live execution
datm-live-2026-07-13T09-07-24-495Z,B,entity-03-normal,normal,28,2026-07-13T09:11:56.971Z,2026-07-13T09:11:56.971Z,2026-07-13T09:11:56.971Z,0,2026-07-13T09:11:57.115Z,0xc884dda603bc2d1c4695917cbd573f4d54dd34ba1c0efcdc729e6c79a809c28c,2026-07-13T09:12:01.365Z,success,38847,1000,6376975,0x86f9ab769f17900f3247455937a063920da29c0ddaf06189d0e6a29d627a8927,2026-07-13T09:12:01.365Z,4250,4250,4394,92,Trusted,2026-07-13T09:11:54.634Z,0xaa133fa1078ed516f2a72da9dd7ba1ef5da4c215a5586a94605aa8586f9d2db3,,variant-batch live execution
datm-live-2026-07-13T09-07-24-495Z,B,entity-04-normal,normal,28,2026-07-13T09:11:56.971Z,2026-07-13T09:11:56.971Z,2026-07-13T09:11:56.971Z,0,2026-07-13T09:11:57.125Z,0x58579e1bae9e21484ce918f4edb28dad10ccbdfd27ac69397393397c52865384,2026-07-13T09:12:01.361Z,success,38847,1000,6376975,0x86f9ab769f17900f3247455937a063920da29c0ddaf06189d0e6a29d627a8927,2026-07-13T09:12:01.361Z,4236,4236,4390,91,Trusted,2026-07-13T09:11:54.634Z,0x0ea423ba59dc7c4fc6aeb2cb6642faaae684cede5676ac384f608ac48657a226,,variant-batch live execution
datm-live-2026-07-13T09-07-24-495Z,B,entity-05-suspicious,suspicious,28,2026-07-13T09:11:56.972Z,2026-07-13T09:11:56.972Z,2026-07-13T09:11:56.972Z,0,2026-07-13T09:11:57.115Z,0x8531cfd7d8fa93f9f2d8e3924bb00aa791c1ec81c29671f0949f23e4947cf757,2026-07-13T09:12:01.384Z,success,38867,1000,6376975,0x86f9ab769f17900f3247455937a063920da29c0ddaf06189d0e6a29d627a8927,2026-07-13T09:12:01.384Z,4269,4269,4412,63,Suspicious,2026-07-13T09:11:54.634Z,0xe62da7cff8a047095937101af95824a2c21df2c48c4bb6e6c5533eb8f418c01d,,variant-batch live execution
datm-live-2026-07-13T09-07-24-495Z,B,entity-06-suspicious,suspicious,28,2026-07-13T09:11:56.972Z,2026-07-13T09:11:56.972Z,2026-07-13T09:11:56.972Z,0,2026-07-13T09:11:57.115Z,0x23b6439c29a49bf21b3882e63fd449500d52dcd1469c7baf20df55b9b63539e6,2026-07-13T09:12:01.364Z,success,38867,1000,6376975,0x86f9ab769f17900f3247455937a063920da29c0ddaf06189d0e6a29d627a8927,2026-07-13T09:12:01.364Z,4249,4249,4392,62,Suspicious,2026-07-13T09:11:54.634Z,0x98a0b2f2d381edd09e5c53541796fc350824923e29fc6340dd13b617a393c351,,variant-batch live execution
datm-live-2026-07-13T09-07-24-495Z,B,entity-07-suspicious,suspicious,28,2026-07-13T09:11:56.972Z,2026-07-13T09:11:56.972Z,2026-07-13T09:11:56.972Z,0,2026-07-13T09:11:57.115Z,0x0342750cfbaa1aa2b3973faee5070803185b255cc39cc1f28a4269a5ae872322,2026-07-13T09:12:01.729Z,success,38867,1000,6376975,0x86f9ab769f17900f3247455937a063920da29c0ddaf06189d0e6a29d627a8927,2026-07-13T09:12:01.729Z,4614,4614,4757,60,Suspicious,2026-07-13T09:11:54.634Z,0x2c9a6dbcb3bc0bc5a5592bb47dcc8aaa7c493bd92a0ce4afdfd6fa6b8fade3a7,,variant-batch live execution
datm-live-2026-07-13T09-07-24-495Z,B,entity-08-malicious,malicious,28,2026-07-13T09:11:56.972Z,2026-07-13T09:11:56.972Z,2026-07-13T09:11:56.972Z,0,2026-07-13T09:11:57.115Z,0xebe565b767362df2fb92170d24bf6a377e33a9b65c9c11af5ca24c2768654423,2026-07-13T09:12:01.751Z,success,38866,1000,6376975,0x86f9ab769f17900f3247455937a063920da29c0ddaf06189d0e6a29d627a8927,2026-07-13T09:12:01.751Z,4636,4636,4779,26,Untrusted,2026-07-13T09:11:54.634Z,0xf33c3fd3d24d9de4c36ccb0795ecc3b2877bb06362ea7b07bde6ffb3bf784174,,variant-batch live execution
datm-live-2026-07-13T09-07-24-495Z,B,entity-09-malicious,malicious,28,2026-07-13T09:11:56.974Z,2026-07-13T09:11:56.974Z,2026-07-13T09:11:56.974Z,0,2026-07-13T09:11:57.125Z,0x1450d5a1a786f0e594912cc2b1524154785d870bef52ee46117fe187aa3cc538,2026-07-13T09:12:01.767Z,success,38866,1000,6376975,0x86f9ab769f17900f3247455937a063920da29c0ddaf06189d0e6a29d627a8927,2026-07-13T09:12:01.767Z,4642,4642,4793,25,Untrusted,2026-07-13T09:11:54.634Z,0x74f0aaf0b4cbbc3e984bd2f0421b55cb7402f68c79119fcadcd3c9c1ef0bde7e,,variant-batch live execution
datm-live-2026-07-13T09-07-24-495Z,B,entity-10-malicious,malicious,28,2026-07-13T09:11:56.975Z,2026-07-13T09:11:56.975Z,2026-07-13T09:11:56.975Z,0,2026-07-13T09:11:57.125Z,0x2dbf0ec35f216946e12c16f64824659dc3579141f3d681ea2f3de143064fcfbe,2026-07-13T09:12:01.765Z,success,38854,1000,6376975,0x86f9ab769f17900f3247455937a063920da29c0ddaf06189d0e6a29d627a8927,2026-07-13T09:12:01.765Z,4640,4640,4790,24,Untrusted,2026-07-13T09:11:54.634Z,0x3f38a4a15ff2e56c40c3660792223bf23b1d25efee6b30c1556847ad6cd242bb,,variant-batch live execution
datm-live-2026-07-13T09-07-24-495Z,B,entity-01-normal,normal,29,2026-07-13T09:12:06.875Z,2026-07-13T09:12:06.875Z,2026-07-13T09:12:06.875Z,0,2026-07-13T09:12:07.004Z,0x2497e91a846fcffc732f8fc438d0c286444b4a1ffd02605499f677aff3f7ad66,2026-07-13T09:12:11.256Z,success,38847,1000,6376977,0xbe020d520e881f865255457e818f5c66a51c54d4c731a62542f3ba0f009fd944,2026-07-13T09:12:11.256Z,4252,4252,4381,93,Trusted,2026-07-13T09:12:04.634Z,0xdbf502e65b251a881abb1730066ad01bbd371932f0ae337be561a7424a0e1c4c,,variant-batch live execution
datm-live-2026-07-13T09-07-24-495Z,B,entity-02-normal,normal,29,2026-07-13T09:12:06.875Z,2026-07-13T09:12:06.875Z,2026-07-13T09:12:06.875Z,0,2026-07-13T09:12:07.005Z,0x75eb15ac8296364bc4ccfa97d2b675aac3f2d56a18e731513e1caf139c64d80a,2026-07-13T09:12:11.256Z,success,38847,1000,6376977,0xbe020d520e881f865255457e818f5c66a51c54d4c731a62542f3ba0f009fd944,2026-07-13T09:12:11.256Z,4251,4251,4381,92,Trusted,2026-07-13T09:12:04.634Z,0xa7aa7414adc037211bdb1b4611ef607f3791622b347240564da5c1832f19b992,,variant-batch live execution
datm-live-2026-07-13T09-07-24-495Z,B,entity-03-normal,normal,29,2026-07-13T09:12:06.875Z,2026-07-13T09:12:06.875Z,2026-07-13T09:12:06.875Z,0,2026-07-13T09:12:07.005Z,0xc1ddc82f4bec8d50376dbf008292921a35987978a37b8927d0761c52223153ad,2026-07-13T09:12:11.259Z,success,38847,1000,6376977,0xbe020d520e881f865255457e818f5c66a51c54d4c731a62542f3ba0f009fd944,2026-07-13T09:12:11.259Z,4254,4254,4384,92,Trusted,2026-07-13T09:12:04.634Z,0x0f9125cc3434bdb85219e3e8897b972146c25d1a5812500c2543791a520e3e2d,,variant-batch live execution
datm-live-2026-07-13T09-07-24-495Z,B,entity-04-normal,normal,29,2026-07-13T09:12:06.875Z,2026-07-13T09:12:06.875Z,2026-07-13T09:12:06.875Z,0,2026-07-13T09:12:07.006Z,0x4621774522e0f168e07ce447531464b0807e2695cd4a48572cb135f044204d53,2026-07-13T09:12:11.286Z,success,38847,1000,6376977,0xbe020d520e881f865255457e818f5c66a51c54d4c731a62542f3ba0f009fd944,2026-07-13T09:12:11.286Z,4280,4280,4411,93,Trusted,2026-07-13T09:12:04.634Z,0xb67377a8a86cb414898024f78711940aceb7575bd1e6c04230815ee1327aa9c1,,variant-batch live execution
datm-live-2026-07-13T09-07-24-495Z,B,entity-05-suspicious,suspicious,29,2026-07-13T09:12:06.876Z,2026-07-13T09:12:06.876Z,2026-07-13T09:12:06.876Z,0,2026-07-13T09:12:07.039Z,0x1acd5f56b590d2870c51d6570dcc601c08612dabeb9a53ff565dad74a25fc452,2026-07-13T09:12:11.259Z,success,38867,1000,6376977,0xbe020d520e881f865255457e818f5c66a51c54d4c731a62542f3ba0f009fd944,2026-07-13T09:12:11.259Z,4220,4220,4383,62,Suspicious,2026-07-13T09:12:04.634Z,0x89bb531ac081a28e3fa3cec3785a45c3c03d8cd47cb78a41bbdfac9a9f055201,,variant-batch live execution
datm-live-2026-07-13T09-07-24-495Z,B,entity-06-suspicious,suspicious,29,2026-07-13T09:12:06.876Z,2026-07-13T09:12:06.876Z,2026-07-13T09:12:06.876Z,0,2026-07-13T09:12:07.006Z,0x5751553868bfe2ae7d1b393178060be6b22f12c8bf74ce695e9227d387934606,2026-07-13T09:12:11.287Z,success,38855,1000,6376977,0xbe020d520e881f865255457e818f5c66a51c54d4c731a62542f3ba0f009fd944,2026-07-13T09:12:11.287Z,4281,4281,4411,58,Suspicious,2026-07-13T09:12:04.634Z,0x690adb07f4c4fffa74007b58e4b7204b2369685cecccdbf696cd38edbec85dd8,,variant-batch live execution
datm-live-2026-07-13T09-07-24-495Z,B,entity-07-suspicious,suspicious,29,2026-07-13T09:12:06.876Z,2026-07-13T09:12:06.876Z,2026-07-13T09:12:06.876Z,0,2026-07-13T09:12:07.006Z,0xa0c56dd5b26ede554d87366fa49ecb8f8f586ae4bf766bac781ac2a2975af1a5,2026-07-13T09:12:11.472Z,success,38867,1000,6376977,0xbe020d520e881f865255457e818f5c66a51c54d4c731a62542f3ba0f009fd944,2026-07-13T09:12:11.472Z,4466,4466,4596,63,Suspicious,2026-07-13T09:12:04.634Z,0xfab5ae5ed8039d36db97d25b98c0303008b7970b387b588e552c8482b15205e4,,variant-batch live execution
datm-live-2026-07-13T09-07-24-495Z,B,entity-08-malicious,malicious,29,2026-07-13T09:12:06.876Z,2026-07-13T09:12:06.876Z,2026-07-13T09:12:06.876Z,0,2026-07-13T09:12:07.039Z,0xcbc5aea229120d444dd90b747140f561ef9603c76a9573e163e78d15902fd337,2026-07-13T09:12:11.504Z,success,38866,1000,6376977,0xbe020d520e881f865255457e818f5c66a51c54d4c731a62542f3ba0f009fd944,2026-07-13T09:12:11.504Z,4465,4465,4628,25,Untrusted,2026-07-13T09:12:04.634Z,0x9e44ee6d3124f67e800501bf51e334d79b0ad589e034a85b6ba9fca7843d8dc5,,variant-batch live execution
datm-live-2026-07-13T09-07-24-495Z,B,entity-09-malicious,malicious,29,2026-07-13T09:12:06.877Z,2026-07-13T09:12:06.877Z,2026-07-13T09:12:06.877Z,0,2026-07-13T09:12:07.039Z,0x5daa5bcd191e45a8f742221b51be729d6b629f458e7bd63d60d4c5cb86052a44,2026-07-13T09:12:11.473Z,success,38866,1000,6376977,0xbe020d520e881f865255457e818f5c66a51c54d4c731a62542f3ba0f009fd944,2026-07-13T09:12:11.473Z,4434,4434,4596,24,Untrusted,2026-07-13T09:12:04.634Z,0xa2a4203d61acba2e70c42c53d0d72581b84c3d09148a9a8d5bb35fa21c0a7c06,,variant-batch live execution
datm-live-2026-07-13T09-07-24-495Z,B,entity-10-malicious,malicious,29,2026-07-13T09:12:06.878Z,2026-07-13T09:12:06.878Z,2026-07-13T09:12:06.878Z,0,2026-07-13T09:12:07.040Z,0xf409b6e03edc372796a55f7a79ad092a6f46d6f96bbcb84db22bbb2e38b8d1b5,2026-07-13T09:12:11.471Z,success,38842,1000,6376977,0xbe020d520e881f865255457e818f5c66a51c54d4c731a62542f3ba0f009fd944,2026-07-13T09:12:11.471Z,4431,4431,4593,26,Untrusted,2026-07-13T09:12:04.634Z,0xd0c4cb1661c6049c73fca8195ce96fb000c492c863dc9781d3d7cfbbbdd03593,,variant-batch live execution
datm-live-2026-07-13T09-07-24-495Z,B,entity-01-normal,normal,30,2026-07-13T09:12:16.625Z,2026-07-13T09:12:16.625Z,2026-07-13T09:12:16.625Z,0,2026-07-13T09:12:16.745Z,0xa3236d1ceeaee4396b5a1496be9739795fc812553a19993a12386dc69d893121,2026-07-13T09:12:21.022Z,success,38847,1000,6376979,0x4ad62d550fbe05c8e299261817d32a7649a5cdc5737d30032ad42d5704e44a23,2026-07-13T09:12:21.022Z,4277,4277,4397,92,Trusted,2026-07-13T09:12:14.634Z,0x2331bf4d8f7ed35c6be5ef8c716e4106f1a7588f12c5f0f2a6f8d1c45a785294,,variant-batch live execution
datm-live-2026-07-13T09-07-24-495Z,B,entity-02-normal,normal,30,2026-07-13T09:12:16.626Z,2026-07-13T09:12:16.626Z,2026-07-13T09:12:16.626Z,0,2026-07-13T09:12:16.745Z,0xc24f9ddb2d62a207f0e51a2acb2dcfd7f41be9aad2fe7e2944315eb39ff5924d,2026-07-13T09:12:20.999Z,success,38847,1000,6376979,0x4ad62d550fbe05c8e299261817d32a7649a5cdc5737d30032ad42d5704e44a23,2026-07-13T09:12:20.999Z,4254,4254,4373,91,Trusted,2026-07-13T09:12:14.634Z,0xeed55865a8775a9025907c7e5455f113c1fe3a49ef71362cf7cbb790afb38d15,,variant-batch live execution
datm-live-2026-07-13T09-07-24-495Z,B,entity-03-normal,normal,30,2026-07-13T09:12:16.626Z,2026-07-13T09:12:16.626Z,2026-07-13T09:12:16.626Z,0,2026-07-13T09:12:16.745Z,0xfe9c5170c799793d70b3ec366f4692d081f008b4eb8740259a1402390c721ef0,2026-07-13T09:12:20.998Z,success,38835,1000,6376979,0x4ad62d550fbe05c8e299261817d32a7649a5cdc5737d30032ad42d5704e44a23,2026-07-13T09:12:20.998Z,4253,4253,4372,92,Trusted,2026-07-13T09:12:14.634Z,0x27a36bc7b2a5b0a4d139056ad7bf483c5e7664e664f400f644e4025f4b1e6002,,variant-batch live execution
datm-live-2026-07-13T09-07-24-495Z,B,entity-04-normal,normal,30,2026-07-13T09:12:16.627Z,2026-07-13T09:12:16.627Z,2026-07-13T09:12:16.627Z,0,2026-07-13T09:12:16.745Z,0x779c7ac6b2749f3679573e303275113ffd4a11ef6d9cb5ce6a1d831c5e31a0f9,2026-07-13T09:12:21.001Z,success,38847,1000,6376979,0x4ad62d550fbe05c8e299261817d32a7649a5cdc5737d30032ad42d5704e44a23,2026-07-13T09:12:21.001Z,4256,4256,4374,92,Trusted,2026-07-13T09:12:14.634Z,0xd7de401d10a9ba194b7ef52d17aa39d00a5ba34b57c7caaa0b8045f09ca9f837,,variant-batch live execution
datm-live-2026-07-13T09-07-24-495Z,B,entity-05-suspicious,suspicious,30,2026-07-13T09:12:16.627Z,2026-07-13T09:12:16.627Z,2026-07-13T09:12:16.627Z,0,2026-07-13T09:12:16.746Z,0xe365a4e41667d4c52507659b6d42a7eccba62168506a6c8ef396dc5ec7b04a3a,2026-07-13T09:12:21.006Z,success,38867,1000,6376979,0x4ad62d550fbe05c8e299261817d32a7649a5cdc5737d30032ad42d5704e44a23,2026-07-13T09:12:21.006Z,4260,4260,4379,58,Suspicious,2026-07-13T09:12:14.634Z,0x1d2238f767c4a8fd727dae4bca050940aeb725c3f8b61d662093d853d6651754,,variant-batch live execution
datm-live-2026-07-13T09-07-24-495Z,B,entity-06-suspicious,suspicious,30,2026-07-13T09:12:16.627Z,2026-07-13T09:12:16.627Z,2026-07-13T09:12:16.627Z,0,2026-07-13T09:12:16.771Z,0x3c3bed2e20aa940813b750b3a9d122c9f753a5f1420c5895b756a72a8125b3ad,2026-07-13T09:12:21.007Z,success,38867,1000,6376979,0x4ad62d550fbe05c8e299261817d32a7649a5cdc5737d30032ad42d5704e44a23,2026-07-13T09:12:21.007Z,4236,4236,4380,60,Suspicious,2026-07-13T09:12:14.634Z,0xbd4f74b03a63c84c0c9497d9e5fbbafe81e7f0f2473fb5dc337bee89192e05c7,,variant-batch live execution
datm-live-2026-07-13T09-07-24-495Z,B,entity-07-suspicious,suspicious,30,2026-07-13T09:12:16.628Z,2026-07-13T09:12:16.628Z,2026-07-13T09:12:16.628Z,0,2026-07-13T09:12:16.771Z,0xe1ddc2dce09dc83aad96fc3436a90b8b0da1326264d1367d068de0a0ccc24b10,2026-07-13T09:12:21.220Z,success,38867,1000,6376979,0x4ad62d550fbe05c8e299261817d32a7649a5cdc5737d30032ad42d5704e44a23,2026-07-13T09:12:21.220Z,4449,4449,4592,62,Suspicious,2026-07-13T09:12:14.634Z,0x1c0e7b5552a4c393c17f80c28be195beace970fdbeb77df2687e7cc2f3205db7,,variant-batch live execution
datm-live-2026-07-13T09-07-24-495Z,B,entity-08-malicious,malicious,30,2026-07-13T09:12:16.628Z,2026-07-13T09:12:16.628Z,2026-07-13T09:12:16.628Z,0,2026-07-13T09:12:16.746Z,0xa831df01aa9ba184a23483b4914444eea6420aa1bc62305433b86e25ffdf2e59,2026-07-13T09:12:21.249Z,success,38866,1000,6376979,0x4ad62d550fbe05c8e299261817d32a7649a5cdc5737d30032ad42d5704e44a23,2026-07-13T09:12:21.249Z,4503,4503,4621,24,Untrusted,2026-07-13T09:12:14.634Z,0xb818dfaf65bde1904a4c34f07db6f0735e1990cd1ffb99cfe90cba8be6b9cc1a,,variant-batch live execution
datm-live-2026-07-13T09-07-24-495Z,B,entity-09-malicious,malicious,30,2026-07-13T09:12:16.628Z,2026-07-13T09:12:16.628Z,2026-07-13T09:12:16.628Z,0,2026-07-13T09:12:16.772Z,0x39ce857c7e8db60e01f5e37f49884fd260c213c2a3be38f0a313463d9c0dc28b,2026-07-13T09:12:21.222Z,success,38866,1000,6376979,0x4ad62d550fbe05c8e299261817d32a7649a5cdc5737d30032ad42d5704e44a23,2026-07-13T09:12:21.222Z,4450,4450,4594,25,Untrusted,2026-07-13T09:12:14.634Z,0x0b6117ecad66220ebdf744c7ee1ccfa72eb85d96148e1352cc10fe0d89626de1,,variant-batch live execution
datm-live-2026-07-13T09-07-24-495Z,B,entity-10-malicious,malicious,30,2026-07-13T09:12:16.629Z,2026-07-13T09:12:16.629Z,2026-07-13T09:12:16.629Z,0,2026-07-13T09:12:16.772Z,0xc13be781b907b17b77b5e89ee71f9f9980edd63151821b0935d0c6a053c6c6b6,2026-07-13T09:12:21.221Z,success,38854,1000,6376979,0x4ad62d550fbe05c8e299261817d32a7649a5cdc5737d30032ad42d5704e44a23,2026-07-13T09:12:21.221Z,4449,4449,4592,26,Untrusted,2026-07-13T09:12:14.634Z,0xb2ecd3875127d5ee4cb34f29cc837e5c1527999fb1084e9ad29152a778084c09,,variant-batch live execution
