run_id,variant,entity_id,entity_profile,sequence_no,scheduled_at,datm_start_at,datm_end_at,datm_processing_ms,submit_at,tx_hash,receipt_at,tx_status,gas_used,effective_gas_price,block_number,block_hash,block_timestamp,confirmation_latency_ms,block_inclusion_latency_ms,end_to_end_latency_ms,ats,trust_state,calc_timestamp,input_hash,error_code,error_message
datm-live-2026-07-13T09-36-28-468Z,C,entity-01-normal,normal,1,2026-07-13T09:36:28.818Z,2026-07-13T09:36:28.818Z,2026-07-13T09:36:28.818Z,0,2026-07-13T09:36:28.949Z,0x1b3ca84523461ab77b97121f669f1c8063457401c1f224bee991e47838ec7432,2026-07-13T09:36:29.110Z,success,40235,1000,6377269,0x13acdfeb8ccc29b04fdbc68e65d2a5b4576a5fb929721a45cc1b986361fc2676,2026-07-13T09:36:29.110Z,161,161,292,89,Trusted,2026-07-13T09:36:28.601Z,0xe9240d7fc6b1aa932937bf9931bbb000c23d7d33c08d62aaa3f9535e84f8ffc9,,variant-batch live execution
datm-live-2026-07-13T09-36-28-468Z,C,entity-02-normal,normal,1,2026-07-13T09:36:28.824Z,2026-07-13T09:36:28.824Z,2026-07-13T09:36:28.824Z,0,2026-07-13T09:36:28.968Z,0x7409332b8397e5da9a2dd3d60c0498c6dc5f4d0cb73b47166b1013210e3bfca3,2026-07-13T09:36:37.284Z,success,40235,1000,6377270,0xfefacef94fa9d2d85cb3e13c541dd3ce67f1a67213f3470e96bc37bb4c09f981,2026-07-13T09:36:37.284Z,8316,8316,8460,90,Trusted,2026-07-13T09:36:28.601Z,0xe22d19b4a6cf04be86027fce68bfc64835d8650aec2759ebab4afe4277886815,,variant-batch live execution
datm-live-2026-07-13T09-36-28-468Z,C,entity-03-normal,normal,1,2026-07-13T09:36:28.825Z,2026-07-13T09:36:28.825Z,2026-07-13T09:36:28.825Z,0,2026-07-13T09:36:28.968Z,0xccd213e146e365af645929552fdcd9ab51951f28a186cbb7008e0bbbf0819aae,2026-07-13T09:36:37.283Z,success,40235,1000,6377270,0xfefacef94fa9d2d85cb3e13c541dd3ce67f1a67213f3470e96bc37bb4c09f981,2026-07-13T09:36:37.283Z,8315,8315,8458,90,Trusted,2026-07-13T09:36:28.601Z,0xa4c1f5d91cfd62d15cc2267efd8cf6b8fe22272b55f1644fb5012bb828a45a47,,variant-batch live execution
datm-live-2026-07-13T09-36-28-468Z,C,entity-04-normal,normal,1,2026-07-13T09:36:28.827Z,2026-07-13T09:36:28.827Z,2026-07-13T09:36:28.827Z,0,2026-07-13T09:36:28.969Z,0xab3a310ea2d118ad446441179021b6f11d8bb44acb404523f41f8861a4f0f5fb,2026-07-13T09:36:37.282Z,success,40247,1000,6377270,0xfefacef94fa9d2d85cb3e13c541dd3ce67f1a67213f3470e96bc37bb4c09f981,2026-07-13T09:36:37.282Z,8313,8313,8455,89,Trusted,2026-07-13T09:36:28.601Z,0x797646cc58509bab67fccabcfee9089bfd36aa8760e440b07fcb60bfcb3a24d9,,variant-batch live execution
datm-live-2026-07-13T09-36-28-468Z,C,entity-05-suspicious,suspicious,1,2026-07-13T09:36:28.828Z,2026-07-13T09:36:28.828Z,2026-07-13T09:36:28.828Z,0,2026-07-13T09:36:28.969Z,0xc50d4c37ca8cfd3d8a5b8ac465d7114a1fd1af9fe4b096897067f51f9b2678e6,2026-07-13T09:36:37.241Z,success,40279,1000,6377270,0xfefacef94fa9d2d85cb3e13c541dd3ce67f1a67213f3470e96bc37bb4c09f981,2026-07-13T09:36:37.241Z,8272,8272,8413,63,Suspicious,2026-07-13T09:36:28.601Z,0x79ef406a275d003b31b30a2363e6abecc9cd0f1a1c37ac799f605143e20b4b05,,variant-batch live execution
datm-live-2026-07-13T09-36-28-468Z,C,entity-06-suspicious,suspicious,1,2026-07-13T09:36:28.828Z,2026-07-13T09:36:28.828Z,2026-07-13T09:36:28.828Z,0,2026-07-13T09:36:28.969Z,0x383977a193d07e9cd32212fa99a673f2d6463c5da7ea73af9ee3bc9e957bcd98,2026-07-13T09:36:37.216Z,success,40291,1000,6377270,0xfefacef94fa9d2d85cb3e13c541dd3ce67f1a67213f3470e96bc37bb4c09f981,2026-07-13T09:36:37.216Z,8247,8247,8388,60,Suspicious,2026-07-13T09:36:28.601Z,0x3bc3ba6502071f44adadcdf47f1dc0364636f5c52d71235997f30fa597a0e42e,,variant-batch live execution
datm-live-2026-07-13T09-36-28-468Z,C,entity-07-suspicious,suspicious,1,2026-07-13T09:36:28.829Z,2026-07-13T09:36:28.829Z,2026-07-13T09:36:28.829Z,0,2026-07-13T09:36:28.973Z,0xbf3442ec812ea6f0b149df715941d43315ff18f2e0179db1bb7b49a84e784441,2026-07-13T09:36:37.297Z,success,40291,1000,6377270,0xfefacef94fa9d2d85cb3e13c541dd3ce67f1a67213f3470e96bc37bb4c09f981,2026-07-13T09:36:37.297Z,8324,8324,8468,61,Suspicious,2026-07-13T09:36:28.601Z,0x2c3d1eaa83a74ae34e343cf33506c2903bb883e1bec54802affcff5e7ef5c07f,,variant-batch live execution
datm-live-2026-07-13T09-36-28-468Z,C,entity-08-malicious,malicious,1,2026-07-13T09:36:28.830Z,2026-07-13T09:36:28.830Z,2026-07-13T09:36:28.830Z,0,2026-07-13T09:36:28.973Z,0xc2a293584d3ca78f987b7da50b7db5c95e35f38553201b6de0f1501f1da46cbd,2026-07-13T09:36:37.450Z,success,40290,1000,6377270,0xfefacef94fa9d2d85cb3e13c541dd3ce67f1a67213f3470e96bc37bb4c09f981,2026-07-13T09:36:37.450Z,8477,8477,8620,31,Untrusted,2026-07-13T09:36:28.601Z,0xd14f96b2ea414ea7e7b451162ad78ee9f9f731d939bef51c8bc3350f5d232189,,variant-batch live execution
datm-live-2026-07-13T09-36-28-468Z,C,entity-09-malicious,malicious,1,2026-07-13T09:36:28.830Z,2026-07-13T09:36:28.830Z,2026-07-13T09:36:28.830Z,0,2026-07-13T09:36:28.974Z,0x074b48003a35299675b66080175cbb869a50d853d79488c7f2ab482570b8cf88,2026-07-13T09:36:37.487Z,success,40290,1000,6377270,0xfefacef94fa9d2d85cb3e13c541dd3ce67f1a67213f3470e96bc37bb4c09f981,2026-07-13T09:36:37.487Z,8513,8513,8657,29,Untrusted,2026-07-13T09:36:28.601Z,0x303ce4feea67951ecdbe77a19ad9772dbfcd21776a6639c13418f1ba21621185,,variant-batch live execution
datm-live-2026-07-13T09-36-28-468Z,C,entity-10-malicious,malicious,1,2026-07-13T09:36:28.831Z,2026-07-13T09:36:28.831Z,2026-07-13T09:36:28.831Z,0,2026-07-13T09:36:28.974Z,0xab53bc0b74e7c865b74b7a91b388a1e6078675af1d323bf0e2875a95dd2fa92a,2026-07-13T09:36:37.478Z,success,40278,1000,6377270,0xfefacef94fa9d2d85cb3e13c541dd3ce67f1a67213f3470e96bc37bb4c09f981,2026-07-13T09:36:37.478Z,8504,8504,8647,29,Untrusted,2026-07-13T09:36:28.601Z,0x2f0845bf4c60f8332d78b8e7e345a23afe93da935e3c1e897983fae774cef5e7,,variant-batch live execution
datm-live-2026-07-13T09-36-28-468Z,C,entity-01-normal,normal,2,2026-07-13T09:36:42.616Z,2026-07-13T09:36:42.616Z,2026-07-13T09:36:42.616Z,0,2026-07-13T09:36:42.768Z,0x0dbe75032bb9c9f1482eb5d9c60554fd38deda3efe50aaec1b912776f39df6fe,2026-07-13T09:36:47.032Z,success,40187,1000,6377272,0xdbc6460b11826141c203a706f6360a9b85b1051e0a098afa68aef4086fbb1987,2026-07-13T09:36:47.032Z,4264,4264,4416,93,Trusted,2026-07-13T09:36:38.601Z,0x9f3a90c3796e6f4144f13ba7d6c47a7cdc3eb6584d00b01f8e9166c5e72e52f7,,variant-batch live execution
datm-live-2026-07-13T09-36-28-468Z,C,entity-02-normal,normal,2,2026-07-13T09:36:42.619Z,2026-07-13T09:36:42.619Z,2026-07-13T09:36:42.619Z,0,2026-07-13T09:36:42.769Z,0x9d1f4721338dddd64ee304d87a8b4eed1492e5d5ebe9b9e70ea3ff372e3a2a8c,2026-07-13T09:36:47.030Z,success,40199,1000,6377272,0xdbc6460b11826141c203a706f6360a9b85b1051e0a098afa68aef4086fbb1987,2026-07-13T09:36:47.030Z,4261,4261,4411,93,Trusted,2026-07-13T09:36:38.601Z,0x6d57f9a54bd746c71abbbe4665bd50eab817d8f305750a6a978e590be7bcb563,,variant-batch live execution
datm-live-2026-07-13T09-36-28-468Z,C,entity-03-normal,normal,2,2026-07-13T09:36:42.620Z,2026-07-13T09:36:42.620Z,2026-07-13T09:36:42.620Z,0,2026-07-13T09:36:42.794Z,0xbafe901137c9a954ba30d69df6c34f8746d2d99dfcecae9bc81a5d85f24a679f,2026-07-13T09:36:47.032Z,success,40211,1000,6377272,0xdbc6460b11826141c203a706f6360a9b85b1051e0a098afa68aef4086fbb1987,2026-07-13T09:36:47.032Z,4238,4238,4412,91,Trusted,2026-07-13T09:36:38.601Z,0xabffaf568653afd59b016c77019c93d8e2c2658a6ce9ecb43166874deefb34cf,,variant-batch live execution
datm-live-2026-07-13T09-36-28-468Z,C,entity-04-normal,normal,2,2026-07-13T09:36:42.621Z,2026-07-13T09:36:42.621Z,2026-07-13T09:36:42.621Z,0,2026-07-13T09:36:42.794Z,0x86916c97ed9c7c362c452f9f422e0af889cae2e2d928bb1e44f2e9deda897404,2026-07-13T09:36:47.057Z,success,40199,1000,6377272,0xdbc6460b11826141c203a706f6360a9b85b1051e0a098afa68aef4086fbb1987,2026-07-13T09:36:47.057Z,4263,4263,4436,93,Trusted,2026-07-13T09:36:38.601Z,0x77eafcccc9d4d4517cddafe7ef38ac5a06a027277ea811d56a2bad668abceec1,,variant-batch live execution
datm-live-2026-07-13T09-36-28-468Z,C,entity-05-suspicious,suspicious,2,2026-07-13T09:36:42.622Z,2026-07-13T09:36:42.622Z,2026-07-13T09:36:42.622Z,0,2026-07-13T09:36:42.794Z,0x779775dbd0015a7d0f263818ef08332d7992bf10d05b043b5763b29c5d57436e,2026-07-13T09:36:47.028Z,success,40279,1000,6377272,0xdbc6460b11826141c203a706f6360a9b85b1051e0a098afa68aef4086fbb1987,2026-07-13T09:36:47.028Z,4234,4234,4406,60,Suspicious,2026-07-13T09:36:38.601Z,0xf31d001dc1554de1ecfa1d5d9bad423ca8d37dbbad4fdaee2b082e20b5c03834,,variant-batch live execution
datm-live-2026-07-13T09-36-28-468Z,C,entity-06-suspicious,suspicious,2,2026-07-13T09:36:42.622Z,2026-07-13T09:36:42.622Z,2026-07-13T09:36:42.622Z,0,2026-07-13T09:36:42.794Z,0xd0a9399c91cd234d041151858eb926bad544e254ba2e4bfceff6f272dbcc1d68,2026-07-13T09:36:47.033Z,success,40291,1000,6377272,0xdbc6460b11826141c203a706f6360a9b85b1051e0a098afa68aef4086fbb1987,2026-07-13T09:36:47.033Z,4239,4239,4411,60,Suspicious,2026-07-13T09:36:38.601Z,0x0915c733cb679605492988b7612269675a0c8d6fbb14507b20bf0667255158d8,,variant-batch live execution
datm-live-2026-07-13T09-36-28-468Z,C,entity-07-suspicious,suspicious,2,2026-07-13T09:36:42.623Z,2026-07-13T09:36:42.623Z,2026-07-13T09:36:42.623Z,0,2026-07-13T09:36:42.794Z,0x650e51dcb5dcd7cb6e04c8e6982a32823648ccc990f9153a7e97c0c0bdd9ddba,2026-07-13T09:36:47.212Z,success,40291,1000,6377272,0xdbc6460b11826141c203a706f6360a9b85b1051e0a098afa68aef4086fbb1987,2026-07-13T09:36:47.212Z,4418,4418,4589,63,Suspicious,2026-07-13T09:36:38.601Z,0x5b1469aab52093aa86c5d7eca2fa2e4a06bc18d8b82c029c8f6d3e6437bb94ce,,variant-batch live execution
datm-live-2026-07-13T09-36-28-468Z,C,entity-08-malicious,malicious,2,2026-07-13T09:36:42.624Z,2026-07-13T09:36:42.624Z,2026-07-13T09:36:42.624Z,0,2026-07-13T09:36:42.794Z,0x18ec88776c864e933f5093e3fb82eb74c22d648dbc44971373247c882f20d138,2026-07-13T09:36:47.218Z,success,40290,1000,6377272,0xdbc6460b11826141c203a706f6360a9b85b1051e0a098afa68aef4086fbb1987,2026-07-13T09:36:47.218Z,4424,4424,4594,30,Untrusted,2026-07-13T09:36:38.601Z,0xa2e1a3c4c7599595ff45f418f006cddcb63b2a5bf283c23acd95be7313d45ecb,,variant-batch live execution
datm-live-2026-07-13T09-36-28-468Z,C,entity-09-malicious,malicious,2,2026-07-13T09:36:42.625Z,2026-07-13T09:36:42.625Z,2026-07-13T09:36:42.625Z,0,2026-07-13T09:36:42.794Z,0x462ec3b92f1b2edaba92a4d90b2a33f88a75a446fec089664c8b2fa3f01ac6b2,2026-07-13T09:36:47.252Z,success,40278,1000,6377272,0xdbc6460b11826141c203a706f6360a9b85b1051e0a098afa68aef4086fbb1987,2026-07-13T09:36:47.252Z,4458,4458,4627,28,Untrusted,2026-07-13T09:36:38.601Z,0x3bde3e9fb8b533e414fdad8691008ba70e80a2d5b2a60ce79f54b44c34d0d253,,variant-batch live execution
datm-live-2026-07-13T09-36-28-468Z,C,entity-10-malicious,malicious,2,2026-07-13T09:36:42.625Z,2026-07-13T09:36:42.625Z,2026-07-13T09:36:42.625Z,0,2026-07-13T09:36:42.795Z,0x64c5639cfbce8419248822782c2892df886920de3b4c20b602952de004b8292c,2026-07-13T09:36:47.242Z,success,40278,1000,6377272,0xdbc6460b11826141c203a706f6360a9b85b1051e0a098afa68aef4086fbb1987,2026-07-13T09:36:47.242Z,4447,4447,4617,32,Untrusted,2026-07-13T09:36:38.601Z,0xd41acc54f44d99b3218f8603d3b21be24708d376314c4608d238810ac9719518,,variant-batch live execution
datm-live-2026-07-13T09-36-28-468Z,C,entity-01-normal,normal,3,2026-07-13T09:36:52.386Z,2026-07-13T09:36:52.386Z,2026-07-13T09:36:52.386Z,0,2026-07-13T09:36:52.496Z,0x7421013055f88863c9a0b9276c27b75a1929aa17b776da0d684afde473cbc539,2026-07-13T09:36:56.732Z,success,40187,1000,6377274,0x59ac5f61046cf3220cca6bc846650d201081c5d6d954fbccd32158557fb3a40b,2026-07-13T09:36:56.732Z,4236,4236,4346,93,Trusted,2026-07-13T09:36:48.601Z,0xac7bba9b56a7c121303b6543b4ba62a6b465e6e738783c62f728dc3d29097700,,variant-batch live execution
datm-live-2026-07-13T09-36-28-468Z,C,entity-02-normal,normal,3,2026-07-13T09:36:52.388Z,2026-07-13T09:36:52.388Z,2026-07-13T09:36:52.388Z,0,2026-07-13T09:36:52.497Z,0xd905f11f087f22857dd9e8ac07b3a47e240dc84bb0a80c996fe6aaa48c6c62d9,2026-07-13T09:36:56.768Z,success,40211,1000,6377274,0x59ac5f61046cf3220cca6bc846650d201081c5d6d954fbccd32158557fb3a40b,2026-07-13T09:36:56.768Z,4271,4271,4380,92,Trusted,2026-07-13T09:36:48.601Z,0xf615043d27f75aa48a41055a5e7c3bae1539681c32df36e7a71a88d536df85e1,,variant-batch live execution
datm-live-2026-07-13T09-36-28-468Z,C,entity-03-normal,normal,3,2026-07-13T09:36:52.389Z,2026-07-13T09:36:52.389Z,2026-07-13T09:36:52.389Z,0,2026-07-13T09:36:52.497Z,0xa83bfc59a6f580fab4802758edb31c9430654647d2ceaf3c7e6fe92a3ce693c9,2026-07-13T09:36:56.745Z,success,40199,1000,6377274,0x59ac5f61046cf3220cca6bc846650d201081c5d6d954fbccd32158557fb3a40b,2026-07-13T09:36:56.745Z,4248,4248,4356,93,Trusted,2026-07-13T09:36:48.601Z,0xd45a4f8611368a51dd55c13c61a72e3dd64b6568a7a3151d353c755d6f14ee6a,,variant-batch live execution
datm-live-2026-07-13T09-36-28-468Z,C,entity-04-normal,normal,3,2026-07-13T09:36:52.390Z,2026-07-13T09:36:52.390Z,2026-07-13T09:36:52.390Z,0,2026-07-13T09:36:52.523Z,0xe4088d756382e30b83ed3038814d041e54274c74a601f330cc9120eee62ed26d,2026-07-13T09:36:56.746Z,success,40199,1000,6377274,0x59ac5f61046cf3220cca6bc846650d201081c5d6d954fbccd32158557fb3a40b,2026-07-13T09:36:56.746Z,4223,4223,4356,93,Trusted,2026-07-13T09:36:48.601Z,0xbf439e4ff3c103ace229cd7a69e6a1a4f95f7772e558461a8bd7c857e23df136,,variant-batch live execution
datm-live-2026-07-13T09-36-28-468Z,C,entity-05-suspicious,suspicious,3,2026-07-13T09:36:52.391Z,2026-07-13T09:36:52.391Z,2026-07-13T09:36:52.391Z,0,2026-07-13T09:36:52.497Z,0xd15166565b544f4843417255f2038b39460a9bb5e65b4316f112f362e569d2ed,2026-07-13T09:36:56.744Z,success,40291,1000,6377274,0x59ac5f61046cf3220cca6bc846650d201081c5d6d954fbccd32158557fb3a40b,2026-07-13T09:36:56.744Z,4247,4247,4353,60,Suspicious,2026-07-13T09:36:48.601Z,0xc23a6cc29b63476de62bb6e18722040bfc38928bed63a3820394cfaf07b5e3d0,,variant-batch live execution
datm-live-2026-07-13T09-36-28-468Z,C,entity-06-suspicious,suspicious,3,2026-07-13T09:36:52.391Z,2026-07-13T09:36:52.391Z,2026-07-13T09:36:52.391Z,0,2026-07-13T09:36:52.497Z,0x5f48f7391d42dcbd1a232d9c1dbd2cfeb57d2c604f8d786e55a128833a9eae40,2026-07-13T09:36:56.736Z,success,40291,1000,6377274,0x59ac5f61046cf3220cca6bc846650d201081c5d6d954fbccd32158557fb3a40b,2026-07-13T09:36:56.736Z,4239,4239,4345,64,Suspicious,2026-07-13T09:36:48.601Z,0x5027066e3be96032469140aabcc830cc25022d4461a042f68dcbb91b5966529d,,variant-batch live execution
datm-live-2026-07-13T09-36-28-468Z,C,entity-07-suspicious,suspicious,3,2026-07-13T09:36:52.393Z,2026-07-13T09:36:52.393Z,2026-07-13T09:36:52.393Z,0,2026-07-13T09:36:52.523Z,0x6475e18ff2c54dfe0e4026c5619d32124280f9f602580453e9a2d63427760640,2026-07-13T09:36:56.926Z,success,40291,1000,6377274,0x59ac5f61046cf3220cca6bc846650d201081c5d6d954fbccd32158557fb3a40b,2026-07-13T09:36:56.926Z,4403,4403,4533,60,Suspicious,2026-07-13T09:36:48.601Z,0xe37b95ab3f55fa78d3674dfa916139e218ae3a1c3c4f891565e1d4dc836f4401,,variant-batch live execution
datm-live-2026-07-13T09-36-28-468Z,C,entity-08-malicious,malicious,3,2026-07-13T09:36:52.393Z,2026-07-13T09:36:52.393Z,2026-07-13T09:36:52.393Z,0,2026-07-13T09:36:52.497Z,0xf18640601b0579aff617f5478deb583bd4416e4e58db3162323681c6b94c9ee8,2026-07-13T09:36:56.934Z,success,40290,1000,6377274,0x59ac5f61046cf3220cca6bc846650d201081c5d6d954fbccd32158557fb3a40b,2026-07-13T09:36:56.934Z,4437,4437,4541,28,Untrusted,2026-07-13T09:36:48.601Z,0x8c8be3d6e938e5f987f9d1f98a66292ed93dca28d51f35b52c1f0d24e83a6154,,variant-batch live execution
datm-live-2026-07-13T09-36-28-468Z,C,entity-09-malicious,malicious,3,2026-07-13T09:36:52.393Z,2026-07-13T09:36:52.393Z,2026-07-13T09:36:52.393Z,0,2026-07-13T09:36:52.523Z,0x19c5d62d15b1fa7c2305336aaf4377742caca5121d22139424af4c3ac389c696,2026-07-13T09:36:56.951Z,success,40290,1000,6377274,0x59ac5f61046cf3220cca6bc846650d201081c5d6d954fbccd32158557fb3a40b,2026-07-13T09:36:56.951Z,4428,4428,4558,30,Untrusted,2026-07-13T09:36:48.601Z,0x3f51dc908aa1ede1e0c5193d94c3e5e75ddafcd187fc9fd6babaddc0d4dc4ff0,,variant-batch live execution
datm-live-2026-07-13T09-36-28-468Z,C,entity-10-malicious,malicious,3,2026-07-13T09:36:52.394Z,2026-07-13T09:36:52.394Z,2026-07-13T09:36:52.394Z,0,2026-07-13T09:36:52.523Z,0xa32894814d49103db67c43d6c177c9d42d9d0b30ab5e5515546d40b45fa90ced,2026-07-13T09:36:56.972Z,success,40278,1000,6377274,0x59ac5f61046cf3220cca6bc846650d201081c5d6d954fbccd32158557fb3a40b,2026-07-13T09:36:56.972Z,4449,4449,4578,30,Untrusted,2026-07-13T09:36:48.601Z,0x9f894c355bb568639598749a26dae095aaec14bee8805a79050ab08ef17cb9fc,,variant-batch live execution
datm-live-2026-07-13T09-36-28-468Z,C,entity-01-normal,normal,4,2026-07-13T09:37:02.087Z,2026-07-13T09:37:02.087Z,2026-07-13T09:37:02.087Z,0,2026-07-13T09:37:02.215Z,0x3fe5c4c77d5b19bd060f574e2907fecece2d6549004c7ecb4ea51b0259450f85,2026-07-13T09:37:06.492Z,success,40211,1000,6377276,0x9d67a1472db21386fb33e010c12689fa490b68094673e26be35e0f94d9d9a38c,2026-07-13T09:37:06.492Z,4277,4277,4405,91,Trusted,2026-07-13T09:36:58.601Z,0xb55f1277b567e0dca95b195de924f92199ecb2a18968362a532ad7e1dc4edbc5,,variant-batch live execution
datm-live-2026-07-13T09-36-28-468Z,C,entity-02-normal,normal,4,2026-07-13T09:37:02.090Z,2026-07-13T09:37:02.090Z,2026-07-13T09:37:02.090Z,0,2026-07-13T09:37:02.238Z,0x11a1a3d80ad67f51f395f4b30bd0e6115730f52167164678da97bedd9f593f48,2026-07-13T09:37:06.491Z,success,40199,1000,6377276,0x9d67a1472db21386fb33e010c12689fa490b68094673e26be35e0f94d9d9a38c,2026-07-13T09:37:06.491Z,4253,4253,4401,93,Trusted,2026-07-13T09:36:58.601Z,0x7339121eb8e754fc8befba69eca0394e59089686b156f9c5ec0edb49a4bbeb23,,variant-batch live execution
datm-live-2026-07-13T09-36-28-468Z,C,entity-03-normal,normal,4,2026-07-13T09:37:02.091Z,2026-07-13T09:37:02.091Z,2026-07-13T09:37:02.091Z,0,2026-07-13T09:37:02.238Z,0xdf77fad80b21281f53cc77291b286bf6ed8409a782f9bfea14a936a7983b22e8,2026-07-13T09:37:06.493Z,success,40199,1000,6377276,0x9d67a1472db21386fb33e010c12689fa490b68094673e26be35e0f94d9d9a38c,2026-07-13T09:37:06.493Z,4255,4255,4402,93,Trusted,2026-07-13T09:36:58.601Z,0xcc586edfedfe617ebc8026106d795cc75c0a01ae6101c71a6cc33845a845f0d2,,variant-batch live execution
datm-live-2026-07-13T09-36-28-468Z,C,entity-04-normal,normal,4,2026-07-13T09:37:02.092Z,2026-07-13T09:37:02.092Z,2026-07-13T09:37:02.092Z,0,2026-07-13T09:37:02.239Z,0x01551c1630ea9493b4cf94d5342b9885b03747a2c47ad0c94af7cc79a8c1e965,2026-07-13T09:37:06.617Z,success,40211,1000,6377276,0x9d67a1472db21386fb33e010c12689fa490b68094673e26be35e0f94d9d9a38c,2026-07-13T09:37:06.617Z,4378,4378,4525,91,Trusted,2026-07-13T09:36:58.601Z,0x16ae6d33724e75a960096cf6090deba9cfc194cb4ba866a3dc4a16334b24fe56,,variant-batch live execution
datm-live-2026-07-13T09-36-28-468Z,C,entity-05-suspicious,suspicious,4,2026-07-13T09:37:02.092Z,2026-07-13T09:37:02.092Z,2026-07-13T09:37:02.092Z,0,2026-07-13T09:37:02.239Z,0x36dd9173217aff94ed83c6b75d3fc3b6452a269ef991cc059c2be93e641722e3,2026-07-13T09:37:06.479Z,success,40291,1000,6377276,0x9d67a1472db21386fb33e010c12689fa490b68094673e26be35e0f94d9d9a38c,2026-07-13T09:37:06.479Z,4240,4240,4387,64,Suspicious,2026-07-13T09:36:58.601Z,0x7c36ca8ed50b5a0524da660a9ca118eea765d70242f61851aff2a576bd19610c,,variant-batch live execution
datm-live-2026-07-13T09-36-28-468Z,C,entity-06-suspicious,suspicious,4,2026-07-13T09:37:02.094Z,2026-07-13T09:37:02.094Z,2026-07-13T09:37:02.094Z,0,2026-07-13T09:37:02.239Z,0xebb8bdf9c08908ef770ea072690346d56f3defcad81fbf7f40287070041896cb,2026-07-13T09:37:06.493Z,success,40291,1000,6377276,0x9d67a1472db21386fb33e010c12689fa490b68094673e26be35e0f94d9d9a38c,2026-07-13T09:37:06.493Z,4254,4254,4399,61,Suspicious,2026-07-13T09:36:58.601Z,0xfde8bae8237ba8caf6e062ccd49dd0f66f61319934c865955e77399b246bada5,,variant-batch live execution
datm-live-2026-07-13T09-36-28-468Z,C,entity-07-suspicious,suspicious,4,2026-07-13T09:37:02.095Z,2026-07-13T09:37:02.095Z,2026-07-13T09:37:02.095Z,0,2026-07-13T09:37:02.244Z,0xb94c5236c305b8bc2aece5dc4df9eb1a42bf2cc61275ca8fb33cc497052df3ff,2026-07-13T09:37:07.173Z,success,40291,1000,6377276,0x9d67a1472db21386fb33e010c12689fa490b68094673e26be35e0f94d9d9a38c,2026-07-13T09:37:07.173Z,4929,4929,5078,60,Suspicious,2026-07-13T09:36:58.601Z,0xc2ddebf954b734b41b131e1d9ccf0f2ed33a3cf5cb17cc7ab84a1daa1e6dc520,,variant-batch live execution
datm-live-2026-07-13T09-36-28-468Z,C,entity-08-malicious,malicious,4,2026-07-13T09:37:02.095Z,2026-07-13T09:37:02.095Z,2026-07-13T09:37:02.095Z,0,2026-07-13T09:37:02.244Z,0xe80b396f82c477a166902d27499e9f93857b109a9f9520c7a76f0b0008399c0d,2026-07-13T09:37:07.131Z,success,40290,1000,6377276,0x9d67a1472db21386fb33e010c12689fa490b68094673e26be35e0f94d9d9a38c,2026-07-13T09:37:07.131Z,4887,4887,5036,30,Untrusted,2026-07-13T09:36:58.601Z,0x9f1a4d4a6d550ad71e4d40905574926d4ad80aa8c0633fa7a6aab1cf853ff83d,,variant-batch live execution
datm-live-2026-07-13T09-36-28-468Z,C,entity-09-malicious,malicious,4,2026-07-13T09:37:02.096Z,2026-07-13T09:37:02.096Z,2026-07-13T09:37:02.096Z,0,2026-07-13T09:37:02.244Z,0x5035d1c186979031554fc84621ac3c7d796b7ff5aa92f91a08a63566e2f963a7,2026-07-13T09:37:07.133Z,success,40278,1000,6377276,0x9d67a1472db21386fb33e010c12689fa490b68094673e26be35e0f94d9d9a38c,2026-07-13T09:37:07.133Z,4889,4889,5037,29,Untrusted,2026-07-13T09:36:58.601Z,0x6e9cc5e18462a961209330dd5e005259c3bd3e034bbb0758bf9fcf6b548fdeaa,,variant-batch live execution
datm-live-2026-07-13T09-36-28-468Z,C,entity-10-malicious,malicious,4,2026-07-13T09:37:02.096Z,2026-07-13T09:37:02.096Z,2026-07-13T09:37:02.096Z,0,2026-07-13T09:37:02.244Z,0xb17037725afa2e424acede8f1c1eae9cd20e1a741263aebd717157c0fbf6269b,2026-07-13T09:37:07.130Z,success,40266,1000,6377276,0x9d67a1472db21386fb33e010c12689fa490b68094673e26be35e0f94d9d9a38c,2026-07-13T09:37:07.130Z,4886,4886,5034,29,Untrusted,2026-07-13T09:36:58.601Z,0xba73e7dc30ee0ea225878be3745700012e66f052abdf5461adbac0a286858b3e,,variant-batch live execution
datm-live-2026-07-13T09-36-28-468Z,C,entity-01-normal,normal,5,2026-07-13T09:37:12.547Z,2026-07-13T09:37:12.547Z,2026-07-13T09:37:12.547Z,0,2026-07-13T09:37:12.684Z,0x87ec3b0e705bef4440d90b85093bb04260689e6e46fe7e218fbbf9f69b0a6109,2026-07-13T09:37:17.060Z,success,40199,1000,6377278,0x1d7d2670827ee3be1b8728e42262f3f3a30f2dd074afce86430a4993fbfb0e2a,2026-07-13T09:37:17.060Z,4376,4376,4513,93,Trusted,2026-07-13T09:37:08.601Z,0x61d5e8741de2e0aa0beeb471139eca6c0e363210097c5b248efbb11e74aa5510,,variant-batch live execution
datm-live-2026-07-13T09-36-28-468Z,C,entity-02-normal,normal,5,2026-07-13T09:37:12.549Z,2026-07-13T09:37:12.549Z,2026-07-13T09:37:12.549Z,0,2026-07-13T09:37:12.676Z,0xb2edde9014d9d3c5b6652065e50c743755098bfcfca8c50aa926fc9da54a20bf,2026-07-13T09:37:17.045Z,success,40199,1000,6377278,0x1d7d2670827ee3be1b8728e42262f3f3a30f2dd074afce86430a4993fbfb0e2a,2026-07-13T09:37:17.045Z,4369,4369,4496,93,Trusted,2026-07-13T09:37:08.601Z,0x47907c736820640cf578f1c8d9ad74d0f93f0d8aaf4456d33e76adfcc4ac60c9,,variant-batch live execution
datm-live-2026-07-13T09-36-28-468Z,C,entity-03-normal,normal,5,2026-07-13T09:37:12.549Z,2026-07-13T09:37:12.549Z,2026-07-13T09:37:12.549Z,0,2026-07-13T09:37:12.684Z,0x736c693c8a450699f6c3e216071fcad47cb7bf53b63fb05fcdc96d47dbfb205b,2026-07-13T09:37:17.041Z,success,40199,1000,6377278,0x1d7d2670827ee3be1b8728e42262f3f3a30f2dd074afce86430a4993fbfb0e2a,2026-07-13T09:37:17.041Z,4357,4357,4492,92,Trusted,2026-07-13T09:37:08.601Z,0x8de5b85c3dcd5afba375b2e93d8b21a9c317c4dfad3000afdd3592205dff2e39,,variant-batch live execution
datm-live-2026-07-13T09-36-28-468Z,C,entity-04-normal,normal,5,2026-07-13T09:37:12.550Z,2026-07-13T09:37:12.550Z,2026-07-13T09:37:12.550Z,0,2026-07-13T09:37:12.684Z,0x7f03109f049b4ceb22de9662676b6ece703ec318b7c00a5d6bfc09f05cdf2c69,2026-07-13T09:37:17.045Z,success,40199,1000,6377278,0x1d7d2670827ee3be1b8728e42262f3f3a30f2dd074afce86430a4993fbfb0e2a,2026-07-13T09:37:17.045Z,4361,4361,4495,93,Trusted,2026-07-13T09:37:08.601Z,0x8b55a77bf8a6d9878ff13c5418d904750fd033db41b465439f9a1a568eb9682d,,variant-batch live execution
datm-live-2026-07-13T09-36-28-468Z,C,entity-05-suspicious,suspicious,5,2026-07-13T09:37:12.551Z,2026-07-13T09:37:12.551Z,2026-07-13T09:37:12.551Z,0,2026-07-13T09:37:12.684Z,0xe2c17e131f936f6d47cb387aec3756c2f685077a61ed5b6591f9cd60d1641f62,2026-07-13T09:37:17.043Z,success,40291,1000,6377278,0x1d7d2670827ee3be1b8728e42262f3f3a30f2dd074afce86430a4993fbfb0e2a,2026-07-13T09:37:17.043Z,4359,4359,4492,61,Suspicious,2026-07-13T09:37:08.601Z,0x40b0726309873e4db62f2c7d75783c3d1836f6fe0720b2f8418dcac618e5a3a3,,variant-batch live execution
datm-live-2026-07-13T09-36-28-468Z,C,entity-06-suspicious,suspicious,5,2026-07-13T09:37:12.551Z,2026-07-13T09:37:12.551Z,2026-07-13T09:37:12.551Z,0,2026-07-13T09:37:12.684Z,0x6f8d4e882f47e1b7195164c3626a7acdee705deffc8eb71c44e0abb189bfab9c,2026-07-13T09:37:17.036Z,success,40291,1000,6377278,0x1d7d2670827ee3be1b8728e42262f3f3a30f2dd074afce86430a4993fbfb0e2a,2026-07-13T09:37:17.036Z,4352,4352,4485,59,Suspicious,2026-07-13T09:37:08.601Z,0x9e625ac46525377061a9beee468f4060e93bde75aaf82640cadc4641dd400dc3,,variant-batch live execution
datm-live-2026-07-13T09-36-28-468Z,C,entity-07-suspicious,suspicious,5,2026-07-13T09:37:12.552Z,2026-07-13T09:37:12.552Z,2026-07-13T09:37:12.552Z,0,2026-07-13T09:37:12.729Z,0xbb6579062fd150506e6c10e09852b75e22681b69b4fd7b8b8660726daabafb54,2026-07-13T09:37:17.242Z,success,40291,1000,6377278,0x1d7d2670827ee3be1b8728e42262f3f3a30f2dd074afce86430a4993fbfb0e2a,2026-07-13T09:37:17.242Z,4513,4513,4690,64,Suspicious,2026-07-13T09:37:08.601Z,0x48b6572094347051ff6ce35770a993f102139b644fe55807feb95fd3f8af2ae1,,variant-batch live execution
datm-live-2026-07-13T09-36-28-468Z,C,entity-08-malicious,malicious,5,2026-07-13T09:37:12.552Z,2026-07-13T09:37:12.552Z,2026-07-13T09:37:12.552Z,0,2026-07-13T09:37:12.729Z,0xae6bfaf045604071c04637d4ea395bd63c9034fd1833dde4131ec08bf8c694d1,2026-07-13T09:37:17.250Z,success,40290,1000,6377278,0x1d7d2670827ee3be1b8728e42262f3f3a30f2dd074afce86430a4993fbfb0e2a,2026-07-13T09:37:17.250Z,4521,4521,4698,30,Untrusted,2026-07-13T09:37:08.601Z,0x2c7adf98e3bf29f80da6f7b245c6bc61eccc4dfeb909022e517b8531e19d8b5e,,variant-batch live execution
datm-live-2026-07-13T09-36-28-468Z,C,entity-09-malicious,malicious,5,2026-07-13T09:37:12.553Z,2026-07-13T09:37:12.553Z,2026-07-13T09:37:12.553Z,0,2026-07-13T09:37:12.730Z,0xac9ebbb22a79821193a081da2826c679c60dac6132abed6f4623a7fbe5b06c12,2026-07-13T09:37:17.261Z,success,40290,1000,6377278,0x1d7d2670827ee3be1b8728e42262f3f3a30f2dd074afce86430a4993fbfb0e2a,2026-07-13T09:37:17.261Z,4531,4531,4708,28,Untrusted,2026-07-13T09:37:08.601Z,0x79c650a7aad26fb61d5552e95d3a83202bd3d078a7f83fad4ef4eff2ec9eaf86,,variant-batch live execution
datm-live-2026-07-13T09-36-28-468Z,C,entity-10-malicious,malicious,5,2026-07-13T09:37:12.554Z,2026-07-13T09:37:12.554Z,2026-07-13T09:37:12.554Z,0,2026-07-13T09:37:12.730Z,0x3232d35da3ce301ca0ae0bd17ca8c04cb9665b198091ee04d7c8211aa6a03f77,2026-07-13T09:37:17.269Z,success,40278,1000,6377278,0x1d7d2670827ee3be1b8728e42262f3f3a30f2dd074afce86430a4993fbfb0e2a,2026-07-13T09:37:17.269Z,4539,4539,4715,31,Untrusted,2026-07-13T09:37:08.601Z,0x0177a2647e21438aa4b75495e8068fc66f9accf26831c9e5a1a3d1c2fef8cf57,,variant-batch live execution
datm-live-2026-07-13T09-36-28-468Z,C,entity-01-normal,normal,6,2026-07-13T09:37:22.394Z,2026-07-13T09:37:22.394Z,2026-07-13T09:37:22.394Z,0,2026-07-13T09:37:22.543Z,0xa3a58034fe38d6196b64a7ec48937f290c701a60150a5698335486a4f86baccd,2026-07-13T09:37:27.017Z,success,40187,1000,6377280,0x2d77afd7d19364616308731ec26dde3597da2634f55940849d464a26233a20bd,2026-07-13T09:37:27.017Z,4474,4474,4623,93,Trusted,2026-07-13T09:37:18.601Z,0x87327ab7125862b9795cb2009dc06f7c09ee46b983f35117cc8c6d1626dff38d,,variant-batch live execution
datm-live-2026-07-13T09-36-28-468Z,C,entity-02-normal,normal,6,2026-07-13T09:37:22.395Z,2026-07-13T09:37:22.395Z,2026-07-13T09:37:22.395Z,0,2026-07-13T09:37:22.530Z,0x27ab115e9c3b074033a81bc1501d6df865412e1209a03448b2173566c3071b64,2026-07-13T09:37:27.016Z,success,40211,1000,6377280,0x2d77afd7d19364616308731ec26dde3597da2634f55940849d464a26233a20bd,2026-07-13T09:37:27.016Z,4486,4486,4621,92,Trusted,2026-07-13T09:37:18.601Z,0x9785f50ec21b6fbf233f5c0e0bf4756b7c199e5e38b9e7787a93babbe84769a1,,variant-batch live execution
datm-live-2026-07-13T09-36-28-468Z,C,entity-03-normal,normal,6,2026-07-13T09:37:22.396Z,2026-07-13T09:37:22.396Z,2026-07-13T09:37:22.396Z,0,2026-07-13T09:37:22.543Z,0x203721ebea6fa4fbad5892120c2370b04e3afe9a6b555754d63f6b2c4f082b90,2026-07-13T09:37:27.011Z,success,40199,1000,6377280,0x2d77afd7d19364616308731ec26dde3597da2634f55940849d464a26233a20bd,2026-07-13T09:37:27.011Z,4468,4468,4615,93,Trusted,2026-07-13T09:37:18.601Z,0xa8db147f0e2c1b4320a3ef148fd3f36cc7436af45b983b977bf4abfda83577cb,,variant-batch live execution
datm-live-2026-07-13T09-36-28-468Z,C,entity-04-normal,normal,6,2026-07-13T09:37:22.396Z,2026-07-13T09:37:22.396Z,2026-07-13T09:37:22.396Z,0,2026-07-13T09:37:22.543Z,0xdb95a2cf117378c48753711017b9e4a5a9f70e602ceee512bd40f86a7055a759,2026-07-13T09:37:27.012Z,success,40199,1000,6377280,0x2d77afd7d19364616308731ec26dde3597da2634f55940849d464a26233a20bd,2026-07-13T09:37:27.012Z,4469,4469,4616,93,Trusted,2026-07-13T09:37:18.601Z,0xbd40f2099201ebee5cb2d1b4f79c81fb78f7fad613b2636c59dba510ba26c94d,,variant-batch live execution
datm-live-2026-07-13T09-36-28-468Z,C,entity-05-suspicious,suspicious,6,2026-07-13T09:37:22.396Z,2026-07-13T09:37:22.396Z,2026-07-13T09:37:22.396Z,0,2026-07-13T09:37:22.543Z,0xc493ab9b099cb785b9c7c8eedf6368d4576000a45be3928276c0d3f4ed4ff42d,2026-07-13T09:37:27.013Z,success,40291,1000,6377280,0x2d77afd7d19364616308731ec26dde3597da2634f55940849d464a26233a20bd,2026-07-13T09:37:27.013Z,4470,4470,4617,59,Suspicious,2026-07-13T09:37:18.601Z,0x0b7a8ea17eaff6f501895f8d9d19166dece0499601108f0505783a88d3b698eb,,variant-batch live execution
datm-live-2026-07-13T09-36-28-468Z,C,entity-06-suspicious,suspicious,6,2026-07-13T09:37:22.397Z,2026-07-13T09:37:22.397Z,2026-07-13T09:37:22.397Z,0,2026-07-13T09:37:22.564Z,0x566fee25ef0fc87e7db42544931b472e94f9d0aec99522d2c9f392c94b8b875c,2026-07-13T09:37:26.970Z,success,40291,1000,6377280,0x2d77afd7d19364616308731ec26dde3597da2634f55940849d464a26233a20bd,2026-07-13T09:37:26.970Z,4406,4406,4573,60,Suspicious,2026-07-13T09:37:18.601Z,0x99dc82dac65aad325b2ac47ec2651780230a43fe954e906940e90716fb88766b,,variant-batch live execution
datm-live-2026-07-13T09-36-28-468Z,C,entity-07-suspicious,suspicious,6,2026-07-13T09:37:22.397Z,2026-07-13T09:37:22.397Z,2026-07-13T09:37:22.397Z,0,2026-07-13T09:37:22.543Z,0xe2fd9bf70d4b2e96f901e8a9e6b9a3fda2ac3969b7e14cf83486dcf6a1afc4ae,2026-07-13T09:37:27.219Z,success,40291,1000,6377280,0x2d77afd7d19364616308731ec26dde3597da2634f55940849d464a26233a20bd,2026-07-13T09:37:27.219Z,4676,4676,4822,61,Suspicious,2026-07-13T09:37:18.601Z,0x01ac2bc81735868bf8d9122107b21d44d0c7f04fc71b651fdd9360ecf2b7ce21,,variant-batch live execution
datm-live-2026-07-13T09-36-28-468Z,C,entity-08-malicious,malicious,6,2026-07-13T09:37:22.398Z,2026-07-13T09:37:22.398Z,2026-07-13T09:37:22.398Z,0,2026-07-13T09:37:22.564Z,0x28951a1f98ead6f84adc2fa53d5b4e54386abb40e9593228a14f00a2bd940fd1,2026-07-13T09:37:27.206Z,success,40290,1000,6377280,0x2d77afd7d19364616308731ec26dde3597da2634f55940849d464a26233a20bd,2026-07-13T09:37:27.206Z,4642,4642,4808,28,Untrusted,2026-07-13T09:37:18.601Z,0xfa859462e8d93f015e876f2d1aeb50263d0b4c59440e4dcb8bf1f023a1d909dc,,variant-batch live execution
datm-live-2026-07-13T09-36-28-468Z,C,entity-09-malicious,malicious,6,2026-07-13T09:37:22.398Z,2026-07-13T09:37:22.398Z,2026-07-13T09:37:22.398Z,0,2026-07-13T09:37:22.564Z,0x05e921f00168157d463afbb9493d74058c99fdb036cfbc178a591a3205bdb750,2026-07-13T09:37:27.218Z,success,40290,1000,6377280,0x2d77afd7d19364616308731ec26dde3597da2634f55940849d464a26233a20bd,2026-07-13T09:37:27.218Z,4654,4654,4820,29,Untrusted,2026-07-13T09:37:18.601Z,0x0b4db83e5bb6441032fec89af1528a263513cb70dd3c5019cc10602bd004ba42,,variant-batch live execution
datm-live-2026-07-13T09-36-28-468Z,C,entity-10-malicious,malicious,6,2026-07-13T09:37:22.398Z,2026-07-13T09:37:22.398Z,2026-07-13T09:37:22.398Z,0,2026-07-13T09:37:22.565Z,0x9c7266874156e7979c3d86ea9c61e1e4958dead319096a71cbb077391d28bdf6,2026-07-13T09:37:27.246Z,success,40278,1000,6377280,0x2d77afd7d19364616308731ec26dde3597da2634f55940849d464a26233a20bd,2026-07-13T09:37:27.246Z,4681,4681,4848,30,Untrusted,2026-07-13T09:37:18.601Z,0x49e6048f387b9732c1fd8a926507cea33db0b71be4cd2cdba5c5c30ed1f6ccec,,variant-batch live execution
datm-live-2026-07-13T09-36-28-468Z,C,entity-01-normal,normal,7,2026-07-13T09:37:32.370Z,2026-07-13T09:37:32.370Z,2026-07-13T09:37:32.370Z,0,2026-07-13T09:37:32.496Z,0x759f3dfd649cb56c785d468946b36eadc7f21e297a01fa9f47b1e8ee53593fa2,2026-07-13T09:37:36.750Z,success,40199,1000,6377282,0x41fd2f9da9b5c79c2923858f6dcec05c26fb8cf212e16e2558d0dd4116388373,2026-07-13T09:37:36.750Z,4254,4254,4380,92,Trusted,2026-07-13T09:37:28.601Z,0x1f82efc2747363af83412e4e53f41f7f2e0c1549799c009807891564a1906716,,variant-batch live execution
datm-live-2026-07-13T09-36-28-468Z,C,entity-02-normal,normal,7,2026-07-13T09:37:32.372Z,2026-07-13T09:37:32.372Z,2026-07-13T09:37:32.372Z,0,2026-07-13T09:37:32.496Z,0xcfd95db015ab037ad12c6d7fc5109ed314ee7e2aa846898ecdba3f20793d7edf,2026-07-13T09:37:36.751Z,success,40199,1000,6377282,0x41fd2f9da9b5c79c2923858f6dcec05c26fb8cf212e16e2558d0dd4116388373,2026-07-13T09:37:36.751Z,4255,4255,4379,93,Trusted,2026-07-13T09:37:28.601Z,0x87fe0995a5cc167656ca2c73a1da367bad0dc8f38dd22a1ec3c5f2b40c348235,,variant-batch live execution
datm-live-2026-07-13T09-36-28-468Z,C,entity-03-normal,normal,7,2026-07-13T09:37:32.374Z,2026-07-13T09:37:32.374Z,2026-07-13T09:37:32.374Z,0,2026-07-13T09:37:32.507Z,0x07e2ae5d85d9d80a1f5dc0d03791351db16c09d8bd5f810d96c4b8a81b13492a,2026-07-13T09:37:36.751Z,success,40199,1000,6377282,0x41fd2f9da9b5c79c2923858f6dcec05c26fb8cf212e16e2558d0dd4116388373,2026-07-13T09:37:36.751Z,4244,4244,4377,93,Trusted,2026-07-13T09:37:28.601Z,0x5fd48076f44206daa5bb1eaceb13e76e80379aebcc5753a54ba2daaeadb4f8f5,,variant-batch live execution
datm-live-2026-07-13T09-36-28-468Z,C,entity-04-normal,normal,7,2026-07-13T09:37:32.374Z,2026-07-13T09:37:32.374Z,2026-07-13T09:37:32.374Z,0,2026-07-13T09:37:32.507Z,0x2eca320d7c793f0a00dae02caf9e5375f0fa45b1ee8cf9751bff0eb8bc8f81e2,2026-07-13T09:37:36.751Z,success,40211,1000,6377282,0x41fd2f9da9b5c79c2923858f6dcec05c26fb8cf212e16e2558d0dd4116388373,2026-07-13T09:37:36.751Z,4244,4244,4377,92,Trusted,2026-07-13T09:37:28.601Z,0xc8b26defeaafbdb3670d9ba4a5e90b60f4c8181bb91d7d62360450c69381b1aa,,variant-batch live execution
datm-live-2026-07-13T09-36-28-468Z,C,entity-05-suspicious,suspicious,7,2026-07-13T09:37:32.375Z,2026-07-13T09:37:32.375Z,2026-07-13T09:37:32.375Z,0,2026-07-13T09:37:32.508Z,0x8a83cbbff1668c0e5d0038ae73974c668902da00e816b39dc6857f565bf83b95,2026-07-13T09:37:36.751Z,success,40279,1000,6377282,0x41fd2f9da9b5c79c2923858f6dcec05c26fb8cf212e16e2558d0dd4116388373,2026-07-13T09:37:36.751Z,4243,4243,4376,60,Suspicious,2026-07-13T09:37:28.601Z,0x19dba7db353cffb3056cdb0a25540e5b96817041f8b85520a900481bea0f61e5,,variant-batch live execution
datm-live-2026-07-13T09-36-28-468Z,C,entity-06-suspicious,suspicious,7,2026-07-13T09:37:32.375Z,2026-07-13T09:37:32.375Z,2026-07-13T09:37:32.375Z,0,2026-07-13T09:37:32.526Z,0x945a332b9026f0b8de0f72365b37ede67513897db80d54ce9b53a034cf23d748,2026-07-13T09:37:36.780Z,success,40291,1000,6377282,0x41fd2f9da9b5c79c2923858f6dcec05c26fb8cf212e16e2558d0dd4116388373,2026-07-13T09:37:36.780Z,4254,4254,4405,62,Suspicious,2026-07-13T09:37:28.601Z,0xf94ec08e3db3f347aca6c870fadf6384537cea93627fdef3cf49e5db9c8152bc,,variant-batch live execution
datm-live-2026-07-13T09-36-28-468Z,C,entity-07-suspicious,suspicious,7,2026-07-13T09:37:32.375Z,2026-07-13T09:37:32.375Z,2026-07-13T09:37:32.375Z,0,2026-07-13T09:37:32.508Z,0xa7e5266b7236cabf5279b2417abab6918e509a0902eaf2d113049dbcb510a8d6,2026-07-13T09:37:36.948Z,success,40279,1000,6377282,0x41fd2f9da9b5c79c2923858f6dcec05c26fb8cf212e16e2558d0dd4116388373,2026-07-13T09:37:36.948Z,4440,4440,4573,59,Suspicious,2026-07-13T09:37:28.601Z,0xcbc9ade42e00c6f3e37a126eb30a7996c20f6ab5a41f4bf6043f18dd280c2e3f,,variant-batch live execution
datm-live-2026-07-13T09-36-28-468Z,C,entity-08-malicious,malicious,7,2026-07-13T09:37:32.376Z,2026-07-13T09:37:32.376Z,2026-07-13T09:37:32.376Z,0,2026-07-13T09:37:32.526Z,0xac9cbd0060f525bdeea94b047b15a8c1a22e03dd707cfe66348570295120606d,2026-07-13T09:37:36.968Z,success,40290,1000,6377282,0x41fd2f9da9b5c79c2923858f6dcec05c26fb8cf212e16e2558d0dd4116388373,2026-07-13T09:37:36.968Z,4442,4442,4592,29,Untrusted,2026-07-13T09:37:28.601Z,0x33e1e9f7b659ac9d11231842ee3a7a3edc6c1ae08133694e671b2347d2312561,,variant-batch live execution
datm-live-2026-07-13T09-36-28-468Z,C,entity-09-malicious,malicious,7,2026-07-13T09:37:32.376Z,2026-07-13T09:37:32.376Z,2026-07-13T09:37:32.376Z,0,2026-07-13T09:37:32.508Z,0xdc2868bc8cb56bcea477de94cd6e43c147d49a90289b54e278085865058e3d7f,2026-07-13T09:37:36.992Z,success,40290,1000,6377282,0x41fd2f9da9b5c79c2923858f6dcec05c26fb8cf212e16e2558d0dd4116388373,2026-07-13T09:37:36.992Z,4484,4484,4616,28,Untrusted,2026-07-13T09:37:28.601Z,0x65ec8c3df718e8a823cef8ae0adda5d094961f3543558f22b0a6538dffdbba2f,,variant-batch live execution
datm-live-2026-07-13T09-36-28-468Z,C,entity-10-malicious,malicious,7,2026-07-13T09:37:32.377Z,2026-07-13T09:37:32.377Z,2026-07-13T09:37:32.377Z,0,2026-07-13T09:37:32.526Z,0x3491cb6833a0eb9d649a20f0334f03d7e5af8082c0d669c7135b8c5d75b00e5c,2026-07-13T09:37:36.993Z,success,40266,1000,6377282,0x41fd2f9da9b5c79c2923858f6dcec05c26fb8cf212e16e2558d0dd4116388373,2026-07-13T09:37:36.993Z,4467,4467,4616,29,Untrusted,2026-07-13T09:37:28.601Z,0x0040f33787fd28f7d13563def82ff8f4750d70638fa768989a6d239f7bd7e46e,,variant-batch live execution
datm-live-2026-07-13T09-36-28-468Z,C,entity-01-normal,normal,8,2026-07-13T09:37:42.137Z,2026-07-13T09:37:42.137Z,2026-07-13T09:37:42.137Z,0,2026-07-13T09:37:42.255Z,0x3535707564d1bdf2b5a7c7dd5bc81290c663dc87b10780ac39c57ee44ea53237,2026-07-13T09:37:46.552Z,success,40187,1000,6377284,0x3a0d75869bb375a31d04ad6a0b41d65081e0f589a60300340a7f23fa9d1a9c45,2026-07-13T09:37:46.552Z,4297,4297,4415,93,Trusted,2026-07-13T09:37:38.601Z,0xb5db0163578b7bd479402da38aa8da92dedabf9adf71e55e00d37e416bdf3aa3,,variant-batch live execution
datm-live-2026-07-13T09-36-28-468Z,C,entity-02-normal,normal,8,2026-07-13T09:37:42.138Z,2026-07-13T09:37:42.138Z,2026-07-13T09:37:42.138Z,0,2026-07-13T09:37:42.266Z,0x625d33a96d3d10d4ac7f69ee7cbef701cb8f4b82aade1f33bfcef6d90ea54848,2026-07-13T09:37:46.549Z,success,40199,1000,6377284,0x3a0d75869bb375a31d04ad6a0b41d65081e0f589a60300340a7f23fa9d1a9c45,2026-07-13T09:37:46.549Z,4283,4283,4411,93,Trusted,2026-07-13T09:37:38.601Z,0xe7df3e57f328ba25e5f3063120caed6f375c7960942e7c84d863499bc3b9ce77,,variant-batch live execution
datm-live-2026-07-13T09-36-28-468Z,C,entity-03-normal,normal,8,2026-07-13T09:37:42.139Z,2026-07-13T09:37:42.139Z,2026-07-13T09:37:42.139Z,0,2026-07-13T09:37:42.267Z,0xa360a6c89dafaf0c2e08275d94b5d1a53fb39cf8226bdea8712bd1c9415f7a54,2026-07-13T09:37:46.550Z,success,40211,1000,6377284,0x3a0d75869bb375a31d04ad6a0b41d65081e0f589a60300340a7f23fa9d1a9c45,2026-07-13T09:37:46.550Z,4283,4283,4411,91,Trusted,2026-07-13T09:37:38.601Z,0xd75ae7a0f9b9a00a31174d4a7b70073ac226f45627ac54288942f5ad0a6b0f5a,,variant-batch live execution
datm-live-2026-07-13T09-36-28-468Z,C,entity-04-normal,normal,8,2026-07-13T09:37:42.139Z,2026-07-13T09:37:42.139Z,2026-07-13T09:37:42.139Z,0,2026-07-13T09:37:42.267Z,0xa0972de51c8be7cb7b4ccf87a5f401b2e325fc8491a1a89e24fdca93451d3605,2026-07-13T09:37:46.551Z,success,40187,1000,6377284,0x3a0d75869bb375a31d04ad6a0b41d65081e0f589a60300340a7f23fa9d1a9c45,2026-07-13T09:37:46.551Z,4284,4284,4412,93,Trusted,2026-07-13T09:37:38.601Z,0x2e7232a3e70a1c201637b4e4f4427b66b5d6e3a95c6ef392090067f45f76afc0,,variant-batch live execution
datm-live-2026-07-13T09-36-28-468Z,C,entity-05-suspicious,suspicious,8,2026-07-13T09:37:42.140Z,2026-07-13T09:37:42.140Z,2026-07-13T09:37:42.140Z,0,2026-07-13T09:37:42.267Z,0x1206ada32d07270c71a6dec7ce777392ab28765300f0e867f8e1afb704c1fbda,2026-07-13T09:37:46.552Z,success,40279,1000,6377284,0x3a0d75869bb375a31d04ad6a0b41d65081e0f589a60300340a7f23fa9d1a9c45,2026-07-13T09:37:46.552Z,4285,4285,4412,62,Suspicious,2026-07-13T09:37:38.601Z,0x73d414c93122f33c052d7878ba6984002aa912124b094d1b803e4c0568acbe6a,,variant-batch live execution
datm-live-2026-07-13T09-36-28-468Z,C,entity-06-suspicious,suspicious,8,2026-07-13T09:37:42.142Z,2026-07-13T09:37:42.142Z,2026-07-13T09:37:42.142Z,0,2026-07-13T09:37:42.267Z,0xfaf346978a5f97ca884eb45107ee060be24f3d2871dff177d17008257c739931,2026-07-13T09:37:46.578Z,success,40291,1000,6377284,0x3a0d75869bb375a31d04ad6a0b41d65081e0f589a60300340a7f23fa9d1a9c45,2026-07-13T09:37:46.578Z,4311,4311,4436,63,Suspicious,2026-07-13T09:37:38.601Z,0x2de8f901db3785b43029c914735af4261d432176d0b4a8cc6b6d74b3f4386a61,,variant-batch live execution
datm-live-2026-07-13T09-36-28-468Z,C,entity-07-suspicious,suspicious,8,2026-07-13T09:37:42.142Z,2026-07-13T09:37:42.142Z,2026-07-13T09:37:42.142Z,0,2026-07-13T09:37:42.300Z,0x67557103f9ad6f4494d7e2c6ae067f9a7a2b11d3c25011b90d590dfac88c2065,2026-07-13T09:37:46.758Z,success,40291,1000,6377284,0x3a0d75869bb375a31d04ad6a0b41d65081e0f589a60300340a7f23fa9d1a9c45,2026-07-13T09:37:46.758Z,4458,4458,4616,60,Suspicious,2026-07-13T09:37:38.601Z,0x10666d74194d6698707c3701f3011e99d8973906d87b69f4eec98ce1b3b845c4,,variant-batch live execution
datm-live-2026-07-13T09-36-28-468Z,C,entity-08-malicious,malicious,8,2026-07-13T09:37:42.143Z,2026-07-13T09:37:42.143Z,2026-07-13T09:37:42.143Z,0,2026-07-13T09:37:42.300Z,0x87db56ae1063b22646208dd99fa45c4d1fa12fa6d9928202b5f529716db011dc,2026-07-13T09:37:46.747Z,success,40290,1000,6377284,0x3a0d75869bb375a31d04ad6a0b41d65081e0f589a60300340a7f23fa9d1a9c45,2026-07-13T09:37:46.747Z,4447,4447,4604,28,Untrusted,2026-07-13T09:37:38.601Z,0x22dc7ec168be143c0be0ea957bb767ee6e21319aac3d68e95410e0c57537b2c6,,variant-batch live execution
datm-live-2026-07-13T09-36-28-468Z,C,entity-09-malicious,malicious,8,2026-07-13T09:37:42.143Z,2026-07-13T09:37:42.143Z,2026-07-13T09:37:42.143Z,0,2026-07-13T09:37:42.300Z,0xff83d01e91aee6d3f7dd024b8b175e4ed350b625feb19ba2c2de54a3231f6a4d,2026-07-13T09:37:46.764Z,success,40290,1000,6377284,0x3a0d75869bb375a31d04ad6a0b41d65081e0f589a60300340a7f23fa9d1a9c45,2026-07-13T09:37:46.764Z,4464,4464,4621,28,Untrusted,2026-07-13T09:37:38.601Z,0xb3a06e6caa89ef192bf6a2b4636205ccef219f71774eade59a0104a888ddbdcb,,variant-batch live execution
datm-live-2026-07-13T09-36-28-468Z,C,entity-10-malicious,malicious,8,2026-07-13T09:37:42.143Z,2026-07-13T09:37:42.143Z,2026-07-13T09:37:42.143Z,0,2026-07-13T09:37:42.301Z,0x54748093b0fb3392693c1af35ea2f52f84e90e3c0a225519d669ed9f48c8a224,2026-07-13T09:37:46.780Z,success,40278,1000,6377284,0x3a0d75869bb375a31d04ad6a0b41d65081e0f589a60300340a7f23fa9d1a9c45,2026-07-13T09:37:46.780Z,4479,4479,4637,30,Untrusted,2026-07-13T09:37:38.601Z,0x73876e992d1b6b1276960b8c11e60e5591ba6a4ea68b56138fb3d4ec68f5459c,,variant-batch live execution
datm-live-2026-07-13T09-36-28-468Z,C,entity-01-normal,normal,9,2026-07-13T09:37:52.009Z,2026-07-13T09:37:52.009Z,2026-07-13T09:37:52.009Z,0,2026-07-13T09:37:52.139Z,0xbcb8ee178cb63b7c65510d30dc22390534de5bb861712be60aa7274fe82b0dbb,2026-07-13T09:37:56.398Z,success,40199,1000,6377286,0xc6b207b3738c19ab507d86343273db47aac14bf7b93d3998390bd5daa50a97b9,2026-07-13T09:37:56.398Z,4259,4259,4389,93,Trusted,2026-07-13T09:37:48.601Z,0xda689ce910da361a170b18c3659effe74e4d766eceef6e843b084b614c4e4a05,,variant-batch live execution
datm-live-2026-07-13T09-36-28-468Z,C,entity-02-normal,normal,9,2026-07-13T09:37:52.010Z,2026-07-13T09:37:52.010Z,2026-07-13T09:37:52.010Z,0,2026-07-13T09:37:52.139Z,0x918fc534b705e5d2a595e7d81eaa8a274c6340fb97330368991d8647e595ec25,2026-07-13T09:37:56.397Z,success,40211,1000,6377286,0xc6b207b3738c19ab507d86343273db47aac14bf7b93d3998390bd5daa50a97b9,2026-07-13T09:37:56.397Z,4258,4258,4387,92,Trusted,2026-07-13T09:37:48.601Z,0x48d874571605af952df7c18a5ee6b12afdb107539db2228d11ae06d74c379eae,,variant-batch live execution
datm-live-2026-07-13T09-36-28-468Z,C,entity-03-normal,normal,9,2026-07-13T09:37:52.011Z,2026-07-13T09:37:52.011Z,2026-07-13T09:37:52.011Z,0,2026-07-13T09:37:52.148Z,0x2647b7a9f706595e45a939377b3985a941f53bffcc1bfb34379bcd78435d089c,2026-07-13T09:37:56.397Z,success,40199,1000,6377286,0xc6b207b3738c19ab507d86343273db47aac14bf7b93d3998390bd5daa50a97b9,2026-07-13T09:37:56.397Z,4249,4249,4386,93,Trusted,2026-07-13T09:37:48.601Z,0x3133a23d404bd4b075adb3b0fd9d93b97e87905acd3d4aebce4d9403638ccab1,,variant-batch live execution
datm-live-2026-07-13T09-36-28-468Z,C,entity-04-normal,normal,9,2026-07-13T09:37:52.011Z,2026-07-13T09:37:52.011Z,2026-07-13T09:37:52.011Z,0,2026-07-13T09:37:52.149Z,0xb2c53cc79be09a326fcb435f1c90121eedaa3d427cf30f8d9fa7d06fcbada706,2026-07-13T09:37:56.397Z,success,40199,1000,6377286,0xc6b207b3738c19ab507d86343273db47aac14bf7b93d3998390bd5daa50a97b9,2026-07-13T09:37:56.397Z,4248,4248,4386,93,Trusted,2026-07-13T09:37:48.601Z,0x67f7a9031da875573bc62b6a484393dc6c94a38f19b85f5915b0f7a7fa5991a6,,variant-batch live execution
datm-live-2026-07-13T09-36-28-468Z,C,entity-05-suspicious,suspicious,9,2026-07-13T09:37:52.011Z,2026-07-13T09:37:52.011Z,2026-07-13T09:37:52.011Z,0,2026-07-13T09:37:52.149Z,0x2cb2d89857a6b9fb5e137565ea0a0e5e0ff6cb185ac45af0ffa50430549b2c1c,2026-07-13T09:37:56.423Z,success,40279,1000,6377286,0xc6b207b3738c19ab507d86343273db47aac14bf7b93d3998390bd5daa50a97b9,2026-07-13T09:37:56.423Z,4274,4274,4412,63,Suspicious,2026-07-13T09:37:48.601Z,0x411ec780917aaeea1ff300d2a09764427b45bafa0a092a1912a9e274e71db05e,,variant-batch live execution
datm-live-2026-07-13T09-36-28-468Z,C,entity-06-suspicious,suspicious,9,2026-07-13T09:37:52.012Z,2026-07-13T09:37:52.012Z,2026-07-13T09:37:52.012Z,0,2026-07-13T09:37:52.149Z,0x7884d1527e9169129fddcd0a97b7b51ae77b946ff13c2049396a6802a18f622a,2026-07-13T09:37:56.400Z,success,40291,1000,6377286,0xc6b207b3738c19ab507d86343273db47aac14bf7b93d3998390bd5daa50a97b9,2026-07-13T09:37:56.400Z,4251,4251,4388,61,Suspicious,2026-07-13T09:37:48.601Z,0xc8d76d92436504015c875811b68ee312cca253b26bee11af74273b1cb9c4e373,,variant-batch live execution
datm-live-2026-07-13T09-36-28-468Z,C,entity-07-suspicious,suspicious,9,2026-07-13T09:37:52.012Z,2026-07-13T09:37:52.012Z,2026-07-13T09:37:52.012Z,0,2026-07-13T09:37:52.149Z,0x6a386af2185e38f38d99759049a3e36c13897fd9c7b52b3ec0dc79765638ce36,2026-07-13T09:37:56.599Z,success,40291,1000,6377286,0xc6b207b3738c19ab507d86343273db47aac14bf7b93d3998390bd5daa50a97b9,2026-07-13T09:37:56.599Z,4450,4450,4587,62,Suspicious,2026-07-13T09:37:48.601Z,0x12a15e7358cee9350fc8209e562416d89f607a3b9dce6607f2fc0b201e72d74e,,variant-batch live execution
datm-live-2026-07-13T09-36-28-468Z,C,entity-08-malicious,malicious,9,2026-07-13T09:37:52.012Z,2026-07-13T09:37:52.012Z,2026-07-13T09:37:52.012Z,0,2026-07-13T09:37:52.164Z,0xb9dd1efb6a538053f8c1bd187c4dfc3deeff137e50bafc893731a5a557a7f380,2026-07-13T09:37:56.580Z,success,40290,1000,6377286,0xc6b207b3738c19ab507d86343273db47aac14bf7b93d3998390bd5daa50a97b9,2026-07-13T09:37:56.580Z,4416,4416,4568,28,Untrusted,2026-07-13T09:37:48.601Z,0x9d79b6e056ad71977c91bd073a0788ce8339098a32c2144ac8177f53f7c52c34,,variant-batch live execution
datm-live-2026-07-13T09-36-28-468Z,C,entity-09-malicious,malicious,9,2026-07-13T09:37:52.013Z,2026-07-13T09:37:52.013Z,2026-07-13T09:37:52.013Z,0,2026-07-13T09:37:52.165Z,0x04ebd32c4b3dbc09f6bcc748bf95e5b1ed5a74331642ad4c53dcd46a4a9e9e1e,2026-07-13T09:37:56.616Z,success,40290,1000,6377286,0xc6b207b3738c19ab507d86343273db47aac14bf7b93d3998390bd5daa50a97b9,2026-07-13T09:37:56.616Z,4451,4451,4603,29,Untrusted,2026-07-13T09:37:48.601Z,0x408803a29be81a418c2f2a02d43a91a28145f21d9e3a6ed7ae765aa780fe5513,,variant-batch live execution
datm-live-2026-07-13T09-36-28-468Z,C,entity-10-malicious,malicious,9,2026-07-13T09:37:52.013Z,2026-07-13T09:37:52.013Z,2026-07-13T09:37:52.013Z,0,2026-07-13T09:37:52.165Z,0xacab27fe0f69381c145007e7c9bcd83d32f4a0109e7e7f8a6badf736f5350227,2026-07-13T09:37:56.611Z,success,40278,1000,6377286,0xc6b207b3738c19ab507d86343273db47aac14bf7b93d3998390bd5daa50a97b9,2026-07-13T09:37:56.611Z,4446,4446,4598,29,Untrusted,2026-07-13T09:37:48.601Z,0xcc1a956c2a91e5e1028e7ca20d430746a702c4c15c50601d77df360ccc0d3902,,variant-batch live execution
datm-live-2026-07-13T09-36-28-468Z,C,entity-01-normal,normal,10,2026-07-13T09:38:01.747Z,2026-07-13T09:38:01.747Z,2026-07-13T09:38:01.747Z,0,2026-07-13T09:38:01.868Z,0xb7a1395e5ed80fe198e1774942fa5d1175bb1289fc7fe3565d0d0f9f8f3a3d83,2026-07-13T09:38:06.325Z,success,40211,1000,6377288,0xbc5347b776ad679c39f27c93f6c49ff3db009d1753f6c3f4a0849e018a08e277,2026-07-13T09:38:06.325Z,4457,4457,4578,91,Trusted,2026-07-13T09:37:58.601Z,0x854186181bb04513ae2268ddbf88db527fa75267934b16f8f5c9311dde0dc5d2,,variant-batch live execution
datm-live-2026-07-13T09-36-28-468Z,C,entity-02-normal,normal,10,2026-07-13T09:38:01.747Z,2026-07-13T09:38:01.747Z,2026-07-13T09:38:01.747Z,0,2026-07-13T09:38:01.868Z,0xa947c6c014544a832bcf805db00e5651b7d35520abce7eaaa384def42fdd8afa,2026-07-13T09:38:06.313Z,success,40199,1000,6377288,0xbc5347b776ad679c39f27c93f6c49ff3db009d1753f6c3f4a0849e018a08e277,2026-07-13T09:38:06.313Z,4445,4445,4566,93,Trusted,2026-07-13T09:37:58.601Z,0x1fa557ac05204c50b9420a7a5c84941c5179c3a6cfa7b41c5dd280ed3e52c6bf,,variant-batch live execution
datm-live-2026-07-13T09-36-28-468Z,C,entity-03-normal,normal,10,2026-07-13T09:38:01.748Z,2026-07-13T09:38:01.748Z,2026-07-13T09:38:01.748Z,0,2026-07-13T09:38:01.868Z,0x2e3f768f03af15da45cb0b430393345c712de583a39bb4afe0bc76d982a08faa,2026-07-13T09:38:06.319Z,success,40199,1000,6377288,0xbc5347b776ad679c39f27c93f6c49ff3db009d1753f6c3f4a0849e018a08e277,2026-07-13T09:38:06.319Z,4451,4451,4571,93,Trusted,2026-07-13T09:37:58.601Z,0x6db81c0a6b53fd404bc2fddfce01ea4a7ba27cce360e37358d68a06acb99a9ed,,variant-batch live execution
datm-live-2026-07-13T09-36-28-468Z,C,entity-04-normal,normal,10,2026-07-13T09:38:01.749Z,2026-07-13T09:38:01.749Z,2026-07-13T09:38:01.749Z,0,2026-07-13T09:38:01.868Z,0xcaeb5e0473348c35e93bda46f35868e45ce419153bef4a5569e897e13504870f,2026-07-13T09:38:06.326Z,success,40211,1000,6377288,0xbc5347b776ad679c39f27c93f6c49ff3db009d1753f6c3f4a0849e018a08e277,2026-07-13T09:38:06.326Z,4458,4458,4577,91,Trusted,2026-07-13T09:37:58.601Z,0x2baa3507acc02cf913191828116945399383a7b3caa51df4f894b49535c3a304,,variant-batch live execution
datm-live-2026-07-13T09-36-28-468Z,C,entity-05-suspicious,suspicious,10,2026-07-13T09:38:01.749Z,2026-07-13T09:38:01.749Z,2026-07-13T09:38:01.749Z,0,2026-07-13T09:38:01.868Z,0x410282459f2e0cabe0fd62df5265f12459fb7c78bb4cd735b4b02f7fd74ecf3b,2026-07-13T09:38:06.342Z,success,40291,1000,6377288,0xbc5347b776ad679c39f27c93f6c49ff3db009d1753f6c3f4a0849e018a08e277,2026-07-13T09:38:06.342Z,4474,4474,4593,61,Suspicious,2026-07-13T09:37:58.601Z,0xc70621dfd3aa1f1e45f5455e6931eb587119b3dea0eeed23af68f143596ccdee,,variant-batch live execution
datm-live-2026-07-13T09-36-28-468Z,C,entity-06-suspicious,suspicious,10,2026-07-13T09:38:01.749Z,2026-07-13T09:38:01.749Z,2026-07-13T09:38:01.749Z,0,2026-07-13T09:38:01.868Z,0xdc7b1039255de59bc15a8ade5e3144af762d787e4c158dea5c6dc913b303d128,2026-07-13T09:38:06.310Z,success,40291,1000,6377288,0xbc5347b776ad679c39f27c93f6c49ff3db009d1753f6c3f4a0849e018a08e277,2026-07-13T09:38:06.310Z,4442,4442,4561,60,Suspicious,2026-07-13T09:37:58.601Z,0x82152fd64a43bdba7740e2bb498c43a7501fac6059528394961bddabbdfef776,,variant-batch live execution
datm-live-2026-07-13T09-36-28-468Z,C,entity-07-suspicious,suspicious,10,2026-07-13T09:38:01.749Z,2026-07-13T09:38:01.749Z,2026-07-13T09:38:01.749Z,0,2026-07-13T09:38:01.895Z,0x0767ac88d375fc91dc4224c021585451295fc73692b574a7100ad16da614a3e2,2026-07-13T09:38:06.512Z,success,40291,1000,6377288,0xbc5347b776ad679c39f27c93f6c49ff3db009d1753f6c3f4a0849e018a08e277,2026-07-13T09:38:06.512Z,4617,4617,4763,63,Suspicious,2026-07-13T09:37:58.601Z,0x1b1fb82cfaab9c5df4b6c0558798d1e428eb9d965759dd3a1ce0eb08528ed7f1,,variant-batch live execution
datm-live-2026-07-13T09-36-28-468Z,C,entity-08-malicious,malicious,10,2026-07-13T09:38:01.750Z,2026-07-13T09:38:01.750Z,2026-07-13T09:38:01.750Z,0,2026-07-13T09:38:01.895Z,0x0a9f5ec8caf2dd7efa5804aa0fb98f45e22cab28b451b57dd13c5ef4be54f17d,2026-07-13T09:38:06.492Z,success,40290,1000,6377288,0xbc5347b776ad679c39f27c93f6c49ff3db009d1753f6c3f4a0849e018a08e277,2026-07-13T09:38:06.492Z,4597,4597,4742,29,Untrusted,2026-07-13T09:37:58.601Z,0xac15e00851d80974fabfa70ba4ac8c306646e9ea2f5f16b9f56d2e0c071fd4c0,,variant-batch live execution
datm-live-2026-07-13T09-36-28-468Z,C,entity-09-malicious,malicious,10,2026-07-13T09:38:01.750Z,2026-07-13T09:38:01.750Z,2026-07-13T09:38:01.750Z,0,2026-07-13T09:38:01.895Z,0xf78513fb222793c607a5c6dc1f26bdfd6529e4e03b122d745f37a9180da4e622,2026-07-13T09:38:06.549Z,success,40290,1000,6377288,0xbc5347b776ad679c39f27c93f6c49ff3db009d1753f6c3f4a0849e018a08e277,2026-07-13T09:38:06.549Z,4654,4654,4799,27,Untrusted,2026-07-13T09:37:58.601Z,0xcf1f6e5673ccb54a58f24b752d08982bb59e3cb65bc45aeb598c1d6de30bad2e,,variant-batch live execution
datm-live-2026-07-13T09-36-28-468Z,C,entity-10-malicious,malicious,10,2026-07-13T09:38:01.751Z,2026-07-13T09:38:01.751Z,2026-07-13T09:38:01.751Z,0,2026-07-13T09:38:01.896Z,0x4388df8099bb8e0f4668860d9c29ddfebdaf884de187e368bbc9170666765e8f,2026-07-13T09:38:06.550Z,success,40278,1000,6377288,0xbc5347b776ad679c39f27c93f6c49ff3db009d1753f6c3f4a0849e018a08e277,2026-07-13T09:38:06.550Z,4654,4654,4799,29,Untrusted,2026-07-13T09:37:58.601Z,0x62107fb00b9eaeda83f524345ee0d59430cefd9934f981dfc48b3755ee054038,,variant-batch live execution
datm-live-2026-07-13T09-36-28-468Z,C,entity-01-normal,normal,11,2026-07-13T09:38:11.677Z,2026-07-13T09:38:11.677Z,2026-07-13T09:38:11.677Z,0,2026-07-13T09:38:11.811Z,0xd9455ba132367baeeb36bfb76d345a3e06390f907d355f38c86eec4a946d245c,2026-07-13T09:38:16.082Z,success,40187,1000,6377290,0xfd7c87442e7a93a9a9a913a20670434b250d56823fdff486b72ed7727d2db7a9,2026-07-13T09:38:16.082Z,4271,4271,4405,92,Trusted,2026-07-13T09:38:08.601Z,0x288905007ef2c1c578a0d43eb7428e066f9ba566db101074e3a13aa16fb1c5e2,,variant-batch live execution
datm-live-2026-07-13T09-36-28-468Z,C,entity-02-normal,normal,11,2026-07-13T09:38:11.678Z,2026-07-13T09:38:11.678Z,2026-07-13T09:38:11.678Z,0,2026-07-13T09:38:11.805Z,0xb4299f112a5aacb28129d6ce0c0a8368bb0d698a41c44f8750c9b1ea2c56cef7,2026-07-13T09:38:16.082Z,success,40199,1000,6377290,0xfd7c87442e7a93a9a9a913a20670434b250d56823fdff486b72ed7727d2db7a9,2026-07-13T09:38:16.082Z,4277,4277,4404,92,Trusted,2026-07-13T09:38:08.601Z,0x747027186746f594eb44100e6afb67c163f8f7c5ec6ed57b5bb7e950840e33b7,,variant-batch live execution
datm-live-2026-07-13T09-36-28-468Z,C,entity-03-normal,normal,11,2026-07-13T09:38:11.679Z,2026-07-13T09:38:11.679Z,2026-07-13T09:38:11.679Z,0,2026-07-13T09:38:11.811Z,0xd8116dc61848c37fcae35ec6b82ffa6dddac8bf2edd83d8ef3eec40146b3eb8d,2026-07-13T09:38:16.080Z,success,40211,1000,6377290,0xfd7c87442e7a93a9a9a913a20670434b250d56823fdff486b72ed7727d2db7a9,2026-07-13T09:38:16.080Z,4269,4269,4401,91,Trusted,2026-07-13T09:38:08.601Z,0xb939ce1491e028f5ff631ee7f5b88b1a49fd634daea447760971a27d1c88229f,,variant-batch live execution
datm-live-2026-07-13T09-36-28-468Z,C,entity-04-normal,normal,11,2026-07-13T09:38:11.679Z,2026-07-13T09:38:11.679Z,2026-07-13T09:38:11.679Z,0,2026-07-13T09:38:11.811Z,0xc221d7acf35058aba71e776683de004ff6f8a54885d0e6e6f06d627222463266,2026-07-13T09:38:16.081Z,success,40199,1000,6377290,0xfd7c87442e7a93a9a9a913a20670434b250d56823fdff486b72ed7727d2db7a9,2026-07-13T09:38:16.081Z,4270,4270,4402,92,Trusted,2026-07-13T09:38:08.601Z,0x4983ec7fbeb8f58caef3356b6d4637b5891e286d42f2390bfe403f6b960cdc66,,variant-batch live execution
datm-live-2026-07-13T09-36-28-468Z,C,entity-05-suspicious,suspicious,11,2026-07-13T09:38:11.679Z,2026-07-13T09:38:11.679Z,2026-07-13T09:38:11.679Z,0,2026-07-13T09:38:11.811Z,0x10e9cc0790a3f0d40d69ae647787390c3fb03b0745db21fe70d5dae98a9e7c45,2026-07-13T09:38:16.081Z,success,40279,1000,6377290,0xfd7c87442e7a93a9a9a913a20670434b250d56823fdff486b72ed7727d2db7a9,2026-07-13T09:38:16.081Z,4270,4270,4402,60,Suspicious,2026-07-13T09:38:08.601Z,0x559e242c405dd08458663f547e200eed3df2fd5eb66f2c2785bc07c1bae94168,,variant-batch live execution
datm-live-2026-07-13T09-36-28-468Z,C,entity-06-suspicious,suspicious,11,2026-07-13T09:38:11.680Z,2026-07-13T09:38:11.680Z,2026-07-13T09:38:11.680Z,0,2026-07-13T09:38:11.811Z,0xcbad3c6e303ddabedfcdcbfcbc9e6ff69e70203588749b4eb5ad4fd9948dd055,2026-07-13T09:38:16.115Z,success,40267,1000,6377290,0xfd7c87442e7a93a9a9a913a20670434b250d56823fdff486b72ed7727d2db7a9,2026-07-13T09:38:16.115Z,4304,4304,4435,61,Suspicious,2026-07-13T09:38:08.601Z,0x72e71f1b0206a2091ef4239b5957f8f56830ed00d6b2028fbddb4058310b2733,,variant-batch live execution
datm-live-2026-07-13T09-36-28-468Z,C,entity-07-suspicious,suspicious,11,2026-07-13T09:38:11.680Z,2026-07-13T09:38:11.680Z,2026-07-13T09:38:11.680Z,0,2026-07-13T09:38:11.830Z,0x598b3b091c948884cbd7f2e7ecc1b51c7d4f24086e6c217a7a67f332dd3362d1,2026-07-13T09:38:16.286Z,success,40279,1000,6377290,0xfd7c87442e7a93a9a9a913a20670434b250d56823fdff486b72ed7727d2db7a9,2026-07-13T09:38:16.286Z,4456,4456,4606,60,Suspicious,2026-07-13T09:38:08.601Z,0x08ad0e16d3d750394a6e09d48abf988409c6c62980eb684bf4a6b95c44ba6240,,variant-batch live execution
datm-live-2026-07-13T09-36-28-468Z,C,entity-08-malicious,malicious,11,2026-07-13T09:38:11.681Z,2026-07-13T09:38:11.681Z,2026-07-13T09:38:11.681Z,0,2026-07-13T09:38:11.830Z,0x309958ff64805c7a12e02645a273fcb36afbba3a02a921b45746d044b6f244e8,2026-07-13T09:38:16.293Z,success,40278,1000,6377290,0xfd7c87442e7a93a9a9a913a20670434b250d56823fdff486b72ed7727d2db7a9,2026-07-13T09:38:16.293Z,4463,4463,4612,27,Untrusted,2026-07-13T09:38:08.601Z,0x8a0e62bea46d818f0ac4ad6ae2ae582ccdd16def9ad7cd078f075707b6ea6583,,variant-batch live execution
datm-live-2026-07-13T09-36-28-468Z,C,entity-09-malicious,malicious,11,2026-07-13T09:38:11.681Z,2026-07-13T09:38:11.681Z,2026-07-13T09:38:11.681Z,0,2026-07-13T09:38:11.830Z,0x2cc49d272133b7de88fd5ab0d38d4d72b06edcd4bba1dc1750d23d7680af4011,2026-07-13T09:38:16.301Z,success,40278,1000,6377290,0xfd7c87442e7a93a9a9a913a20670434b250d56823fdff486b72ed7727d2db7a9,2026-07-13T09:38:16.301Z,4471,4471,4620,27,Untrusted,2026-07-13T09:38:08.601Z,0x21263a8b91e93da12626911f0cee4720d68c61bee4dceaacae1191e53f816d2e,,variant-batch live execution
datm-live-2026-07-13T09-36-28-468Z,C,entity-10-malicious,malicious,11,2026-07-13T09:38:11.681Z,2026-07-13T09:38:11.681Z,2026-07-13T09:38:11.681Z,0,2026-07-13T09:38:11.830Z,0x27ec2d393a8085c0ec9e7d9b78824e8386f865190003f14d79a949ef1d5d1ec9,2026-07-13T09:38:16.320Z,success,40266,1000,6377290,0xfd7c87442e7a93a9a9a913a20670434b250d56823fdff486b72ed7727d2db7a9,2026-07-13T09:38:16.320Z,4490,4490,4639,30,Untrusted,2026-07-13T09:38:08.601Z,0x9984d289e34fea665f318b3ad7c031862b694becdd2ed8d308a80693e9484e36,,variant-batch live execution
datm-live-2026-07-13T09-36-28-468Z,C,entity-01-normal,normal,12,2026-07-13T09:38:21.454Z,2026-07-13T09:38:21.454Z,2026-07-13T09:38:21.454Z,0,2026-07-13T09:38:21.572Z,0xd01758cf8261aaf3717c6dc167c8ad4d18f48df7c72d9da6082e59d55ad61e31,2026-07-13T09:38:25.834Z,success,40199,1000,6377292,0x5c9052fadb913194831b0fe24b72f782513ea0a5f9d31445c962725981cfffa6,2026-07-13T09:38:25.834Z,4262,4262,4380,93,Trusted,2026-07-13T09:38:18.601Z,0xeb8cc030c55df678fbf8f6cec3ee07ad2224cc2eaf954a9722ea06127629c5ae,,variant-batch live execution
datm-live-2026-07-13T09-36-28-468Z,C,entity-02-normal,normal,12,2026-07-13T09:38:21.456Z,2026-07-13T09:38:21.456Z,2026-07-13T09:38:21.456Z,0,2026-07-13T09:38:21.573Z,0xe0809ef0e828827358da2e6ca356f2226c761ff8b49ec03b10637d1df1694a22,2026-07-13T09:38:25.834Z,success,40211,1000,6377292,0x5c9052fadb913194831b0fe24b72f782513ea0a5f9d31445c962725981cfffa6,2026-07-13T09:38:25.834Z,4261,4261,4378,92,Trusted,2026-07-13T09:38:18.601Z,0xd8cf3a2dde94d302cd36496931d2ecadc4ddc2e79e81a918f1d5cfd44c06202b,,variant-batch live execution
datm-live-2026-07-13T09-36-28-468Z,C,entity-03-normal,normal,12,2026-07-13T09:38:21.457Z,2026-07-13T09:38:21.457Z,2026-07-13T09:38:21.457Z,0,2026-07-13T09:38:21.590Z,0xe1b99b4527dc7a3e98eb67c6679ad388130be3bb823c23cb8700f0a16b206afb,2026-07-13T09:38:25.831Z,success,40199,1000,6377292,0x5c9052fadb913194831b0fe24b72f782513ea0a5f9d31445c962725981cfffa6,2026-07-13T09:38:25.831Z,4241,4241,4374,93,Trusted,2026-07-13T09:38:18.601Z,0x2f4650e420f8ec7231905c162759a5aafc43f5df01cb9c6fbaa10d2d34157ea2,,variant-batch live execution
datm-live-2026-07-13T09-36-28-468Z,C,entity-04-normal,normal,12,2026-07-13T09:38:21.458Z,2026-07-13T09:38:21.458Z,2026-07-13T09:38:21.458Z,0,2026-07-13T09:38:21.590Z,0x9cf1f87afaee8e2cb840c7fe6dce2a98895943818aac457fb4754697d11a45d4,2026-07-13T09:38:25.860Z,success,40199,1000,6377292,0x5c9052fadb913194831b0fe24b72f782513ea0a5f9d31445c962725981cfffa6,2026-07-13T09:38:25.860Z,4270,4270,4402,93,Trusted,2026-07-13T09:38:18.601Z,0xf3e90d7a1cc8021c0c9f1a4ff4a47597460642092f4ee6cf785cc85e65f07d37,,variant-batch live execution
datm-live-2026-07-13T09-36-28-468Z,C,entity-05-suspicious,suspicious,12,2026-07-13T09:38:21.458Z,2026-07-13T09:38:21.458Z,2026-07-13T09:38:21.458Z,0,2026-07-13T09:38:21.590Z,0xda8d016d4046e0b4a0f06341ed28ec37b93347b5a9a9e30712fbe347732d6a65,2026-07-13T09:38:25.832Z,success,40291,1000,6377292,0x5c9052fadb913194831b0fe24b72f782513ea0a5f9d31445c962725981cfffa6,2026-07-13T09:38:25.832Z,4242,4242,4374,61,Suspicious,2026-07-13T09:38:18.601Z,0xfac4fd2cec1af0cce8740f03b0a88f609e66e08f218b061e80457dfdc9e4e63f,,variant-batch live execution
datm-live-2026-07-13T09-36-28-468Z,C,entity-06-suspicious,suspicious,12,2026-07-13T09:38:21.458Z,2026-07-13T09:38:21.458Z,2026-07-13T09:38:21.458Z,0,2026-07-13T09:38:21.590Z,0xad9314d20f9bd1bfb817ce7f42d7055f0b29c0b0790e98b678b3874da039f603,2026-07-13T09:38:25.833Z,success,40291,1000,6377292,0x5c9052fadb913194831b0fe24b72f782513ea0a5f9d31445c962725981cfffa6,2026-07-13T09:38:25.833Z,4243,4243,4375,62,Suspicious,2026-07-13T09:38:18.601Z,0xe62efb5e958fdbeafd6768eac955a33fcb8e417ce23a49e51ef68c1942760bc7,,variant-batch live execution
datm-live-2026-07-13T09-36-28-468Z,C,entity-07-suspicious,suspicious,12,2026-07-13T09:38:21.459Z,2026-07-13T09:38:21.459Z,2026-07-13T09:38:21.459Z,0,2026-07-13T09:38:21.591Z,0x88c9014053a620ae1adf76a40b0fd8742fb15603a4227c5aa2d382045ac0f3f3,2026-07-13T09:38:26.023Z,success,40291,1000,6377292,0x5c9052fadb913194831b0fe24b72f782513ea0a5f9d31445c962725981cfffa6,2026-07-13T09:38:26.023Z,4432,4432,4564,60,Suspicious,2026-07-13T09:38:18.601Z,0x01dae6679e2df05cada8d1947dc4e5a4c3c5a0c74201458a361f56059e2496cb,,variant-batch live execution
datm-live-2026-07-13T09-36-28-468Z,C,entity-08-malicious,malicious,12,2026-07-13T09:38:21.459Z,2026-07-13T09:38:21.459Z,2026-07-13T09:38:21.459Z,0,2026-07-13T09:38:21.599Z,0x899017aed6b858532ed4626af0999028ab5ebeb2e8bee5572ca3c122753d5cc1,2026-07-13T09:38:26.039Z,success,40290,1000,6377292,0x5c9052fadb913194831b0fe24b72f782513ea0a5f9d31445c962725981cfffa6,2026-07-13T09:38:26.039Z,4440,4440,4580,27,Untrusted,2026-07-13T09:38:18.601Z,0x610a8563242eb8069e25aafea6c15e82f52308fa93bfc0cff6da800957468a45,,variant-batch live execution
datm-live-2026-07-13T09-36-28-468Z,C,entity-09-malicious,malicious,12,2026-07-13T09:38:21.460Z,2026-07-13T09:38:21.460Z,2026-07-13T09:38:21.460Z,0,2026-07-13T09:38:21.599Z,0xf224ab45530c1a9f3e291cb859daa3c8f79253780fa3fbeb3630691c72802f8a,2026-07-13T09:38:26.062Z,success,40290,1000,6377292,0x5c9052fadb913194831b0fe24b72f782513ea0a5f9d31445c962725981cfffa6,2026-07-13T09:38:26.062Z,4463,4463,4602,29,Untrusted,2026-07-13T09:38:18.601Z,0xbb12aa329e75c9cc30453cd8601e06428a0dd3151f6f4896c4060db5b0e9ca26,,variant-batch live execution
datm-live-2026-07-13T09-36-28-468Z,C,entity-10-malicious,malicious,12,2026-07-13T09:38:21.461Z,2026-07-13T09:38:21.461Z,2026-07-13T09:38:21.461Z,0,2026-07-13T09:38:21.600Z,0x637f5420d350f5a6dcd8ae477d0acf46c067a971a71b99ba1f56a1e4e6ce4238,2026-07-13T09:38:26.045Z,success,40278,1000,6377292,0x5c9052fadb913194831b0fe24b72f782513ea0a5f9d31445c962725981cfffa6,2026-07-13T09:38:26.045Z,4445,4445,4584,28,Untrusted,2026-07-13T09:38:18.601Z,0x0b55ccb04b7d7d6d16f88e66e52fe20db6e2c2f42346e735bbfd9313b9c7a18c,,variant-batch live execution
datm-live-2026-07-13T09-36-28-468Z,C,entity-01-normal,normal,13,2026-07-13T09:38:31.180Z,2026-07-13T09:38:31.180Z,2026-07-13T09:38:31.180Z,0,2026-07-13T09:38:31.313Z,0xd1f8d9bb394f6324c1796e9ba4c7787c6adbcf68575523886e43bf494debf724,2026-07-13T09:38:35.598Z,success,40211,1000,6377294,0x127ae789bdfdfa99e3ee448cab21d6952d74fa1924f8d8387d550ea683dcc0a0,2026-07-13T09:38:35.598Z,4285,4285,4418,92,Trusted,2026-07-13T09:38:28.601Z,0x218df87c4cc4764ee612ecc7b365f90df772faa12f88ff0e68fe3b786eb8ce14,,variant-batch live execution
datm-live-2026-07-13T09-36-28-468Z,C,entity-02-normal,normal,13,2026-07-13T09:38:31.182Z,2026-07-13T09:38:31.182Z,2026-07-13T09:38:31.182Z,0,2026-07-13T09:38:31.304Z,0x8fa6724277b58f132e1442b3e906d03c554b36d8ba80719a02b5e47f4315f264,2026-07-13T09:38:35.599Z,success,40199,1000,6377294,0x127ae789bdfdfa99e3ee448cab21d6952d74fa1924f8d8387d550ea683dcc0a0,2026-07-13T09:38:35.599Z,4295,4295,4417,93,Trusted,2026-07-13T09:38:28.601Z,0x78a9b6e254523cf272b4d2138b8090da0b6cecb0cb41b95917d76603e1eef710,,variant-batch live execution
datm-live-2026-07-13T09-36-28-468Z,C,entity-03-normal,normal,13,2026-07-13T09:38:31.183Z,2026-07-13T09:38:31.183Z,2026-07-13T09:38:31.183Z,0,2026-07-13T09:38:31.313Z,0x77ae5fc89aefc6ddcc52a10cd749b1c9d974a68e758786a5a83230e3a5727c65,2026-07-13T09:38:35.596Z,success,40199,1000,6377294,0x127ae789bdfdfa99e3ee448cab21d6952d74fa1924f8d8387d550ea683dcc0a0,2026-07-13T09:38:35.596Z,4283,4283,4413,93,Trusted,2026-07-13T09:38:28.601Z,0xa8eb836b2cd4ac670b223626cbe063afa6e72e694cafc94c764294360e222e2c,,variant-batch live execution
datm-live-2026-07-13T09-36-28-468Z,C,entity-04-normal,normal,13,2026-07-13T09:38:31.184Z,2026-07-13T09:38:31.184Z,2026-07-13T09:38:31.184Z,0,2026-07-13T09:38:31.342Z,0x2e7c3d1970f44e257da26882f9b74b5d9f2770cf2b9bf55b551a43131534625b,2026-07-13T09:38:35.599Z,success,40211,1000,6377294,0x127ae789bdfdfa99e3ee448cab21d6952d74fa1924f8d8387d550ea683dcc0a0,2026-07-13T09:38:35.599Z,4257,4257,4415,92,Trusted,2026-07-13T09:38:28.601Z,0xda8e7f589bbad4e518c4343a0d1a37e402d58a1f557a6dff4e9c7e7279723adc,,variant-batch live execution
datm-live-2026-07-13T09-36-28-468Z,C,entity-05-suspicious,suspicious,13,2026-07-13T09:38:31.185Z,2026-07-13T09:38:31.185Z,2026-07-13T09:38:31.185Z,0,2026-07-13T09:38:31.313Z,0x1707b5010f1c4d4ce6c5fb0b0e390f3dc4b0491b36d5c2bcd8ee3c5cf888c00e,2026-07-13T09:38:35.597Z,success,40291,1000,6377294,0x127ae789bdfdfa99e3ee448cab21d6952d74fa1924f8d8387d550ea683dcc0a0,2026-07-13T09:38:35.597Z,4284,4284,4412,62,Suspicious,2026-07-13T09:38:28.601Z,0xc3951fa653b603835cacb1fc2ee34536be1f2988805ee0f48ba5a7a8a1f25f93,,variant-batch live execution
datm-live-2026-07-13T09-36-28-468Z,C,entity-06-suspicious,suspicious,13,2026-07-13T09:38:31.185Z,2026-07-13T09:38:31.185Z,2026-07-13T09:38:31.185Z,0,2026-07-13T09:38:31.314Z,0x1a748989ada95efc11f9245786ccea5bc206a12842aa3b07246555bb3395681a,2026-07-13T09:38:35.621Z,success,40291,1000,6377294,0x127ae789bdfdfa99e3ee448cab21d6952d74fa1924f8d8387d550ea683dcc0a0,2026-07-13T09:38:35.621Z,4307,4307,4436,61,Suspicious,2026-07-13T09:38:28.601Z,0x82779d1f4271c91cb5e08fb14a830bdfa7072a84282840084ba97223c837155d,,variant-batch live execution
datm-live-2026-07-13T09-36-28-468Z,C,entity-07-suspicious,suspicious,13,2026-07-13T09:38:31.186Z,2026-07-13T09:38:31.186Z,2026-07-13T09:38:31.186Z,0,2026-07-13T09:38:31.314Z,0x03288de705d94cc888483ca545775ab80f0237869e9f30bfe69c7e0d79107f20,2026-07-13T09:38:35.811Z,success,40291,1000,6377294,0x127ae789bdfdfa99e3ee448cab21d6952d74fa1924f8d8387d550ea683dcc0a0,2026-07-13T09:38:35.811Z,4497,4497,4625,61,Suspicious,2026-07-13T09:38:28.601Z,0x02c322363022121fcb2520d35780eeeced9b7b9332567aaf76d44cc6a8326b05,,variant-batch live execution
datm-live-2026-07-13T09-36-28-468Z,C,entity-08-malicious,malicious,13,2026-07-13T09:38:31.187Z,2026-07-13T09:38:31.187Z,2026-07-13T09:38:31.187Z,0,2026-07-13T09:38:31.343Z,0x98abf950d3fe9f9be9dab5e57785f16bf86f4c61647c895d174de14f672b6cf5,2026-07-13T09:38:35.809Z,success,40290,1000,6377294,0x127ae789bdfdfa99e3ee448cab21d6952d74fa1924f8d8387d550ea683dcc0a0,2026-07-13T09:38:35.809Z,4466,4466,4622,29,Untrusted,2026-07-13T09:38:28.601Z,0x3945e4bfc28986fbbba1e6266e6058f7cf2bc0457640c75728f2cac2a16e8581,,variant-batch live execution
datm-live-2026-07-13T09-36-28-468Z,C,entity-09-malicious,malicious,13,2026-07-13T09:38:31.187Z,2026-07-13T09:38:31.187Z,2026-07-13T09:38:31.187Z,0,2026-07-13T09:38:31.343Z,0x04c1eb7bb6657bd2fb41806b0468862691b076cef23324c0a95067cd137b0e4d,2026-07-13T09:38:35.836Z,success,40290,1000,6377294,0x127ae789bdfdfa99e3ee448cab21d6952d74fa1924f8d8387d550ea683dcc0a0,2026-07-13T09:38:35.836Z,4493,4493,4649,27,Untrusted,2026-07-13T09:38:28.601Z,0x70ad95700cf812cb7672e8d9cf4e93eca30e2186bb542f1918297b796af15de5,,variant-batch live execution
datm-live-2026-07-13T09-36-28-468Z,C,entity-10-malicious,malicious,13,2026-07-13T09:38:31.188Z,2026-07-13T09:38:31.188Z,2026-07-13T09:38:31.188Z,0,2026-07-13T09:38:31.343Z,0xa764856fe4f0cabf01473b0ea2aa3314a76f74a33dd81997a3a9f11d53a59774,2026-07-13T09:38:35.808Z,success,40278,1000,6377294,0x127ae789bdfdfa99e3ee448cab21d6952d74fa1924f8d8387d550ea683dcc0a0,2026-07-13T09:38:35.808Z,4465,4465,4620,27,Untrusted,2026-07-13T09:38:28.601Z,0x5b13538c1f02be2975609cd425da8f1e6c055dc13d1786ea9636d3cdbcde9a0c,,variant-batch live execution
datm-live-2026-07-13T09-36-28-468Z,C,entity-01-normal,normal,14,2026-07-13T09:38:41.071Z,2026-07-13T09:38:41.071Z,2026-07-13T09:38:41.071Z,0,2026-07-13T09:38:41.212Z,0xdf1b63e3274109405b3af922626e51c49aec67a335287aeef03c886cd0df3b89,2026-07-13T09:38:46.036Z,success,40199,1000,6377296,0xcaba26989ec19b4d27ca286943e4b1ee5013965fa8bbb72b81b6d85b0e6926da,2026-07-13T09:38:46.036Z,4824,4824,4965,92,Trusted,2026-07-13T09:38:38.601Z,0x7c03f139d88e8c21aca0c8055059391be5bd7a99d8a2434e94022e173f3ce0b7,,variant-batch live execution
datm-live-2026-07-13T09-36-28-468Z,C,entity-02-normal,normal,14,2026-07-13T09:38:41.072Z,2026-07-13T09:38:41.072Z,2026-07-13T09:38:41.072Z,0,2026-07-13T09:38:41.212Z,0xba96bec3b4b021a21f0ef7c2605eb02eeef304cf62ca998ee969b44092d9cb49,2026-07-13T09:38:46.036Z,success,40199,1000,6377296,0xcaba26989ec19b4d27ca286943e4b1ee5013965fa8bbb72b81b6d85b0e6926da,2026-07-13T09:38:46.036Z,4824,4824,4964,93,Trusted,2026-07-13T09:38:38.601Z,0xbb0d446a2dbbfb99fa8336d141e5b6ca9c05907f98ebe02d0ad44a2ed80da4ad,,variant-batch live execution
datm-live-2026-07-13T09-36-28-468Z,C,entity-03-normal,normal,14,2026-07-13T09:38:41.073Z,2026-07-13T09:38:41.073Z,2026-07-13T09:38:41.073Z,0,2026-07-13T09:38:41.222Z,0xf691ae47e035b575ef2fdaa8f9a1566cbf1252349c4943f3c82bb1cde4cb54d9,2026-07-13T09:38:46.037Z,success,40211,1000,6377296,0xcaba26989ec19b4d27ca286943e4b1ee5013965fa8bbb72b81b6d85b0e6926da,2026-07-13T09:38:46.037Z,4815,4815,4964,91,Trusted,2026-07-13T09:38:38.601Z,0x2007fa1b3a243bf39ec172fd7835ff12bfdd0e07141daf0cc8ac48da2dee83a3,,variant-batch live execution
datm-live-2026-07-13T09-36-28-468Z,C,entity-04-normal,normal,14,2026-07-13T09:38:41.073Z,2026-07-13T09:38:41.073Z,2026-07-13T09:38:41.073Z,0,2026-07-13T09:38:41.222Z,0x34fc3545cdc9fbdcb57a19e1193084f440d31c33567d23a87f87d037959bdafb,2026-07-13T09:38:46.038Z,success,40199,1000,6377296,0xcaba26989ec19b4d27ca286943e4b1ee5013965fa8bbb72b81b6d85b0e6926da,2026-07-13T09:38:46.038Z,4816,4816,4965,92,Trusted,2026-07-13T09:38:38.601Z,0x31c41263104f32b02d6972faec830fccccba050362023089b3527c260acf86c3,,variant-batch live execution
datm-live-2026-07-13T09-36-28-468Z,C,entity-05-suspicious,suspicious,14,2026-07-13T09:38:41.075Z,2026-07-13T09:38:41.075Z,2026-07-13T09:38:41.075Z,0,2026-07-13T09:38:41.222Z,0xf913adddaa848e3ed76ebc2e65f877e859bf4ba4892542bfd15bcb76dc2f066a,2026-07-13T09:38:46.045Z,success,40291,1000,6377296,0xcaba26989ec19b4d27ca286943e4b1ee5013965fa8bbb72b81b6d85b0e6926da,2026-07-13T09:38:46.045Z,4823,4823,4970,61,Suspicious,2026-07-13T09:38:38.601Z,0x8fdc3db68830c8da854e382507a6d38b5a04d7ecc22ae1fa3bb625426757d8ff,,variant-batch live execution
datm-live-2026-07-13T09-36-28-468Z,C,entity-06-suspicious,suspicious,14,2026-07-13T09:38:41.076Z,2026-07-13T09:38:41.076Z,2026-07-13T09:38:41.076Z,0,2026-07-13T09:38:41.222Z,0xf303ff7bdfc8cf7937b0d8434bd9c4bd439aa1995f612c330f36a820f1734a30,2026-07-13T09:38:46.031Z,success,40291,1000,6377296,0xcaba26989ec19b4d27ca286943e4b1ee5013965fa8bbb72b81b6d85b0e6926da,2026-07-13T09:38:46.031Z,4809,4809,4955,60,Suspicious,2026-07-13T09:38:38.601Z,0xda649a039f6ad7114333d8ab1f74744a99470bf2e78fcf087931f0c6f7eb2c6f,,variant-batch live execution
datm-live-2026-07-13T09-36-28-468Z,C,entity-07-suspicious,suspicious,14,2026-07-13T09:38:41.077Z,2026-07-13T09:38:41.077Z,2026-07-13T09:38:41.077Z,0,2026-07-13T09:38:41.223Z,0x8e17ff153cdd9e169ea7debbb8cbe61e576d1b14e4eb360ae6f6f87a5ef7f091,2026-07-13T09:38:46.271Z,success,40291,1000,6377296,0xcaba26989ec19b4d27ca286943e4b1ee5013965fa8bbb72b81b6d85b0e6926da,2026-07-13T09:38:46.271Z,5048,5048,5194,62,Suspicious,2026-07-13T09:38:38.601Z,0x11464dff2332bfa885a58f405983959cf2cf239b5866b4e2bf5874b7738daa0e,,variant-batch live execution
datm-live-2026-07-13T09-36-28-468Z,C,entity-08-malicious,malicious,14,2026-07-13T09:38:41.077Z,2026-07-13T09:38:41.077Z,2026-07-13T09:38:41.077Z,0,2026-07-13T09:38:41.246Z,0xf037a94dadff553571fb1861549ebf8d89b5ee1a88f36957bd0f6272667b0232,2026-07-13T09:38:46.290Z,success,40290,1000,6377296,0xcaba26989ec19b4d27ca286943e4b1ee5013965fa8bbb72b81b6d85b0e6926da,2026-07-13T09:38:46.290Z,5044,5044,5213,28,Untrusted,2026-07-13T09:38:38.601Z,0xc38c879af71fdc44d093e0c5be5816124ba3b43a866aec18e5c6cc8194aa45c9,,variant-batch live execution
datm-live-2026-07-13T09-36-28-468Z,C,entity-09-malicious,malicious,14,2026-07-13T09:38:41.078Z,2026-07-13T09:38:41.078Z,2026-07-13T09:38:41.078Z,0,2026-07-13T09:38:41.247Z,0xbe41e99f9f9c64c3dadb62a4ee0a863033c7a32b73748eae56e2bc9aa7a21465,2026-07-13T09:38:46.270Z,success,40290,1000,6377296,0xcaba26989ec19b4d27ca286943e4b1ee5013965fa8bbb72b81b6d85b0e6926da,2026-07-13T09:38:46.270Z,5023,5023,5192,26,Untrusted,2026-07-13T09:38:38.601Z,0x5dd91832d82919972cd11a62bc1980374452f05ea489bf818130420a7e667652,,variant-batch live execution
datm-live-2026-07-13T09-36-28-468Z,C,entity-10-malicious,malicious,14,2026-07-13T09:38:41.078Z,2026-07-13T09:38:41.078Z,2026-07-13T09:38:41.078Z,0,2026-07-13T09:38:41.247Z,0x2a2ae5711bd7a67803d512714fa60c45f7adf4afce30f7e97e7e3b82918072e5,2026-07-13T09:38:46.316Z,success,40278,1000,6377296,0xcaba26989ec19b4d27ca286943e4b1ee5013965fa8bbb72b81b6d85b0e6926da,2026-07-13T09:38:46.316Z,5069,5069,5238,30,Untrusted,2026-07-13T09:38:38.601Z,0x2e812532fb319685201559cc3074ac54085184a9f6b7a73ad61e633a2267f4a8,,variant-batch live execution
datm-live-2026-07-13T09-36-28-468Z,C,entity-01-normal,normal,15,2026-07-13T09:38:51.436Z,2026-07-13T09:38:51.436Z,2026-07-13T09:38:51.436Z,0,2026-07-13T09:38:51.789Z,0x82bc1ae1729ac8d9afac905a05715589519e67350a0aa875a08536ff675eea01,2026-07-13T09:38:56.244Z,success,40199,1000,6377298,0xd37c2e9be9c84b07e5e215bec1164d06ccbe709ef30a0219df4adad989bc814c,2026-07-13T09:38:56.244Z,4455,4455,4808,93,Trusted,2026-07-13T09:38:48.601Z,0x7e4ffcc62a285e54423982b9d3d9ff77fb074852df855da268162f053355733c,,variant-batch live execution
datm-live-2026-07-13T09-36-28-468Z,C,entity-02-normal,normal,15,2026-07-13T09:38:51.438Z,2026-07-13T09:38:51.438Z,2026-07-13T09:38:51.438Z,0,2026-07-13T09:38:51.790Z,0x1ff2b82d3d7d9a896a6886fe75e4c634b98614fa1e8e1f677b732bb414486cba,2026-07-13T09:38:56.244Z,success,40211,1000,6377298,0xd37c2e9be9c84b07e5e215bec1164d06ccbe709ef30a0219df4adad989bc814c,2026-07-13T09:38:56.244Z,4454,4454,4806,91,Trusted,2026-07-13T09:38:48.601Z,0x9e2c587d5c7cf0b0a3549baa0fa0393171d5e3ab933fb397db53c46a89d9dcbc,,variant-batch live execution
datm-live-2026-07-13T09-36-28-468Z,C,entity-03-normal,normal,15,2026-07-13T09:38:51.439Z,2026-07-13T09:38:51.439Z,2026-07-13T09:38:51.439Z,0,2026-07-13T09:38:51.842Z,0xebefe6c68af1027bfec5836aaf9465169e69339bab815cddf7dd585e4017cebb,2026-07-13T09:38:56.241Z,success,40187,1000,6377298,0xd37c2e9be9c84b07e5e215bec1164d06ccbe709ef30a0219df4adad989bc814c,2026-07-13T09:38:56.241Z,4399,4399,4802,93,Trusted,2026-07-13T09:38:48.601Z,0x4d248b402c19c7d4a9002124f9fd94d37f8fba6bb4a0b750897132a3989cf8ef,,variant-batch live execution
datm-live-2026-07-13T09-36-28-468Z,C,entity-04-normal,normal,15,2026-07-13T09:38:51.440Z,2026-07-13T09:38:51.440Z,2026-07-13T09:38:51.440Z,0,2026-07-13T09:38:51.842Z,0x9e28b5c2708d851f4989328a62f3ca06f31686b6c2bc99dd8e02adaf969f6e97,2026-07-13T09:38:56.242Z,success,40199,1000,6377298,0xd37c2e9be9c84b07e5e215bec1164d06ccbe709ef30a0219df4adad989bc814c,2026-07-13T09:38:56.242Z,4400,4400,4802,93,Trusted,2026-07-13T09:38:48.601Z,0xac38143746bec7898102c29fdf97585bea09b1b5c0b84a31b1999544453d9a2f,,variant-batch live execution
datm-live-2026-07-13T09-36-28-468Z,C,entity-05-suspicious,suspicious,15,2026-07-13T09:38:51.441Z,2026-07-13T09:38:51.441Z,2026-07-13T09:38:51.441Z,0,2026-07-13T09:38:51.843Z,0x392f46a3df9c757d965fe2bfbdeea12178b1f63078db5e4da4ea760ff13f4f55,2026-07-13T09:38:56.242Z,success,40279,1000,6377298,0xd37c2e9be9c84b07e5e215bec1164d06ccbe709ef30a0219df4adad989bc814c,2026-07-13T09:38:56.242Z,4399,4399,4801,60,Suspicious,2026-07-13T09:38:48.601Z,0x04cd1557306e00269b83f752da0a7afc5e6e3cf4807d10df6ad62b89b18ad938,,variant-batch live execution
datm-live-2026-07-13T09-36-28-468Z,C,entity-06-suspicious,suspicious,15,2026-07-13T09:38:51.442Z,2026-07-13T09:38:51.442Z,2026-07-13T09:38:51.442Z,0,2026-07-13T09:38:51.843Z,0x5d63a2fd99e5d487c486353dbff6ca554879597b2a04f0707a4c78fef831c2ab,2026-07-13T09:38:56.267Z,success,40291,1000,6377298,0xd37c2e9be9c84b07e5e215bec1164d06ccbe709ef30a0219df4adad989bc814c,2026-07-13T09:38:56.267Z,4424,4424,4825,64,Suspicious,2026-07-13T09:38:48.601Z,0xc02e3873f0427686f6dda5c1f68de435b35ea0ebe9f6f8d303eee2e0e636c4d2,,variant-batch live execution
datm-live-2026-07-13T09-36-28-468Z,C,entity-07-suspicious,suspicious,15,2026-07-13T09:38:51.443Z,2026-07-13T09:38:51.443Z,2026-07-13T09:38:51.443Z,0,2026-07-13T09:38:51.844Z,0x9d578e81ee1bcc4aecd9f5c627aa1db045b6f06086297b647383746c7be204cd,2026-07-13T09:38:56.459Z,success,40291,1000,6377298,0xd37c2e9be9c84b07e5e215bec1164d06ccbe709ef30a0219df4adad989bc814c,2026-07-13T09:38:56.459Z,4615,4615,5016,61,Suspicious,2026-07-13T09:38:48.601Z,0x43ee964a8a6a4afb8451bddf939eb1ad1608f2313e2eb5de8c0c9e8b0fb86013,,variant-batch live execution
datm-live-2026-07-13T09-36-28-468Z,C,entity-08-malicious,malicious,15,2026-07-13T09:38:51.443Z,2026-07-13T09:38:51.443Z,2026-07-13T09:38:51.443Z,0,2026-07-13T09:38:51.843Z,0xa76f72b2e2157dcbe912eb34526ec1889d0ebb43ed2125d42ec63802d8b4fc56,2026-07-13T09:38:56.480Z,success,40290,1000,6377298,0xd37c2e9be9c84b07e5e215bec1164d06ccbe709ef30a0219df4adad989bc814c,2026-07-13T09:38:56.480Z,4637,4637,5037,26,Untrusted,2026-07-13T09:38:48.601Z,0x5074022ed64542386576861a52bf52c1ab7d8cef8aafa6c5529dad4cc30898e5,,variant-batch live execution
datm-live-2026-07-13T09-36-28-468Z,C,entity-09-malicious,malicious,15,2026-07-13T09:38:51.444Z,2026-07-13T09:38:51.444Z,2026-07-13T09:38:51.444Z,0,2026-07-13T09:38:51.844Z,0xd8e23af2714dd4dc0a20e2acd2ea3285a2ad7c7117258139876250757a400a23,2026-07-13T09:38:56.460Z,success,40290,1000,6377298,0xd37c2e9be9c84b07e5e215bec1164d06ccbe709ef30a0219df4adad989bc814c,2026-07-13T09:38:56.460Z,4616,4616,5016,28,Untrusted,2026-07-13T09:38:48.601Z,0x703c74bc15ce475fa28d7cdb1b1364e2185233c017a458529041093b0c165cc1,,variant-batch live execution
datm-live-2026-07-13T09-36-28-468Z,C,entity-10-malicious,malicious,15,2026-07-13T09:38:51.444Z,2026-07-13T09:38:51.444Z,2026-07-13T09:38:51.444Z,0,2026-07-13T09:38:51.844Z,0x3aa9ed79545ef701beb271a5da5cf940da4df92383da3547efb50e1c268f3ae7,2026-07-13T09:38:56.450Z,success,40278,1000,6377298,0xd37c2e9be9c84b07e5e215bec1164d06ccbe709ef30a0219df4adad989bc814c,2026-07-13T09:38:56.450Z,4606,4606,5006,28,Untrusted,2026-07-13T09:38:48.601Z,0x58240b53a84038f75d3fe986c8bd313e04e8a096c00f86750f22144226014ab8,,variant-batch live execution
datm-live-2026-07-13T09-36-28-468Z,C,entity-01-normal,normal,16,2026-07-13T09:39:01.603Z,2026-07-13T09:39:01.603Z,2026-07-13T09:39:01.603Z,0,2026-07-13T09:39:01.719Z,0x2209d17db9e1e7fa275817457d502053a7961f1fca4cba93ed7d06765127cdb5,2026-07-13T09:39:06.115Z,success,40223,1000,6377300,0xe810ab8eaeb440522c7242c56b91fda9c54ac24bce8f0b861336a821a549a8fb,2026-07-13T09:39:06.115Z,4396,4396,4512,90,Trusted,2026-07-13T09:38:58.601Z,0xc671e5c245ad23057aacad52a28d4f3b249258f388374e99db32486dd09779ae,,variant-batch live execution
datm-live-2026-07-13T09-36-28-468Z,C,entity-02-normal,normal,16,2026-07-13T09:39:01.604Z,2026-07-13T09:39:01.604Z,2026-07-13T09:39:01.604Z,0,2026-07-13T09:39:01.719Z,0xc937be61348e20dd1d0ffc1bb656f060ed4804b99df7f713bec446ea2d1d382b,2026-07-13T09:39:06.104Z,success,40211,1000,6377300,0xe810ab8eaeb440522c7242c56b91fda9c54ac24bce8f0b861336a821a549a8fb,2026-07-13T09:39:06.104Z,4385,4385,4500,92,Trusted,2026-07-13T09:38:58.601Z,0xeb4935aa1a18a6666383e45bf6f88d17f7b33d86b1cc423e200fd8b3f56a7283,,variant-batch live execution
datm-live-2026-07-13T09-36-28-468Z,C,entity-03-normal,normal,16,2026-07-13T09:39:01.605Z,2026-07-13T09:39:01.605Z,2026-07-13T09:39:01.605Z,0,2026-07-13T09:39:01.719Z,0xf5476392eb9cef32937cbef2c9a60847a28a938962bed23ad2f3c73d04dadc89,2026-07-13T09:39:06.117Z,success,40211,1000,6377300,0xe810ab8eaeb440522c7242c56b91fda9c54ac24bce8f0b861336a821a549a8fb,2026-07-13T09:39:06.117Z,4398,4398,4512,92,Trusted,2026-07-13T09:38:58.601Z,0xad27cc9b16c88a930c31554e7043b66b67c2679be573e1d3531b64a9edbcf823,,variant-batch live execution
datm-live-2026-07-13T09-36-28-468Z,C,entity-04-normal,normal,16,2026-07-13T09:39:01.606Z,2026-07-13T09:39:01.606Z,2026-07-13T09:39:01.606Z,0,2026-07-13T09:39:01.719Z,0x53012cb227c37d44b3cfb9da609b9f486f06f016d4d82a1f38c0e79d18a5ab76,2026-07-13T09:39:06.134Z,success,40211,1000,6377300,0xe810ab8eaeb440522c7242c56b91fda9c54ac24bce8f0b861336a821a549a8fb,2026-07-13T09:39:06.134Z,4415,4415,4528,90,Trusted,2026-07-13T09:38:58.601Z,0xcfbd3ffecabe6ef43898e012629b3be8cc725da199f5bb17059aff96d3005aff,,variant-batch live execution
datm-live-2026-07-13T09-36-28-468Z,C,entity-05-suspicious,suspicious,16,2026-07-13T09:39:01.608Z,2026-07-13T09:39:01.608Z,2026-07-13T09:39:01.608Z,0,2026-07-13T09:39:01.744Z,0x2b92db09e51aa7975acae88a83cfb5dd4b7b6ff18ba02c385f465e4c93a7a594,2026-07-13T09:39:06.117Z,success,40291,1000,6377300,0xe810ab8eaeb440522c7242c56b91fda9c54ac24bce8f0b861336a821a549a8fb,2026-07-13T09:39:06.117Z,4373,4373,4509,64,Suspicious,2026-07-13T09:38:58.601Z,0xa5c921fa1e871d8adef86acc64ec79ecce3a1da4c5254a253616cf7439dcd930,,variant-batch live execution
datm-live-2026-07-13T09-36-28-468Z,C,entity-06-suspicious,suspicious,16,2026-07-13T09:39:01.608Z,2026-07-13T09:39:01.608Z,2026-07-13T09:39:01.608Z,0,2026-07-13T09:39:01.719Z,0x8ad37d4b0e226fec4bef467dc33bb935097541d2a5a6adf732b6a3e1fc8a1989,2026-07-13T09:39:06.118Z,success,40291,1000,6377300,0xe810ab8eaeb440522c7242c56b91fda9c54ac24bce8f0b861336a821a549a8fb,2026-07-13T09:39:06.118Z,4399,4399,4510,61,Suspicious,2026-07-13T09:38:58.601Z,0x433e9bea600563eb88c68e464ff8345ec5c627d9bed56179bf58e22a445653e1,,variant-batch live execution
datm-live-2026-07-13T09-36-28-468Z,C,entity-07-suspicious,suspicious,16,2026-07-13T09:39:01.609Z,2026-07-13T09:39:01.609Z,2026-07-13T09:39:01.609Z,0,2026-07-13T09:39:01.719Z,0xb33f7d527c56697f857e9f20126bdde08d10905178fa20c399b1a6fc59697452,2026-07-13T09:39:06.300Z,success,40279,1000,6377300,0xe810ab8eaeb440522c7242c56b91fda9c54ac24bce8f0b861336a821a549a8fb,2026-07-13T09:39:06.300Z,4581,4581,4691,60,Suspicious,2026-07-13T09:38:58.601Z,0xa906ca8b8680441b83a786126cffd6875417404760b01551d93c460081d52179,,variant-batch live execution
datm-live-2026-07-13T09-36-28-468Z,C,entity-08-malicious,malicious,16,2026-07-13T09:39:01.610Z,2026-07-13T09:39:01.610Z,2026-07-13T09:39:01.610Z,0,2026-07-13T09:39:01.744Z,0x6cf4ed69dc7de77a3891d50b0425aaa183e64e86ac55abea7638994b8105e087,2026-07-13T09:39:06.280Z,success,40278,1000,6377300,0xe810ab8eaeb440522c7242c56b91fda9c54ac24bce8f0b861336a821a549a8fb,2026-07-13T09:39:06.280Z,4536,4536,4670,28,Untrusted,2026-07-13T09:38:58.601Z,0xedcdb28d8b360aee5f6942c883df97c37c040ba88a3252e6031983001f66853c,,variant-batch live execution
datm-live-2026-07-13T09-36-28-468Z,C,entity-09-malicious,malicious,16,2026-07-13T09:39:01.611Z,2026-07-13T09:39:01.611Z,2026-07-13T09:39:01.611Z,0,2026-07-13T09:39:01.744Z,0x430e60e53a9eed0311a691fd943be9bb0fdd218af642e064fd3b1acfa129be38,2026-07-13T09:39:06.318Z,success,40278,1000,6377300,0xe810ab8eaeb440522c7242c56b91fda9c54ac24bce8f0b861336a821a549a8fb,2026-07-13T09:39:06.318Z,4574,4574,4707,27,Untrusted,2026-07-13T09:38:58.601Z,0x9b50ceaa730456c2036c1005610d4600810bbf443ffe2a58771d0a79dffdd3be,,variant-batch live execution
datm-live-2026-07-13T09-36-28-468Z,C,entity-10-malicious,malicious,16,2026-07-13T09:39:01.611Z,2026-07-13T09:39:01.611Z,2026-07-13T09:39:01.611Z,0,2026-07-13T09:39:01.744Z,0x2a2ea73e517a3e0bd8c39a6f64c5f94c95b7bb872749e08baccf9855b027393b,2026-07-13T09:39:06.322Z,success,40254,1000,6377300,0xe810ab8eaeb440522c7242c56b91fda9c54ac24bce8f0b861336a821a549a8fb,2026-07-13T09:39:06.322Z,4578,4578,4711,26,Untrusted,2026-07-13T09:38:58.601Z,0xc5d73f425462d339da6fba003b057e227a399a630bb28274cb59001eb9f69525,,variant-batch live execution
datm-live-2026-07-13T09-36-28-468Z,C,entity-01-normal,normal,17,2026-07-13T09:39:11.510Z,2026-07-13T09:39:11.510Z,2026-07-13T09:39:11.510Z,0,2026-07-13T09:39:11.724Z,0x46876677ef298462ffeed6e72f916e4c16b1c53d71f3bb71bab7d34cffe45f8b,2026-07-13T09:39:16.026Z,success,40199,1000,6377302,0x448b5d06be2ea81481054d769cf558180d77924e55fe372372a9e55335a6bdcb,2026-07-13T09:39:16.026Z,4302,4302,4516,93,Trusted,2026-07-13T09:39:08.601Z,0x57cf6840e399f17efc67935a4768dbb9f56875406b21d7f869a928ec2dbc71b6,,variant-batch live execution
datm-live-2026-07-13T09-36-28-468Z,C,entity-02-normal,normal,17,2026-07-13T09:39:11.511Z,2026-07-13T09:39:11.511Z,2026-07-13T09:39:11.511Z,0,2026-07-13T09:39:11.724Z,0xf9b0935f20050fda1bc2ff6eb266154109b0d3aeaa8ea839fed768966e093536,2026-07-13T09:39:16.026Z,success,40199,1000,6377302,0x448b5d06be2ea81481054d769cf558180d77924e55fe372372a9e55335a6bdcb,2026-07-13T09:39:16.026Z,4302,4302,4515,93,Trusted,2026-07-13T09:39:08.601Z,0x9569edaaf1dbbb04d926a3944520ea0b0b80afcae268da9753d4f31a0a497917,,variant-batch live execution
datm-live-2026-07-13T09-36-28-468Z,C,entity-03-normal,normal,17,2026-07-13T09:39:11.512Z,2026-07-13T09:39:11.512Z,2026-07-13T09:39:11.512Z,0,2026-07-13T09:39:11.724Z,0x81867bf580859b116eabe515e8fb7cc0547bddc86ea84f5820243551cf483297,2026-07-13T09:39:16.028Z,success,40211,1000,6377302,0x448b5d06be2ea81481054d769cf558180d77924e55fe372372a9e55335a6bdcb,2026-07-13T09:39:16.028Z,4304,4304,4516,92,Trusted,2026-07-13T09:39:08.601Z,0x6efceaf6731b649cb9a8c49d6959635e1fddaa82fc7bd4ebdb79ff409caf9f5d,,variant-batch live execution
datm-live-2026-07-13T09-36-28-468Z,C,entity-04-normal,normal,17,2026-07-13T09:39:11.512Z,2026-07-13T09:39:11.512Z,2026-07-13T09:39:11.512Z,0,2026-07-13T09:39:11.725Z,0xa6b504695627f2335b22d579f49c50423787986c8d8ce72a684814c3b7de331a,2026-07-13T09:39:16.028Z,success,40199,1000,6377302,0x448b5d06be2ea81481054d769cf558180d77924e55fe372372a9e55335a6bdcb,2026-07-13T09:39:16.028Z,4303,4303,4516,93,Trusted,2026-07-13T09:39:08.601Z,0xb3eb7696e1497cb5ec849abb0dd372e84132f0323ce1947c265da5b0e823ccfb,,variant-batch live execution
datm-live-2026-07-13T09-36-28-468Z,C,entity-05-suspicious,suspicious,17,2026-07-13T09:39:11.513Z,2026-07-13T09:39:11.513Z,2026-07-13T09:39:11.513Z,0,2026-07-13T09:39:11.725Z,0x36b3e481655827cbca12deee528cfc87a185ec755ba3b0ec6ccda26b1b7149f7,2026-07-13T09:39:16.031Z,success,40291,1000,6377302,0x448b5d06be2ea81481054d769cf558180d77924e55fe372372a9e55335a6bdcb,2026-07-13T09:39:16.031Z,4306,4306,4518,61,Suspicious,2026-07-13T09:39:08.601Z,0x2788587c7b550f87561903b4797984b4436fbdeefaf0dc105ade6cc8f7225862,,variant-batch live execution
datm-live-2026-07-13T09-36-28-468Z,C,entity-06-suspicious,suspicious,17,2026-07-13T09:39:11.513Z,2026-07-13T09:39:11.513Z,2026-07-13T09:39:11.513Z,0,2026-07-13T09:39:11.725Z,0x86d60172a02a712e738f94bfb7b466b601179db5f902e2cd178f46fce2c5e141,2026-07-13T09:39:16.006Z,success,40291,1000,6377302,0x448b5d06be2ea81481054d769cf558180d77924e55fe372372a9e55335a6bdcb,2026-07-13T09:39:16.006Z,4281,4281,4493,58,Suspicious,2026-07-13T09:39:08.601Z,0x5aabc32eda8f925adb6fc5a1bf75f6dc739ce49e07468bc82495959123e55122,,variant-batch live execution
datm-live-2026-07-13T09-36-28-468Z,C,entity-07-suspicious,suspicious,17,2026-07-13T09:39:11.513Z,2026-07-13T09:39:11.513Z,2026-07-13T09:39:11.513Z,0,2026-07-13T09:39:11.758Z,0x22cba882b52c70fd1326ef7bc8d5bc668767a5e602e132c43ff3bbaea405637c,2026-07-13T09:39:16.302Z,success,40291,1000,6377302,0x448b5d06be2ea81481054d769cf558180d77924e55fe372372a9e55335a6bdcb,2026-07-13T09:39:16.302Z,4544,4544,4789,64,Suspicious,2026-07-13T09:39:08.601Z,0x11f840e760222dff8550141c1c42484b601305cb200e3ea46d373088cc3f0981,,variant-batch live execution
datm-live-2026-07-13T09-36-28-468Z,C,entity-08-malicious,malicious,17,2026-07-13T09:39:11.514Z,2026-07-13T09:39:11.514Z,2026-07-13T09:39:11.514Z,0,2026-07-13T09:39:11.758Z,0x7e8ecd8c9a5a7d8eef727834d9c80c5da9f53587f60b47c9ae5a119269be8c29,2026-07-13T09:39:16.372Z,success,40290,1000,6377302,0x448b5d06be2ea81481054d769cf558180d77924e55fe372372a9e55335a6bdcb,2026-07-13T09:39:16.372Z,4614,4614,4858,27,Untrusted,2026-07-13T09:39:08.601Z,0xe4be3840d36dfcb7337ad2e8aa1926e9c01610e65830294d5b6ceb421ac896c9,,variant-batch live execution
datm-live-2026-07-13T09-36-28-468Z,C,entity-09-malicious,malicious,17,2026-07-13T09:39:11.514Z,2026-07-13T09:39:11.514Z,2026-07-13T09:39:11.514Z,0,2026-07-13T09:39:11.759Z,0xca0b4306d8aea386c75b613f78b7824d72e3eb96025a9e9d6fd906792e4a4abd,2026-07-13T09:39:16.301Z,success,40290,1000,6377302,0x448b5d06be2ea81481054d769cf558180d77924e55fe372372a9e55335a6bdcb,2026-07-13T09:39:16.301Z,4542,4542,4787,26,Untrusted,2026-07-13T09:39:08.601Z,0x2b29db13f8c40e178e76578a09771f5c27215b6fa142f07409f26f2ba21d6251,,variant-batch live execution
datm-live-2026-07-13T09-36-28-468Z,C,entity-10-malicious,malicious,17,2026-07-13T09:39:11.515Z,2026-07-13T09:39:11.515Z,2026-07-13T09:39:11.515Z,0,2026-07-13T09:39:11.759Z,0x0240ec181f693c8c296d8f990718fac0a0fa75e560ebad1636fb89e2020c435c,2026-07-13T09:39:16.419Z,success,40278,1000,6377302,0x448b5d06be2ea81481054d769cf558180d77924e55fe372372a9e55335a6bdcb,2026-07-13T09:39:16.419Z,4660,4660,4904,28,Untrusted,2026-07-13T09:39:08.601Z,0x3e59a7d068a31b97ad773db0ac7377d844379068cb936362803599dec7eb176a,,variant-batch live execution
datm-live-2026-07-13T09-36-28-468Z,C,entity-01-normal,normal,18,2026-07-13T09:39:21.609Z,2026-07-13T09:39:21.609Z,2026-07-13T09:39:21.609Z,0,2026-07-13T09:39:21.729Z,0x141f4f1348d5d864309852493c5c7126db88fe837d424fe6ee8f4486a2204358,2026-07-13T09:39:25.982Z,success,40187,1000,6377304,0xb70dc681c56e39d36a068013ebba72b1f2eac2baaaad1e07b0cb67760c25f640,2026-07-13T09:39:25.982Z,4253,4253,4373,92,Trusted,2026-07-13T09:39:18.601Z,0x1ca0c85a33b6c2f5c40cfcd4ca6513dc39898e17c0009e7c67f91c4d5929ceb5,,variant-batch live execution
datm-live-2026-07-13T09-36-28-468Z,C,entity-02-normal,normal,18,2026-07-13T09:39:21.611Z,2026-07-13T09:39:21.611Z,2026-07-13T09:39:21.611Z,0,2026-07-13T09:39:21.729Z,0xd908d036a84ced450e56b60f1ef472ddd425e9ac7e6e93d2474ce4462abae7af,2026-07-13T09:39:25.983Z,success,40211,1000,6377304,0xb70dc681c56e39d36a068013ebba72b1f2eac2baaaad1e07b0cb67760c25f640,2026-07-13T09:39:25.983Z,4254,4254,4372,91,Trusted,2026-07-13T09:39:18.601Z,0xa4ff93fd3a6a2af05238548c5c18132cda62d7fd8ab13c13dae7759040d4181f,,variant-batch live execution
datm-live-2026-07-13T09-36-28-468Z,C,entity-03-normal,normal,18,2026-07-13T09:39:21.612Z,2026-07-13T09:39:21.612Z,2026-07-13T09:39:21.612Z,0,2026-07-13T09:39:21.729Z,0xf7e8ef05ca1eeb900ccfd0122be2229f3a5b3a94453342424337754fd11d46fa,2026-07-13T09:39:26.020Z,success,40187,1000,6377304,0xb70dc681c56e39d36a068013ebba72b1f2eac2baaaad1e07b0cb67760c25f640,2026-07-13T09:39:26.020Z,4291,4291,4408,92,Trusted,2026-07-13T09:39:18.601Z,0x2fa6aa1c5cee0078c41bb1a997092e8cf0a4c64a587842212a4b9922b092d55a,,variant-batch live execution
datm-live-2026-07-13T09-36-28-468Z,C,entity-04-normal,normal,18,2026-07-13T09:39:21.612Z,2026-07-13T09:39:21.612Z,2026-07-13T09:39:21.612Z,0,2026-07-13T09:39:21.729Z,0x5f1d5f11db694082f4740fe2be7cd7f05782e0b03af928a5e8f117b4f244bd2e,2026-07-13T09:39:25.984Z,success,40199,1000,6377304,0xb70dc681c56e39d36a068013ebba72b1f2eac2baaaad1e07b0cb67760c25f640,2026-07-13T09:39:25.984Z,4255,4255,4372,92,Trusted,2026-07-13T09:39:18.601Z,0x67ed26c0c159894ca6ba655c0f0f1bd50c5e8b9e3fb6492d29d79976c7a9a0a7,,variant-batch live execution
datm-live-2026-07-13T09-36-28-468Z,C,entity-05-suspicious,suspicious,18,2026-07-13T09:39:21.613Z,2026-07-13T09:39:21.613Z,2026-07-13T09:39:21.613Z,0,2026-07-13T09:39:21.729Z,0x2bd6cb27466fbb677f4942d225211ba5f7f21685094143ac14492845f3a06acb,2026-07-13T09:39:25.986Z,success,40291,1000,6377304,0xb70dc681c56e39d36a068013ebba72b1f2eac2baaaad1e07b0cb67760c25f640,2026-07-13T09:39:25.986Z,4257,4257,4373,58,Suspicious,2026-07-13T09:39:18.601Z,0xc42686e1d3b0a5ebcb2060a1f74976446e075dafc4c75233115385a9259becbd,,variant-batch live execution
datm-live-2026-07-13T09-36-28-468Z,C,entity-06-suspicious,suspicious,18,2026-07-13T09:39:21.614Z,2026-07-13T09:39:21.614Z,2026-07-13T09:39:21.614Z,0,2026-07-13T09:39:21.730Z,0x1e2f8ee203c44fa8ab89dc5b7fecefac2dbdc48918fbea34f3762d1895743b99,2026-07-13T09:39:25.985Z,success,40291,1000,6377304,0xb70dc681c56e39d36a068013ebba72b1f2eac2baaaad1e07b0cb67760c25f640,2026-07-13T09:39:25.985Z,4255,4255,4371,60,Suspicious,2026-07-13T09:39:18.601Z,0x108c33368c1d23874ede12fdae50e0b7cdce66600cc0a9e6424ce67b64bc73a4,,variant-batch live execution
datm-live-2026-07-13T09-36-28-468Z,C,entity-07-suspicious,suspicious,18,2026-07-13T09:39:21.614Z,2026-07-13T09:39:21.614Z,2026-07-13T09:39:21.614Z,0,2026-07-13T09:39:21.756Z,0xb364dfbb5c802b99d16c1e42e16108c520fd3978d387dd4a6e60c3fd41ddbd17,2026-07-13T09:39:26.194Z,success,40291,1000,6377304,0xb70dc681c56e39d36a068013ebba72b1f2eac2baaaad1e07b0cb67760c25f640,2026-07-13T09:39:26.194Z,4438,4438,4580,61,Suspicious,2026-07-13T09:39:18.601Z,0x68abcde042f66a594b010e2b6ee49e29ce8473f711f876d6b4c856d3211cbab2,,variant-batch live execution
datm-live-2026-07-13T09-36-28-468Z,C,entity-08-malicious,malicious,18,2026-07-13T09:39:21.615Z,2026-07-13T09:39:21.615Z,2026-07-13T09:39:21.615Z,0,2026-07-13T09:39:21.757Z,0x5827f860ba204e5d54ee490b5be2859699e9348be3b538523345c9d2c0a2e31a,2026-07-13T09:39:26.204Z,success,40290,1000,6377304,0xb70dc681c56e39d36a068013ebba72b1f2eac2baaaad1e07b0cb67760c25f640,2026-07-13T09:39:26.204Z,4447,4447,4589,26,Untrusted,2026-07-13T09:39:18.601Z,0xa3acd166e94f9fd06ac4946554e3ee8b9c955de494fdbd7d6ef09504f4e514d2,,variant-batch live execution
datm-live-2026-07-13T09-36-28-468Z,C,entity-09-malicious,malicious,18,2026-07-13T09:39:21.615Z,2026-07-13T09:39:21.615Z,2026-07-13T09:39:21.615Z,0,2026-07-13T09:39:21.757Z,0x42875a7460cf9135d68af8a32ea3e099583e7226e4a9095218bc73e9ba2a14e3,2026-07-13T09:39:26.226Z,success,40290,1000,6377304,0xb70dc681c56e39d36a068013ebba72b1f2eac2baaaad1e07b0cb67760c25f640,2026-07-13T09:39:26.226Z,4469,4469,4611,27,Untrusted,2026-07-13T09:39:18.601Z,0x6120221eda83370f5bb1cffa055a8841de424072de29e0a0c954bba30e468f66,,variant-batch live execution
datm-live-2026-07-13T09-36-28-468Z,C,entity-10-malicious,malicious,18,2026-07-13T09:39:21.615Z,2026-07-13T09:39:21.615Z,2026-07-13T09:39:21.615Z,0,2026-07-13T09:39:21.757Z,0xff728f4ee3bf5badfa9dbb364a29dbde9a1408d94300f36d58780cb97c9f4d0b,2026-07-13T09:39:26.207Z,success,40278,1000,6377304,0xb70dc681c56e39d36a068013ebba72b1f2eac2baaaad1e07b0cb67760c25f640,2026-07-13T09:39:26.207Z,4450,4450,4592,28,Untrusted,2026-07-13T09:39:18.601Z,0xa97aee5233a253766ba646adbb4dfb5deddf42c396b532642fea31a83cc9b73d,,variant-batch live execution
datm-live-2026-07-13T09-36-28-468Z,C,entity-01-normal,normal,19,2026-07-13T09:39:31.361Z,2026-07-13T09:39:31.361Z,2026-07-13T09:39:31.361Z,0,2026-07-13T09:39:31.502Z,0x255d581df72ac6b818e2c086b9f013c15a43308a3015b5159258f4975d2ce131,2026-07-13T09:39:35.774Z,success,40211,1000,6377306,0xbeb8ae01dfa72af5633566b8a85959d032c790a6d15ed70538bd822750208690,2026-07-13T09:39:35.774Z,4272,4272,4413,92,Trusted,2026-07-13T09:39:28.601Z,0x997fc6fe25fe27bc7714290db0dd5b3f211716010ecd11ffdca9b0b6b097c4bb,,variant-batch live execution
datm-live-2026-07-13T09-36-28-468Z,C,entity-02-normal,normal,19,2026-07-13T09:39:31.362Z,2026-07-13T09:39:31.362Z,2026-07-13T09:39:31.362Z,0,2026-07-13T09:39:31.511Z,0x39956008a7a94b6b7f84e211bd4d882700755ad9fa76d4e2957bb8d1db1675e5,2026-07-13T09:39:35.778Z,success,40199,1000,6377306,0xbeb8ae01dfa72af5633566b8a85959d032c790a6d15ed70538bd822750208690,2026-07-13T09:39:35.778Z,4267,4267,4416,93,Trusted,2026-07-13T09:39:28.601Z,0x52e87d9a3b42c1e62c994c7dafdf9e553ffa0e50d5fe0c6fe0a23724d71cd86b,,variant-batch live execution
datm-live-2026-07-13T09-36-28-468Z,C,entity-03-normal,normal,19,2026-07-13T09:39:31.363Z,2026-07-13T09:39:31.363Z,2026-07-13T09:39:31.363Z,0,2026-07-13T09:39:31.511Z,0x2e6eaf9df8f1d44652357bef07b98eb83c1409cef2fd23216cde8897e600dffd,2026-07-13T09:39:35.778Z,success,40199,1000,6377306,0xbeb8ae01dfa72af5633566b8a85959d032c790a6d15ed70538bd822750208690,2026-07-13T09:39:35.778Z,4267,4267,4415,93,Trusted,2026-07-13T09:39:28.601Z,0xc7be49801fd6cf5c8e46679b989c23c8081ac7ff489364b0cd4140289e493e7e,,variant-batch live execution
datm-live-2026-07-13T09-36-28-468Z,C,entity-04-normal,normal,19,2026-07-13T09:39:31.364Z,2026-07-13T09:39:31.364Z,2026-07-13T09:39:31.364Z,0,2026-07-13T09:39:31.511Z,0x7291499e727d9874f47abecaba8b1ddf4d0181c40a32c7ad5170864ceacdeefc,2026-07-13T09:39:35.779Z,success,40211,1000,6377306,0xbeb8ae01dfa72af5633566b8a85959d032c790a6d15ed70538bd822750208690,2026-07-13T09:39:35.779Z,4268,4268,4415,92,Trusted,2026-07-13T09:39:28.601Z,0x43cd11b153016e1a9bf2d3e608aafc5d558a0f7f058ddb6529295cf6bac3601f,,variant-batch live execution
datm-live-2026-07-13T09-36-28-468Z,C,entity-05-suspicious,suspicious,19,2026-07-13T09:39:31.364Z,2026-07-13T09:39:31.364Z,2026-07-13T09:39:31.364Z,0,2026-07-13T09:39:31.511Z,0xf378dccf5e092250c57d35b3b8a0e7cefc83d99fb6e4500d5658fcaf8649e7f5,2026-07-13T09:39:35.806Z,success,40291,1000,6377306,0xbeb8ae01dfa72af5633566b8a85959d032c790a6d15ed70538bd822750208690,2026-07-13T09:39:35.806Z,4295,4295,4442,60,Suspicious,2026-07-13T09:39:28.601Z,0xa95f4e1f8c3160219ea047ee7ad5608dd696d824d85c3b6397b2e278a7cfd388,,variant-batch live execution
datm-live-2026-07-13T09-36-28-468Z,C,entity-06-suspicious,suspicious,19,2026-07-13T09:39:31.365Z,2026-07-13T09:39:31.365Z,2026-07-13T09:39:31.365Z,0,2026-07-13T09:39:31.511Z,0x901f75dfa39743bf291e9e9a58733212327006b326edefead91b2c477b9f2f6f,2026-07-13T09:39:35.780Z,success,40291,1000,6377306,0xbeb8ae01dfa72af5633566b8a85959d032c790a6d15ed70538bd822750208690,2026-07-13T09:39:35.780Z,4269,4269,4415,62,Suspicious,2026-07-13T09:39:28.601Z,0x3f09d7bcbdf8dcac59e41906435e57349261ae791186c7f79890d00f43e9c2da,,variant-batch live execution
datm-live-2026-07-13T09-36-28-468Z,C,entity-07-suspicious,suspicious,19,2026-07-13T09:39:31.365Z,2026-07-13T09:39:31.365Z,2026-07-13T09:39:31.365Z,0,2026-07-13T09:39:31.531Z,0x2817c32ad6f0a4b0caf45b77e652317f7b1399f4a80937a2716e4746c7d2eb56,2026-07-13T09:39:35.970Z,success,40291,1000,6377306,0xbeb8ae01dfa72af5633566b8a85959d032c790a6d15ed70538bd822750208690,2026-07-13T09:39:35.970Z,4439,4439,4605,58,Suspicious,2026-07-13T09:39:28.601Z,0x937d533fe5b5af365b9175e2718330c2c914e1d38247338618d86b1ca330e332,,variant-batch live execution
datm-live-2026-07-13T09-36-28-468Z,C,entity-08-malicious,malicious,19,2026-07-13T09:39:31.366Z,2026-07-13T09:39:31.366Z,2026-07-13T09:39:31.366Z,0,2026-07-13T09:39:31.531Z,0xd9bad6c1e751a04c658176e0ac5bceb593277c3252166313f297efa9f67b1b8d,2026-07-13T09:39:35.982Z,success,40290,1000,6377306,0xbeb8ae01dfa72af5633566b8a85959d032c790a6d15ed70538bd822750208690,2026-07-13T09:39:35.982Z,4451,4451,4616,27,Untrusted,2026-07-13T09:39:28.601Z,0x6d7cd5a9c352dc954012045551a7aae452d75f1132d52dcfd012d2f0809e170d,,variant-batch live execution
datm-live-2026-07-13T09-36-28-468Z,C,entity-09-malicious,malicious,19,2026-07-13T09:39:31.368Z,2026-07-13T09:39:31.368Z,2026-07-13T09:39:31.368Z,0,2026-07-13T09:39:31.531Z,0xb62e4b0fbeff8724d2a16e28a0fe650d2d29c037e7ed99d4bfb776c819774705,2026-07-13T09:39:36.007Z,success,40278,1000,6377306,0xbeb8ae01dfa72af5633566b8a85959d032c790a6d15ed70538bd822750208690,2026-07-13T09:39:36.007Z,4476,4476,4639,26,Untrusted,2026-07-13T09:39:28.601Z,0xcdadd3f91b67ea4377b0770e3b00b4778c3beebd9d9a9cae64366080a5a31fcd,,variant-batch live execution
datm-live-2026-07-13T09-36-28-468Z,C,entity-10-malicious,malicious,19,2026-07-13T09:39:31.368Z,2026-07-13T09:39:31.368Z,2026-07-13T09:39:31.368Z,0,2026-07-13T09:39:31.531Z,0x7feab54179d5dda4497187c53503e1ba394fc3bfb88c9e1ff50e9af2f56e71af,2026-07-13T09:39:36.014Z,success,40278,1000,6377306,0xbeb8ae01dfa72af5633566b8a85959d032c790a6d15ed70538bd822750208690,2026-07-13T09:39:36.014Z,4483,4483,4646,27,Untrusted,2026-07-13T09:39:28.601Z,0xa71befc24b99d4ca9df1ed8be7e5fe071822450ea262f92cf7c8e0bb6c97298d,,variant-batch live execution
datm-live-2026-07-13T09-36-28-468Z,C,entity-01-normal,normal,20,2026-07-13T09:39:41.143Z,2026-07-13T09:39:41.143Z,2026-07-13T09:39:41.143Z,0,2026-07-13T09:39:41.261Z,0xa9847c547a5c5a5258d388d025077b2dc3f5b02a90085cbe0677595e2da8b649,2026-07-13T09:39:45.516Z,success,40199,1000,6377308,0x675e53f05f6133344cdb594d38e17ddad312d3607dbed3603558e2f72777e66a,2026-07-13T09:39:45.516Z,4255,4255,4373,92,Trusted,2026-07-13T09:39:38.601Z,0x2ebaf39e44eedfe9206f03848d968c8190b049905e4ce19fb83af385e8ec422c,,variant-batch live execution
datm-live-2026-07-13T09-36-28-468Z,C,entity-02-normal,normal,20,2026-07-13T09:39:41.145Z,2026-07-13T09:39:41.145Z,2026-07-13T09:39:41.145Z,0,2026-07-13T09:39:41.261Z,0x65faa589c7a24793a5ce95920aa6c80c092f5a33dac3d8920f959a2bde72c52b,2026-07-13T09:39:45.518Z,success,40199,1000,6377308,0x675e53f05f6133344cdb594d38e17ddad312d3607dbed3603558e2f72777e66a,2026-07-13T09:39:45.518Z,4257,4257,4373,93,Trusted,2026-07-13T09:39:38.601Z,0xc9f97c67ddecb1c99bd6ba7bd6988ea99a74da641520c911d44767e63c6dd20d,,variant-batch live execution
datm-live-2026-07-13T09-36-28-468Z,C,entity-03-normal,normal,20,2026-07-13T09:39:41.145Z,2026-07-13T09:39:41.145Z,2026-07-13T09:39:41.145Z,0,2026-07-13T09:39:41.261Z,0x2f83cdac219036c671622c7868ee95f7a41eab1a36f6078526c5197387d25df9,2026-07-13T09:39:45.521Z,success,40199,1000,6377308,0x675e53f05f6133344cdb594d38e17ddad312d3607dbed3603558e2f72777e66a,2026-07-13T09:39:45.521Z,4260,4260,4376,91,Trusted,2026-07-13T09:39:38.601Z,0x66a50098429899aaef57ba7ff8edd5070d65141edf22111e1d26e26a375ffde8,,variant-batch live execution
datm-live-2026-07-13T09-36-28-468Z,C,entity-04-normal,normal,20,2026-07-13T09:39:41.146Z,2026-07-13T09:39:41.146Z,2026-07-13T09:39:41.146Z,0,2026-07-13T09:39:41.261Z,0x649a58bf394329f7eec90cafc48375d1c17639af8adbb81c09a63356f9136a77,2026-07-13T09:39:45.526Z,success,40199,1000,6377308,0x675e53f05f6133344cdb594d38e17ddad312d3607dbed3603558e2f72777e66a,2026-07-13T09:39:45.526Z,4265,4265,4380,92,Trusted,2026-07-13T09:39:38.601Z,0xfdf58ebace3be60cfca83db3597d077f29ac694240969bbb4bcfcc52529887d7,,variant-batch live execution
datm-live-2026-07-13T09-36-28-468Z,C,entity-05-suspicious,suspicious,20,2026-07-13T09:39:41.147Z,2026-07-13T09:39:41.147Z,2026-07-13T09:39:41.147Z,0,2026-07-13T09:39:41.261Z,0xf524e312eb5d17aaadcf21d7472c2283b92b8cdc5c4f4b1cfc0aa2a6dd9c877b,2026-07-13T09:39:45.543Z,success,40291,1000,6377308,0x675e53f05f6133344cdb594d38e17ddad312d3607dbed3603558e2f72777e66a,2026-07-13T09:39:45.543Z,4282,4282,4396,62,Suspicious,2026-07-13T09:39:38.601Z,0x52290b2d61876c067a76a56d17bccc986f5b303e4d20bbac44f911bbe1c69882,,variant-batch live execution
datm-live-2026-07-13T09-36-28-468Z,C,entity-06-suspicious,suspicious,20,2026-07-13T09:39:41.147Z,2026-07-13T09:39:41.147Z,2026-07-13T09:39:41.147Z,0,2026-07-13T09:39:41.261Z,0x72ae09dc42c00d8b3039eebbec0f1c8c71795e8a01fc1ec3ac42ecbaa5754805,2026-07-13T09:39:45.515Z,success,40291,1000,6377308,0x675e53f05f6133344cdb594d38e17ddad312d3607dbed3603558e2f72777e66a,2026-07-13T09:39:45.515Z,4254,4254,4368,63,Suspicious,2026-07-13T09:39:38.601Z,0x1b076e576582f512d3217dd68cf44c1923b259a119525da3cc925910b970b955,,variant-batch live execution
datm-live-2026-07-13T09-36-28-468Z,C,entity-07-suspicious,suspicious,20,2026-07-13T09:39:41.147Z,2026-07-13T09:39:41.147Z,2026-07-13T09:39:41.147Z,0,2026-07-13T09:39:41.291Z,0x3f9b03783d4b32963b1aacc7250d3e42dfcf380143a044f6cd364eaeacb661b1,2026-07-13T09:39:45.692Z,success,40291,1000,6377308,0x675e53f05f6133344cdb594d38e17ddad312d3607dbed3603558e2f72777e66a,2026-07-13T09:39:45.692Z,4401,4401,4545,60,Suspicious,2026-07-13T09:39:38.601Z,0xba2ce0d9da412107f7ace177c3ba6b07fa5fed80fe53e28eb529cac5676958e4,,variant-batch live execution
datm-live-2026-07-13T09-36-28-468Z,C,entity-08-malicious,malicious,20,2026-07-13T09:39:41.148Z,2026-07-13T09:39:41.148Z,2026-07-13T09:39:41.148Z,0,2026-07-13T09:39:41.291Z,0x6793dcccadade364071623f7aff4caa3c4bd7c9709c095b1cf4e0db361a0e2bc,2026-07-13T09:39:45.706Z,success,40290,1000,6377308,0x675e53f05f6133344cdb594d38e17ddad312d3607dbed3603558e2f72777e66a,2026-07-13T09:39:45.706Z,4415,4415,4558,26,Untrusted,2026-07-13T09:39:38.601Z,0x19f0821e6d481d80c5112aeff082772247f4c5a2f6e702ca36b3893c159db8c9,,variant-batch live execution
datm-live-2026-07-13T09-36-28-468Z,C,entity-09-malicious,malicious,20,2026-07-13T09:39:41.148Z,2026-07-13T09:39:41.148Z,2026-07-13T09:39:41.148Z,0,2026-07-13T09:39:41.291Z,0x38a4684e9d8f18543abbc6f688fa5cec1d2c36bb1950284efdf7e526d1a8d899,2026-07-13T09:39:45.714Z,success,40290,1000,6377308,0x675e53f05f6133344cdb594d38e17ddad312d3607dbed3603558e2f72777e66a,2026-07-13T09:39:45.714Z,4423,4423,4566,26,Untrusted,2026-07-13T09:39:38.601Z,0xdb17a259c9420d06048efe056d559b332ac084e52865404e93f1b27ba50711c5,,variant-batch live execution
datm-live-2026-07-13T09-36-28-468Z,C,entity-10-malicious,malicious,20,2026-07-13T09:39:41.148Z,2026-07-13T09:39:41.148Z,2026-07-13T09:39:41.148Z,0,2026-07-13T09:39:41.292Z,0x9c4192761a07a6693147e378ceaa5b9d61fa87f4e2a8e3f4ac29b81a49166de9,2026-07-13T09:39:45.733Z,success,40278,1000,6377308,0x675e53f05f6133344cdb594d38e17ddad312d3607dbed3603558e2f72777e66a,2026-07-13T09:39:45.733Z,4441,4441,4585,28,Untrusted,2026-07-13T09:39:38.601Z,0x5188219bbb1f3af9fd907872b3812666d1773286be06715d77fbd30b7edc1780,,variant-batch live execution
datm-live-2026-07-13T09-36-28-468Z,C,entity-01-normal,normal,21,2026-07-13T09:39:50.838Z,2026-07-13T09:39:50.838Z,2026-07-13T09:39:50.838Z,0,2026-07-13T09:39:51.285Z,0xe30a9b173cf7ca17df5a8b1e2a22c08dc6d878ed6f723b1adf1373a8194d8c7f,2026-07-13T09:39:55.550Z,success,40223,1000,6377310,0xdb2aaebcfa98926e69c5b21e797023ec355a30bcbeab9c65fa3cfd41ac23a9f1,2026-07-13T09:39:55.550Z,4265,4265,4712,91,Trusted,2026-07-13T09:39:48.601Z,0x3e961f53a4dfcdc0dae333713b2c972eab1a7a4757815794f62e9e8e46ef2c6e,,variant-batch live execution
datm-live-2026-07-13T09-36-28-468Z,C,entity-02-normal,normal,21,2026-07-13T09:39:50.839Z,2026-07-13T09:39:50.839Z,2026-07-13T09:39:50.839Z,0,2026-07-13T09:39:51.313Z,0x67a4b483c34b5e60e889400444f3ef1f35bd74fdb3e687a3aed15e1494a54d48,2026-07-13T09:39:55.551Z,success,40235,1000,6377310,0xdb2aaebcfa98926e69c5b21e797023ec355a30bcbeab9c65fa3cfd41ac23a9f1,2026-07-13T09:39:55.551Z,4238,4238,4712,89,Trusted,2026-07-13T09:39:48.601Z,0x1e7a4be2e61c4d4944275950efb1cca3c67e83a32da9e2186ca0c086e6e1d639,,variant-batch live execution
datm-live-2026-07-13T09-36-28-468Z,C,entity-03-normal,normal,21,2026-07-13T09:39:50.839Z,2026-07-13T09:39:50.839Z,2026-07-13T09:39:50.839Z,0,2026-07-13T09:39:51.313Z,0x9587f3021051d4d5ecccf98112813a23117187161ad6b0e6961c825d2d56c126,2026-07-13T09:39:55.579Z,success,40223,1000,6377310,0xdb2aaebcfa98926e69c5b21e797023ec355a30bcbeab9c65fa3cfd41ac23a9f1,2026-07-13T09:39:55.579Z,4266,4266,4740,91,Trusted,2026-07-13T09:39:48.601Z,0x67710c9125a26222a2c5fd376cdd0ab7a0b8f0e452a8ea65c46ff0be7b156d12,,variant-batch live execution
datm-live-2026-07-13T09-36-28-468Z,C,entity-04-normal,normal,21,2026-07-13T09:39:50.840Z,2026-07-13T09:39:50.840Z,2026-07-13T09:39:50.840Z,0,2026-07-13T09:39:51.313Z,0xeed24d5f7e3704c91d381f7d47367857096f494e3301ac53724b3b4cb74ac4b1,2026-07-13T09:39:55.581Z,success,40223,1000,6377310,0xdb2aaebcfa98926e69c5b21e797023ec355a30bcbeab9c65fa3cfd41ac23a9f1,2026-07-13T09:39:55.581Z,4268,4268,4741,91,Trusted,2026-07-13T09:39:48.601Z,0x128cda6b155720d096421b46aeae17664cf2f5222ac8d0f1548a66379b220bc5,,variant-batch live execution
datm-live-2026-07-13T09-36-28-468Z,C,entity-05-suspicious,suspicious,21,2026-07-13T09:39:50.841Z,2026-07-13T09:39:50.841Z,2026-07-13T09:39:50.841Z,0,2026-07-13T09:39:51.313Z,0x076f0dd81c2c0932aefd32837c9b2da4c8aef37ff6f533dd5dc6184f81f091c4,2026-07-13T09:39:55.581Z,success,40291,1000,6377310,0xdb2aaebcfa98926e69c5b21e797023ec355a30bcbeab9c65fa3cfd41ac23a9f1,2026-07-13T09:39:55.581Z,4268,4268,4740,63,Suspicious,2026-07-13T09:39:48.601Z,0x9a90050ca28f1498486b2e3deaf2ea1d1dd5bf8fcba5a3e4c20adb4e038b80d1,,variant-batch live execution
datm-live-2026-07-13T09-36-28-468Z,C,entity-06-suspicious,suspicious,21,2026-07-13T09:39:50.841Z,2026-07-13T09:39:50.841Z,2026-07-13T09:39:50.841Z,0,2026-07-13T09:39:51.313Z,0x88e77e4a59c22bdb2950c433692d35666eaaf51d4b4366f42c8bbe69bd4e1022,2026-07-13T09:39:55.588Z,success,40291,1000,6377310,0xdb2aaebcfa98926e69c5b21e797023ec355a30bcbeab9c65fa3cfd41ac23a9f1,2026-07-13T09:39:55.588Z,4275,4275,4747,61,Suspicious,2026-07-13T09:39:48.601Z,0xd4df1c5e1258e7c86788ebdf2329847a2482e388871d8acd11025928ad7db85d,,variant-batch live execution
datm-live-2026-07-13T09-36-28-468Z,C,entity-07-suspicious,suspicious,21,2026-07-13T09:39:50.841Z,2026-07-13T09:39:50.841Z,2026-07-13T09:39:50.841Z,0,2026-07-13T09:39:51.315Z,0x73aeab0ae6523ce0984a431ee8d7d42b9a8040c333d65a0cdd6149add6831892,2026-07-13T09:39:55.777Z,success,40291,1000,6377310,0xdb2aaebcfa98926e69c5b21e797023ec355a30bcbeab9c65fa3cfd41ac23a9f1,2026-07-13T09:39:55.777Z,4462,4462,4936,62,Suspicious,2026-07-13T09:39:48.601Z,0xf452f68080193d140903c09e5e0d23fdc3d0ce8efb3beeef10dda671603980ce,,variant-batch live execution
datm-live-2026-07-13T09-36-28-468Z,C,entity-08-malicious,malicious,21,2026-07-13T09:39:50.842Z,2026-07-13T09:39:50.842Z,2026-07-13T09:39:50.842Z,0,2026-07-13T09:39:51.315Z,0x7486fed21ed2a9f82072bcff70cb3abbbfc992f0fe58a0b8149c7d35f4a1aa63,2026-07-13T09:39:55.803Z,success,40290,1000,6377310,0xdb2aaebcfa98926e69c5b21e797023ec355a30bcbeab9c65fa3cfd41ac23a9f1,2026-07-13T09:39:55.803Z,4488,4488,4961,26,Untrusted,2026-07-13T09:39:48.601Z,0x6a475e3341d68bd9bcebdac7d08c2e9d6fe4fd9a592d784293884824fd6930a5,,variant-batch live execution
datm-live-2026-07-13T09-36-28-468Z,C,entity-09-malicious,malicious,21,2026-07-13T09:39:50.843Z,2026-07-13T09:39:50.843Z,2026-07-13T09:39:50.843Z,0,2026-07-13T09:39:51.315Z,0x3335a10f45e226b783f990d9814acc96bb0f9a57fd9d985671d225e4a356be00,2026-07-13T09:39:55.778Z,success,40290,1000,6377310,0xdb2aaebcfa98926e69c5b21e797023ec355a30bcbeab9c65fa3cfd41ac23a9f1,2026-07-13T09:39:55.778Z,4463,4463,4935,27,Untrusted,2026-07-13T09:39:48.601Z,0x3bab1cd896bbc9587035c61be453c4fd203e576d061f5812622c639a9ba89187,,variant-batch live execution
datm-live-2026-07-13T09-36-28-468Z,C,entity-10-malicious,malicious,21,2026-07-13T09:39:50.843Z,2026-07-13T09:39:50.843Z,2026-07-13T09:39:50.843Z,0,2026-07-13T09:39:51.315Z,0xac1b64fbdfb4e4a174aab5d33fe4b681d57fed0c996e5935d7f2b1177dda6b42,2026-07-13T09:39:55.780Z,success,40278,1000,6377310,0xdb2aaebcfa98926e69c5b21e797023ec355a30bcbeab9c65fa3cfd41ac23a9f1,2026-07-13T09:39:55.780Z,4465,4465,4937,26,Untrusted,2026-07-13T09:39:48.601Z,0xa55d39cd302798f0f9bcfbb50b58adae89061666a92c6afe956debe1521daf1a,,variant-batch live execution
datm-live-2026-07-13T09-36-28-468Z,C,entity-01-normal,normal,22,2026-07-13T09:40:00.917Z,2026-07-13T09:40:00.917Z,2026-07-13T09:40:00.917Z,0,2026-07-13T09:40:01.112Z,0xdc8ce92156ef49dc23cdf74b05992468954ac56cdffe0efe333454c28c1c674d,2026-07-13T09:40:05.417Z,success,40211,1000,6377312,0xcd5971ed232f861457ebcedf2c632abfed0ca67ca21d8100f35a75ab415ad365,2026-07-13T09:40:05.417Z,4305,4305,4500,91,Trusted,2026-07-13T09:39:58.601Z,0x20de2809859b1fed115d7d6f894d4d1222d8e05011cf1fdc49221589f143b729,,variant-batch live execution
datm-live-2026-07-13T09-36-28-468Z,C,entity-02-normal,normal,22,2026-07-13T09:40:00.918Z,2026-07-13T09:40:00.918Z,2026-07-13T09:40:00.918Z,0,2026-07-13T09:40:01.112Z,0x242c61cbaf1eae0a850b3acc5d711e1edf64587aca87f9f25d48b7aa203f1973,2026-07-13T09:40:05.413Z,success,40199,1000,6377312,0xcd5971ed232f861457ebcedf2c632abfed0ca67ca21d8100f35a75ab415ad365,2026-07-13T09:40:05.413Z,4301,4301,4495,93,Trusted,2026-07-13T09:39:58.601Z,0x09c5de08ea5623f3f9fd2bb137611a1fd26dbdad6511f01a2dcad7d783192f07,,variant-batch live execution
datm-live-2026-07-13T09-36-28-468Z,C,entity-03-normal,normal,22,2026-07-13T09:40:00.919Z,2026-07-13T09:40:00.919Z,2026-07-13T09:40:00.919Z,0,2026-07-13T09:40:01.125Z,0x2081ffa86cf081967bb1536a3f3ad3c2c13061beccb1315b78ebc1bc2f78f807,2026-07-13T09:40:05.450Z,success,40199,1000,6377312,0xcd5971ed232f861457ebcedf2c632abfed0ca67ca21d8100f35a75ab415ad365,2026-07-13T09:40:05.450Z,4325,4325,4531,92,Trusted,2026-07-13T09:39:58.601Z,0x9971f413fb0dc0f824cc8c9039b65ee2659090dc8c8adac35238b80546821e22,,variant-batch live execution
datm-live-2026-07-13T09-36-28-468Z,C,entity-04-normal,normal,22,2026-07-13T09:40:00.919Z,2026-07-13T09:40:00.919Z,2026-07-13T09:40:00.919Z,0,2026-07-13T09:40:01.125Z,0xcc4bad2f226331cd3510b6882e5dda6f02f6fd341b136d2fece0804649926133,2026-07-13T09:40:05.418Z,success,40211,1000,6377312,0xcd5971ed232f861457ebcedf2c632abfed0ca67ca21d8100f35a75ab415ad365,2026-07-13T09:40:05.418Z,4293,4293,4499,91,Trusted,2026-07-13T09:39:58.601Z,0x38ddb717888a77968d277fcaeb78c3142c99479b267d6c242dfc691aee608f91,,variant-batch live execution
datm-live-2026-07-13T09-36-28-468Z,C,entity-05-suspicious,suspicious,22,2026-07-13T09:40:00.920Z,2026-07-13T09:40:00.920Z,2026-07-13T09:40:00.920Z,0,2026-07-13T09:40:01.125Z,0x2b6a82b544332c158e19caf030274cfbc5c6febdb7f60fd2137945133b693777,2026-07-13T09:40:05.418Z,success,40291,1000,6377312,0xcd5971ed232f861457ebcedf2c632abfed0ca67ca21d8100f35a75ab415ad365,2026-07-13T09:40:05.418Z,4293,4293,4498,61,Suspicious,2026-07-13T09:39:58.601Z,0x41d74794bf437bee7cc103015e61c2d96fce43105c089d2e21bc9705cc550d7a,,variant-batch live execution
datm-live-2026-07-13T09-36-28-468Z,C,entity-06-suspicious,suspicious,22,2026-07-13T09:40:00.920Z,2026-07-13T09:40:00.920Z,2026-07-13T09:40:00.920Z,0,2026-07-13T09:40:01.149Z,0x64ad448cd704bda318a46dce84798e092c9c8130ba04ce353bc81d6e85b8c136,2026-07-13T09:40:05.451Z,success,40291,1000,6377312,0xcd5971ed232f861457ebcedf2c632abfed0ca67ca21d8100f35a75ab415ad365,2026-07-13T09:40:05.451Z,4302,4302,4531,58,Suspicious,2026-07-13T09:39:58.601Z,0xf25f260fb38f4641dd96f2316635401b4dcc80a025d9c0854f36e3125f9992e9,,variant-batch live execution
datm-live-2026-07-13T09-36-28-468Z,C,entity-07-suspicious,suspicious,22,2026-07-13T09:40:00.921Z,2026-07-13T09:40:00.921Z,2026-07-13T09:40:00.921Z,0,2026-07-13T09:40:01.125Z,0xa80542f7e9736eb75736ae33b85df38fa093e21b03abe54a40fa9149a70a6ded,2026-07-13T09:40:05.642Z,success,40291,1000,6377312,0xcd5971ed232f861457ebcedf2c632abfed0ca67ca21d8100f35a75ab415ad365,2026-07-13T09:40:05.642Z,4517,4517,4721,63,Suspicious,2026-07-13T09:39:58.601Z,0x289ef16e2e9c8b3a1b6d96d16b8013adc2753516c296a94b66bf6c0ee65f9679,,variant-batch live execution
datm-live-2026-07-13T09-36-28-468Z,C,entity-08-malicious,malicious,22,2026-07-13T09:40:00.921Z,2026-07-13T09:40:00.921Z,2026-07-13T09:40:00.921Z,0,2026-07-13T09:40:01.125Z,0xc8074518039c591de25552ab3913390e7955d94d7ef658832f57b1c95bc5e165,2026-07-13T09:40:05.611Z,success,40290,1000,6377312,0xcd5971ed232f861457ebcedf2c632abfed0ca67ca21d8100f35a75ab415ad365,2026-07-13T09:40:05.611Z,4486,4486,4690,27,Untrusted,2026-07-13T09:39:58.601Z,0x60dec624240fd8fcf10af37dca1a4b78480d6181c57ce7fd7c961db5bf7a72f0,,variant-batch live execution
datm-live-2026-07-13T09-36-28-468Z,C,entity-09-malicious,malicious,22,2026-07-13T09:40:00.922Z,2026-07-13T09:40:00.922Z,2026-07-13T09:40:00.922Z,0,2026-07-13T09:40:01.149Z,0x44dc9e3db028e8046cfa7496410c908bc1bd63f1f90fabd71a2e8c22b24d834d,2026-07-13T09:40:05.643Z,success,40290,1000,6377312,0xcd5971ed232f861457ebcedf2c632abfed0ca67ca21d8100f35a75ab415ad365,2026-07-13T09:40:05.643Z,4494,4494,4721,25,Untrusted,2026-07-13T09:39:58.601Z,0xc8a35853c547a7a925aea8e807e05021d49f869634dbcc26c8e51a7f58226bfd,,variant-batch live execution
datm-live-2026-07-13T09-36-28-468Z,C,entity-10-malicious,malicious,22,2026-07-13T09:40:00.923Z,2026-07-13T09:40:00.923Z,2026-07-13T09:40:00.923Z,0,2026-07-13T09:40:01.149Z,0x52df5fcab5adcbc2e26ca73c7ee826c1e637da938825d9f10f66efcb7addc79c,2026-07-13T09:40:05.658Z,success,40278,1000,6377312,0xcd5971ed232f861457ebcedf2c632abfed0ca67ca21d8100f35a75ab415ad365,2026-07-13T09:40:05.658Z,4509,4509,4735,26,Untrusted,2026-07-13T09:39:58.601Z,0xd30719d2aaf0205ba2b107726201df670ccb25bc1c2a19ff5ec1f1a68242856a,,variant-batch live execution
datm-live-2026-07-13T09-36-28-468Z,C,entity-01-normal,normal,23,2026-07-13T09:40:10.762Z,2026-07-13T09:40:10.762Z,2026-07-13T09:40:10.762Z,0,2026-07-13T09:40:10.926Z,0xb19054fd266c4b001aaa808f3aac4f49f07f35cca2ea5c2ee2794718edd559c2,2026-07-13T09:40:15.250Z,success,40199,1000,6377314,0xf361e01ee04592d1a4f451e8a060e2a1a7567cce90ef5e94503e13ea725dee6d,2026-07-13T09:40:15.250Z,4324,4324,4488,93,Trusted,2026-07-13T09:40:08.601Z,0x4298d8eff07b42a5c805cf4028e4d26b2c041ffdba05fe21233f6db9ec170bf7,,variant-batch live execution
datm-live-2026-07-13T09-36-28-468Z,C,entity-02-normal,normal,23,2026-07-13T09:40:10.764Z,2026-07-13T09:40:10.764Z,2026-07-13T09:40:10.764Z,0,2026-07-13T09:40:10.926Z,0x07c222755c203766da1e3d6343dc9578d6df9954f4dfa5fdde6c996594e6c218,2026-07-13T09:40:15.218Z,success,40199,1000,6377314,0xf361e01ee04592d1a4f451e8a060e2a1a7567cce90ef5e94503e13ea725dee6d,2026-07-13T09:40:15.218Z,4292,4292,4454,93,Trusted,2026-07-13T09:40:08.601Z,0x1602e1129325b85b49d77971235840495b3255b51c9b8e655347cb27685a815a,,variant-batch live execution
datm-live-2026-07-13T09-36-28-468Z,C,entity-03-normal,normal,23,2026-07-13T09:40:10.765Z,2026-07-13T09:40:10.765Z,2026-07-13T09:40:10.765Z,0,2026-07-13T09:40:10.927Z,0x1bb5c4c453177b8353385fd7313c23efffa7cf24099015ee021a138a1f8d0fa2,2026-07-13T09:40:15.228Z,success,40211,1000,6377314,0xf361e01ee04592d1a4f451e8a060e2a1a7567cce90ef5e94503e13ea725dee6d,2026-07-13T09:40:15.228Z,4301,4301,4463,92,Trusted,2026-07-13T09:40:08.601Z,0x8ff26a4c50d7eb081ff575fc8ad1896ce29e0fd1b4b8a46a30926da190a82863,,variant-batch live execution
datm-live-2026-07-13T09-36-28-468Z,C,entity-04-normal,normal,23,2026-07-13T09:40:10.766Z,2026-07-13T09:40:10.766Z,2026-07-13T09:40:10.766Z,0,2026-07-13T09:40:10.927Z,0xb21dbb104a71b2699babb3bda6cd18768ecdee153ad618f31d68de67275b412b,2026-07-13T09:40:15.259Z,success,40199,1000,6377314,0xf361e01ee04592d1a4f451e8a060e2a1a7567cce90ef5e94503e13ea725dee6d,2026-07-13T09:40:15.259Z,4332,4332,4493,93,Trusted,2026-07-13T09:40:08.601Z,0x860934e73651365827d5c85f209accfd3e77fc8e6c11befc269e064ff00d950b,,variant-batch live execution
datm-live-2026-07-13T09-36-28-468Z,C,entity-05-suspicious,suspicious,23,2026-07-13T09:40:10.767Z,2026-07-13T09:40:10.767Z,2026-07-13T09:40:10.767Z,0,2026-07-13T09:40:10.927Z,0xd70733b4b2d71f4349593e8e48aea603a1e9533d8c65f8c1e0725b25c2b8610e,2026-07-13T09:40:15.228Z,success,40291,1000,6377314,0xf361e01ee04592d1a4f451e8a060e2a1a7567cce90ef5e94503e13ea725dee6d,2026-07-13T09:40:15.228Z,4301,4301,4461,58,Suspicious,2026-07-13T09:40:08.601Z,0x42586e5edef30143a25b4a1f44b2210812a37030d7b284aa660ca72cea48910b,,variant-batch live execution
datm-live-2026-07-13T09-36-28-468Z,C,entity-06-suspicious,suspicious,23,2026-07-13T09:40:10.769Z,2026-07-13T09:40:10.769Z,2026-07-13T09:40:10.769Z,0,2026-07-13T09:40:10.927Z,0x2e0b4f20437e4b7c751d8f4a05c307538b36024fc185109f06eea8131924dc24,2026-07-13T09:40:15.230Z,success,40291,1000,6377314,0xf361e01ee04592d1a4f451e8a060e2a1a7567cce90ef5e94503e13ea725dee6d,2026-07-13T09:40:15.230Z,4303,4303,4461,61,Suspicious,2026-07-13T09:40:08.601Z,0x6c58809e2c449d01f304121f5912d00ecb0b6a83248051da05fa621850330d5b,,variant-batch live execution
datm-live-2026-07-13T09-36-28-468Z,C,entity-07-suspicious,suspicious,23,2026-07-13T09:40:10.769Z,2026-07-13T09:40:10.769Z,2026-07-13T09:40:10.769Z,0,2026-07-13T09:40:10.956Z,0xd9f7d6264775571ba9985229c8bdb64cd3131ba28ef0b867ad96080d494b9ad4,2026-07-13T09:40:15.432Z,success,40291,1000,6377314,0xf361e01ee04592d1a4f451e8a060e2a1a7567cce90ef5e94503e13ea725dee6d,2026-07-13T09:40:15.432Z,4476,4476,4663,61,Suspicious,2026-07-13T09:40:08.601Z,0xf9b902313b0561d291086b9a4e497653f19c788a65161c31a84cf3c36ab28d76,,variant-batch live execution
datm-live-2026-07-13T09-36-28-468Z,C,entity-08-malicious,malicious,23,2026-07-13T09:40:10.770Z,2026-07-13T09:40:10.770Z,2026-07-13T09:40:10.770Z,0,2026-07-13T09:40:10.956Z,0x3cc85b637bc944fb7fb98b23b609d3486353241857d05c08822ea1639bdf9d26,2026-07-13T09:40:15.449Z,success,40290,1000,6377314,0xf361e01ee04592d1a4f451e8a060e2a1a7567cce90ef5e94503e13ea725dee6d,2026-07-13T09:40:15.449Z,4493,4493,4679,25,Untrusted,2026-07-13T09:40:08.601Z,0x28987a9e6177c00931e537ff78a7b5f336fefc8fbd5af4b468b944ec5976a383,,variant-batch live execution
datm-live-2026-07-13T09-36-28-468Z,C,entity-09-malicious,malicious,23,2026-07-13T09:40:10.771Z,2026-07-13T09:40:10.771Z,2026-07-13T09:40:10.771Z,0,2026-07-13T09:40:10.956Z,0x14d048de8ee1549ecf026df9c1ef14d7ed5d452c214567d006d9a1b18c8a50c5,2026-07-13T09:40:15.461Z,success,40290,1000,6377314,0xf361e01ee04592d1a4f451e8a060e2a1a7567cce90ef5e94503e13ea725dee6d,2026-07-13T09:40:15.461Z,4505,4505,4690,25,Untrusted,2026-07-13T09:40:08.601Z,0x3b9f235306de50405a9ed18a3bc9bcc40816eb4e70d6627a1ccf80588af8024f,,variant-batch live execution
datm-live-2026-07-13T09-36-28-468Z,C,entity-10-malicious,malicious,23,2026-07-13T09:40:10.772Z,2026-07-13T09:40:10.772Z,2026-07-13T09:40:10.772Z,0,2026-07-13T09:40:10.957Z,0x8943479d1c0951fa18a0309f23b20b1e7b81ba766be7864cf0cc5e086cb311e4,2026-07-13T09:40:15.463Z,success,40278,1000,6377314,0xf361e01ee04592d1a4f451e8a060e2a1a7567cce90ef5e94503e13ea725dee6d,2026-07-13T09:40:15.463Z,4506,4506,4691,28,Untrusted,2026-07-13T09:40:08.601Z,0x8122eab0f09f79d7aec27046c01b841403f232750122a21e0dfc21a7595a7ce7,,variant-batch live execution
datm-live-2026-07-13T09-36-28-468Z,C,entity-01-normal,normal,24,2026-07-13T09:40:20.589Z,2026-07-13T09:40:20.589Z,2026-07-13T09:40:20.589Z,0,2026-07-13T09:40:20.704Z,0x18cd2dd682daf82249ce3ce19a0c60f28440540d207ae77314c42fb99e5e03e6,2026-07-13T09:40:25.229Z,success,40199,1000,6377316,0x6573d429740370f04c8016a44e71f8bc8e2a0584347d861bd780801d18127a4f,2026-07-13T09:40:25.229Z,4525,4525,4640,92,Trusted,2026-07-13T09:40:18.601Z,0xe55b3314dc23d44a6110285f1a05ed9b695f0fa00cd03241ec452f5d3da53515,,variant-batch live execution
datm-live-2026-07-13T09-36-28-468Z,C,entity-02-normal,normal,24,2026-07-13T09:40:20.590Z,2026-07-13T09:40:20.590Z,2026-07-13T09:40:20.590Z,0,2026-07-13T09:40:20.712Z,0x180c508f49d05f08e2b8965f15a36fb9323b5b616c989468b4d561c456497ff7,2026-07-13T09:40:25.265Z,success,40211,1000,6377316,0x6573d429740370f04c8016a44e71f8bc8e2a0584347d861bd780801d18127a4f,2026-07-13T09:40:25.265Z,4553,4553,4675,91,Trusted,2026-07-13T09:40:18.601Z,0x757550be661f34715ed2915cda223e278bb558d4365de9b8df8d9dd8cc36f5e0,,variant-batch live execution
datm-live-2026-07-13T09-36-28-468Z,C,entity-03-normal,normal,24,2026-07-13T09:40:20.591Z,2026-07-13T09:40:20.591Z,2026-07-13T09:40:20.591Z,0,2026-07-13T09:40:20.712Z,0x08d62203e6c519fd47dd0141be1f2b74866c79db81be878c8c1b9e0f52444ccb,2026-07-13T09:40:25.229Z,success,40199,1000,6377316,0x6573d429740370f04c8016a44e71f8bc8e2a0584347d861bd780801d18127a4f,2026-07-13T09:40:25.229Z,4517,4517,4638,92,Trusted,2026-07-13T09:40:18.601Z,0xb1c464d7ed74d5fc0550bc3055e34b7c321ede380d67cb700dc1afeab7634ff5,,variant-batch live execution
datm-live-2026-07-13T09-36-28-468Z,C,entity-04-normal,normal,24,2026-07-13T09:40:20.592Z,2026-07-13T09:40:20.592Z,2026-07-13T09:40:20.592Z,0,2026-07-13T09:40:20.712Z,0x2d10bb9238e1e10aba900721990188d39c587ffee355ebd24292c7114956f500,2026-07-13T09:40:25.230Z,success,40199,1000,6377316,0x6573d429740370f04c8016a44e71f8bc8e2a0584347d861bd780801d18127a4f,2026-07-13T09:40:25.230Z,4518,4518,4638,92,Trusted,2026-07-13T09:40:18.601Z,0x5faa759b45aa54d303bc3f12caecdd7070a00ebad2010c0793e07360d150349a,,variant-batch live execution
datm-live-2026-07-13T09-36-28-468Z,C,entity-05-suspicious,suspicious,24,2026-07-13T09:40:20.593Z,2026-07-13T09:40:20.593Z,2026-07-13T09:40:20.593Z,0,2026-07-13T09:40:20.713Z,0xd843a9ffd6769db7ecb3b3aedf83851bf4ab5ced4f77b2cebac6ee76dceef0fa,2026-07-13T09:40:25.265Z,success,40291,1000,6377316,0x6573d429740370f04c8016a44e71f8bc8e2a0584347d861bd780801d18127a4f,2026-07-13T09:40:25.265Z,4552,4552,4672,61,Suspicious,2026-07-13T09:40:18.601Z,0x4aa374e00122b1127de4be96c1380c23581766cfb1b05de53219ee81f57885ba,,variant-batch live execution
datm-live-2026-07-13T09-36-28-468Z,C,entity-06-suspicious,suspicious,24,2026-07-13T09:40:20.594Z,2026-07-13T09:40:20.594Z,2026-07-13T09:40:20.594Z,0,2026-07-13T09:40:20.713Z,0x0be11e630d236ea25867736749b184b44e662d7a75bbb5d5b90693a4b754e72d,2026-07-13T09:40:25.266Z,success,40291,1000,6377316,0x6573d429740370f04c8016a44e71f8bc8e2a0584347d861bd780801d18127a4f,2026-07-13T09:40:25.266Z,4553,4553,4672,61,Suspicious,2026-07-13T09:40:18.601Z,0x11a63f86e8886b3fcea8d473720bda4ada247fa3bc9dd81495e0f80a38b89312,,variant-batch live execution
datm-live-2026-07-13T09-36-28-468Z,C,entity-07-suspicious,suspicious,24,2026-07-13T09:40:20.595Z,2026-07-13T09:40:20.595Z,2026-07-13T09:40:20.595Z,0,2026-07-13T09:40:20.735Z,0x7b7a3aef1d323e78813429e6d7dd280e06e6843c1598e7dd3b461f4f25159a09,2026-07-13T09:40:25.455Z,success,40291,1000,6377316,0x6573d429740370f04c8016a44e71f8bc8e2a0584347d861bd780801d18127a4f,2026-07-13T09:40:25.455Z,4720,4720,4860,58,Suspicious,2026-07-13T09:40:18.601Z,0x4d9e326fa30e7925244bac068e7303dc6fac4a3699d01be5f85cd312cde80281,,variant-batch live execution
datm-live-2026-07-13T09-36-28-468Z,C,entity-08-malicious,malicious,24,2026-07-13T09:40:20.596Z,2026-07-13T09:40:20.596Z,2026-07-13T09:40:20.596Z,0,2026-07-13T09:40:20.735Z,0x460a030b569bc40278d80e59f8d2bb5ea62e54a50b7c0f79924f3849307080d7,2026-07-13T09:40:25.470Z,success,40290,1000,6377316,0x6573d429740370f04c8016a44e71f8bc8e2a0584347d861bd780801d18127a4f,2026-07-13T09:40:25.470Z,4735,4735,4874,25,Untrusted,2026-07-13T09:40:18.601Z,0xe0256d35eb2182d392034edd1b1e39158ca2e0090cc250029f3208b4f3a6c902,,variant-batch live execution
datm-live-2026-07-13T09-36-28-468Z,C,entity-09-malicious,malicious,24,2026-07-13T09:40:20.597Z,2026-07-13T09:40:20.597Z,2026-07-13T09:40:20.597Z,0,2026-07-13T09:40:20.735Z,0x8a6a7d991116203e4ec25aa95981bd64004a3ccacf0263a56e8a1491ce6945ad,2026-07-13T09:40:25.485Z,success,40290,1000,6377316,0x6573d429740370f04c8016a44e71f8bc8e2a0584347d861bd780801d18127a4f,2026-07-13T09:40:25.485Z,4750,4750,4888,27,Untrusted,2026-07-13T09:40:18.601Z,0xd4d0b3435ba841baad91ba1ef7f43c68d496146a618327bb77d21c1e3afa618d,,variant-batch live execution
datm-live-2026-07-13T09-36-28-468Z,C,entity-10-malicious,malicious,24,2026-07-13T09:40:20.598Z,2026-07-13T09:40:20.598Z,2026-07-13T09:40:20.598Z,0,2026-07-13T09:40:20.735Z,0xa0d6b07636213c271b544005d4a7ed06c708e49ff7c00a214ebf415752af67a6,2026-07-13T09:40:25.491Z,success,40278,1000,6377316,0x6573d429740370f04c8016a44e71f8bc8e2a0584347d861bd780801d18127a4f,2026-07-13T09:40:25.491Z,4756,4756,4893,26,Untrusted,2026-07-13T09:40:18.601Z,0xf2c9f3f34b53d5a6bba78a18582bca540534d23ef5cde84f08599581a6f3348a,,variant-batch live execution
datm-live-2026-07-13T09-36-28-468Z,C,entity-01-normal,normal,25,2026-07-13T09:40:30.620Z,2026-07-13T09:40:30.620Z,2026-07-13T09:40:30.620Z,0,2026-07-13T09:40:30.763Z,0x9271a00ff39a53cb958cb577ab2a8dec9b49c2cf284ac71d3c8b851ca1b66146,2026-07-13T09:40:35.085Z,success,40211,1000,6377318,0x320724353299a6fd319fab0560147374ef8f3d5e3229e14ef271f184437a938f,2026-07-13T09:40:35.085Z,4322,4322,4465,92,Trusted,2026-07-13T09:40:28.601Z,0x4d8db7610d483df00d0af650bab393aa26959667dc2889ff98778ee59ed4503c,,variant-batch live execution
datm-live-2026-07-13T09-36-28-468Z,C,entity-02-normal,normal,25,2026-07-13T09:40:30.622Z,2026-07-13T09:40:30.622Z,2026-07-13T09:40:30.622Z,0,2026-07-13T09:40:30.763Z,0x723d266a1ad3f9d3a39786b40573c77837b079e9e7a92325800041b0d7258c57,2026-07-13T09:40:35.052Z,success,40199,1000,6377318,0x320724353299a6fd319fab0560147374ef8f3d5e3229e14ef271f184437a938f,2026-07-13T09:40:35.052Z,4289,4289,4430,92,Trusted,2026-07-13T09:40:28.601Z,0x01e0ffd607e58518582db1bf59b31922a23e776f646d6ea99d1fd09552706e4b,,variant-batch live execution
datm-live-2026-07-13T09-36-28-468Z,C,entity-03-normal,normal,25,2026-07-13T09:40:30.623Z,2026-07-13T09:40:30.623Z,2026-07-13T09:40:30.623Z,0,2026-07-13T09:40:30.764Z,0x04ff28e52a1a6203d3d40f9ea3f4b4d82619c3a192933f4161d18eb52cd1777b,2026-07-13T09:40:35.053Z,success,40199,1000,6377318,0x320724353299a6fd319fab0560147374ef8f3d5e3229e14ef271f184437a938f,2026-07-13T09:40:35.053Z,4289,4289,4430,93,Trusted,2026-07-13T09:40:28.601Z,0xe3d8de7aa1f1195b7f17178e318b727f47f9eb08563316a99db95f2a12f0344f,,variant-batch live execution
datm-live-2026-07-13T09-36-28-468Z,C,entity-04-normal,normal,25,2026-07-13T09:40:30.624Z,2026-07-13T09:40:30.624Z,2026-07-13T09:40:30.624Z,0,2026-07-13T09:40:30.764Z,0x98dd33af8880fb6061298e53c6e016606f2fafcdc682a70b00e10a172a7f8c34,2026-07-13T09:40:35.085Z,success,40211,1000,6377318,0x320724353299a6fd319fab0560147374ef8f3d5e3229e14ef271f184437a938f,2026-07-13T09:40:35.085Z,4321,4321,4461,92,Trusted,2026-07-13T09:40:28.601Z,0x5537ada6b90d02fbc8b6482a4a5fe2c503725e9512266d26b202221c9cb8d1f3,,variant-batch live execution
datm-live-2026-07-13T09-36-28-468Z,C,entity-05-suspicious,suspicious,25,2026-07-13T09:40:30.624Z,2026-07-13T09:40:30.624Z,2026-07-13T09:40:30.624Z,0,2026-07-13T09:40:30.764Z,0x905bffdafd3eea99652e47b047eb6a9e71e0085c7a007b37d7a205ad1b61f6af,2026-07-13T09:40:35.085Z,success,40279,1000,6377318,0x320724353299a6fd319fab0560147374ef8f3d5e3229e14ef271f184437a938f,2026-07-13T09:40:35.085Z,4321,4321,4461,61,Suspicious,2026-07-13T09:40:28.601Z,0x1573dee7c68ab9aeba650069df5e9b37daf898bba3357b0f707eca8305bd15b3,,variant-batch live execution
datm-live-2026-07-13T09-36-28-468Z,C,entity-06-suspicious,suspicious,25,2026-07-13T09:40:30.625Z,2026-07-13T09:40:30.625Z,2026-07-13T09:40:30.625Z,0,2026-07-13T09:40:30.795Z,0xc7939deffde903c244671da5aacc67d15f8bc0812584d52110f6f62b07cfe2c6,2026-07-13T09:40:35.053Z,success,40291,1000,6377318,0x320724353299a6fd319fab0560147374ef8f3d5e3229e14ef271f184437a938f,2026-07-13T09:40:35.053Z,4258,4258,4428,61,Suspicious,2026-07-13T09:40:28.601Z,0x1ca11bbe6eb3b22456960dca88e421ba4420556754a0133799109b5d5540968b,,variant-batch live execution
datm-live-2026-07-13T09-36-28-468Z,C,entity-07-suspicious,suspicious,25,2026-07-13T09:40:30.626Z,2026-07-13T09:40:30.626Z,2026-07-13T09:40:30.626Z,0,2026-07-13T09:40:30.764Z,0x749a736f2699f0209bc892f792221fdecbb6a853667c1ec2abed7a4b0a9f2163,2026-07-13T09:40:35.278Z,success,40291,1000,6377318,0x320724353299a6fd319fab0560147374ef8f3d5e3229e14ef271f184437a938f,2026-07-13T09:40:35.278Z,4514,4514,4652,61,Suspicious,2026-07-13T09:40:28.601Z,0x96aae2f4acea10a3f9a74cf0d479cf6787c9278ee3d0e553655c16536bb532f2,,variant-batch live execution
datm-live-2026-07-13T09-36-28-468Z,C,entity-08-malicious,malicious,25,2026-07-13T09:40:30.627Z,2026-07-13T09:40:30.627Z,2026-07-13T09:40:30.627Z,0,2026-07-13T09:40:30.796Z,0x540d2bdc90bea6321a212629c9c388ae8529872862ec7da9c46bc5ac3ef05ecb,2026-07-13T09:40:35.275Z,success,40290,1000,6377318,0x320724353299a6fd319fab0560147374ef8f3d5e3229e14ef271f184437a938f,2026-07-13T09:40:35.275Z,4479,4479,4648,27,Untrusted,2026-07-13T09:40:28.601Z,0xed5e4979db933b2cbc5ae77d42ab9dbb6e4a586a95d3d3ff9fbf50c5e4b93dbe,,variant-batch live execution
datm-live-2026-07-13T09-36-28-468Z,C,entity-09-malicious,malicious,25,2026-07-13T09:40:30.628Z,2026-07-13T09:40:30.628Z,2026-07-13T09:40:30.628Z,0,2026-07-13T09:40:30.796Z,0x8ada411f78a08d7cb32c152af67897e9977e81f3a0e15a304553551ae7fde0ac,2026-07-13T09:40:35.280Z,success,40290,1000,6377318,0x320724353299a6fd319fab0560147374ef8f3d5e3229e14ef271f184437a938f,2026-07-13T09:40:35.280Z,4484,4484,4652,25,Untrusted,2026-07-13T09:40:28.601Z,0x7c58cfd9611cf2053f4624080333c77d0a36aff91cddd0fd4e0fa73a40cfc7eb,,variant-batch live execution
datm-live-2026-07-13T09-36-28-468Z,C,entity-10-malicious,malicious,25,2026-07-13T09:40:30.629Z,2026-07-13T09:40:30.629Z,2026-07-13T09:40:30.629Z,0,2026-07-13T09:40:30.796Z,0x8cea3cd22f9938267844d0be32721f81b64f47e2af82ffbbdb26ad2f25e23e27,2026-07-13T09:40:35.301Z,success,40266,1000,6377318,0x320724353299a6fd319fab0560147374ef8f3d5e3229e14ef271f184437a938f,2026-07-13T09:40:35.301Z,4505,4505,4672,25,Untrusted,2026-07-13T09:40:28.601Z,0x013a1d06e9c5f09cb952e48a4f3bc1ee00d712b4792bdc82ebfd7e8569436195,,variant-batch live execution
datm-live-2026-07-13T09-36-28-468Z,C,entity-01-normal,normal,26,2026-07-13T09:40:40.434Z,2026-07-13T09:40:40.434Z,2026-07-13T09:40:40.434Z,0,2026-07-13T09:40:40.560Z,0xd7182b80059a77b8f97beaeb2bf434de115233d5d26299ca9dc4202537300aef,2026-07-13T09:40:44.826Z,success,40199,1000,6377320,0x77b87fa71b9c60afcb8aed53dbba0376e986a277cefc54ea609ff36758289a91,2026-07-13T09:40:44.826Z,4266,4266,4392,92,Trusted,2026-07-13T09:40:38.601Z,0x6f2ae0aa4bf92ce78d7dbe67e380e2f95527ea739f7e4083b3b53b0ed7a7725d,,variant-batch live execution
datm-live-2026-07-13T09-36-28-468Z,C,entity-02-normal,normal,26,2026-07-13T09:40:40.436Z,2026-07-13T09:40:40.436Z,2026-07-13T09:40:40.436Z,0,2026-07-13T09:40:40.579Z,0x4513d3cbd9b146a3edb34b779367fcecd35f125711c1f28a4c1e26eaacd1afe8,2026-07-13T09:40:44.825Z,success,40199,1000,6377320,0x77b87fa71b9c60afcb8aed53dbba0376e986a277cefc54ea609ff36758289a91,2026-07-13T09:40:44.825Z,4246,4246,4389,92,Trusted,2026-07-13T09:40:38.601Z,0x3416e7031014b7493eafb487e0ccdb05b339121fbd32e8874d8d3a600c09d05e,,variant-batch live execution
datm-live-2026-07-13T09-36-28-468Z,C,entity-03-normal,normal,26,2026-07-13T09:40:40.437Z,2026-07-13T09:40:40.437Z,2026-07-13T09:40:40.437Z,0,2026-07-13T09:40:40.579Z,0x840d51d6c72fb466ba6f592b283ebaa52ac9540769e161acb5d0cb829a2055df,2026-07-13T09:40:44.855Z,success,40211,1000,6377320,0x77b87fa71b9c60afcb8aed53dbba0376e986a277cefc54ea609ff36758289a91,2026-07-13T09:40:44.855Z,4276,4276,4418,91,Trusted,2026-07-13T09:40:38.601Z,0xbfdfe247d6b1688e5f113fb015ca7d9f0556bf0e5ba3bdffb3632d3e27533e0e,,variant-batch live execution
datm-live-2026-07-13T09-36-28-468Z,C,entity-04-normal,normal,26,2026-07-13T09:40:40.441Z,2026-07-13T09:40:40.441Z,2026-07-13T09:40:40.441Z,0,2026-07-13T09:40:40.580Z,0x9b554e98ab5158c1fe27ed8adb65d81a5bd10e4dba99b45f6df9689e5be6890f,2026-07-13T09:40:44.846Z,success,40199,1000,6377320,0x77b87fa71b9c60afcb8aed53dbba0376e986a277cefc54ea609ff36758289a91,2026-07-13T09:40:44.846Z,4266,4266,4405,92,Trusted,2026-07-13T09:40:38.601Z,0x442ae89bc332ace358d70ea35cd3ea1b2614a357672f159edf62d7fecf6e2b80,,variant-batch live execution
datm-live-2026-07-13T09-36-28-468Z,C,entity-05-suspicious,suspicious,26,2026-07-13T09:40:40.442Z,2026-07-13T09:40:40.442Z,2026-07-13T09:40:40.442Z,0,2026-07-13T09:40:40.580Z,0x4001e04f5e13c073c5fae3a6bd841f83f47f8c474c0d148e312090727f839787,2026-07-13T09:40:44.827Z,success,40291,1000,6377320,0x77b87fa71b9c60afcb8aed53dbba0376e986a277cefc54ea609ff36758289a91,2026-07-13T09:40:44.827Z,4247,4247,4385,61,Suspicious,2026-07-13T09:40:38.601Z,0x9b2c6295699901065c6f45b85d61f51e747e6475ecd264b89470d24991c63d2d,,variant-batch live execution
datm-live-2026-07-13T09-36-28-468Z,C,entity-06-suspicious,suspicious,26,2026-07-13T09:40:40.442Z,2026-07-13T09:40:40.442Z,2026-07-13T09:40:40.442Z,0,2026-07-13T09:40:40.580Z,0xf78b8e0b7445f9a462bef2ac3206e972fd9c30d8417687ae5c3e0fc563835df7,2026-07-13T09:40:44.818Z,success,40291,1000,6377320,0x77b87fa71b9c60afcb8aed53dbba0376e986a277cefc54ea609ff36758289a91,2026-07-13T09:40:44.818Z,4238,4238,4376,60,Suspicious,2026-07-13T09:40:38.601Z,0x80378d15383b2f6883889e5281c744fcf6fb47378785a7ecb1cec28407c6c520,,variant-batch live execution
datm-live-2026-07-13T09-36-28-468Z,C,entity-07-suspicious,suspicious,26,2026-07-13T09:40:40.443Z,2026-07-13T09:40:40.443Z,2026-07-13T09:40:40.443Z,0,2026-07-13T09:40:40.586Z,0x12086284e5fe05452c90bd9984f51fc953751152f72fbeefd054efbdf7ab8764,2026-07-13T09:40:45.094Z,success,40291,1000,6377320,0x77b87fa71b9c60afcb8aed53dbba0376e986a277cefc54ea609ff36758289a91,2026-07-13T09:40:45.094Z,4508,4508,4651,61,Suspicious,2026-07-13T09:40:38.601Z,0xca79d1c74ffe9eb03bf0ef3b12e122c564ced93857633aa4318ffdf3c89fde45,,variant-batch live execution
datm-live-2026-07-13T09-36-28-468Z,C,entity-08-malicious,malicious,26,2026-07-13T09:40:40.443Z,2026-07-13T09:40:40.443Z,2026-07-13T09:40:40.443Z,0,2026-07-13T09:40:40.586Z,0x1126ad1ba571f22b164682cbeadaf4e661242e272de45cde37fcb9a28000d6d0,2026-07-13T09:40:45.096Z,success,40290,1000,6377320,0x77b87fa71b9c60afcb8aed53dbba0376e986a277cefc54ea609ff36758289a91,2026-07-13T09:40:45.096Z,4510,4510,4653,25,Untrusted,2026-07-13T09:40:38.601Z,0xef4a5baf109d209946fefdc6ad8cd8cc7c0cefd9739a1ecce3f2dd50d7145443,,variant-batch live execution
datm-live-2026-07-13T09-36-28-468Z,C,entity-09-malicious,malicious,26,2026-07-13T09:40:40.444Z,2026-07-13T09:40:40.444Z,2026-07-13T09:40:40.444Z,0,2026-07-13T09:40:40.586Z,0xa6b440527735573b1f0373d7b488651daaeb014f8268394a86394c04fd7268dd,2026-07-13T09:40:45.126Z,success,40290,1000,6377320,0x77b87fa71b9c60afcb8aed53dbba0376e986a277cefc54ea609ff36758289a91,2026-07-13T09:40:45.126Z,4540,4540,4682,24,Untrusted,2026-07-13T09:40:38.601Z,0x495037853a9df1eb63428d0959d6306b4b73e7add57e20b7bd4416ca0d965c8e,,variant-batch live execution
datm-live-2026-07-13T09-36-28-468Z,C,entity-10-malicious,malicious,26,2026-07-13T09:40:40.444Z,2026-07-13T09:40:40.444Z,2026-07-13T09:40:40.444Z,0,2026-07-13T09:40:40.586Z,0x42e4171233024f90848bd328af75d6512df5fa4928fb96e562526da436310d49,2026-07-13T09:40:45.095Z,success,40278,1000,6377320,0x77b87fa71b9c60afcb8aed53dbba0376e986a277cefc54ea609ff36758289a91,2026-07-13T09:40:45.095Z,4509,4509,4651,28,Untrusted,2026-07-13T09:40:38.601Z,0x658e762f3970450a1c613ecc776f69e72908c9f87e84d90d23de19b7cb40235b,,variant-batch live execution
datm-live-2026-07-13T09-36-28-468Z,C,entity-01-normal,normal,27,2026-07-13T09:40:50.258Z,2026-07-13T09:40:50.258Z,2026-07-13T09:40:50.258Z,0,2026-07-13T09:40:50.389Z,0x880d01c1f6bc3ba17337f194f5cc9125e95087b594b6e4c8fb2411fa89e6571a,2026-07-13T09:40:54.634Z,success,40199,1000,6377322,0x1268bd8ba10c708ab42339019ef0497e5f5cc35d39a6b16b9efd735376f8a71e,2026-07-13T09:40:54.634Z,4245,4245,4376,93,Trusted,2026-07-13T09:40:48.601Z,0x06946abf57854182363f7a21c2719304090decc21354bd362d265057165cccdb,,variant-batch live execution
datm-live-2026-07-13T09-36-28-468Z,C,entity-02-normal,normal,27,2026-07-13T09:40:50.259Z,2026-07-13T09:40:50.259Z,2026-07-13T09:40:50.259Z,0,2026-07-13T09:40:50.389Z,0x5bcd1a37b67a164ec1244d6880f6fa8011c079c7dd79c19167d375abc3f804d5,2026-07-13T09:40:54.661Z,success,40199,1000,6377322,0x1268bd8ba10c708ab42339019ef0497e5f5cc35d39a6b16b9efd735376f8a71e,2026-07-13T09:40:54.661Z,4272,4272,4402,91,Trusted,2026-07-13T09:40:48.601Z,0xdf570fc54eb41900680629163f5c701b83fe86abeb19d2fbe4f31240e60997f3,,variant-batch live execution
datm-live-2026-07-13T09-36-28-468Z,C,entity-03-normal,normal,27,2026-07-13T09:40:50.260Z,2026-07-13T09:40:50.260Z,2026-07-13T09:40:50.260Z,0,2026-07-13T09:40:50.397Z,0x1cc2e5365e1547a21031896867b77242c171294578195f4a8998a760eee70270,2026-07-13T09:40:54.662Z,success,40199,1000,6377322,0x1268bd8ba10c708ab42339019ef0497e5f5cc35d39a6b16b9efd735376f8a71e,2026-07-13T09:40:54.662Z,4265,4265,4402,93,Trusted,2026-07-13T09:40:48.601Z,0xea91bf43dfde36806cc070afb9b6ad0825c5d8adc3b2e01e37a661ed53fddb72,,variant-batch live execution
datm-live-2026-07-13T09-36-28-468Z,C,entity-04-normal,normal,27,2026-07-13T09:40:50.261Z,2026-07-13T09:40:50.261Z,2026-07-13T09:40:50.261Z,0,2026-07-13T09:40:50.397Z,0xadf41ecc5b13ed21fd5394e064dbb7fdacc2a741095b7425069094c2aa946531,2026-07-13T09:40:54.662Z,success,40199,1000,6377322,0x1268bd8ba10c708ab42339019ef0497e5f5cc35d39a6b16b9efd735376f8a71e,2026-07-13T09:40:54.662Z,4265,4265,4401,93,Trusted,2026-07-13T09:40:48.601Z,0xb28ec7b49e9a56af616337ecc3a107153fc1e491fd52aef0f2dc515c035d424e,,variant-batch live execution
datm-live-2026-07-13T09-36-28-468Z,C,entity-05-suspicious,suspicious,27,2026-07-13T09:40:50.261Z,2026-07-13T09:40:50.261Z,2026-07-13T09:40:50.261Z,0,2026-07-13T09:40:50.398Z,0x7dc2cbd2d1e617e9ceb4487c14781792ac83289132b26f9f60db1e484cc7cec6,2026-07-13T09:40:54.701Z,success,40279,1000,6377322,0x1268bd8ba10c708ab42339019ef0497e5f5cc35d39a6b16b9efd735376f8a71e,2026-07-13T09:40:54.701Z,4303,4303,4440,60,Suspicious,2026-07-13T09:40:48.601Z,0xbffe0316fa8419e87222f6120a9600fbab4ec9cab26b7877c7d0abb71537b470,,variant-batch live execution
datm-live-2026-07-13T09-36-28-468Z,C,entity-06-suspicious,suspicious,27,2026-07-13T09:40:50.262Z,2026-07-13T09:40:50.262Z,2026-07-13T09:40:50.262Z,0,2026-07-13T09:40:50.398Z,0xa5e6041816174e72568681c956d8760646f600d56b6a8992e490df32b5b7588b,2026-07-13T09:40:54.702Z,success,40279,1000,6377322,0x1268bd8ba10c708ab42339019ef0497e5f5cc35d39a6b16b9efd735376f8a71e,2026-07-13T09:40:54.702Z,4304,4304,4440,63,Suspicious,2026-07-13T09:40:48.601Z,0xd000a284fce40f74d36ec82d461307ee4bbd0f35ec820dced29996cbffe63539,,variant-batch live execution
datm-live-2026-07-13T09-36-28-468Z,C,entity-07-suspicious,suspicious,27,2026-07-13T09:40:50.262Z,2026-07-13T09:40:50.262Z,2026-07-13T09:40:50.262Z,0,2026-07-13T09:40:50.398Z,0xf3978bb6d197a53b499bb2474490823642e1f949c2750e9020713ab65494071e,2026-07-13T09:40:54.858Z,success,40291,1000,6377322,0x1268bd8ba10c708ab42339019ef0497e5f5cc35d39a6b16b9efd735376f8a71e,2026-07-13T09:40:54.858Z,4460,4460,4596,61,Suspicious,2026-07-13T09:40:48.601Z,0x0cac673a3f6422187c37ec935e1e04d533b986fdb352285a29f50d0796f89082,,variant-batch live execution
datm-live-2026-07-13T09-36-28-468Z,C,entity-08-malicious,malicious,27,2026-07-13T09:40:50.265Z,2026-07-13T09:40:50.265Z,2026-07-13T09:40:50.265Z,0,2026-07-13T09:40:50.415Z,0xdb1463d075cf012431bc429f298f2e3640670bf038f94de0087a7e3089c9c743,2026-07-13T09:40:54.859Z,success,40290,1000,6377322,0x1268bd8ba10c708ab42339019ef0497e5f5cc35d39a6b16b9efd735376f8a71e,2026-07-13T09:40:54.859Z,4444,4444,4594,24,Untrusted,2026-07-13T09:40:48.601Z,0xe443edfc4bf6825246c05b25c76b5e0b13e63373c22ff73558d9821107e8f7c4,,variant-batch live execution
datm-live-2026-07-13T09-36-28-468Z,C,entity-09-malicious,malicious,27,2026-07-13T09:40:50.265Z,2026-07-13T09:40:50.265Z,2026-07-13T09:40:50.265Z,0,2026-07-13T09:40:50.415Z,0x1b3c5b60be5fafd172b611fc098967c46b56185783ae1979c19a3b8672c6296c,2026-07-13T09:40:54.892Z,success,40290,1000,6377322,0x1268bd8ba10c708ab42339019ef0497e5f5cc35d39a6b16b9efd735376f8a71e,2026-07-13T09:40:54.892Z,4477,4477,4627,26,Untrusted,2026-07-13T09:40:48.601Z,0x8eb2941c8059494db9b3673d93bae5fe49f4f5d2b30f80418e852660e9f8e543,,variant-batch live execution
datm-live-2026-07-13T09-36-28-468Z,C,entity-10-malicious,malicious,27,2026-07-13T09:40:50.266Z,2026-07-13T09:40:50.266Z,2026-07-13T09:40:50.266Z,0,2026-07-13T09:40:50.416Z,0xce0af11ae351ed0d168c4107a5c66796536a9602a2af7c4d431dd09b474db86e,2026-07-13T09:40:54.929Z,success,40278,1000,6377322,0x1268bd8ba10c708ab42339019ef0497e5f5cc35d39a6b16b9efd735376f8a71e,2026-07-13T09:40:54.929Z,4513,4513,4663,26,Untrusted,2026-07-13T09:40:48.601Z,0x3dcae5494cd78fc3b4cdb602206ac809ef6dddcd782c82a9c68338903e28f5c9,,variant-batch live execution
datm-live-2026-07-13T09-36-28-468Z,C,entity-01-normal,normal,28,2026-07-13T09:41:00.065Z,2026-07-13T09:41:00.065Z,2026-07-13T09:41:00.065Z,0,2026-07-13T09:41:00.174Z,0xc970ea98f7c665a494eae8ae40d8d80c2337bec62c1384a2bcdc6979d1f6a4af,2026-07-13T09:41:04.457Z,success,40211,1000,6377324,0xde46be89d49792e6e996de48ba58713891dff75dc804c6982ce9882c5c47150e,2026-07-13T09:41:04.457Z,4283,4283,4392,91,Trusted,2026-07-13T09:40:58.601Z,0xfc966108c45a0624bbdc5c327f1215de3476e23773880a3f8ff048efabbeab46,,variant-batch live execution
datm-live-2026-07-13T09-36-28-468Z,C,entity-02-normal,normal,28,2026-07-13T09:41:00.065Z,2026-07-13T09:41:00.065Z,2026-07-13T09:41:00.065Z,0,2026-07-13T09:41:00.174Z,0x69025b7889ed46d0b0ae08045b7b2269a97ab148b005d40b9e3943a73207bcdf,2026-07-13T09:41:04.457Z,success,40199,1000,6377324,0xde46be89d49792e6e996de48ba58713891dff75dc804c6982ce9882c5c47150e,2026-07-13T09:41:04.457Z,4283,4283,4392,92,Trusted,2026-07-13T09:40:58.601Z,0xd6c9fedf06ae994c8f0dddc94b9e7b9b9301b60ffb15fd6d7e07c0ccda3411ad,,variant-batch live execution
datm-live-2026-07-13T09-36-28-468Z,C,entity-03-normal,normal,28,2026-07-13T09:41:00.066Z,2026-07-13T09:41:00.066Z,2026-07-13T09:41:00.066Z,0,2026-07-13T09:41:00.174Z,0xac888ebb255d3716810edf17f3c39c3325b2ea82e27a3f38651cb516e04c3304,2026-07-13T09:41:04.478Z,success,40199,1000,6377324,0xde46be89d49792e6e996de48ba58713891dff75dc804c6982ce9882c5c47150e,2026-07-13T09:41:04.478Z,4304,4304,4412,92,Trusted,2026-07-13T09:40:58.601Z,0xaa133fa1078ed516f2a72da9dd7ba1ef5da4c215a5586a94605aa8586f9d2db3,,variant-batch live execution
datm-live-2026-07-13T09-36-28-468Z,C,entity-04-normal,normal,28,2026-07-13T09:41:00.066Z,2026-07-13T09:41:00.066Z,2026-07-13T09:41:00.066Z,0,2026-07-13T09:41:00.174Z,0x9ca1754acd9cf804dab12c013c6f84e76cfe4c3f9328cecf666507e6fa9a7ad5,2026-07-13T09:41:04.452Z,success,40211,1000,6377324,0xde46be89d49792e6e996de48ba58713891dff75dc804c6982ce9882c5c47150e,2026-07-13T09:41:04.452Z,4278,4278,4386,91,Trusted,2026-07-13T09:40:58.601Z,0x0ea423ba59dc7c4fc6aeb2cb6642faaae684cede5676ac384f608ac48657a226,,variant-batch live execution
datm-live-2026-07-13T09-36-28-468Z,C,entity-05-suspicious,suspicious,28,2026-07-13T09:41:00.067Z,2026-07-13T09:41:00.067Z,2026-07-13T09:41:00.067Z,0,2026-07-13T09:41:00.204Z,0x4fbc5dbf45cfc7a8675e1cb2a59cdb14ab25457e7db1e1214883bc7e8ca58675,2026-07-13T09:41:04.457Z,success,40291,1000,6377324,0xde46be89d49792e6e996de48ba58713891dff75dc804c6982ce9882c5c47150e,2026-07-13T09:41:04.457Z,4253,4253,4390,63,Suspicious,2026-07-13T09:40:58.601Z,0xe62da7cff8a047095937101af95824a2c21df2c48c4bb6e6c5533eb8f418c01d,,variant-batch live execution
datm-live-2026-07-13T09-36-28-468Z,C,entity-06-suspicious,suspicious,28,2026-07-13T09:41:00.067Z,2026-07-13T09:41:00.067Z,2026-07-13T09:41:00.067Z,0,2026-07-13T09:41:00.204Z,0x74d09b01a972a6582787a09f597162fe379670f1f5991319c2ffb9aac3e8d762,2026-07-13T09:41:04.458Z,success,40291,1000,6377324,0xde46be89d49792e6e996de48ba58713891dff75dc804c6982ce9882c5c47150e,2026-07-13T09:41:04.458Z,4254,4254,4391,62,Suspicious,2026-07-13T09:40:58.601Z,0x98a0b2f2d381edd09e5c53541796fc350824923e29fc6340dd13b617a393c351,,variant-batch live execution
datm-live-2026-07-13T09-36-28-468Z,C,entity-07-suspicious,suspicious,28,2026-07-13T09:41:00.068Z,2026-07-13T09:41:00.068Z,2026-07-13T09:41:00.068Z,0,2026-07-13T09:41:00.174Z,0x9f5060075e313fbe0b8bab66464562ba7a8b8a9300197618c8484052924f3488,2026-07-13T09:41:04.668Z,success,40291,1000,6377324,0xde46be89d49792e6e996de48ba58713891dff75dc804c6982ce9882c5c47150e,2026-07-13T09:41:04.668Z,4494,4494,4600,60,Suspicious,2026-07-13T09:40:58.601Z,0x2c9a6dbcb3bc0bc5a5592bb47dcc8aaa7c493bd92a0ce4afdfd6fa6b8fade3a7,,variant-batch live execution
datm-live-2026-07-13T09-36-28-468Z,C,entity-08-malicious,malicious,28,2026-07-13T09:41:00.070Z,2026-07-13T09:41:00.070Z,2026-07-13T09:41:00.070Z,0,2026-07-13T09:41:00.175Z,0xd2e5169d3f55c8d112180efd8124ab9538849e8c56189ec776111d9a2128ac77,2026-07-13T09:41:04.637Z,success,40290,1000,6377324,0xde46be89d49792e6e996de48ba58713891dff75dc804c6982ce9882c5c47150e,2026-07-13T09:41:04.637Z,4462,4462,4567,26,Untrusted,2026-07-13T09:40:58.601Z,0xf33c3fd3d24d9de4c36ccb0795ecc3b2877bb06362ea7b07bde6ffb3bf784174,,variant-batch live execution
datm-live-2026-07-13T09-36-28-468Z,C,entity-09-malicious,malicious,28,2026-07-13T09:41:00.070Z,2026-07-13T09:41:00.070Z,2026-07-13T09:41:00.070Z,0,2026-07-13T09:41:00.205Z,0x498d40fbd152f53501dba4cc794b39e31112067e1b94609747701b075113a7c3,2026-07-13T09:41:04.673Z,success,40290,1000,6377324,0xde46be89d49792e6e996de48ba58713891dff75dc804c6982ce9882c5c47150e,2026-07-13T09:41:04.673Z,4468,4468,4603,25,Untrusted,2026-07-13T09:40:58.601Z,0x74f0aaf0b4cbbc3e984bd2f0421b55cb7402f68c79119fcadcd3c9c1ef0bde7e,,variant-batch live execution
datm-live-2026-07-13T09-36-28-468Z,C,entity-10-malicious,malicious,28,2026-07-13T09:41:00.071Z,2026-07-13T09:41:00.071Z,2026-07-13T09:41:00.071Z,0,2026-07-13T09:41:00.205Z,0x2d389a7b49168475c53448cc3c5813020c3920d2f723e257e6a25bc090277b6d,2026-07-13T09:41:04.671Z,success,40278,1000,6377324,0xde46be89d49792e6e996de48ba58713891dff75dc804c6982ce9882c5c47150e,2026-07-13T09:41:04.671Z,4466,4466,4600,24,Untrusted,2026-07-13T09:40:58.601Z,0x3f38a4a15ff2e56c40c3660792223bf23b1d25efee6b30c1556847ad6cd242bb,,variant-batch live execution
datm-live-2026-07-13T09-36-28-468Z,C,entity-01-normal,normal,29,2026-07-13T09:41:09.806Z,2026-07-13T09:41:09.806Z,2026-07-13T09:41:09.806Z,0,2026-07-13T09:41:09.936Z,0xceed6af0d251fe8675383d4cdddfde7257ca6a54c4ea37b638d8a1ab373eee01,2026-07-13T09:41:14.193Z,success,40199,1000,6377326,0x032ff4dee8ce389341eb3b92f3fba882ce93064ba25f273e99da3d7ed7717419,2026-07-13T09:41:14.193Z,4257,4257,4387,93,Trusted,2026-07-13T09:41:08.601Z,0xdbf502e65b251a881abb1730066ad01bbd371932f0ae337be561a7424a0e1c4c,,variant-batch live execution
datm-live-2026-07-13T09-36-28-468Z,C,entity-02-normal,normal,29,2026-07-13T09:41:09.806Z,2026-07-13T09:41:09.806Z,2026-07-13T09:41:09.806Z,0,2026-07-13T09:41:09.936Z,0x4dcbb0520fba2c6cf3ee47fcb9d0ee58514e148790e0d1278b2d062040078859,2026-07-13T09:41:14.201Z,success,40199,1000,6377326,0x032ff4dee8ce389341eb3b92f3fba882ce93064ba25f273e99da3d7ed7717419,2026-07-13T09:41:14.201Z,4265,4265,4395,92,Trusted,2026-07-13T09:41:08.601Z,0xa7aa7414adc037211bdb1b4611ef607f3791622b347240564da5c1832f19b992,,variant-batch live execution
datm-live-2026-07-13T09-36-28-468Z,C,entity-03-normal,normal,29,2026-07-13T09:41:09.807Z,2026-07-13T09:41:09.807Z,2026-07-13T09:41:09.807Z,0,2026-07-13T09:41:09.936Z,0x394f9db28ec48f80148a06ba55e0255304f352d5f0cb3c68ccfbbd7cdf27260b,2026-07-13T09:41:14.199Z,success,40211,1000,6377326,0x032ff4dee8ce389341eb3b92f3fba882ce93064ba25f273e99da3d7ed7717419,2026-07-13T09:41:14.199Z,4263,4263,4392,92,Trusted,2026-07-13T09:41:08.601Z,0x0f9125cc3434bdb85219e3e8897b972146c25d1a5812500c2543791a520e3e2d,,variant-batch live execution
datm-live-2026-07-13T09-36-28-468Z,C,entity-04-normal,normal,29,2026-07-13T09:41:09.807Z,2026-07-13T09:41:09.807Z,2026-07-13T09:41:09.807Z,0,2026-07-13T09:41:09.936Z,0x3e9150d1ace58732aa5eb1c24459bbf7076efe7fb8991092cc068a5565c0a8bc,2026-07-13T09:41:14.200Z,success,40199,1000,6377326,0x032ff4dee8ce389341eb3b92f3fba882ce93064ba25f273e99da3d7ed7717419,2026-07-13T09:41:14.200Z,4264,4264,4393,93,Trusted,2026-07-13T09:41:08.601Z,0xb67377a8a86cb414898024f78711940aceb7575bd1e6c04230815ee1327aa9c1,,variant-batch live execution
datm-live-2026-07-13T09-36-28-468Z,C,entity-05-suspicious,suspicious,29,2026-07-13T09:41:09.807Z,2026-07-13T09:41:09.807Z,2026-07-13T09:41:09.807Z,0,2026-07-13T09:41:09.936Z,0x12c2e490029232dabbd74dc2a464dd86d3c26141bef773941b134153e13a7152,2026-07-13T09:41:14.201Z,success,40291,1000,6377326,0x032ff4dee8ce389341eb3b92f3fba882ce93064ba25f273e99da3d7ed7717419,2026-07-13T09:41:14.201Z,4265,4265,4394,62,Suspicious,2026-07-13T09:41:08.601Z,0x89bb531ac081a28e3fa3cec3785a45c3c03d8cd47cb78a41bbdfac9a9f055201,,variant-batch live execution
datm-live-2026-07-13T09-36-28-468Z,C,entity-06-suspicious,suspicious,29,2026-07-13T09:41:09.808Z,2026-07-13T09:41:09.808Z,2026-07-13T09:41:09.808Z,0,2026-07-13T09:41:09.936Z,0x59c0c55cadfe4063034aded564347fa6c3c4e49d3bc00bd946ececf5c5ac9720,2026-07-13T09:41:14.223Z,success,40279,1000,6377326,0x032ff4dee8ce389341eb3b92f3fba882ce93064ba25f273e99da3d7ed7717419,2026-07-13T09:41:14.223Z,4287,4287,4415,58,Suspicious,2026-07-13T09:41:08.601Z,0x690adb07f4c4fffa74007b58e4b7204b2369685cecccdbf696cd38edbec85dd8,,variant-batch live execution
datm-live-2026-07-13T09-36-28-468Z,C,entity-07-suspicious,suspicious,29,2026-07-13T09:41:09.808Z,2026-07-13T09:41:09.808Z,2026-07-13T09:41:09.808Z,0,2026-07-13T09:41:09.961Z,0x41c682a9c6b5f2448b3293137b8a7fe8474b0c6e229bc6d09d1aa308f4c430a6,2026-07-13T09:41:14.446Z,success,40291,1000,6377326,0x032ff4dee8ce389341eb3b92f3fba882ce93064ba25f273e99da3d7ed7717419,2026-07-13T09:41:14.446Z,4485,4485,4638,63,Suspicious,2026-07-13T09:41:08.601Z,0xfab5ae5ed8039d36db97d25b98c0303008b7970b387b588e552c8482b15205e4,,variant-batch live execution
datm-live-2026-07-13T09-36-28-468Z,C,entity-08-malicious,malicious,29,2026-07-13T09:41:09.808Z,2026-07-13T09:41:09.808Z,2026-07-13T09:41:09.808Z,0,2026-07-13T09:41:09.962Z,0xc02741b38050a6edd7f4fbf2a373c4c5d8849c01a939d4fb513798644d8cac16,2026-07-13T09:41:14.405Z,success,40290,1000,6377326,0x032ff4dee8ce389341eb3b92f3fba882ce93064ba25f273e99da3d7ed7717419,2026-07-13T09:41:14.405Z,4443,4443,4597,25,Untrusted,2026-07-13T09:41:08.601Z,0x9e44ee6d3124f67e800501bf51e334d79b0ad589e034a85b6ba9fca7843d8dc5,,variant-batch live execution
datm-live-2026-07-13T09-36-28-468Z,C,entity-09-malicious,malicious,29,2026-07-13T09:41:09.809Z,2026-07-13T09:41:09.809Z,2026-07-13T09:41:09.809Z,0,2026-07-13T09:41:09.962Z,0x1c1061ebff8e91f3b0628ab829ac26e6b1b2810954747be77190da86ee8907d3,2026-07-13T09:41:14.404Z,success,40290,1000,6377326,0x032ff4dee8ce389341eb3b92f3fba882ce93064ba25f273e99da3d7ed7717419,2026-07-13T09:41:14.404Z,4442,4442,4595,24,Untrusted,2026-07-13T09:41:08.601Z,0xa2a4203d61acba2e70c42c53d0d72581b84c3d09148a9a8d5bb35fa21c0a7c06,,variant-batch live execution
datm-live-2026-07-13T09-36-28-468Z,C,entity-10-malicious,malicious,29,2026-07-13T09:41:09.810Z,2026-07-13T09:41:09.810Z,2026-07-13T09:41:09.810Z,0,2026-07-13T09:41:09.962Z,0xffc0db56a174661753b962d168a1227181c4a580866b50a0c85e5dfd27e20b10,2026-07-13T09:41:14.407Z,success,40266,1000,6377326,0x032ff4dee8ce389341eb3b92f3fba882ce93064ba25f273e99da3d7ed7717419,2026-07-13T09:41:14.407Z,4445,4445,4597,26,Untrusted,2026-07-13T09:41:08.601Z,0xd0c4cb1661c6049c73fca8195ce96fb000c492c863dc9781d3d7cfbbbdd03593,,variant-batch live execution
datm-live-2026-07-13T09-36-28-468Z,C,entity-01-normal,normal,30,2026-07-13T09:41:19.552Z,2026-07-13T09:41:19.552Z,2026-07-13T09:41:19.552Z,0,2026-07-13T09:41:19.671Z,0x239a58ed45b2d71d070e94e2b829ac5d80380582b4ad887dc8c31e0190b7f770,2026-07-13T09:41:28.066Z,success,40199,1000,6377328,0x1399cf7748a259cddc56214d3570633f6b57896382f1c61d6416339f5b3ee621,2026-07-13T09:41:28.066Z,8395,8395,8514,92,Trusted,2026-07-13T09:41:18.601Z,0x2331bf4d8f7ed35c6be5ef8c716e4106f1a7588f12c5f0f2a6f8d1c45a785294,,variant-batch live execution
datm-live-2026-07-13T09-36-28-468Z,C,entity-02-normal,normal,30,2026-07-13T09:41:19.553Z,2026-07-13T09:41:19.553Z,2026-07-13T09:41:19.553Z,0,2026-07-13T09:41:19.671Z,0xe1433065a395ab76d0b5cda8974c9d345c24a4eebab9ed77f35d3c799ea18b94,2026-07-13T09:41:28.063Z,success,40211,1000,6377328,0x1399cf7748a259cddc56214d3570633f6b57896382f1c61d6416339f5b3ee621,2026-07-13T09:41:28.063Z,8392,8392,8510,91,Trusted,2026-07-13T09:41:18.601Z,0xeed55865a8775a9025907c7e5455f113c1fe3a49ef71362cf7cbb790afb38d15,,variant-batch live execution
datm-live-2026-07-13T09-36-28-468Z,C,entity-03-normal,normal,30,2026-07-13T09:41:19.554Z,2026-07-13T09:41:19.554Z,2026-07-13T09:41:19.554Z,0,2026-07-13T09:41:19.671Z,0x986411565a248bacf3c0206ba345348fb7d2968cd1f1d5dcc224d7cde1d6b481,2026-07-13T09:41:28.059Z,success,40187,1000,6377328,0x1399cf7748a259cddc56214d3570633f6b57896382f1c61d6416339f5b3ee621,2026-07-13T09:41:28.059Z,8388,8388,8505,92,Trusted,2026-07-13T09:41:18.601Z,0x27a36bc7b2a5b0a4d139056ad7bf483c5e7664e664f400f644e4025f4b1e6002,,variant-batch live execution
datm-live-2026-07-13T09-36-28-468Z,C,entity-04-normal,normal,30,2026-07-13T09:41:19.554Z,2026-07-13T09:41:19.554Z,2026-07-13T09:41:19.554Z,0,2026-07-13T09:41:19.671Z,0x395e49991adc2973659e567c1f3e9f580915c9587920bd85c32b4fd4b5522705,2026-07-13T09:41:28.058Z,success,40199,1000,6377328,0x1399cf7748a259cddc56214d3570633f6b57896382f1c61d6416339f5b3ee621,2026-07-13T09:41:28.058Z,8387,8387,8504,92,Trusted,2026-07-13T09:41:18.601Z,0xd7de401d10a9ba194b7ef52d17aa39d00a5ba34b57c7caaa0b8045f09ca9f837,,variant-batch live execution
datm-live-2026-07-13T09-36-28-468Z,C,entity-05-suspicious,suspicious,30,2026-07-13T09:41:19.556Z,2026-07-13T09:41:19.556Z,2026-07-13T09:41:19.556Z,0,2026-07-13T09:41:19.671Z,0x3e992e11085eb4998921950d4a7169972d91d94eb0505ddca5f4fc4b31bc4cca,2026-07-13T09:41:28.017Z,success,40291,1000,6377328,0x1399cf7748a259cddc56214d3570633f6b57896382f1c61d6416339f5b3ee621,2026-07-13T09:41:28.017Z,8346,8346,8461,58,Suspicious,2026-07-13T09:41:18.601Z,0x1d2238f767c4a8fd727dae4bca050940aeb725c3f8b61d662093d853d6651754,,variant-batch live execution
datm-live-2026-07-13T09-36-28-468Z,C,entity-06-suspicious,suspicious,30,2026-07-13T09:41:19.556Z,2026-07-13T09:41:19.556Z,2026-07-13T09:41:19.556Z,0,2026-07-13T09:41:19.671Z,0xbb0943b354027772611fb508b0c8aed0432c9c9f6692a1dabdd143aacc31d89f,2026-07-13T09:41:27.965Z,success,40291,1000,6377328,0x1399cf7748a259cddc56214d3570633f6b57896382f1c61d6416339f5b3ee621,2026-07-13T09:41:27.965Z,8294,8294,8409,60,Suspicious,2026-07-13T09:41:18.601Z,0xbd4f74b03a63c84c0c9497d9e5fbbafe81e7f0f2473fb5dc337bee89192e05c7,,variant-batch live execution
datm-live-2026-07-13T09-36-28-468Z,C,entity-07-suspicious,suspicious,30,2026-07-13T09:41:19.556Z,2026-07-13T09:41:19.556Z,2026-07-13T09:41:19.556Z,0,2026-07-13T09:41:19.702Z,0xdc627d390580caa48d0b3fb9568e48dfd1b80c02794f6f2d58fac460c0e90aec,2026-07-13T09:41:28.301Z,success,40291,1000,6377328,0x1399cf7748a259cddc56214d3570633f6b57896382f1c61d6416339f5b3ee621,2026-07-13T09:41:28.301Z,8599,8599,8745,62,Suspicious,2026-07-13T09:41:18.601Z,0x1c0e7b5552a4c393c17f80c28be195beace970fdbeb77df2687e7cc2f3205db7,,variant-batch live execution
datm-live-2026-07-13T09-36-28-468Z,C,entity-08-malicious,malicious,30,2026-07-13T09:41:19.557Z,2026-07-13T09:41:19.557Z,2026-07-13T09:41:19.557Z,0,2026-07-13T09:41:19.703Z,0xb823611faf5b852f5c7e1280d295c6031b93594c8e0ad38ff274f6b8892d7de3,2026-07-13T09:41:28.311Z,success,40290,1000,6377328,0x1399cf7748a259cddc56214d3570633f6b57896382f1c61d6416339f5b3ee621,2026-07-13T09:41:28.311Z,8608,8608,8754,24,Untrusted,2026-07-13T09:41:18.601Z,0xb818dfaf65bde1904a4c34f07db6f0735e1990cd1ffb99cfe90cba8be6b9cc1a,,variant-batch live execution
datm-live-2026-07-13T09-36-28-468Z,C,entity-09-malicious,malicious,30,2026-07-13T09:41:19.558Z,2026-07-13T09:41:19.558Z,2026-07-13T09:41:19.558Z,0,2026-07-13T09:41:19.703Z,0x9651214c785ad3772589702f4d67998fb769811f3d52535ed5b3d40eb44f42c1,2026-07-13T09:41:28.311Z,success,40290,1000,6377328,0x1399cf7748a259cddc56214d3570633f6b57896382f1c61d6416339f5b3ee621,2026-07-13T09:41:28.311Z,8608,8608,8753,25,Untrusted,2026-07-13T09:41:18.601Z,0x0b6117ecad66220ebdf744c7ee1ccfa72eb85d96148e1352cc10fe0d89626de1,,variant-batch live execution
datm-live-2026-07-13T09-36-28-468Z,C,entity-10-malicious,malicious,30,2026-07-13T09:41:19.558Z,2026-07-13T09:41:19.558Z,2026-07-13T09:41:19.558Z,0,2026-07-13T09:41:19.703Z,0xae327cdc013cfbaf09c5c0b8158342824fe71bf115f7e7258aeac08319373400,2026-07-13T09:41:28.325Z,success,40278,1000,6377328,0x1399cf7748a259cddc56214d3570633f6b57896382f1c61d6416339f5b3ee621,2026-07-13T09:41:28.325Z,8622,8622,8767,26,Untrusted,2026-07-13T09:41:18.601Z,0xb2ecd3875127d5ee4cb34f29cc837e5c1527999fb1084e9ad29152a778084c09,,variant-batch live execution
