run_id,variant,entity_id,entity_profile,sequence_no,scheduled_at,datm_start_at,datm_end_at,datm_processing_ms,submit_at,tx_hash,receipt_at,tx_status,gas_used,effective_gas_price,block_number,block_hash,block_timestamp,confirmation_latency_ms,block_inclusion_latency_ms,end_to_end_latency_ms,ats,trust_state,calc_timestamp,input_hash,error_code,error_message
datm-live-2026-07-13T09-30-04-165Z,B,entity-01-normal,normal,1,2026-07-13T09:30:08.834Z,2026-07-13T09:30:08.834Z,2026-07-13T09:30:08.834Z,0,2026-07-13T09:30:10.335Z,0xce7429f282d01990101a1b374543ee8e79dc5ee540d9354af37e568b5c89d5c2,2026-07-13T09:30:17.596Z,success,38835,1000,6377194,0xf3e2d556359c678fb1f382c74747bfe30c793c341bd3985ef4dcf5e0f855d2a2,2026-07-13T09:30:17.596Z,7261,7261,8762,89,Trusted,2026-07-13T09:30:06.426Z,0xe9240d7fc6b1aa932937bf9931bbb000c23d7d33c08d62aaa3f9535e84f8ffc9,,variant-batch live execution
datm-live-2026-07-13T09-30-04-165Z,B,entity-02-normal,normal,1,2026-07-13T09:30:08.842Z,2026-07-13T09:30:08.842Z,2026-07-13T09:30:08.842Z,0,2026-07-13T09:30:11.071Z,0x427d259fe85392960ecd6812a7f0858ef952657b8ce431d08dc6da2a0fdabe30,2026-07-13T09:30:17.597Z,success,38847,1000,6377194,0xf3e2d556359c678fb1f382c74747bfe30c793c341bd3985ef4dcf5e0f855d2a2,2026-07-13T09:30:17.597Z,6526,6526,8755,90,Trusted,2026-07-13T09:30:06.426Z,0xe22d19b4a6cf04be86027fce68bfc64835d8650aec2759ebab4afe4277886815,,variant-batch live execution
datm-live-2026-07-13T09-30-04-165Z,B,entity-03-normal,normal,1,2026-07-13T09:30:08.843Z,2026-07-13T09:30:08.843Z,2026-07-13T09:30:08.843Z,0,2026-07-13T09:30:10.336Z,0xc3d2e266b4cdaef4c2c3c373364a51609d77e633faef350227a1c6a7e5b01b4d,2026-07-13T09:30:18.156Z,success,38847,1000,6377194,0xf3e2d556359c678fb1f382c74747bfe30c793c341bd3985ef4dcf5e0f855d2a2,2026-07-13T09:30:18.156Z,7820,7820,9313,90,Trusted,2026-07-13T09:30:06.426Z,0xa4c1f5d91cfd62d15cc2267efd8cf6b8fe22272b55f1644fb5012bb828a45a47,,variant-batch live execution
datm-live-2026-07-13T09-30-04-165Z,B,entity-04-normal,normal,1,2026-07-13T09:30:08.844Z,2026-07-13T09:30:08.844Z,2026-07-13T09:30:08.844Z,0,2026-07-13T09:30:11.072Z,0x82c07732e09c2825c897fe22eae78044e907d8ab8d044bb3f400a447ba3d70be,2026-07-13T09:30:17.595Z,success,38847,1000,6377194,0xf3e2d556359c678fb1f382c74747bfe30c793c341bd3985ef4dcf5e0f855d2a2,2026-07-13T09:30:17.595Z,6523,6523,8751,89,Trusted,2026-07-13T09:30:06.426Z,0x797646cc58509bab67fccabcfee9089bfd36aa8760e440b07fcb60bfcb3a24d9,,variant-batch live execution
datm-live-2026-07-13T09-30-04-165Z,B,entity-05-suspicious,suspicious,1,2026-07-13T09:30:08.844Z,2026-07-13T09:30:08.844Z,2026-07-13T09:30:08.844Z,0,2026-07-13T09:30:10.337Z,0xf7116b5dc432d2c33a38cd9b788c6f725f800b7b27fe4b3d3eef73638b5b09e7,2026-07-13T09:30:17.598Z,success,38855,1000,6377194,0xf3e2d556359c678fb1f382c74747bfe30c793c341bd3985ef4dcf5e0f855d2a2,2026-07-13T09:30:17.598Z,7261,7261,8754,63,Suspicious,2026-07-13T09:30:06.426Z,0x79ef406a275d003b31b30a2363e6abecc9cd0f1a1c37ac799f605143e20b4b05,,variant-batch live execution
datm-live-2026-07-13T09-30-04-165Z,B,entity-06-suspicious,suspicious,1,2026-07-13T09:30:08.845Z,2026-07-13T09:30:08.845Z,2026-07-13T09:30:08.845Z,0,2026-07-13T09:30:10.337Z,0xbcccfc9723dc11a2fd63b7507f9fac06ab1620a29bbc20173d29be642ae2ed6c,2026-07-13T09:30:18.155Z,success,38867,1000,6377194,0xf3e2d556359c678fb1f382c74747bfe30c793c341bd3985ef4dcf5e0f855d2a2,2026-07-13T09:30:18.155Z,7818,7818,9310,60,Suspicious,2026-07-13T09:30:06.426Z,0x3bc3ba6502071f44adadcdf47f1dc0364636f5c52d71235997f30fa597a0e42e,,variant-batch live execution
datm-live-2026-07-13T09-30-04-165Z,B,entity-07-suspicious,suspicious,1,2026-07-13T09:30:08.845Z,2026-07-13T09:30:08.845Z,2026-07-13T09:30:08.845Z,0,2026-07-13T09:30:10.338Z,0xf367f1ccf8c90beeb31543d7268fdf9b82e511ff49bd8242a13e79777c7f4bc2,2026-07-13T09:30:20.538Z,success,38867,1000,6377194,0xf3e2d556359c678fb1f382c74747bfe30c793c341bd3985ef4dcf5e0f855d2a2,2026-07-13T09:30:20.538Z,10200,10200,11693,61,Suspicious,2026-07-13T09:30:06.426Z,0x2c3d1eaa83a74ae34e343cf33506c2903bb883e1bec54802affcff5e7ef5c07f,,variant-batch live execution
datm-live-2026-07-13T09-30-04-165Z,B,entity-08-malicious,malicious,1,2026-07-13T09:30:08.846Z,2026-07-13T09:30:08.846Z,2026-07-13T09:30:08.846Z,0,2026-07-13T09:30:10.338Z,0xb346210ac17476ee8a6a27797b38c337ffcabd373424140153a44ff4d9f61dd9,2026-07-13T09:30:20.799Z,success,38866,1000,6377194,0xf3e2d556359c678fb1f382c74747bfe30c793c341bd3985ef4dcf5e0f855d2a2,2026-07-13T09:30:20.799Z,10461,10461,11953,31,Untrusted,2026-07-13T09:30:06.426Z,0xd14f96b2ea414ea7e7b451162ad78ee9f9f731d939bef51c8bc3350f5d232189,,variant-batch live execution
datm-live-2026-07-13T09-30-04-165Z,B,entity-09-malicious,malicious,1,2026-07-13T09:30:08.846Z,2026-07-13T09:30:08.846Z,2026-07-13T09:30:08.846Z,0,2026-07-13T09:30:11.072Z,0x183addaec2a4ebb309a68948f606051d0c624adb200743881e4edd8e6a08a3bd,2026-07-13T09:30:20.800Z,success,38866,1000,6377194,0xf3e2d556359c678fb1f382c74747bfe30c793c341bd3985ef4dcf5e0f855d2a2,2026-07-13T09:30:20.800Z,9728,9728,11954,29,Untrusted,2026-07-13T09:30:06.426Z,0x303ce4feea67951ecdbe77a19ad9772dbfcd21776a6639c13418f1ba21621185,,variant-batch live execution
datm-live-2026-07-13T09-30-04-165Z,B,entity-10-malicious,malicious,1,2026-07-13T09:30:08.847Z,2026-07-13T09:30:08.847Z,2026-07-13T09:30:08.847Z,0,2026-07-13T09:30:11.072Z,0x5933a066f4a53a26f9de1b5278c3d9f2ad31e756161fd362aa1efea6b536d369,2026-07-13T09:30:20.818Z,success,38854,1000,6377194,0xf3e2d556359c678fb1f382c74747bfe30c793c341bd3985ef4dcf5e0f855d2a2,2026-07-13T09:30:20.818Z,9746,9746,11971,29,Untrusted,2026-07-13T09:30:06.426Z,0x2f0845bf4c60f8332d78b8e7e345a23afe93da935e3c1e897983fae774cef5e7,,variant-batch live execution
datm-live-2026-07-13T09-30-04-165Z,B,entity-01-normal,normal,2,2026-07-13T09:30:29.324Z,2026-07-13T09:30:29.324Z,2026-07-13T09:30:29.324Z,0,2026-07-13T09:30:30.060Z,0x1df5a5a17cb950b6898780d09cd630454f1351b1eca98345ff376774d8f910b4,2026-07-13T09:30:37.001Z,success,38835,1000,6377198,0xe01e594d16007faf66dbce6c99c94501a106d645040cf786db78995857ff0b8b,2026-07-13T09:30:37.001Z,6941,6941,7677,93,Trusted,2026-07-13T09:30:16.426Z,0x9f3a90c3796e6f4144f13ba7d6c47a7cdc3eb6584d00b01f8e9166c5e72e52f7,,variant-batch live execution
datm-live-2026-07-13T09-30-04-165Z,B,entity-02-normal,normal,2,2026-07-13T09:30:29.324Z,2026-07-13T09:30:29.324Z,2026-07-13T09:30:29.324Z,0,2026-07-13T09:30:30.058Z,0x6c2c2b2a48ddf45110fed54c9b5f3d4afd055432972d4419f2ee647390edba4e,2026-07-13T09:30:37.622Z,success,38847,1000,6377198,0xe01e594d16007faf66dbce6c99c94501a106d645040cf786db78995857ff0b8b,2026-07-13T09:30:37.622Z,7564,7564,8298,93,Trusted,2026-07-13T09:30:16.426Z,0x6d57f9a54bd746c71abbbe4665bd50eab817d8f305750a6a978e590be7bcb563,,variant-batch live execution
datm-live-2026-07-13T09-30-04-165Z,B,entity-03-normal,normal,2,2026-07-13T09:30:29.325Z,2026-07-13T09:30:29.325Z,2026-07-13T09:30:29.325Z,0,2026-07-13T09:30:30.060Z,0xb223b6eb8b3ba9d2a6b71a44284bbb6b413087a891ec90259592d0b7123696c6,2026-07-13T09:30:37.002Z,success,38847,1000,6377198,0xe01e594d16007faf66dbce6c99c94501a106d645040cf786db78995857ff0b8b,2026-07-13T09:30:37.002Z,6942,6942,7677,91,Trusted,2026-07-13T09:30:16.426Z,0xabffaf568653afd59b016c77019c93d8e2c2658a6ce9ecb43166874deefb34cf,,variant-batch live execution
datm-live-2026-07-13T09-30-04-165Z,B,entity-04-normal,normal,2,2026-07-13T09:30:29.325Z,2026-07-13T09:30:29.325Z,2026-07-13T09:30:29.325Z,0,2026-07-13T09:30:30.060Z,0x7478147c30a4f357ffe103d9945461d9c56cd29dc6154755bc83696ee32f027b,2026-07-13T09:30:37.002Z,success,38847,1000,6377198,0xe01e594d16007faf66dbce6c99c94501a106d645040cf786db78995857ff0b8b,2026-07-13T09:30:37.002Z,6942,6942,7677,93,Trusted,2026-07-13T09:30:16.426Z,0x77eafcccc9d4d4517cddafe7ef38ac5a06a027277ea811d56a2bad668abceec1,,variant-batch live execution
datm-live-2026-07-13T09-30-04-165Z,B,entity-05-suspicious,suspicious,2,2026-07-13T09:30:29.325Z,2026-07-13T09:30:29.325Z,2026-07-13T09:30:29.325Z,0,2026-07-13T09:30:30.386Z,0x3c381767745d6b60d17dd4fdda6575f35e0813117504fa830e96ff0dd69b0142,2026-07-13T09:30:37.620Z,success,38855,1000,6377198,0xe01e594d16007faf66dbce6c99c94501a106d645040cf786db78995857ff0b8b,2026-07-13T09:30:37.620Z,7234,7234,8295,60,Suspicious,2026-07-13T09:30:16.426Z,0xf31d001dc1554de1ecfa1d5d9bad423ca8d37dbbad4fdaee2b082e20b5c03834,,variant-batch live execution
datm-live-2026-07-13T09-30-04-165Z,B,entity-06-suspicious,suspicious,2,2026-07-13T09:30:29.326Z,2026-07-13T09:30:29.326Z,2026-07-13T09:30:29.326Z,0,2026-07-13T09:30:30.060Z,0x3594cad56d3081cf782da30db92c8a97f86febb85a911552d4320edca6af75aa,2026-07-13T09:30:37.624Z,success,38867,1000,6377198,0xe01e594d16007faf66dbce6c99c94501a106d645040cf786db78995857ff0b8b,2026-07-13T09:30:37.624Z,7564,7564,8298,60,Suspicious,2026-07-13T09:30:16.426Z,0x0915c733cb679605492988b7612269675a0c8d6fbb14507b20bf0667255158d8,,variant-batch live execution
datm-live-2026-07-13T09-30-04-165Z,B,entity-07-suspicious,suspicious,2,2026-07-13T09:30:29.326Z,2026-07-13T09:30:29.326Z,2026-07-13T09:30:29.326Z,0,2026-07-13T09:30:30.060Z,0x55e9e77852b02cafce6ecb7902940bb1e5d518a02a1eadf3fa7dff21b7ce58ac,2026-07-13T09:30:39.435Z,success,38867,1000,6377198,0xe01e594d16007faf66dbce6c99c94501a106d645040cf786db78995857ff0b8b,2026-07-13T09:30:39.435Z,9375,9375,10109,63,Suspicious,2026-07-13T09:30:16.426Z,0x5b1469aab52093aa86c5d7eca2fa2e4a06bc18d8b82c029c8f6d3e6437bb94ce,,variant-batch live execution
datm-live-2026-07-13T09-30-04-165Z,B,entity-08-malicious,malicious,2,2026-07-13T09:30:29.327Z,2026-07-13T09:30:29.327Z,2026-07-13T09:30:29.327Z,0,2026-07-13T09:30:30.386Z,0x40f354e92ebd16e191267d44fdc5db8ce1507f25ee4a9caf7f4bdf6328c854e2,2026-07-13T09:30:39.781Z,success,38866,1000,6377198,0xe01e594d16007faf66dbce6c99c94501a106d645040cf786db78995857ff0b8b,2026-07-13T09:30:39.781Z,9395,9395,10454,30,Untrusted,2026-07-13T09:30:16.426Z,0xa2e1a3c4c7599595ff45f418f006cddcb63b2a5bf283c23acd95be7313d45ecb,,variant-batch live execution
datm-live-2026-07-13T09-30-04-165Z,B,entity-09-malicious,malicious,2,2026-07-13T09:30:29.327Z,2026-07-13T09:30:29.327Z,2026-07-13T09:30:29.327Z,0,2026-07-13T09:30:30.386Z,0x2f3f24055415ec9b56669627ec690693502efc994749f35ec011dffb40de9509,2026-07-13T09:30:39.788Z,success,38854,1000,6377198,0xe01e594d16007faf66dbce6c99c94501a106d645040cf786db78995857ff0b8b,2026-07-13T09:30:39.788Z,9402,9402,10461,28,Untrusted,2026-07-13T09:30:16.426Z,0x3bde3e9fb8b533e414fdad8691008ba70e80a2d5b2a60ce79f54b44c34d0d253,,variant-batch live execution
datm-live-2026-07-13T09-30-04-165Z,B,entity-10-malicious,malicious,2,2026-07-13T09:30:29.328Z,2026-07-13T09:30:29.328Z,2026-07-13T09:30:29.328Z,0,2026-07-13T09:30:30.386Z,0xfbf0f2916e5c9e11a16b3ad69bfe6ce5df3c69cfffc2dbb327372a51e6e586e2,2026-07-13T09:30:39.783Z,success,38854,1000,6377198,0xe01e594d16007faf66dbce6c99c94501a106d645040cf786db78995857ff0b8b,2026-07-13T09:30:39.783Z,9397,9397,10455,32,Untrusted,2026-07-13T09:30:16.426Z,0xd41acc54f44d99b3218f8603d3b21be24708d376314c4608d238810ac9719518,,variant-batch live execution
datm-live-2026-07-13T09-30-04-165Z,B,entity-01-normal,normal,3,2026-07-13T09:30:46.080Z,2026-07-13T09:30:46.080Z,2026-07-13T09:30:46.080Z,0,2026-07-13T09:30:47.687Z,0xdf33b0465bc45bf210151a0a572b46f51ca581a13516233bf47d135a69c922a3,2026-07-13T09:30:50.462Z,success,38835,1000,6377201,0xbfa79148841d35ac0075987e2cb9e1561492b8ccb4337635edfecc8be04ec0c4,2026-07-13T09:30:50.462Z,2775,2775,4382,93,Trusted,2026-07-13T09:30:26.426Z,0xac7bba9b56a7c121303b6543b4ba62a6b465e6e738783c62f728dc3d29097700,,variant-batch live execution
datm-live-2026-07-13T09-30-04-165Z,B,entity-02-normal,normal,3,2026-07-13T09:30:46.081Z,2026-07-13T09:30:46.081Z,2026-07-13T09:30:46.081Z,0,2026-07-13T09:30:47.688Z,0xe86d3d94406f4a360f675e46660e46ec027fdb7cb7335ef0eff9afc86c77d10e,2026-07-13T09:30:50.462Z,success,38847,1000,6377201,0xbfa79148841d35ac0075987e2cb9e1561492b8ccb4337635edfecc8be04ec0c4,2026-07-13T09:30:50.462Z,2774,2774,4381,92,Trusted,2026-07-13T09:30:26.426Z,0xf615043d27f75aa48a41055a5e7c3bae1539681c32df36e7a71a88d536df85e1,,variant-batch live execution
datm-live-2026-07-13T09-30-04-165Z,B,entity-03-normal,normal,3,2026-07-13T09:30:46.081Z,2026-07-13T09:30:46.081Z,2026-07-13T09:30:46.081Z,0,2026-07-13T09:30:47.688Z,0x98ffa83d8e3591b70e242f46e12d6f9abef6088bc9351fe938878a4fec5ac235,2026-07-13T09:30:50.462Z,success,38847,1000,6377201,0xbfa79148841d35ac0075987e2cb9e1561492b8ccb4337635edfecc8be04ec0c4,2026-07-13T09:30:50.462Z,2774,2774,4381,93,Trusted,2026-07-13T09:30:26.426Z,0xd45a4f8611368a51dd55c13c61a72e3dd64b6568a7a3151d353c755d6f14ee6a,,variant-batch live execution
datm-live-2026-07-13T09-30-04-165Z,B,entity-04-normal,normal,3,2026-07-13T09:30:46.083Z,2026-07-13T09:30:46.083Z,2026-07-13T09:30:46.084Z,1,2026-07-13T09:30:47.688Z,0xcecda5fe831146d84324947274dcfcbc75c8e8c2621ee89a87103af9aaee09de,2026-07-13T09:30:50.462Z,success,38847,1000,6377201,0xbfa79148841d35ac0075987e2cb9e1561492b8ccb4337635edfecc8be04ec0c4,2026-07-13T09:30:50.462Z,2774,2774,4379,93,Trusted,2026-07-13T09:30:26.426Z,0xbf439e4ff3c103ace229cd7a69e6a1a4f95f7772e558461a8bd7c857e23df136,,variant-batch live execution
datm-live-2026-07-13T09-30-04-165Z,B,entity-05-suspicious,suspicious,3,2026-07-13T09:30:46.084Z,2026-07-13T09:30:46.084Z,2026-07-13T09:30:46.084Z,0,2026-07-13T09:30:47.688Z,0x98ddc731cc5b240abe0b201004534ce6a2302dea22b06df5d4738b76bc651ad8,2026-07-13T09:30:50.462Z,success,38867,1000,6377201,0xbfa79148841d35ac0075987e2cb9e1561492b8ccb4337635edfecc8be04ec0c4,2026-07-13T09:30:50.462Z,2774,2774,4378,60,Suspicious,2026-07-13T09:30:26.426Z,0xc23a6cc29b63476de62bb6e18722040bfc38928bed63a3820394cfaf07b5e3d0,,variant-batch live execution
datm-live-2026-07-13T09-30-04-165Z,B,entity-06-suspicious,suspicious,3,2026-07-13T09:30:46.084Z,2026-07-13T09:30:46.084Z,2026-07-13T09:30:46.084Z,0,2026-07-13T09:30:47.688Z,0x8f130a24ccbfeaacdea80757a86a153320fa05c845f540ecc96c6670f7af1124,2026-07-13T09:30:50.462Z,success,38867,1000,6377201,0xbfa79148841d35ac0075987e2cb9e1561492b8ccb4337635edfecc8be04ec0c4,2026-07-13T09:30:50.462Z,2774,2774,4378,64,Suspicious,2026-07-13T09:30:26.426Z,0x5027066e3be96032469140aabcc830cc25022d4461a042f68dcbb91b5966529d,,variant-batch live execution
datm-live-2026-07-13T09-30-04-165Z,B,entity-07-suspicious,suspicious,3,2026-07-13T09:30:46.085Z,2026-07-13T09:30:46.085Z,2026-07-13T09:30:46.085Z,0,2026-07-13T09:30:48.339Z,0xe9c915ec86ca32fb53e96dd4d09bd13b525b77def7428f553079f416afe67b47,2026-07-13T09:30:52.865Z,success,38867,1000,6377201,0xbfa79148841d35ac0075987e2cb9e1561492b8ccb4337635edfecc8be04ec0c4,2026-07-13T09:30:52.865Z,4526,4526,6780,60,Suspicious,2026-07-13T09:30:26.426Z,0xe37b95ab3f55fa78d3674dfa916139e218ae3a1c3c4f891565e1d4dc836f4401,,variant-batch live execution
datm-live-2026-07-13T09-30-04-165Z,B,entity-08-malicious,malicious,3,2026-07-13T09:30:46.085Z,2026-07-13T09:30:46.085Z,2026-07-13T09:30:46.085Z,0,2026-07-13T09:30:48.340Z,0x74204a249783a021abb673df59da42ab92071261584cb110459677c6278f5473,2026-07-13T09:30:53.040Z,success,38866,1000,6377201,0xbfa79148841d35ac0075987e2cb9e1561492b8ccb4337635edfecc8be04ec0c4,2026-07-13T09:30:53.040Z,4700,4700,6955,28,Untrusted,2026-07-13T09:30:26.426Z,0x8c8be3d6e938e5f987f9d1f98a66292ed93dca28d51f35b52c1f0d24e83a6154,,variant-batch live execution
datm-live-2026-07-13T09-30-04-165Z,B,entity-09-malicious,malicious,3,2026-07-13T09:30:46.085Z,2026-07-13T09:30:46.085Z,2026-07-13T09:30:46.085Z,0,2026-07-13T09:30:48.340Z,0x5f28a01260da784e6ebe5e79c8b0ee4b2db4f95be609385877d00100d87f3624,2026-07-13T09:30:52.866Z,success,38866,1000,6377201,0xbfa79148841d35ac0075987e2cb9e1561492b8ccb4337635edfecc8be04ec0c4,2026-07-13T09:30:52.866Z,4526,4526,6781,30,Untrusted,2026-07-13T09:30:26.426Z,0x3f51dc908aa1ede1e0c5193d94c3e5e75ddafcd187fc9fd6babaddc0d4dc4ff0,,variant-batch live execution
datm-live-2026-07-13T09-30-04-165Z,B,entity-10-malicious,malicious,3,2026-07-13T09:30:46.086Z,2026-07-13T09:30:46.086Z,2026-07-13T09:30:46.086Z,0,2026-07-13T09:30:48.340Z,0x44a36c2bb325958a13c0f97ac45e32dc918c3cadc27514710fb86364b0bd8c25,2026-07-13T09:30:53.561Z,success,38854,1000,6377201,0xbfa79148841d35ac0075987e2cb9e1561492b8ccb4337635edfecc8be04ec0c4,2026-07-13T09:30:53.561Z,5221,5221,7475,30,Untrusted,2026-07-13T09:30:26.426Z,0x9f894c355bb568639598749a26dae095aaec14bee8805a79050ab08ef17cb9fc,,variant-batch live execution
datm-live-2026-07-13T09-30-04-165Z,B,entity-01-normal,normal,4,2026-07-13T09:30:59.617Z,2026-07-13T09:30:59.617Z,2026-07-13T09:30:59.617Z,0,2026-07-13T09:30:59.728Z,0x9fd1b924a5b9cd504064a184bf4f2c080b92802c74ab0afa0b6b284ab8193941,2026-07-13T09:31:08.051Z,success,38847,1000,6377204,0x2ae7c7d6fb3cae0141f30e56d59f5b6845a7d85aaae412d9257d9013a2bd7ca1,2026-07-13T09:31:08.051Z,8323,8323,8434,91,Trusted,2026-07-13T09:30:36.426Z,0xb55f1277b567e0dca95b195de924f92199ecb2a18968362a532ad7e1dc4edbc5,,variant-batch live execution
datm-live-2026-07-13T09-30-04-165Z,B,entity-02-normal,normal,4,2026-07-13T09:30:59.618Z,2026-07-13T09:30:59.618Z,2026-07-13T09:30:59.618Z,0,2026-07-13T09:30:59.729Z,0x378425f737ee0d0635502283476c6fb442326b780237bbae26e925876c9c46d0,2026-07-13T09:31:08.027Z,success,38847,1000,6377204,0x2ae7c7d6fb3cae0141f30e56d59f5b6845a7d85aaae412d9257d9013a2bd7ca1,2026-07-13T09:31:08.027Z,8298,8298,8409,93,Trusted,2026-07-13T09:30:36.426Z,0x7339121eb8e754fc8befba69eca0394e59089686b156f9c5ec0edb49a4bbeb23,,variant-batch live execution
datm-live-2026-07-13T09-30-04-165Z,B,entity-03-normal,normal,4,2026-07-13T09:30:59.618Z,2026-07-13T09:30:59.618Z,2026-07-13T09:30:59.618Z,0,2026-07-13T09:30:59.729Z,0x4d56ae820c4c80a2b3252934995a75123ec054619f2c29b930117a4e9e1bca16,2026-07-13T09:31:08.018Z,success,38847,1000,6377204,0x2ae7c7d6fb3cae0141f30e56d59f5b6845a7d85aaae412d9257d9013a2bd7ca1,2026-07-13T09:31:08.018Z,8289,8289,8400,93,Trusted,2026-07-13T09:30:36.426Z,0xcc586edfedfe617ebc8026106d795cc75c0a01ae6101c71a6cc33845a845f0d2,,variant-batch live execution
datm-live-2026-07-13T09-30-04-165Z,B,entity-04-normal,normal,4,2026-07-13T09:30:59.619Z,2026-07-13T09:30:59.619Z,2026-07-13T09:30:59.619Z,0,2026-07-13T09:30:59.729Z,0x5b0632d4ceed986dc44de1367b02b30b9d354d5e70bb1885bac38f2941bc2267,2026-07-13T09:31:08.029Z,success,38847,1000,6377204,0x2ae7c7d6fb3cae0141f30e56d59f5b6845a7d85aaae412d9257d9013a2bd7ca1,2026-07-13T09:31:08.029Z,8300,8300,8410,91,Trusted,2026-07-13T09:30:36.426Z,0x16ae6d33724e75a960096cf6090deba9cfc194cb4ba866a3dc4a16334b24fe56,,variant-batch live execution
datm-live-2026-07-13T09-30-04-165Z,B,entity-05-suspicious,suspicious,4,2026-07-13T09:30:59.619Z,2026-07-13T09:30:59.619Z,2026-07-13T09:30:59.619Z,0,2026-07-13T09:30:59.729Z,0xd225d086a760b78bb974b10bfda127ea4e69aacb7af4df53adcd8e41b2b46faa,2026-07-13T09:31:08.029Z,success,38867,1000,6377204,0x2ae7c7d6fb3cae0141f30e56d59f5b6845a7d85aaae412d9257d9013a2bd7ca1,2026-07-13T09:31:08.029Z,8300,8300,8410,64,Suspicious,2026-07-13T09:30:36.426Z,0x7c36ca8ed50b5a0524da660a9ca118eea765d70242f61851aff2a576bd19610c,,variant-batch live execution
datm-live-2026-07-13T09-30-04-165Z,B,entity-06-suspicious,suspicious,4,2026-07-13T09:30:59.619Z,2026-07-13T09:30:59.619Z,2026-07-13T09:30:59.619Z,0,2026-07-13T09:30:59.730Z,0x191f4bb3b16e6686605e7e8ed1c86e119b21c335c543497414845f253ecf6dff,2026-07-13T09:31:07.993Z,success,38867,1000,6377204,0x2ae7c7d6fb3cae0141f30e56d59f5b6845a7d85aaae412d9257d9013a2bd7ca1,2026-07-13T09:31:07.993Z,8263,8263,8374,61,Suspicious,2026-07-13T09:30:36.426Z,0xfde8bae8237ba8caf6e062ccd49dd0f66f61319934c865955e77399b246bada5,,variant-batch live execution
datm-live-2026-07-13T09-30-04-165Z,B,entity-07-suspicious,suspicious,4,2026-07-13T09:30:59.619Z,2026-07-13T09:30:59.619Z,2026-07-13T09:30:59.619Z,0,2026-07-13T09:30:59.756Z,0xebf7351d88ce442aaafbb9a1d19fe8aec2d29830a7dd7d5951998d89069e4fee,2026-07-13T09:31:08.171Z,success,38867,1000,6377204,0x2ae7c7d6fb3cae0141f30e56d59f5b6845a7d85aaae412d9257d9013a2bd7ca1,2026-07-13T09:31:08.171Z,8415,8415,8552,60,Suspicious,2026-07-13T09:30:36.426Z,0xc2ddebf954b734b41b131e1d9ccf0f2ed33a3cf5cb17cc7ab84a1daa1e6dc520,,variant-batch live execution
datm-live-2026-07-13T09-30-04-165Z,B,entity-08-malicious,malicious,4,2026-07-13T09:30:59.620Z,2026-07-13T09:30:59.620Z,2026-07-13T09:30:59.620Z,0,2026-07-13T09:30:59.757Z,0x8c3def69a49b7768fbe05cb1167f11e59d02754e355d65b77342af2890e0f786,2026-07-13T09:31:08.196Z,success,38866,1000,6377204,0x2ae7c7d6fb3cae0141f30e56d59f5b6845a7d85aaae412d9257d9013a2bd7ca1,2026-07-13T09:31:08.196Z,8439,8439,8576,30,Untrusted,2026-07-13T09:30:36.426Z,0x9f1a4d4a6d550ad71e4d40905574926d4ad80aa8c0633fa7a6aab1cf853ff83d,,variant-batch live execution
datm-live-2026-07-13T09-30-04-165Z,B,entity-09-malicious,malicious,4,2026-07-13T09:30:59.620Z,2026-07-13T09:30:59.620Z,2026-07-13T09:30:59.620Z,0,2026-07-13T09:30:59.757Z,0x7dc9ea75ea7e02dc84665cf81631920c7f1627add2a4bdbbd6fc39e06d90bfe2,2026-07-13T09:31:08.198Z,success,38854,1000,6377204,0x2ae7c7d6fb3cae0141f30e56d59f5b6845a7d85aaae412d9257d9013a2bd7ca1,2026-07-13T09:31:08.198Z,8441,8441,8578,29,Untrusted,2026-07-13T09:30:36.426Z,0x6e9cc5e18462a961209330dd5e005259c3bd3e034bbb0758bf9fcf6b548fdeaa,,variant-batch live execution
datm-live-2026-07-13T09-30-04-165Z,B,entity-10-malicious,malicious,4,2026-07-13T09:30:59.621Z,2026-07-13T09:30:59.621Z,2026-07-13T09:30:59.621Z,0,2026-07-13T09:30:59.757Z,0xd5e7db0918d4710b54b0bbd2705853618bc8d35b7163aa0cdca9e515e591fe23,2026-07-13T09:31:08.252Z,success,38842,1000,6377204,0x2ae7c7d6fb3cae0141f30e56d59f5b6845a7d85aaae412d9257d9013a2bd7ca1,2026-07-13T09:31:08.252Z,8495,8495,8631,29,Untrusted,2026-07-13T09:30:36.426Z,0xba73e7dc30ee0ea225878be3745700012e66f052abdf5461adbac0a286858b3e,,variant-batch live execution
datm-live-2026-07-13T09-30-04-165Z,B,entity-01-normal,normal,5,2026-07-13T09:31:13.370Z,2026-07-13T09:31:13.370Z,2026-07-13T09:31:13.370Z,0,2026-07-13T09:31:13.493Z,0x1fef45f129f2580b2d20e5fa681b2d806c63ce6f49969acba872f9cfd59020a5,2026-07-13T09:31:17.750Z,success,38847,1000,6377206,0x9533e9acabb7959f33148193f21b63a47fb682cb50c3e60247f87686968f90b2,2026-07-13T09:31:17.750Z,4257,4257,4380,93,Trusted,2026-07-13T09:30:46.426Z,0x61d5e8741de2e0aa0beeb471139eca6c0e363210097c5b248efbb11e74aa5510,,variant-batch live execution
datm-live-2026-07-13T09-30-04-165Z,B,entity-02-normal,normal,5,2026-07-13T09:31:13.371Z,2026-07-13T09:31:13.371Z,2026-07-13T09:31:13.371Z,0,2026-07-13T09:31:13.491Z,0xd6b14410a983acd6c2a2e1949d9feb12841bae57678a80f10b15d1d06e274c8d,2026-07-13T09:31:17.773Z,success,38847,1000,6377206,0x9533e9acabb7959f33148193f21b63a47fb682cb50c3e60247f87686968f90b2,2026-07-13T09:31:17.773Z,4282,4282,4402,93,Trusted,2026-07-13T09:30:46.426Z,0x47907c736820640cf578f1c8d9ad74d0f93f0d8aaf4456d33e76adfcc4ac60c9,,variant-batch live execution
datm-live-2026-07-13T09-30-04-165Z,B,entity-03-normal,normal,5,2026-07-13T09:31:13.371Z,2026-07-13T09:31:13.371Z,2026-07-13T09:31:13.371Z,0,2026-07-13T09:31:13.493Z,0xe2b4079ea1ae8498daf7cd9c4b8695e8376c97df9ed2bd59b42bc220a3a5dbe2,2026-07-13T09:31:17.747Z,success,38835,1000,6377206,0x9533e9acabb7959f33148193f21b63a47fb682cb50c3e60247f87686968f90b2,2026-07-13T09:31:17.747Z,4254,4254,4376,92,Trusted,2026-07-13T09:30:46.426Z,0x8de5b85c3dcd5afba375b2e93d8b21a9c317c4dfad3000afdd3592205dff2e39,,variant-batch live execution
datm-live-2026-07-13T09-30-04-165Z,B,entity-04-normal,normal,5,2026-07-13T09:31:13.372Z,2026-07-13T09:31:13.372Z,2026-07-13T09:31:13.372Z,0,2026-07-13T09:31:13.493Z,0x79f631dc6997f24edcb43fa83acf23f35eb4ef972f90e40a721b77ced2922abe,2026-07-13T09:31:17.750Z,success,38847,1000,6377206,0x9533e9acabb7959f33148193f21b63a47fb682cb50c3e60247f87686968f90b2,2026-07-13T09:31:17.750Z,4257,4257,4378,93,Trusted,2026-07-13T09:30:46.426Z,0x8b55a77bf8a6d9878ff13c5418d904750fd033db41b465439f9a1a568eb9682d,,variant-batch live execution
datm-live-2026-07-13T09-30-04-165Z,B,entity-05-suspicious,suspicious,5,2026-07-13T09:31:13.372Z,2026-07-13T09:31:13.372Z,2026-07-13T09:31:13.372Z,0,2026-07-13T09:31:13.493Z,0xc11f7ebf08166ea677ac4b94f6f159175694e9c3153444c97e851e3dd3b889d1,2026-07-13T09:31:17.750Z,success,38867,1000,6377206,0x9533e9acabb7959f33148193f21b63a47fb682cb50c3e60247f87686968f90b2,2026-07-13T09:31:17.750Z,4257,4257,4378,61,Suspicious,2026-07-13T09:30:46.426Z,0x40b0726309873e4db62f2c7d75783c3d1836f6fe0720b2f8418dcac618e5a3a3,,variant-batch live execution
datm-live-2026-07-13T09-30-04-165Z,B,entity-06-suspicious,suspicious,5,2026-07-13T09:31:13.373Z,2026-07-13T09:31:13.373Z,2026-07-13T09:31:13.373Z,0,2026-07-13T09:31:13.493Z,0x22d1432890f60bb16b75eb9655618d6de15b47a6697b92a6a90afd82ba88e1b9,2026-07-13T09:31:17.752Z,success,38867,1000,6377206,0x9533e9acabb7959f33148193f21b63a47fb682cb50c3e60247f87686968f90b2,2026-07-13T09:31:17.752Z,4259,4259,4379,59,Suspicious,2026-07-13T09:30:46.426Z,0x9e625ac46525377061a9beee468f4060e93bde75aaf82640cadc4641dd400dc3,,variant-batch live execution
datm-live-2026-07-13T09-30-04-165Z,B,entity-07-suspicious,suspicious,5,2026-07-13T09:31:13.373Z,2026-07-13T09:31:13.373Z,2026-07-13T09:31:13.373Z,0,2026-07-13T09:31:13.520Z,0xd06ede21606d6a84f7122868fa674b171dc85aceba3760c523f964b21987cb29,2026-07-13T09:31:17.970Z,success,38867,1000,6377206,0x9533e9acabb7959f33148193f21b63a47fb682cb50c3e60247f87686968f90b2,2026-07-13T09:31:17.970Z,4450,4450,4597,64,Suspicious,2026-07-13T09:30:46.426Z,0x48b6572094347051ff6ce35770a993f102139b644fe55807feb95fd3f8af2ae1,,variant-batch live execution
datm-live-2026-07-13T09-30-04-165Z,B,entity-08-malicious,malicious,5,2026-07-13T09:31:13.374Z,2026-07-13T09:31:13.374Z,2026-07-13T09:31:13.374Z,0,2026-07-13T09:31:13.521Z,0xef5be7095ac611f95e8c47b4e2b391c0d5a388ef3131999191fddfa347a941e7,2026-07-13T09:31:17.969Z,success,38866,1000,6377206,0x9533e9acabb7959f33148193f21b63a47fb682cb50c3e60247f87686968f90b2,2026-07-13T09:31:17.969Z,4448,4448,4595,30,Untrusted,2026-07-13T09:30:46.426Z,0x2c7adf98e3bf29f80da6f7b245c6bc61eccc4dfeb909022e517b8531e19d8b5e,,variant-batch live execution
datm-live-2026-07-13T09-30-04-165Z,B,entity-09-malicious,malicious,5,2026-07-13T09:31:13.374Z,2026-07-13T09:31:13.374Z,2026-07-13T09:31:13.374Z,0,2026-07-13T09:31:13.521Z,0xf8828928c6faeda2d67bf1dfc0427d3c950ee53c7a84378ee23c047f555c39f0,2026-07-13T09:31:17.974Z,success,38866,1000,6377206,0x9533e9acabb7959f33148193f21b63a47fb682cb50c3e60247f87686968f90b2,2026-07-13T09:31:17.974Z,4453,4453,4600,28,Untrusted,2026-07-13T09:30:46.426Z,0x79c650a7aad26fb61d5552e95d3a83202bd3d078a7f83fad4ef4eff2ec9eaf86,,variant-batch live execution
datm-live-2026-07-13T09-30-04-165Z,B,entity-10-malicious,malicious,5,2026-07-13T09:31:13.375Z,2026-07-13T09:31:13.375Z,2026-07-13T09:31:13.375Z,0,2026-07-13T09:31:13.521Z,0xe2e26bb7b9cbdca98c067377d4966f4f49f38c884aeb01b756ab7437af9c8dc3,2026-07-13T09:31:17.997Z,success,38854,1000,6377206,0x9533e9acabb7959f33148193f21b63a47fb682cb50c3e60247f87686968f90b2,2026-07-13T09:31:17.997Z,4476,4476,4622,31,Untrusted,2026-07-13T09:30:46.426Z,0x0177a2647e21438aa4b75495e8068fc66f9accf26831c9e5a1a3d1c2fef8cf57,,variant-batch live execution
datm-live-2026-07-13T09-30-04-165Z,B,entity-01-normal,normal,6,2026-07-13T09:31:23.110Z,2026-07-13T09:31:23.110Z,2026-07-13T09:31:23.110Z,0,2026-07-13T09:31:23.215Z,0xb9723dc5afd050dbcbf27dd379fd497a2f623a4cea31549d50f8540a5c171ffb,2026-07-13T09:31:27.458Z,success,38835,1000,6377208,0x5f0299e261435135d4f7ff142e8e457d6dc00484d0dfe13fa372a44d9f96d87d,2026-07-13T09:31:27.458Z,4243,4243,4348,93,Trusted,2026-07-13T09:30:56.426Z,0x87327ab7125862b9795cb2009dc06f7c09ee46b983f35117cc8c6d1626dff38d,,variant-batch live execution
datm-live-2026-07-13T09-30-04-165Z,B,entity-02-normal,normal,6,2026-07-13T09:31:23.112Z,2026-07-13T09:31:23.112Z,2026-07-13T09:31:23.112Z,0,2026-07-13T09:31:23.207Z,0x77fd721b86e02cae285ca1611f8586782d72fea702437003ef23d0bfbef2c5a7,2026-07-13T09:31:27.485Z,success,38847,1000,6377208,0x5f0299e261435135d4f7ff142e8e457d6dc00484d0dfe13fa372a44d9f96d87d,2026-07-13T09:31:27.485Z,4278,4278,4373,92,Trusted,2026-07-13T09:30:56.426Z,0x9785f50ec21b6fbf233f5c0e0bf4756b7c199e5e38b9e7787a93babbe84769a1,,variant-batch live execution
datm-live-2026-07-13T09-30-04-165Z,B,entity-03-normal,normal,6,2026-07-13T09:31:23.112Z,2026-07-13T09:31:23.112Z,2026-07-13T09:31:23.112Z,0,2026-07-13T09:31:23.215Z,0x1db407804888d61f2b56c917114e934d7e7046cb37ae6f69663ea3a2fa65b5cd,2026-07-13T09:31:27.458Z,success,38847,1000,6377208,0x5f0299e261435135d4f7ff142e8e457d6dc00484d0dfe13fa372a44d9f96d87d,2026-07-13T09:31:27.458Z,4243,4243,4346,93,Trusted,2026-07-13T09:30:56.426Z,0xa8db147f0e2c1b4320a3ef148fd3f36cc7436af45b983b977bf4abfda83577cb,,variant-batch live execution
datm-live-2026-07-13T09-30-04-165Z,B,entity-04-normal,normal,6,2026-07-13T09:31:23.113Z,2026-07-13T09:31:23.113Z,2026-07-13T09:31:23.113Z,0,2026-07-13T09:31:23.215Z,0x0cdd256c40727410f0993550fef944e1b5115076ba29838e01ec6b3a82b4095f,2026-07-13T09:31:27.459Z,success,38847,1000,6377208,0x5f0299e261435135d4f7ff142e8e457d6dc00484d0dfe13fa372a44d9f96d87d,2026-07-13T09:31:27.459Z,4244,4244,4346,93,Trusted,2026-07-13T09:30:56.426Z,0xbd40f2099201ebee5cb2d1b4f79c81fb78f7fad613b2636c59dba510ba26c94d,,variant-batch live execution
datm-live-2026-07-13T09-30-04-165Z,B,entity-05-suspicious,suspicious,6,2026-07-13T09:31:23.113Z,2026-07-13T09:31:23.113Z,2026-07-13T09:31:23.113Z,0,2026-07-13T09:31:23.215Z,0x3ecc930310d39f65dc1b91ecc6d1cabe9c26134678bb30a8483ca7aca3f33ad8,2026-07-13T09:31:27.462Z,success,38867,1000,6377208,0x5f0299e261435135d4f7ff142e8e457d6dc00484d0dfe13fa372a44d9f96d87d,2026-07-13T09:31:27.462Z,4247,4247,4349,59,Suspicious,2026-07-13T09:30:56.426Z,0x0b7a8ea17eaff6f501895f8d9d19166dece0499601108f0505783a88d3b698eb,,variant-batch live execution
datm-live-2026-07-13T09-30-04-165Z,B,entity-06-suspicious,suspicious,6,2026-07-13T09:31:23.113Z,2026-07-13T09:31:23.113Z,2026-07-13T09:31:23.113Z,0,2026-07-13T09:31:23.215Z,0x44acb880047b0d9f86ca19ae4619d8185d8863ce057a15e40fe0c43582f319ee,2026-07-13T09:31:27.462Z,success,38867,1000,6377208,0x5f0299e261435135d4f7ff142e8e457d6dc00484d0dfe13fa372a44d9f96d87d,2026-07-13T09:31:27.462Z,4247,4247,4349,60,Suspicious,2026-07-13T09:30:56.426Z,0x99dc82dac65aad325b2ac47ec2651780230a43fe954e906940e90716fb88766b,,variant-batch live execution
datm-live-2026-07-13T09-30-04-165Z,B,entity-07-suspicious,suspicious,6,2026-07-13T09:31:23.113Z,2026-07-13T09:31:23.113Z,2026-07-13T09:31:23.113Z,0,2026-07-13T09:31:23.236Z,0xf8a7d01de37640fff8ff314adb764bd5b0ed50127072da4efd9b0ac08e0e7db7,2026-07-13T09:31:27.673Z,success,38867,1000,6377208,0x5f0299e261435135d4f7ff142e8e457d6dc00484d0dfe13fa372a44d9f96d87d,2026-07-13T09:31:27.673Z,4437,4437,4560,61,Suspicious,2026-07-13T09:30:56.426Z,0x01ac2bc81735868bf8d9122107b21d44d0c7f04fc71b651fdd9360ecf2b7ce21,,variant-batch live execution
datm-live-2026-07-13T09-30-04-165Z,B,entity-08-malicious,malicious,6,2026-07-13T09:31:23.114Z,2026-07-13T09:31:23.114Z,2026-07-13T09:31:23.114Z,0,2026-07-13T09:31:23.237Z,0xaea49e1d6dce9cb57f4bc7cd2d50b54dcdacfe6b6d8f5e5cfbdc479a16ad48fd,2026-07-13T09:31:27.657Z,success,38866,1000,6377208,0x5f0299e261435135d4f7ff142e8e457d6dc00484d0dfe13fa372a44d9f96d87d,2026-07-13T09:31:27.657Z,4420,4420,4543,28,Untrusted,2026-07-13T09:30:56.426Z,0xfa859462e8d93f015e876f2d1aeb50263d0b4c59440e4dcb8bf1f023a1d909dc,,variant-batch live execution
datm-live-2026-07-13T09-30-04-165Z,B,entity-09-malicious,malicious,6,2026-07-13T09:31:23.114Z,2026-07-13T09:31:23.114Z,2026-07-13T09:31:23.114Z,0,2026-07-13T09:31:23.237Z,0xb0f107f7d18524e24ae4fa97b71aa10ddbb7de7315bca7544dfd864f13a48798,2026-07-13T09:31:27.678Z,success,38866,1000,6377208,0x5f0299e261435135d4f7ff142e8e457d6dc00484d0dfe13fa372a44d9f96d87d,2026-07-13T09:31:27.678Z,4441,4441,4564,29,Untrusted,2026-07-13T09:30:56.426Z,0x0b4db83e5bb6441032fec89af1528a263513cb70dd3c5019cc10602bd004ba42,,variant-batch live execution
datm-live-2026-07-13T09-30-04-165Z,B,entity-10-malicious,malicious,6,2026-07-13T09:31:23.114Z,2026-07-13T09:31:23.114Z,2026-07-13T09:31:23.114Z,0,2026-07-13T09:31:23.237Z,0xed78af933d4f766e11bc9c42c14a48d8b6a74fb8e69fe7b76beea4291b7f7083,2026-07-13T09:31:27.701Z,success,38854,1000,6377208,0x5f0299e261435135d4f7ff142e8e457d6dc00484d0dfe13fa372a44d9f96d87d,2026-07-13T09:31:27.701Z,4464,4464,4587,30,Untrusted,2026-07-13T09:30:56.426Z,0x49e6048f387b9732c1fd8a926507cea33db0b71be4cd2cdba5c5c30ed1f6ccec,,variant-batch live execution
datm-live-2026-07-13T09-30-04-165Z,B,entity-01-normal,normal,7,2026-07-13T09:31:32.822Z,2026-07-13T09:31:32.822Z,2026-07-13T09:31:32.822Z,0,2026-07-13T09:31:32.931Z,0x4f60c36a6443180be772d3522ae94e226d1e355417580d70f506f3c0ec943a64,2026-07-13T09:31:37.208Z,success,38835,1000,6377210,0x6f2eb5a309430a455fecd12895e59232270cbd867d0e3ac9b3af475615f46ab2,2026-07-13T09:31:37.208Z,4277,4277,4386,92,Trusted,2026-07-13T09:31:06.426Z,0x1f82efc2747363af83412e4e53f41f7f2e0c1549799c009807891564a1906716,,variant-batch live execution
datm-live-2026-07-13T09-30-04-165Z,B,entity-02-normal,normal,7,2026-07-13T09:31:32.823Z,2026-07-13T09:31:32.823Z,2026-07-13T09:31:32.823Z,0,2026-07-13T09:31:32.934Z,0xe488a5dc9aa3f14e39fe0e94c672ff506a741838ae52202360e0d4e1a45f82a2,2026-07-13T09:31:37.187Z,success,38847,1000,6377210,0x6f2eb5a309430a455fecd12895e59232270cbd867d0e3ac9b3af475615f46ab2,2026-07-13T09:31:37.187Z,4253,4253,4364,93,Trusted,2026-07-13T09:31:06.426Z,0x87fe0995a5cc167656ca2c73a1da367bad0dc8f38dd22a1ec3c5f2b40c348235,,variant-batch live execution
datm-live-2026-07-13T09-30-04-165Z,B,entity-03-normal,normal,7,2026-07-13T09:31:32.823Z,2026-07-13T09:31:32.823Z,2026-07-13T09:31:32.823Z,0,2026-07-13T09:31:32.934Z,0xf7a8eb8dc9d1a36e875e753ba3a915c6223102f4a862a9fec08452c16235d437,2026-07-13T09:31:37.179Z,success,38847,1000,6377210,0x6f2eb5a309430a455fecd12895e59232270cbd867d0e3ac9b3af475615f46ab2,2026-07-13T09:31:37.179Z,4245,4245,4356,93,Trusted,2026-07-13T09:31:06.426Z,0x5fd48076f44206daa5bb1eaceb13e76e80379aebcc5753a54ba2daaeadb4f8f5,,variant-batch live execution
datm-live-2026-07-13T09-30-04-165Z,B,entity-04-normal,normal,7,2026-07-13T09:31:32.823Z,2026-07-13T09:31:32.823Z,2026-07-13T09:31:32.823Z,0,2026-07-13T09:31:32.934Z,0x91f52b967eb7b77f31e39c43cb1341110e19512a46a9e502aea6e22792ef2b54,2026-07-13T09:31:37.178Z,success,38847,1000,6377210,0x6f2eb5a309430a455fecd12895e59232270cbd867d0e3ac9b3af475615f46ab2,2026-07-13T09:31:37.178Z,4244,4244,4355,92,Trusted,2026-07-13T09:31:06.426Z,0xc8b26defeaafbdb3670d9ba4a5e90b60f4c8181bb91d7d62360450c69381b1aa,,variant-batch live execution
datm-live-2026-07-13T09-30-04-165Z,B,entity-05-suspicious,suspicious,7,2026-07-13T09:31:32.823Z,2026-07-13T09:31:32.823Z,2026-07-13T09:31:32.823Z,0,2026-07-13T09:31:32.934Z,0xe816ab8bd0cbe15e01b2164a74d7e6a70f5e794da3390fc5b4143f22b2735d23,2026-07-13T09:31:37.179Z,success,38855,1000,6377210,0x6f2eb5a309430a455fecd12895e59232270cbd867d0e3ac9b3af475615f46ab2,2026-07-13T09:31:37.179Z,4245,4245,4356,60,Suspicious,2026-07-13T09:31:06.426Z,0x19dba7db353cffb3056cdb0a25540e5b96817041f8b85520a900481bea0f61e5,,variant-batch live execution
datm-live-2026-07-13T09-30-04-165Z,B,entity-06-suspicious,suspicious,7,2026-07-13T09:31:32.824Z,2026-07-13T09:31:32.824Z,2026-07-13T09:31:32.824Z,0,2026-07-13T09:31:32.934Z,0x8b837376fd9548743413c247e697ec93bf3f62b4ae91445037c81880b9e083d8,2026-07-13T09:31:37.188Z,success,38867,1000,6377210,0x6f2eb5a309430a455fecd12895e59232270cbd867d0e3ac9b3af475615f46ab2,2026-07-13T09:31:37.188Z,4254,4254,4364,62,Suspicious,2026-07-13T09:31:06.426Z,0xf94ec08e3db3f347aca6c870fadf6384537cea93627fdef3cf49e5db9c8152bc,,variant-batch live execution
datm-live-2026-07-13T09-30-04-165Z,B,entity-07-suspicious,suspicious,7,2026-07-13T09:31:32.824Z,2026-07-13T09:31:32.824Z,2026-07-13T09:31:32.824Z,0,2026-07-13T09:31:32.965Z,0xf08fa47a336303baec61034d348415cbbb561774762e9746a34cc783bcfc2958,2026-07-13T09:31:37.354Z,success,38855,1000,6377210,0x6f2eb5a309430a455fecd12895e59232270cbd867d0e3ac9b3af475615f46ab2,2026-07-13T09:31:37.354Z,4389,4389,4530,59,Suspicious,2026-07-13T09:31:06.426Z,0xcbc9ade42e00c6f3e37a126eb30a7996c20f6ab5a41f4bf6043f18dd280c2e3f,,variant-batch live execution
datm-live-2026-07-13T09-30-04-165Z,B,entity-08-malicious,malicious,7,2026-07-13T09:31:32.824Z,2026-07-13T09:31:32.824Z,2026-07-13T09:31:32.824Z,0,2026-07-13T09:31:32.965Z,0x99f2c5d55f3162068af83213e19c84f9634d762e6ce68fe7842ca69ec8d48900,2026-07-13T09:31:37.362Z,success,38866,1000,6377210,0x6f2eb5a309430a455fecd12895e59232270cbd867d0e3ac9b3af475615f46ab2,2026-07-13T09:31:37.362Z,4397,4397,4538,29,Untrusted,2026-07-13T09:31:06.426Z,0x33e1e9f7b659ac9d11231842ee3a7a3edc6c1ae08133694e671b2347d2312561,,variant-batch live execution
datm-live-2026-07-13T09-30-04-165Z,B,entity-09-malicious,malicious,7,2026-07-13T09:31:32.824Z,2026-07-13T09:31:32.824Z,2026-07-13T09:31:32.824Z,0,2026-07-13T09:31:32.965Z,0xcfabf6da161e601e4d3fef9eb5759b56e971f24f8b3baf300ccdfb65bf15b555,2026-07-13T09:31:37.375Z,success,38866,1000,6377210,0x6f2eb5a309430a455fecd12895e59232270cbd867d0e3ac9b3af475615f46ab2,2026-07-13T09:31:37.375Z,4410,4410,4551,28,Untrusted,2026-07-13T09:31:06.426Z,0x65ec8c3df718e8a823cef8ae0adda5d094961f3543558f22b0a6538dffdbba2f,,variant-batch live execution
datm-live-2026-07-13T09-30-04-165Z,B,entity-10-malicious,malicious,7,2026-07-13T09:31:32.825Z,2026-07-13T09:31:32.825Z,2026-07-13T09:31:32.825Z,0,2026-07-13T09:31:32.966Z,0xd8b0cc6dc663334df85349721410c8c2e905eeaa0f3d81eb5a5033df9ce95a0f,2026-07-13T09:31:37.387Z,success,38842,1000,6377210,0x6f2eb5a309430a455fecd12895e59232270cbd867d0e3ac9b3af475615f46ab2,2026-07-13T09:31:37.387Z,4421,4421,4562,29,Untrusted,2026-07-13T09:31:06.426Z,0x0040f33787fd28f7d13563def82ff8f4750d70638fa768989a6d239f7bd7e46e,,variant-batch live execution
datm-live-2026-07-13T09-30-04-165Z,B,entity-01-normal,normal,8,2026-07-13T09:31:42.522Z,2026-07-13T09:31:42.522Z,2026-07-13T09:31:42.522Z,0,2026-07-13T09:31:42.646Z,0xc8334f422f3551ec280849970b8fc3fc373fef4e32c1cef234dd262404fff2c9,2026-07-13T09:31:46.910Z,success,38835,1000,6377212,0xf3755f735e21c0d995912c109cb02ab72a6545ffb42bc018e8eee63ac886066e,2026-07-13T09:31:46.910Z,4264,4264,4388,93,Trusted,2026-07-13T09:31:16.426Z,0xb5db0163578b7bd479402da38aa8da92dedabf9adf71e55e00d37e416bdf3aa3,,variant-batch live execution
datm-live-2026-07-13T09-30-04-165Z,B,entity-02-normal,normal,8,2026-07-13T09:31:42.523Z,2026-07-13T09:31:42.523Z,2026-07-13T09:31:42.523Z,0,2026-07-13T09:31:42.646Z,0xe57ee36246d02b216f1544cc4fc34055f0ad0501cf11b66d9c1029d1ca587567,2026-07-13T09:31:46.910Z,success,38847,1000,6377212,0xf3755f735e21c0d995912c109cb02ab72a6545ffb42bc018e8eee63ac886066e,2026-07-13T09:31:46.910Z,4264,4264,4387,93,Trusted,2026-07-13T09:31:16.426Z,0xe7df3e57f328ba25e5f3063120caed6f375c7960942e7c84d863499bc3b9ce77,,variant-batch live execution
datm-live-2026-07-13T09-30-04-165Z,B,entity-03-normal,normal,8,2026-07-13T09:31:42.525Z,2026-07-13T09:31:42.525Z,2026-07-13T09:31:42.525Z,0,2026-07-13T09:31:42.646Z,0x0de57b482f187b41da6b27c4e80093339e73e10694742d542f5ee86e72d1ae21,2026-07-13T09:31:46.912Z,success,38847,1000,6377212,0xf3755f735e21c0d995912c109cb02ab72a6545ffb42bc018e8eee63ac886066e,2026-07-13T09:31:46.912Z,4266,4266,4387,91,Trusted,2026-07-13T09:31:16.426Z,0xd75ae7a0f9b9a00a31174d4a7b70073ac226f45627ac54288942f5ad0a6b0f5a,,variant-batch live execution
datm-live-2026-07-13T09-30-04-165Z,B,entity-04-normal,normal,8,2026-07-13T09:31:42.525Z,2026-07-13T09:31:42.525Z,2026-07-13T09:31:42.525Z,0,2026-07-13T09:31:42.647Z,0x16bee9ee8c3fda242104bed97138155257e3637e8ab35ca50c017b41d86260a6,2026-07-13T09:31:46.913Z,success,38835,1000,6377212,0xf3755f735e21c0d995912c109cb02ab72a6545ffb42bc018e8eee63ac886066e,2026-07-13T09:31:46.913Z,4266,4266,4388,93,Trusted,2026-07-13T09:31:16.426Z,0x2e7232a3e70a1c201637b4e4f4427b66b5d6e3a95c6ef392090067f45f76afc0,,variant-batch live execution
datm-live-2026-07-13T09-30-04-165Z,B,entity-05-suspicious,suspicious,8,2026-07-13T09:31:42.526Z,2026-07-13T09:31:42.526Z,2026-07-13T09:31:42.526Z,0,2026-07-13T09:31:42.664Z,0x32cb06f23fcec4dce0b23a5df44251358365c205ec65ae57e22309ff8228ff06,2026-07-13T09:31:46.914Z,success,38855,1000,6377212,0xf3755f735e21c0d995912c109cb02ab72a6545ffb42bc018e8eee63ac886066e,2026-07-13T09:31:46.914Z,4250,4250,4388,62,Suspicious,2026-07-13T09:31:16.426Z,0x73d414c93122f33c052d7878ba6984002aa912124b094d1b803e4c0568acbe6a,,variant-batch live execution
datm-live-2026-07-13T09-30-04-165Z,B,entity-06-suspicious,suspicious,8,2026-07-13T09:31:42.526Z,2026-07-13T09:31:42.526Z,2026-07-13T09:31:42.526Z,0,2026-07-13T09:31:42.664Z,0x1ffb628377fa5a9465a166e9d6365fbed92cf4802b7acf99d7cd265169bb1a0f,2026-07-13T09:31:46.948Z,success,38867,1000,6377212,0xf3755f735e21c0d995912c109cb02ab72a6545ffb42bc018e8eee63ac886066e,2026-07-13T09:31:46.948Z,4284,4284,4422,63,Suspicious,2026-07-13T09:31:16.426Z,0x2de8f901db3785b43029c914735af4261d432176d0b4a8cc6b6d74b3f4386a61,,variant-batch live execution
datm-live-2026-07-13T09-30-04-165Z,B,entity-07-suspicious,suspicious,8,2026-07-13T09:31:42.526Z,2026-07-13T09:31:42.526Z,2026-07-13T09:31:42.526Z,0,2026-07-13T09:31:42.665Z,0x5b3b43d8b6a89e322383d1f33aa66b0b7cc6de6ef4a33111e24874be34d240bf,2026-07-13T09:31:47.125Z,success,38867,1000,6377212,0xf3755f735e21c0d995912c109cb02ab72a6545ffb42bc018e8eee63ac886066e,2026-07-13T09:31:47.125Z,4460,4460,4599,60,Suspicious,2026-07-13T09:31:16.426Z,0x10666d74194d6698707c3701f3011e99d8973906d87b69f4eec98ce1b3b845c4,,variant-batch live execution
datm-live-2026-07-13T09-30-04-165Z,B,entity-08-malicious,malicious,8,2026-07-13T09:31:42.526Z,2026-07-13T09:31:42.526Z,2026-07-13T09:31:42.526Z,0,2026-07-13T09:31:42.665Z,0x5e29cceb4cec3fb5ea35ce9a3fdd424abea0b599b7dfc16398c8a7ab8a022237,2026-07-13T09:31:47.138Z,success,38866,1000,6377212,0xf3755f735e21c0d995912c109cb02ab72a6545ffb42bc018e8eee63ac886066e,2026-07-13T09:31:47.138Z,4473,4473,4612,28,Untrusted,2026-07-13T09:31:16.426Z,0x22dc7ec168be143c0be0ea957bb767ee6e21319aac3d68e95410e0c57537b2c6,,variant-batch live execution
datm-live-2026-07-13T09-30-04-165Z,B,entity-09-malicious,malicious,8,2026-07-13T09:31:42.526Z,2026-07-13T09:31:42.526Z,2026-07-13T09:31:42.526Z,0,2026-07-13T09:31:42.671Z,0x48924ff15a6ca060f7be59a2544ee4e768246e2cc46a1b23ae19d0ad05bf2f80,2026-07-13T09:31:47.152Z,success,38866,1000,6377212,0xf3755f735e21c0d995912c109cb02ab72a6545ffb42bc018e8eee63ac886066e,2026-07-13T09:31:47.152Z,4481,4481,4626,28,Untrusted,2026-07-13T09:31:16.426Z,0xb3a06e6caa89ef192bf6a2b4636205ccef219f71774eade59a0104a888ddbdcb,,variant-batch live execution
datm-live-2026-07-13T09-30-04-165Z,B,entity-10-malicious,malicious,8,2026-07-13T09:31:42.527Z,2026-07-13T09:31:42.527Z,2026-07-13T09:31:42.527Z,0,2026-07-13T09:31:42.665Z,0xfa88a9a48e87c7a08c848dbcfc852a5a17fff915a1b58e97069a4d2df051c295,2026-07-13T09:31:47.162Z,success,38854,1000,6377212,0xf3755f735e21c0d995912c109cb02ab72a6545ffb42bc018e8eee63ac886066e,2026-07-13T09:31:47.162Z,4497,4497,4635,30,Untrusted,2026-07-13T09:31:16.426Z,0x73876e992d1b6b1276960b8c11e60e5591ba6a4ea68b56138fb3d4ec68f5459c,,variant-batch live execution
datm-live-2026-07-13T09-30-04-165Z,B,entity-01-normal,normal,9,2026-07-13T09:31:52.289Z,2026-07-13T09:31:52.289Z,2026-07-13T09:31:52.289Z,0,2026-07-13T09:31:52.411Z,0x02e2f5472bdef65b806b00f79a6d103326bce36535addd836249d14df890b32c,2026-07-13T09:31:57.190Z,success,38847,1000,6377214,0x80d44c8e136709bf65f1ec04d22d168107785c659a820ea1f57f5713b1fd7eee,2026-07-13T09:31:57.190Z,4779,4779,4901,93,Trusted,2026-07-13T09:31:26.426Z,0xda689ce910da361a170b18c3659effe74e4d766eceef6e843b084b614c4e4a05,,variant-batch live execution
datm-live-2026-07-13T09-30-04-165Z,B,entity-02-normal,normal,9,2026-07-13T09:31:52.289Z,2026-07-13T09:31:52.289Z,2026-07-13T09:31:52.289Z,0,2026-07-13T09:31:52.412Z,0x0a36c87f25e8d53c7dc5b0fccdc4b6b530dac7b965ef3e1a325284e88f3f1a68,2026-07-13T09:31:57.300Z,success,38847,1000,6377214,0x80d44c8e136709bf65f1ec04d22d168107785c659a820ea1f57f5713b1fd7eee,2026-07-13T09:31:57.300Z,4888,4888,5011,92,Trusted,2026-07-13T09:31:26.426Z,0x48d874571605af952df7c18a5ee6b12afdb107539db2228d11ae06d74c379eae,,variant-batch live execution
datm-live-2026-07-13T09-30-04-165Z,B,entity-03-normal,normal,9,2026-07-13T09:31:52.290Z,2026-07-13T09:31:52.290Z,2026-07-13T09:31:52.290Z,0,2026-07-13T09:31:52.420Z,0x93e32cd1a327d3ecf2605a1562059390df4013de90f6f8f1fb75775cb4133382,2026-07-13T09:31:57.190Z,success,38847,1000,6377214,0x80d44c8e136709bf65f1ec04d22d168107785c659a820ea1f57f5713b1fd7eee,2026-07-13T09:31:57.190Z,4770,4770,4900,93,Trusted,2026-07-13T09:31:26.426Z,0x3133a23d404bd4b075adb3b0fd9d93b97e87905acd3d4aebce4d9403638ccab1,,variant-batch live execution
datm-live-2026-07-13T09-30-04-165Z,B,entity-04-normal,normal,9,2026-07-13T09:31:52.290Z,2026-07-13T09:31:52.290Z,2026-07-13T09:31:52.290Z,0,2026-07-13T09:31:52.420Z,0xd765c851fd594e8a65b3d7db99ab8426e66ef35ba277fc3570cbd678729fe79b,2026-07-13T09:31:57.191Z,success,38847,1000,6377214,0x80d44c8e136709bf65f1ec04d22d168107785c659a820ea1f57f5713b1fd7eee,2026-07-13T09:31:57.191Z,4771,4771,4901,93,Trusted,2026-07-13T09:31:26.426Z,0x67f7a9031da875573bc62b6a484393dc6c94a38f19b85f5915b0f7a7fa5991a6,,variant-batch live execution
datm-live-2026-07-13T09-30-04-165Z,B,entity-05-suspicious,suspicious,9,2026-07-13T09:31:52.290Z,2026-07-13T09:31:52.290Z,2026-07-13T09:31:52.290Z,0,2026-07-13T09:31:52.420Z,0x362e06f17fed2c8819e101bd7e445abf87441f318646a3648758df44fc4735cb,2026-07-13T09:31:57.190Z,success,38855,1000,6377214,0x80d44c8e136709bf65f1ec04d22d168107785c659a820ea1f57f5713b1fd7eee,2026-07-13T09:31:57.190Z,4770,4770,4900,63,Suspicious,2026-07-13T09:31:26.426Z,0x411ec780917aaeea1ff300d2a09764427b45bafa0a092a1912a9e274e71db05e,,variant-batch live execution
datm-live-2026-07-13T09-30-04-165Z,B,entity-06-suspicious,suspicious,9,2026-07-13T09:31:52.290Z,2026-07-13T09:31:52.290Z,2026-07-13T09:31:52.290Z,0,2026-07-13T09:31:52.421Z,0x1ca051561559653bfd64a5e8baeac1f4fd45f3336ffc1c44f71341babeeab15b,2026-07-13T09:31:57.186Z,success,38867,1000,6377214,0x80d44c8e136709bf65f1ec04d22d168107785c659a820ea1f57f5713b1fd7eee,2026-07-13T09:31:57.186Z,4765,4765,4896,61,Suspicious,2026-07-13T09:31:26.426Z,0xc8d76d92436504015c875811b68ee312cca253b26bee11af74273b1cb9c4e373,,variant-batch live execution
datm-live-2026-07-13T09-30-04-165Z,B,entity-07-suspicious,suspicious,9,2026-07-13T09:31:52.290Z,2026-07-13T09:31:52.290Z,2026-07-13T09:31:52.290Z,0,2026-07-13T09:31:52.421Z,0x94cb8bb8891c23d89617c3211bfe137353a81f7dde4d532e75724b6421fe6547,2026-07-13T09:31:58.019Z,success,38867,1000,6377214,0x80d44c8e136709bf65f1ec04d22d168107785c659a820ea1f57f5713b1fd7eee,2026-07-13T09:31:58.019Z,5598,5598,5729,62,Suspicious,2026-07-13T09:31:26.426Z,0x12a15e7358cee9350fc8209e562416d89f607a3b9dce6607f2fc0b201e72d74e,,variant-batch live execution
datm-live-2026-07-13T09-30-04-165Z,B,entity-08-malicious,malicious,9,2026-07-13T09:31:52.291Z,2026-07-13T09:31:52.291Z,2026-07-13T09:31:52.291Z,0,2026-07-13T09:31:52.447Z,0xc4078d0d5e6cc4f899a7bd5da101862aa944f3718112611fe3af188bafa2f5b6,2026-07-13T09:31:58.209Z,success,38866,1000,6377214,0x80d44c8e136709bf65f1ec04d22d168107785c659a820ea1f57f5713b1fd7eee,2026-07-13T09:31:58.209Z,5762,5762,5918,28,Untrusted,2026-07-13T09:31:26.426Z,0x9d79b6e056ad71977c91bd073a0788ce8339098a32c2144ac8177f53f7c52c34,,variant-batch live execution
datm-live-2026-07-13T09-30-04-165Z,B,entity-09-malicious,malicious,9,2026-07-13T09:31:52.291Z,2026-07-13T09:31:52.291Z,2026-07-13T09:31:52.291Z,0,2026-07-13T09:31:52.447Z,0x7b2d62bd19054a69a176d523de0825df59b78fe249018ed59fc740ab23adc160,2026-07-13T09:31:58.276Z,success,38866,1000,6377214,0x80d44c8e136709bf65f1ec04d22d168107785c659a820ea1f57f5713b1fd7eee,2026-07-13T09:31:58.276Z,5829,5829,5985,29,Untrusted,2026-07-13T09:31:26.426Z,0x408803a29be81a418c2f2a02d43a91a28145f21d9e3a6ed7ae765aa780fe5513,,variant-batch live execution
datm-live-2026-07-13T09-30-04-165Z,B,entity-10-malicious,malicious,9,2026-07-13T09:31:52.291Z,2026-07-13T09:31:52.291Z,2026-07-13T09:31:52.291Z,0,2026-07-13T09:31:52.447Z,0xa409f26fc295fed56551c435581c3ec1f11148359dd1cb9a2a8ad963021de3f8,2026-07-13T09:31:58.277Z,success,38854,1000,6377214,0x80d44c8e136709bf65f1ec04d22d168107785c659a820ea1f57f5713b1fd7eee,2026-07-13T09:31:58.277Z,5830,5830,5986,29,Untrusted,2026-07-13T09:31:26.426Z,0xcc1a956c2a91e5e1028e7ca20d430746a702c4c15c50601d77df360ccc0d3902,,variant-batch live execution
datm-live-2026-07-13T09-30-04-165Z,B,entity-01-normal,normal,10,2026-07-13T09:32:03.401Z,2026-07-13T09:32:03.401Z,2026-07-13T09:32:03.401Z,0,2026-07-13T09:32:03.524Z,0xd85e0803e402255e4374ed079acb52c55b37c0b857c507c6508d52a620e0b957,2026-07-13T09:32:07.787Z,success,38847,1000,6377216,0xc5b81f1cfee832011b1a76b27244774acf4f5a527d25e63e7b352dbef9043919,2026-07-13T09:32:07.787Z,4263,4263,4386,91,Trusted,2026-07-13T09:31:36.426Z,0x854186181bb04513ae2268ddbf88db527fa75267934b16f8f5c9311dde0dc5d2,,variant-batch live execution
datm-live-2026-07-13T09-30-04-165Z,B,entity-02-normal,normal,10,2026-07-13T09:32:03.402Z,2026-07-13T09:32:03.402Z,2026-07-13T09:32:03.402Z,0,2026-07-13T09:32:03.528Z,0x6e6951713cfc71581d42b67c45100eafd27a720370d604acb5add1489dbdfed7,2026-07-13T09:32:07.786Z,success,38847,1000,6377216,0xc5b81f1cfee832011b1a76b27244774acf4f5a527d25e63e7b352dbef9043919,2026-07-13T09:32:07.786Z,4258,4258,4384,93,Trusted,2026-07-13T09:31:36.426Z,0x1fa557ac05204c50b9420a7a5c84941c5179c3a6cfa7b41c5dd280ed3e52c6bf,,variant-batch live execution
datm-live-2026-07-13T09-30-04-165Z,B,entity-03-normal,normal,10,2026-07-13T09:32:03.402Z,2026-07-13T09:32:03.402Z,2026-07-13T09:32:03.402Z,0,2026-07-13T09:32:03.528Z,0xd7710cfc89b2e0afdd7ce04c885e63e95dfd114d565dbaf9c8d4f0699a87ce56,2026-07-13T09:32:07.788Z,success,38847,1000,6377216,0xc5b81f1cfee832011b1a76b27244774acf4f5a527d25e63e7b352dbef9043919,2026-07-13T09:32:07.788Z,4260,4260,4386,93,Trusted,2026-07-13T09:31:36.426Z,0x6db81c0a6b53fd404bc2fddfce01ea4a7ba27cce360e37358d68a06acb99a9ed,,variant-batch live execution
datm-live-2026-07-13T09-30-04-165Z,B,entity-04-normal,normal,10,2026-07-13T09:32:03.403Z,2026-07-13T09:32:03.403Z,2026-07-13T09:32:03.403Z,0,2026-07-13T09:32:03.529Z,0xaa90e80f7e695342dfafe8743c14c70b33220d6e324cbe6ada7e9a70d800788e,2026-07-13T09:32:07.788Z,success,38847,1000,6377216,0xc5b81f1cfee832011b1a76b27244774acf4f5a527d25e63e7b352dbef9043919,2026-07-13T09:32:07.788Z,4259,4259,4385,91,Trusted,2026-07-13T09:31:36.426Z,0x2baa3507acc02cf913191828116945399383a7b3caa51df4f894b49535c3a304,,variant-batch live execution
datm-live-2026-07-13T09-30-04-165Z,B,entity-05-suspicious,suspicious,10,2026-07-13T09:32:03.403Z,2026-07-13T09:32:03.403Z,2026-07-13T09:32:03.403Z,0,2026-07-13T09:32:03.529Z,0x27af3fcfdd7d231d4ed12c51feb897e841d91feeaefef86088eea2598a1286e8,2026-07-13T09:32:07.813Z,success,38867,1000,6377216,0xc5b81f1cfee832011b1a76b27244774acf4f5a527d25e63e7b352dbef9043919,2026-07-13T09:32:07.813Z,4284,4284,4410,61,Suspicious,2026-07-13T09:31:36.426Z,0xc70621dfd3aa1f1e45f5455e6931eb587119b3dea0eeed23af68f143596ccdee,,variant-batch live execution
datm-live-2026-07-13T09-30-04-165Z,B,entity-06-suspicious,suspicious,10,2026-07-13T09:32:03.403Z,2026-07-13T09:32:03.403Z,2026-07-13T09:32:03.403Z,0,2026-07-13T09:32:03.529Z,0x2163fa8331750458893c42a8e7f890da7ed2919a07ac9762d7c5767cd8059184,2026-07-13T09:32:07.792Z,success,38867,1000,6377216,0xc5b81f1cfee832011b1a76b27244774acf4f5a527d25e63e7b352dbef9043919,2026-07-13T09:32:07.792Z,4263,4263,4389,60,Suspicious,2026-07-13T09:31:36.426Z,0x82152fd64a43bdba7740e2bb498c43a7501fac6059528394961bddabbdfef776,,variant-batch live execution
datm-live-2026-07-13T09-30-04-165Z,B,entity-07-suspicious,suspicious,10,2026-07-13T09:32:03.404Z,2026-07-13T09:32:03.404Z,2026-07-13T09:32:03.404Z,0,2026-07-13T09:32:03.562Z,0xc13d57c9bcd0ac8f61cf67e9521f0a1749f4865e725a934514efa1a7e6aa4e2d,2026-07-13T09:32:08.239Z,success,38867,1000,6377216,0xc5b81f1cfee832011b1a76b27244774acf4f5a527d25e63e7b352dbef9043919,2026-07-13T09:32:08.239Z,4677,4677,4835,63,Suspicious,2026-07-13T09:31:36.426Z,0x1b1fb82cfaab9c5df4b6c0558798d1e428eb9d965759dd3a1ce0eb08528ed7f1,,variant-batch live execution
datm-live-2026-07-13T09-30-04-165Z,B,entity-08-malicious,malicious,10,2026-07-13T09:32:03.404Z,2026-07-13T09:32:03.404Z,2026-07-13T09:32:03.404Z,0,2026-07-13T09:32:03.563Z,0x2db2cb4153c9b6ad74b91c66281779207e2b7338a0bfb0fbe82d046556f33ac8,2026-07-13T09:32:08.268Z,success,38866,1000,6377216,0xc5b81f1cfee832011b1a76b27244774acf4f5a527d25e63e7b352dbef9043919,2026-07-13T09:32:08.268Z,4705,4705,4864,29,Untrusted,2026-07-13T09:31:36.426Z,0xac15e00851d80974fabfa70ba4ac8c306646e9ea2f5f16b9f56d2e0c071fd4c0,,variant-batch live execution
datm-live-2026-07-13T09-30-04-165Z,B,entity-09-malicious,malicious,10,2026-07-13T09:32:03.404Z,2026-07-13T09:32:03.404Z,2026-07-13T09:32:03.404Z,0,2026-07-13T09:32:03.563Z,0x3a0663dc73be81cf76aa48afef5d73c6f8c8b91f61f9c9f0bf4e970f6b734b1b,2026-07-13T09:32:08.270Z,success,38866,1000,6377216,0xc5b81f1cfee832011b1a76b27244774acf4f5a527d25e63e7b352dbef9043919,2026-07-13T09:32:08.270Z,4707,4707,4866,27,Untrusted,2026-07-13T09:31:36.426Z,0xcf1f6e5673ccb54a58f24b752d08982bb59e3cb65bc45aeb598c1d6de30bad2e,,variant-batch live execution
datm-live-2026-07-13T09-30-04-165Z,B,entity-10-malicious,malicious,10,2026-07-13T09:32:03.404Z,2026-07-13T09:32:03.404Z,2026-07-13T09:32:03.404Z,0,2026-07-13T09:32:03.563Z,0xbd49ec0229d5e06bf60b919985d397f1245b0dfa6299a182fdb6c272117e8974,2026-07-13T09:32:08.273Z,success,38854,1000,6377216,0xc5b81f1cfee832011b1a76b27244774acf4f5a527d25e63e7b352dbef9043919,2026-07-13T09:32:08.273Z,4710,4710,4869,29,Untrusted,2026-07-13T09:31:36.426Z,0x62107fb00b9eaeda83f524345ee0d59430cefd9934f981dfc48b3755ee054038,,variant-batch live execution
datm-live-2026-07-13T09-30-04-165Z,B,entity-01-normal,normal,11,2026-07-13T09:32:13.395Z,2026-07-13T09:32:13.395Z,2026-07-13T09:32:13.395Z,0,2026-07-13T09:32:13.554Z,0xabf4250053cc9c2ba3ca99a8b1fac7c77507f85b1e9865f0b46bee6aabb0d638,2026-07-13T09:32:17.818Z,success,38835,1000,6377218,0x685b56309dc97451caf926d96697e1525893602723a062563aa6665982285294,2026-07-13T09:32:17.818Z,4264,4264,4423,92,Trusted,2026-07-13T09:31:46.426Z,0x288905007ef2c1c578a0d43eb7428e066f9ba566db101074e3a13aa16fb1c5e2,,variant-batch live execution
datm-live-2026-07-13T09-30-04-165Z,B,entity-02-normal,normal,11,2026-07-13T09:32:13.396Z,2026-07-13T09:32:13.396Z,2026-07-13T09:32:13.396Z,0,2026-07-13T09:32:13.554Z,0xa110c7963b5a7e91b3f97769b7feccb1e9df85a8db3f5479302e1dfc7e4769ce,2026-07-13T09:32:17.856Z,success,38847,1000,6377218,0x685b56309dc97451caf926d96697e1525893602723a062563aa6665982285294,2026-07-13T09:32:17.856Z,4302,4302,4460,92,Trusted,2026-07-13T09:31:46.426Z,0x747027186746f594eb44100e6afb67c163f8f7c5ec6ed57b5bb7e950840e33b7,,variant-batch live execution
datm-live-2026-07-13T09-30-04-165Z,B,entity-03-normal,normal,11,2026-07-13T09:32:13.396Z,2026-07-13T09:32:13.396Z,2026-07-13T09:32:13.396Z,0,2026-07-13T09:32:13.553Z,0x957321e479f77cdf5a21b4b0282839397112c0fe6548092abaffbd01463bd7e6,2026-07-13T09:32:17.818Z,success,38847,1000,6377218,0x685b56309dc97451caf926d96697e1525893602723a062563aa6665982285294,2026-07-13T09:32:17.818Z,4265,4265,4422,91,Trusted,2026-07-13T09:31:46.426Z,0xb939ce1491e028f5ff631ee7f5b88b1a49fd634daea447760971a27d1c88229f,,variant-batch live execution
datm-live-2026-07-13T09-30-04-165Z,B,entity-04-normal,normal,11,2026-07-13T09:32:13.397Z,2026-07-13T09:32:13.397Z,2026-07-13T09:32:13.397Z,0,2026-07-13T09:32:13.554Z,0x6ff40209c3b56e1724f0ff0c0fd993df46339125b24f3d0991833f541e276371,2026-07-13T09:32:17.819Z,success,38847,1000,6377218,0x685b56309dc97451caf926d96697e1525893602723a062563aa6665982285294,2026-07-13T09:32:17.819Z,4265,4265,4422,92,Trusted,2026-07-13T09:31:46.426Z,0x4983ec7fbeb8f58caef3356b6d4637b5891e286d42f2390bfe403f6b960cdc66,,variant-batch live execution
datm-live-2026-07-13T09-30-04-165Z,B,entity-05-suspicious,suspicious,11,2026-07-13T09:32:13.397Z,2026-07-13T09:32:13.397Z,2026-07-13T09:32:13.397Z,0,2026-07-13T09:32:13.554Z,0x94be8b378d442ccc9c5f23c98c190cd7780c039af6d04539a99a94a342c33d78,2026-07-13T09:32:17.819Z,success,38867,1000,6377218,0x685b56309dc97451caf926d96697e1525893602723a062563aa6665982285294,2026-07-13T09:32:17.819Z,4265,4265,4422,60,Suspicious,2026-07-13T09:31:46.426Z,0x559e242c405dd08458663f547e200eed3df2fd5eb66f2c2785bc07c1bae94168,,variant-batch live execution
datm-live-2026-07-13T09-30-04-165Z,B,entity-06-suspicious,suspicious,11,2026-07-13T09:32:13.397Z,2026-07-13T09:32:13.397Z,2026-07-13T09:32:13.397Z,0,2026-07-13T09:32:13.555Z,0x085ba5e34414e51cd0ac6e752b6a6105738470b9b81853fadfa4f12859295532,2026-07-13T09:32:17.858Z,success,38855,1000,6377218,0x685b56309dc97451caf926d96697e1525893602723a062563aa6665982285294,2026-07-13T09:32:17.858Z,4303,4303,4461,61,Suspicious,2026-07-13T09:31:46.426Z,0x72e71f1b0206a2091ef4239b5957f8f56830ed00d6b2028fbddb4058310b2733,,variant-batch live execution
datm-live-2026-07-13T09-30-04-165Z,B,entity-07-suspicious,suspicious,11,2026-07-13T09:32:13.398Z,2026-07-13T09:32:13.398Z,2026-07-13T09:32:13.398Z,0,2026-07-13T09:32:13.589Z,0x597b0a804235ea4f63c73d1b5e9c74ca3e1234308890054fb9be34bad731bc23,2026-07-13T09:32:18.037Z,success,38867,1000,6377218,0x685b56309dc97451caf926d96697e1525893602723a062563aa6665982285294,2026-07-13T09:32:18.037Z,4448,4448,4639,60,Suspicious,2026-07-13T09:31:46.426Z,0x08ad0e16d3d750394a6e09d48abf988409c6c62980eb684bf4a6b95c44ba6240,,variant-batch live execution
datm-live-2026-07-13T09-30-04-165Z,B,entity-08-malicious,malicious,11,2026-07-13T09:32:13.398Z,2026-07-13T09:32:13.398Z,2026-07-13T09:32:13.398Z,0,2026-07-13T09:32:13.590Z,0xa4de485a3e6231cb728c44636bfe9b5399faecafdee0738d2af660597d0b2022,2026-07-13T09:32:18.058Z,success,38866,1000,6377218,0x685b56309dc97451caf926d96697e1525893602723a062563aa6665982285294,2026-07-13T09:32:18.058Z,4468,4468,4660,27,Untrusted,2026-07-13T09:31:46.426Z,0x8a0e62bea46d818f0ac4ad6ae2ae582ccdd16def9ad7cd078f075707b6ea6583,,variant-batch live execution
datm-live-2026-07-13T09-30-04-165Z,B,entity-09-malicious,malicious,11,2026-07-13T09:32:13.398Z,2026-07-13T09:32:13.398Z,2026-07-13T09:32:13.398Z,0,2026-07-13T09:32:13.590Z,0x381031e90d1619991e474e8d513d0bbb2b390ddd5334aeb5309232380d4f4390,2026-07-13T09:32:18.071Z,success,38866,1000,6377218,0x685b56309dc97451caf926d96697e1525893602723a062563aa6665982285294,2026-07-13T09:32:18.071Z,4481,4481,4673,27,Untrusted,2026-07-13T09:31:46.426Z,0x21263a8b91e93da12626911f0cee4720d68c61bee4dceaacae1191e53f816d2e,,variant-batch live execution
datm-live-2026-07-13T09-30-04-165Z,B,entity-10-malicious,malicious,11,2026-07-13T09:32:13.398Z,2026-07-13T09:32:13.398Z,2026-07-13T09:32:13.398Z,0,2026-07-13T09:32:13.590Z,0x79716891244537f332f0cb8e2889c50ccdd7a82bd704ef2920f1cb8b224b27ff,2026-07-13T09:32:18.072Z,success,38854,1000,6377218,0x685b56309dc97451caf926d96697e1525893602723a062563aa6665982285294,2026-07-13T09:32:18.072Z,4482,4482,4674,30,Untrusted,2026-07-13T09:31:46.426Z,0x9984d289e34fea665f318b3ad7c031862b694becdd2ed8d308a80693e9484e36,,variant-batch live execution
datm-live-2026-07-13T09-30-04-165Z,B,entity-01-normal,normal,12,2026-07-13T09:32:23.181Z,2026-07-13T09:32:23.181Z,2026-07-13T09:32:23.181Z,0,2026-07-13T09:32:23.340Z,0x0adf1442ba06e414b13b9cbcd4317e4b0e092a403bb98a4df5ffdb0d5534a258,2026-07-13T09:32:28.015Z,success,38847,1000,6377220,0x01bcdba6fd431b229bf485071b3d3a0c3fd880eb5d7c67ca880233a66d22f487,2026-07-13T09:32:28.015Z,4675,4675,4834,93,Trusted,2026-07-13T09:31:56.426Z,0xeb8cc030c55df678fbf8f6cec3ee07ad2224cc2eaf954a9722ea06127629c5ae,,variant-batch live execution
datm-live-2026-07-13T09-30-04-165Z,B,entity-02-normal,normal,12,2026-07-13T09:32:23.182Z,2026-07-13T09:32:23.182Z,2026-07-13T09:32:23.182Z,0,2026-07-13T09:32:23.341Z,0x72e352b4cbb0d450aeb28198ff6626787de18a726a1886601665532dc6bb1ed3,2026-07-13T09:32:28.011Z,success,38847,1000,6377220,0x01bcdba6fd431b229bf485071b3d3a0c3fd880eb5d7c67ca880233a66d22f487,2026-07-13T09:32:28.011Z,4670,4670,4829,92,Trusted,2026-07-13T09:31:56.426Z,0xd8cf3a2dde94d302cd36496931d2ecadc4ddc2e79e81a918f1d5cfd44c06202b,,variant-batch live execution
datm-live-2026-07-13T09-30-04-165Z,B,entity-03-normal,normal,12,2026-07-13T09:32:23.183Z,2026-07-13T09:32:23.183Z,2026-07-13T09:32:23.183Z,0,2026-07-13T09:32:23.341Z,0x30588ded40b22c86993630f1dd840dc2e16cc41f1ae862862efa1b4d8484c65c,2026-07-13T09:32:28.013Z,success,38847,1000,6377220,0x01bcdba6fd431b229bf485071b3d3a0c3fd880eb5d7c67ca880233a66d22f487,2026-07-13T09:32:28.013Z,4672,4672,4830,93,Trusted,2026-07-13T09:31:56.426Z,0x2f4650e420f8ec7231905c162759a5aafc43f5df01cb9c6fbaa10d2d34157ea2,,variant-batch live execution
datm-live-2026-07-13T09-30-04-165Z,B,entity-04-normal,normal,12,2026-07-13T09:32:23.183Z,2026-07-13T09:32:23.183Z,2026-07-13T09:32:23.183Z,0,2026-07-13T09:32:23.341Z,0xf87075d4c1556ef77c1fc422965ec10f1a970ce6baa08d6214ed53bc6fce5157,2026-07-13T09:32:28.169Z,success,38847,1000,6377220,0x01bcdba6fd431b229bf485071b3d3a0c3fd880eb5d7c67ca880233a66d22f487,2026-07-13T09:32:28.169Z,4828,4828,4986,93,Trusted,2026-07-13T09:31:56.426Z,0xf3e90d7a1cc8021c0c9f1a4ff4a47597460642092f4ee6cf785cc85e65f07d37,,variant-batch live execution
datm-live-2026-07-13T09-30-04-165Z,B,entity-05-suspicious,suspicious,12,2026-07-13T09:32:23.183Z,2026-07-13T09:32:23.183Z,2026-07-13T09:32:23.183Z,0,2026-07-13T09:32:23.341Z,0xb0eb572a0cbb0469f8397379b476e7314a9a9948eecbdc1c1b412f5663f854f8,2026-07-13T09:32:28.010Z,success,38867,1000,6377220,0x01bcdba6fd431b229bf485071b3d3a0c3fd880eb5d7c67ca880233a66d22f487,2026-07-13T09:32:28.010Z,4669,4669,4827,61,Suspicious,2026-07-13T09:31:56.426Z,0xfac4fd2cec1af0cce8740f03b0a88f609e66e08f218b061e80457dfdc9e4e63f,,variant-batch live execution
datm-live-2026-07-13T09-30-04-165Z,B,entity-06-suspicious,suspicious,12,2026-07-13T09:32:23.184Z,2026-07-13T09:32:23.184Z,2026-07-13T09:32:23.184Z,0,2026-07-13T09:32:23.341Z,0x62c3aec02b0b1927dc12f85e737285c3eb3eae5f93a73685ebf2a038a7e510f1,2026-07-13T09:32:27.993Z,success,38867,1000,6377220,0x01bcdba6fd431b229bf485071b3d3a0c3fd880eb5d7c67ca880233a66d22f487,2026-07-13T09:32:27.993Z,4652,4652,4809,62,Suspicious,2026-07-13T09:31:56.426Z,0xe62efb5e958fdbeafd6768eac955a33fcb8e417ce23a49e51ef68c1942760bc7,,variant-batch live execution
datm-live-2026-07-13T09-30-04-165Z,B,entity-07-suspicious,suspicious,12,2026-07-13T09:32:23.184Z,2026-07-13T09:32:23.184Z,2026-07-13T09:32:23.184Z,0,2026-07-13T09:32:23.366Z,0x422b736eaebcc1635392abe4f22c7a2559625f40c580309242ee2a86a4d3623e,2026-07-13T09:32:28.912Z,success,38867,1000,6377220,0x01bcdba6fd431b229bf485071b3d3a0c3fd880eb5d7c67ca880233a66d22f487,2026-07-13T09:32:28.912Z,5546,5546,5728,60,Suspicious,2026-07-13T09:31:56.426Z,0x01dae6679e2df05cada8d1947dc4e5a4c3c5a0c74201458a361f56059e2496cb,,variant-batch live execution
datm-live-2026-07-13T09-30-04-165Z,B,entity-08-malicious,malicious,12,2026-07-13T09:32:23.184Z,2026-07-13T09:32:23.184Z,2026-07-13T09:32:23.184Z,0,2026-07-13T09:32:23.366Z,0x1948e2c5e08260c179accc9f34fe7117942dd2591ad99fea4ca18f0bbf99c973,2026-07-13T09:32:28.915Z,success,38866,1000,6377220,0x01bcdba6fd431b229bf485071b3d3a0c3fd880eb5d7c67ca880233a66d22f487,2026-07-13T09:32:28.915Z,5549,5549,5731,27,Untrusted,2026-07-13T09:31:56.426Z,0x610a8563242eb8069e25aafea6c15e82f52308fa93bfc0cff6da800957468a45,,variant-batch live execution
datm-live-2026-07-13T09-30-04-165Z,B,entity-09-malicious,malicious,12,2026-07-13T09:32:23.184Z,2026-07-13T09:32:23.184Z,2026-07-13T09:32:23.184Z,0,2026-07-13T09:32:23.366Z,0x50b97a466b132c511caf8b09ad4ab4a39995ce60805db3c278bf050bcf0d7dba,2026-07-13T09:32:28.990Z,success,38866,1000,6377220,0x01bcdba6fd431b229bf485071b3d3a0c3fd880eb5d7c67ca880233a66d22f487,2026-07-13T09:32:28.990Z,5624,5624,5806,29,Untrusted,2026-07-13T09:31:56.426Z,0xbb12aa329e75c9cc30453cd8601e06428a0dd3151f6f4896c4060db5b0e9ca26,,variant-batch live execution
datm-live-2026-07-13T09-30-04-165Z,B,entity-10-malicious,malicious,12,2026-07-13T09:32:23.185Z,2026-07-13T09:32:23.185Z,2026-07-13T09:32:23.185Z,0,2026-07-13T09:32:23.366Z,0xf3cabc4304f952ff9a6eebea7eb73e4b830cee19dcb6f4814401254797d230b2,2026-07-13T09:32:28.914Z,success,38854,1000,6377220,0x01bcdba6fd431b229bf485071b3d3a0c3fd880eb5d7c67ca880233a66d22f487,2026-07-13T09:32:28.914Z,5548,5548,5729,28,Untrusted,2026-07-13T09:31:56.426Z,0x0b55ccb04b7d7d6d16f88e66e52fe20db6e2c2f42346e735bbfd9313b9c7a18c,,variant-batch live execution
datm-live-2026-07-13T09-30-04-165Z,B,entity-01-normal,normal,13,2026-07-13T09:32:34.593Z,2026-07-13T09:32:34.593Z,2026-07-13T09:32:34.593Z,0,2026-07-13T09:32:34.702Z,0x1ed027bf409ee49434451e5cf703abae6ba771723f04c242f561938cf6844a76,2026-07-13T09:32:43.048Z,success,38847,1000,6377223,0xde33a73e833d80c4a6cd0b3064972acd3c3df523a889f1c733588d9b4e4bf598,2026-07-13T09:32:43.048Z,8346,8346,8455,92,Trusted,2026-07-13T09:32:06.426Z,0x218df87c4cc4764ee612ecc7b365f90df772faa12f88ff0e68fe3b786eb8ce14,,variant-batch live execution
datm-live-2026-07-13T09-30-04-165Z,B,entity-02-normal,normal,13,2026-07-13T09:32:34.594Z,2026-07-13T09:32:34.594Z,2026-07-13T09:32:34.594Z,0,2026-07-13T09:32:34.705Z,0x5b6c8ac46e65b37111e862301c719b6e057c12092e95d1a471e6c185c085300b,2026-07-13T09:32:43.023Z,success,38847,1000,6377223,0xde33a73e833d80c4a6cd0b3064972acd3c3df523a889f1c733588d9b4e4bf598,2026-07-13T09:32:43.023Z,8318,8318,8429,93,Trusted,2026-07-13T09:32:06.426Z,0x78a9b6e254523cf272b4d2138b8090da0b6cecb0cb41b95917d76603e1eef710,,variant-batch live execution
datm-live-2026-07-13T09-30-04-165Z,B,entity-03-normal,normal,13,2026-07-13T09:32:34.594Z,2026-07-13T09:32:34.594Z,2026-07-13T09:32:34.594Z,0,2026-07-13T09:32:34.705Z,0xc2346f762e93fddbb8ad2e90d0ca83495b7b793fd3177357d7b40d92fc763e42,2026-07-13T09:32:43.022Z,success,38847,1000,6377223,0xde33a73e833d80c4a6cd0b3064972acd3c3df523a889f1c733588d9b4e4bf598,2026-07-13T09:32:43.022Z,8317,8317,8428,93,Trusted,2026-07-13T09:32:06.426Z,0xa8eb836b2cd4ac670b223626cbe063afa6e72e694cafc94c764294360e222e2c,,variant-batch live execution
datm-live-2026-07-13T09-30-04-165Z,B,entity-04-normal,normal,13,2026-07-13T09:32:34.595Z,2026-07-13T09:32:34.595Z,2026-07-13T09:32:34.595Z,0,2026-07-13T09:32:34.706Z,0xcf7898615958666a50303e6e7b219b7b8d8addc323ec3529293208bc2cc0e2af,2026-07-13T09:32:43.019Z,success,38847,1000,6377223,0xde33a73e833d80c4a6cd0b3064972acd3c3df523a889f1c733588d9b4e4bf598,2026-07-13T09:32:43.019Z,8313,8313,8424,92,Trusted,2026-07-13T09:32:06.426Z,0xda8e7f589bbad4e518c4343a0d1a37e402d58a1f557a6dff4e9c7e7279723adc,,variant-batch live execution
datm-live-2026-07-13T09-30-04-165Z,B,entity-05-suspicious,suspicious,13,2026-07-13T09:32:34.595Z,2026-07-13T09:32:34.595Z,2026-07-13T09:32:34.595Z,0,2026-07-13T09:32:34.706Z,0x87c749a495f03e6e1c992d7e9e0106ebe2c8dad5ddc4e5081981598035e2de06,2026-07-13T09:32:43.024Z,success,38867,1000,6377223,0xde33a73e833d80c4a6cd0b3064972acd3c3df523a889f1c733588d9b4e4bf598,2026-07-13T09:32:43.024Z,8318,8318,8429,62,Suspicious,2026-07-13T09:32:06.426Z,0xc3951fa653b603835cacb1fc2ee34536be1f2988805ee0f48ba5a7a8a1f25f93,,variant-batch live execution
datm-live-2026-07-13T09-30-04-165Z,B,entity-06-suspicious,suspicious,13,2026-07-13T09:32:34.595Z,2026-07-13T09:32:34.595Z,2026-07-13T09:32:34.595Z,0,2026-07-13T09:32:34.706Z,0x091329a5bca08bac6049bfc32af8523ea4585f1e6aac833bc66dcc46d3cf1dd5,2026-07-13T09:32:42.977Z,success,38867,1000,6377223,0xde33a73e833d80c4a6cd0b3064972acd3c3df523a889f1c733588d9b4e4bf598,2026-07-13T09:32:42.977Z,8271,8271,8382,61,Suspicious,2026-07-13T09:32:06.426Z,0x82779d1f4271c91cb5e08fb14a830bdfa7072a84282840084ba97223c837155d,,variant-batch live execution
datm-live-2026-07-13T09-30-04-165Z,B,entity-07-suspicious,suspicious,13,2026-07-13T09:32:34.596Z,2026-07-13T09:32:34.596Z,2026-07-13T09:32:34.596Z,0,2026-07-13T09:32:34.732Z,0xd3f1c270ad1d2804425ff477ad4421a9283a7dde7740395fc19143fcac92be31,2026-07-13T09:32:43.173Z,success,38867,1000,6377223,0xde33a73e833d80c4a6cd0b3064972acd3c3df523a889f1c733588d9b4e4bf598,2026-07-13T09:32:43.173Z,8441,8441,8577,61,Suspicious,2026-07-13T09:32:06.426Z,0x02c322363022121fcb2520d35780eeeced9b7b9332567aaf76d44cc6a8326b05,,variant-batch live execution
datm-live-2026-07-13T09-30-04-165Z,B,entity-08-malicious,malicious,13,2026-07-13T09:32:34.596Z,2026-07-13T09:32:34.596Z,2026-07-13T09:32:34.596Z,0,2026-07-13T09:32:34.732Z,0x1f82779fba9e6da21cfef4b77ddc546188f5a59d816862318126b6f5da38f85f,2026-07-13T09:32:43.213Z,success,38866,1000,6377223,0xde33a73e833d80c4a6cd0b3064972acd3c3df523a889f1c733588d9b4e4bf598,2026-07-13T09:32:43.213Z,8481,8481,8617,29,Untrusted,2026-07-13T09:32:06.426Z,0x3945e4bfc28986fbbba1e6266e6058f7cf2bc0457640c75728f2cac2a16e8581,,variant-batch live execution
datm-live-2026-07-13T09-30-04-165Z,B,entity-09-malicious,malicious,13,2026-07-13T09:32:34.596Z,2026-07-13T09:32:34.596Z,2026-07-13T09:32:34.596Z,0,2026-07-13T09:32:34.732Z,0x039642f844f95b9913e13f0759692b67edd1c17f1591653b467d37e75599b61a,2026-07-13T09:32:43.223Z,success,38866,1000,6377223,0xde33a73e833d80c4a6cd0b3064972acd3c3df523a889f1c733588d9b4e4bf598,2026-07-13T09:32:43.223Z,8491,8491,8627,27,Untrusted,2026-07-13T09:32:06.426Z,0x70ad95700cf812cb7672e8d9cf4e93eca30e2186bb542f1918297b796af15de5,,variant-batch live execution
datm-live-2026-07-13T09-30-04-165Z,B,entity-10-malicious,malicious,13,2026-07-13T09:32:34.596Z,2026-07-13T09:32:34.596Z,2026-07-13T09:32:34.596Z,0,2026-07-13T09:32:34.733Z,0x78216b7c403f68c9d04131c4450df3fc3a921fd6766d2de49a220e8ce9831711,2026-07-13T09:32:43.249Z,success,38854,1000,6377223,0xde33a73e833d80c4a6cd0b3064972acd3c3df523a889f1c733588d9b4e4bf598,2026-07-13T09:32:43.249Z,8516,8516,8653,27,Untrusted,2026-07-13T09:32:06.426Z,0x5b13538c1f02be2975609cd425da8f1e6c055dc13d1786ea9636d3cdbcde9a0c,,variant-batch live execution
datm-live-2026-07-13T09-30-04-165Z,B,entity-01-normal,normal,14,2026-07-13T09:32:48.389Z,2026-07-13T09:32:48.389Z,2026-07-13T09:32:48.389Z,0,2026-07-13T09:32:48.514Z,0x84ad23d92b0c5ba7fd4c0ec5eec52c6dde0a78eed7f794c94508bd4d261c26d3,2026-07-13T09:32:52.908Z,success,38847,1000,6377225,0x35dd96017248dbf38a36311ab1b061199751f617481c711573c157f287478da6,2026-07-13T09:32:52.908Z,4394,4394,4519,92,Trusted,2026-07-13T09:32:16.426Z,0x7c03f139d88e8c21aca0c8055059391be5bd7a99d8a2434e94022e173f3ce0b7,,variant-batch live execution
datm-live-2026-07-13T09-30-04-165Z,B,entity-02-normal,normal,14,2026-07-13T09:32:48.390Z,2026-07-13T09:32:48.390Z,2026-07-13T09:32:48.390Z,0,2026-07-13T09:32:48.514Z,0x05a263588d763effa5e53f22813c3652ee71b2547e3b9aabd4a803928895157f,2026-07-13T09:32:52.908Z,success,38847,1000,6377225,0x35dd96017248dbf38a36311ab1b061199751f617481c711573c157f287478da6,2026-07-13T09:32:52.908Z,4394,4394,4518,93,Trusted,2026-07-13T09:32:16.426Z,0xbb0d446a2dbbfb99fa8336d141e5b6ca9c05907f98ebe02d0ad44a2ed80da4ad,,variant-batch live execution
datm-live-2026-07-13T09-30-04-165Z,B,entity-03-normal,normal,14,2026-07-13T09:32:48.391Z,2026-07-13T09:32:48.391Z,2026-07-13T09:32:48.391Z,0,2026-07-13T09:32:48.510Z,0x81a09f1d26ee49cbeb44290e37c7de9a0377ac4a9bd256a63b6356e7f435a92b,2026-07-13T09:32:52.910Z,success,38847,1000,6377225,0x35dd96017248dbf38a36311ab1b061199751f617481c711573c157f287478da6,2026-07-13T09:32:52.910Z,4400,4400,4519,91,Trusted,2026-07-13T09:32:16.426Z,0x2007fa1b3a243bf39ec172fd7835ff12bfdd0e07141daf0cc8ac48da2dee83a3,,variant-batch live execution
datm-live-2026-07-13T09-30-04-165Z,B,entity-04-normal,normal,14,2026-07-13T09:32:48.392Z,2026-07-13T09:32:48.392Z,2026-07-13T09:32:48.392Z,0,2026-07-13T09:32:48.514Z,0x05e3e7b4efdb669b308ca013f147a7d008d4a213304172965066137b23c2d7c4,2026-07-13T09:32:52.910Z,success,38847,1000,6377225,0x35dd96017248dbf38a36311ab1b061199751f617481c711573c157f287478da6,2026-07-13T09:32:52.910Z,4396,4396,4518,92,Trusted,2026-07-13T09:32:16.426Z,0x31c41263104f32b02d6972faec830fccccba050362023089b3527c260acf86c3,,variant-batch live execution
datm-live-2026-07-13T09-30-04-165Z,B,entity-05-suspicious,suspicious,14,2026-07-13T09:32:48.393Z,2026-07-13T09:32:48.393Z,2026-07-13T09:32:48.393Z,0,2026-07-13T09:32:48.514Z,0xa4b690643167c7f40398119678d4547805b2e0532e8262fa0edd327edeb49274,2026-07-13T09:32:52.980Z,success,38867,1000,6377225,0x35dd96017248dbf38a36311ab1b061199751f617481c711573c157f287478da6,2026-07-13T09:32:52.980Z,4466,4466,4587,61,Suspicious,2026-07-13T09:32:16.426Z,0x8fdc3db68830c8da854e382507a6d38b5a04d7ecc22ae1fa3bb625426757d8ff,,variant-batch live execution
datm-live-2026-07-13T09-30-04-165Z,B,entity-06-suspicious,suspicious,14,2026-07-13T09:32:48.393Z,2026-07-13T09:32:48.393Z,2026-07-13T09:32:48.393Z,0,2026-07-13T09:32:48.538Z,0x69bb8b94522fb69ea2f17ec77a3ecc558ea3c7701b11a870e8c866557b07be39,2026-07-13T09:32:52.905Z,success,38867,1000,6377225,0x35dd96017248dbf38a36311ab1b061199751f617481c711573c157f287478da6,2026-07-13T09:32:52.905Z,4367,4367,4512,60,Suspicious,2026-07-13T09:32:16.426Z,0xda649a039f6ad7114333d8ab1f74744a99470bf2e78fcf087931f0c6f7eb2c6f,,variant-batch live execution
datm-live-2026-07-13T09-30-04-165Z,B,entity-07-suspicious,suspicious,14,2026-07-13T09:32:48.393Z,2026-07-13T09:32:48.393Z,2026-07-13T09:32:48.393Z,0,2026-07-13T09:32:48.514Z,0x98300c602133d0cda9b7eeabfce2feb466b121b6cf8b5ca40bdf857bdef5df36,2026-07-13T09:32:53.243Z,success,38867,1000,6377225,0x35dd96017248dbf38a36311ab1b061199751f617481c711573c157f287478da6,2026-07-13T09:32:53.243Z,4729,4729,4850,62,Suspicious,2026-07-13T09:32:16.426Z,0x11464dff2332bfa885a58f405983959cf2cf239b5866b4e2bf5874b7738daa0e,,variant-batch live execution
datm-live-2026-07-13T09-30-04-165Z,B,entity-08-malicious,malicious,14,2026-07-13T09:32:48.393Z,2026-07-13T09:32:48.393Z,2026-07-13T09:32:48.393Z,0,2026-07-13T09:32:48.539Z,0xc990d77c80f93ae69b128c29c4353ed675cd2a30cf21cad1808bff1df698f516,2026-07-13T09:32:53.262Z,success,38866,1000,6377225,0x35dd96017248dbf38a36311ab1b061199751f617481c711573c157f287478da6,2026-07-13T09:32:53.262Z,4723,4723,4869,28,Untrusted,2026-07-13T09:32:16.426Z,0xc38c879af71fdc44d093e0c5be5816124ba3b43a866aec18e5c6cc8194aa45c9,,variant-batch live execution
datm-live-2026-07-13T09-30-04-165Z,B,entity-09-malicious,malicious,14,2026-07-13T09:32:48.394Z,2026-07-13T09:32:48.394Z,2026-07-13T09:32:48.394Z,0,2026-07-13T09:32:48.539Z,0x60492b8245f50c519d392a739441ab996890a58dc0e91b4aefc9ce1f95c539d1,2026-07-13T09:32:53.277Z,success,38866,1000,6377225,0x35dd96017248dbf38a36311ab1b061199751f617481c711573c157f287478da6,2026-07-13T09:32:53.277Z,4738,4738,4883,26,Untrusted,2026-07-13T09:32:16.426Z,0x5dd91832d82919972cd11a62bc1980374452f05ea489bf818130420a7e667652,,variant-batch live execution
datm-live-2026-07-13T09-30-04-165Z,B,entity-10-malicious,malicious,14,2026-07-13T09:32:48.394Z,2026-07-13T09:32:48.394Z,2026-07-13T09:32:48.394Z,0,2026-07-13T09:32:48.540Z,0x5ec611456894bf7ff94beb50f2edd0b3e8a51dc7a08dd4fbab5711cbc36d851a,2026-07-13T09:32:53.282Z,success,38854,1000,6377225,0x35dd96017248dbf38a36311ab1b061199751f617481c711573c157f287478da6,2026-07-13T09:32:53.282Z,4742,4742,4888,30,Untrusted,2026-07-13T09:32:16.426Z,0x2e812532fb319685201559cc3074ac54085184a9f6b7a73ad61e633a2267f4a8,,variant-batch live execution
datm-live-2026-07-13T09-30-04-165Z,B,entity-01-normal,normal,15,2026-07-13T09:32:58.404Z,2026-07-13T09:32:58.404Z,2026-07-13T09:32:58.404Z,0,2026-07-13T09:32:58.530Z,0xf1e4392770017fb5ce8f8252cbfc7c73deebac7b41a7d2c83b103733b3425d56,2026-07-13T09:33:02.783Z,success,38847,1000,6377227,0xe9fe5d8d9a057ede4127806d526ba5b4ac83de4521c3453da2fbe6fb7bbda39f,2026-07-13T09:33:02.783Z,4253,4253,4379,93,Trusted,2026-07-13T09:32:26.426Z,0x7e4ffcc62a285e54423982b9d3d9ff77fb074852df855da268162f053355733c,,variant-batch live execution
datm-live-2026-07-13T09-30-04-165Z,B,entity-02-normal,normal,15,2026-07-13T09:32:58.404Z,2026-07-13T09:32:58.404Z,2026-07-13T09:32:58.404Z,0,2026-07-13T09:32:58.530Z,0x02119ccad5de0be4561a4a1907c5519ca0ed4cef19619cd8d01ebe33629ee602,2026-07-13T09:33:02.787Z,success,38847,1000,6377227,0xe9fe5d8d9a057ede4127806d526ba5b4ac83de4521c3453da2fbe6fb7bbda39f,2026-07-13T09:33:02.787Z,4257,4257,4383,91,Trusted,2026-07-13T09:32:26.426Z,0x9e2c587d5c7cf0b0a3549baa0fa0393171d5e3ab933fb397db53c46a89d9dcbc,,variant-batch live execution
datm-live-2026-07-13T09-30-04-165Z,B,entity-03-normal,normal,15,2026-07-13T09:32:58.405Z,2026-07-13T09:32:58.405Z,2026-07-13T09:32:58.405Z,0,2026-07-13T09:32:58.556Z,0xdbc69e44958a13161136f70440ac3235e8e3d5bc611ef27f7c60cc1ed613f68f,2026-07-13T09:33:02.782Z,success,38835,1000,6377227,0xe9fe5d8d9a057ede4127806d526ba5b4ac83de4521c3453da2fbe6fb7bbda39f,2026-07-13T09:33:02.782Z,4226,4226,4377,93,Trusted,2026-07-13T09:32:26.426Z,0x4d248b402c19c7d4a9002124f9fd94d37f8fba6bb4a0b750897132a3989cf8ef,,variant-batch live execution
datm-live-2026-07-13T09-30-04-165Z,B,entity-04-normal,normal,15,2026-07-13T09:32:58.405Z,2026-07-13T09:32:58.405Z,2026-07-13T09:32:58.405Z,0,2026-07-13T09:32:58.556Z,0xb4752c12d3b79ac26cac57a191896af387b60a0a47c2c5f4365100a05d6d76e0,2026-07-13T09:33:02.787Z,success,38847,1000,6377227,0xe9fe5d8d9a057ede4127806d526ba5b4ac83de4521c3453da2fbe6fb7bbda39f,2026-07-13T09:33:02.787Z,4231,4231,4382,93,Trusted,2026-07-13T09:32:26.426Z,0xac38143746bec7898102c29fdf97585bea09b1b5c0b84a31b1999544453d9a2f,,variant-batch live execution
datm-live-2026-07-13T09-30-04-165Z,B,entity-05-suspicious,suspicious,15,2026-07-13T09:32:58.406Z,2026-07-13T09:32:58.406Z,2026-07-13T09:32:58.406Z,0,2026-07-13T09:32:58.556Z,0xbe340c8f67e481d3cbdd3da7d82bd271f4b8ab4d152d2a12b5526a59bebf4d9c,2026-07-13T09:33:02.789Z,success,38855,1000,6377227,0xe9fe5d8d9a057ede4127806d526ba5b4ac83de4521c3453da2fbe6fb7bbda39f,2026-07-13T09:33:02.789Z,4233,4233,4383,60,Suspicious,2026-07-13T09:32:26.426Z,0x04cd1557306e00269b83f752da0a7afc5e6e3cf4807d10df6ad62b89b18ad938,,variant-batch live execution
datm-live-2026-07-13T09-30-04-165Z,B,entity-06-suspicious,suspicious,15,2026-07-13T09:32:58.406Z,2026-07-13T09:32:58.406Z,2026-07-13T09:32:58.406Z,0,2026-07-13T09:32:58.556Z,0xbf64685a9ac22df475c7261046634409235f59066620a8f70dee1899ff61a5e8,2026-07-13T09:33:02.810Z,success,38867,1000,6377227,0xe9fe5d8d9a057ede4127806d526ba5b4ac83de4521c3453da2fbe6fb7bbda39f,2026-07-13T09:33:02.810Z,4254,4254,4404,64,Suspicious,2026-07-13T09:32:26.426Z,0xc02e3873f0427686f6dda5c1f68de435b35ea0ebe9f6f8d303eee2e0e636c4d2,,variant-batch live execution
datm-live-2026-07-13T09-30-04-165Z,B,entity-07-suspicious,suspicious,15,2026-07-13T09:32:58.407Z,2026-07-13T09:32:58.407Z,2026-07-13T09:32:58.407Z,0,2026-07-13T09:32:58.556Z,0xf5a91577b19c37daa162fb6be3630cd4e596aebff98f7c3c4bbe44e15320ebda,2026-07-13T09:33:02.993Z,success,38867,1000,6377227,0xe9fe5d8d9a057ede4127806d526ba5b4ac83de4521c3453da2fbe6fb7bbda39f,2026-07-13T09:33:02.993Z,4437,4437,4586,61,Suspicious,2026-07-13T09:32:26.426Z,0x43ee964a8a6a4afb8451bddf939eb1ad1608f2313e2eb5de8c0c9e8b0fb86013,,variant-batch live execution
datm-live-2026-07-13T09-30-04-165Z,B,entity-08-malicious,malicious,15,2026-07-13T09:32:58.407Z,2026-07-13T09:32:58.407Z,2026-07-13T09:32:58.407Z,0,2026-07-13T09:32:58.556Z,0x097cf62879fd9efe7a46c0ab5491ba0bda6ad46c4c45e2d8d63d7d4de9407154,2026-07-13T09:33:03.026Z,success,38866,1000,6377227,0xe9fe5d8d9a057ede4127806d526ba5b4ac83de4521c3453da2fbe6fb7bbda39f,2026-07-13T09:33:03.026Z,4470,4470,4619,26,Untrusted,2026-07-13T09:32:26.426Z,0x5074022ed64542386576861a52bf52c1ab7d8cef8aafa6c5529dad4cc30898e5,,variant-batch live execution
datm-live-2026-07-13T09-30-04-165Z,B,entity-09-malicious,malicious,15,2026-07-13T09:32:58.407Z,2026-07-13T09:32:58.407Z,2026-07-13T09:32:58.407Z,0,2026-07-13T09:32:58.557Z,0x7b7fce4833dd21a16eaa8060fe1afef8d137c3985512342a71dbf6b9b6a28496,2026-07-13T09:33:03.055Z,success,38866,1000,6377227,0xe9fe5d8d9a057ede4127806d526ba5b4ac83de4521c3453da2fbe6fb7bbda39f,2026-07-13T09:33:03.055Z,4498,4498,4648,28,Untrusted,2026-07-13T09:32:26.426Z,0x703c74bc15ce475fa28d7cdb1b1364e2185233c017a458529041093b0c165cc1,,variant-batch live execution
datm-live-2026-07-13T09-30-04-165Z,B,entity-10-malicious,malicious,15,2026-07-13T09:32:58.407Z,2026-07-13T09:32:58.407Z,2026-07-13T09:32:58.407Z,0,2026-07-13T09:32:58.557Z,0x72b027960461f807e535b7d225e635279ecb45cb57d71f9bb678e4e60070b7eb,2026-07-13T09:33:03.036Z,success,38854,1000,6377227,0xe9fe5d8d9a057ede4127806d526ba5b4ac83de4521c3453da2fbe6fb7bbda39f,2026-07-13T09:33:03.036Z,4479,4479,4629,28,Untrusted,2026-07-13T09:32:26.426Z,0x58240b53a84038f75d3fe986c8bd313e04e8a096c00f86750f22144226014ab8,,variant-batch live execution
datm-live-2026-07-13T09-30-04-165Z,B,entity-01-normal,normal,16,2026-07-13T09:33:08.186Z,2026-07-13T09:33:08.186Z,2026-07-13T09:33:08.186Z,0,2026-07-13T09:33:08.344Z,0xcf82f35bf1f8ba7b03f42b6b71887a68e2a03905b293ed1e2626ad585e92ec06,2026-07-13T09:33:09.250Z,success,38847,1000,6377229,0xcfcc26eb657b948aeeffc83f6891aeb664b7d364fe222d0f3a2e040cee28a23a,2026-07-13T09:33:09.250Z,906,906,1064,90,Trusted,2026-07-13T09:32:36.426Z,0xc671e5c245ad23057aacad52a28d4f3b249258f388374e99db32486dd09779ae,,variant-batch live execution
datm-live-2026-07-13T09-30-04-165Z,B,entity-02-normal,normal,16,2026-07-13T09:33:08.187Z,2026-07-13T09:33:08.187Z,2026-07-13T09:33:08.187Z,0,2026-07-13T09:33:08.445Z,0x77b5915410ca6bc6a2e21179324580c779e9bf4d65866b0f4cbbac6c36035484,2026-07-13T09:33:09.251Z,success,38847,1000,6377229,0xcfcc26eb657b948aeeffc83f6891aeb664b7d364fe222d0f3a2e040cee28a23a,2026-07-13T09:33:09.251Z,806,806,1064,92,Trusted,2026-07-13T09:32:36.426Z,0xeb4935aa1a18a6666383e45bf6f88d17f7b33d86b1cc423e200fd8b3f56a7283,,variant-batch live execution
datm-live-2026-07-13T09-30-04-165Z,B,entity-03-normal,normal,16,2026-07-13T09:33:08.188Z,2026-07-13T09:33:08.188Z,2026-07-13T09:33:08.188Z,0,2026-07-13T09:33:08.348Z,0xd70841beeca542f53f579f73b97ef667221025f5d51469a9446a67012fda8437,2026-07-13T09:33:09.252Z,success,38847,1000,6377229,0xcfcc26eb657b948aeeffc83f6891aeb664b7d364fe222d0f3a2e040cee28a23a,2026-07-13T09:33:09.252Z,904,904,1064,92,Trusted,2026-07-13T09:32:36.426Z,0xad27cc9b16c88a930c31554e7043b66b67c2679be573e1d3531b64a9edbcf823,,variant-batch live execution
datm-live-2026-07-13T09-30-04-165Z,B,entity-04-normal,normal,16,2026-07-13T09:33:08.188Z,2026-07-13T09:33:08.188Z,2026-07-13T09:33:08.188Z,0,2026-07-13T09:33:08.348Z,0x083756864a75d3ef471e707e923a223fe216590e02f93cd36d4c3e80054b6e0e,2026-07-13T09:33:09.231Z,success,38835,1000,6377229,0xcfcc26eb657b948aeeffc83f6891aeb664b7d364fe222d0f3a2e040cee28a23a,2026-07-13T09:33:09.231Z,883,883,1043,90,Trusted,2026-07-13T09:32:36.426Z,0xcfbd3ffecabe6ef43898e012629b3be8cc725da199f5bb17059aff96d3005aff,,variant-batch live execution
datm-live-2026-07-13T09-30-04-165Z,B,entity-05-suspicious,suspicious,16,2026-07-13T09:33:08.189Z,2026-07-13T09:33:08.189Z,2026-07-13T09:33:08.189Z,0,2026-07-13T09:33:08.349Z,0xcbc40655ed71042328ec2158df497a02cba58f540ad5ef321124b8010e8ecfc2,2026-07-13T09:33:09.266Z,success,38867,1000,6377229,0xcfcc26eb657b948aeeffc83f6891aeb664b7d364fe222d0f3a2e040cee28a23a,2026-07-13T09:33:09.266Z,917,917,1077,64,Suspicious,2026-07-13T09:32:36.426Z,0xa5c921fa1e871d8adef86acc64ec79ecce3a1da4c5254a253616cf7439dcd930,,variant-batch live execution
datm-live-2026-07-13T09-30-04-165Z,B,entity-06-suspicious,suspicious,16,2026-07-13T09:33:08.189Z,2026-07-13T09:33:08.189Z,2026-07-13T09:33:08.189Z,0,2026-07-13T09:33:08.349Z,0x7072c7593d6e6f176456e4b0084a1e8802b2a0debe7e4ebba7d6029778ba6291,2026-07-13T09:33:09.249Z,success,38867,1000,6377229,0xcfcc26eb657b948aeeffc83f6891aeb664b7d364fe222d0f3a2e040cee28a23a,2026-07-13T09:33:09.249Z,900,900,1060,61,Suspicious,2026-07-13T09:32:36.426Z,0x433e9bea600563eb88c68e464ff8345ec5c627d9bed56179bf58e22a445653e1,,variant-batch live execution
datm-live-2026-07-13T09-30-04-165Z,B,entity-07-suspicious,suspicious,16,2026-07-13T09:33:08.190Z,2026-07-13T09:33:08.190Z,2026-07-13T09:33:08.190Z,0,2026-07-13T09:33:08.349Z,0x798b6b39ca3352d88a9c1e94231182955fcbd7c9c4601c0918bfa703e8dac459,2026-07-13T09:33:09.455Z,success,38855,1000,6377229,0xcfcc26eb657b948aeeffc83f6891aeb664b7d364fe222d0f3a2e040cee28a23a,2026-07-13T09:33:09.455Z,1106,1106,1265,60,Suspicious,2026-07-13T09:32:36.426Z,0xa906ca8b8680441b83a786126cffd6875417404760b01551d93c460081d52179,,variant-batch live execution
datm-live-2026-07-13T09-30-04-165Z,B,entity-08-malicious,malicious,16,2026-07-13T09:33:08.190Z,2026-07-13T09:33:08.190Z,2026-07-13T09:33:08.190Z,0,2026-07-13T09:33:08.445Z,0x30ac128bb617e8da6850404d3356965919d63678b2f49166a877cea9e99962d3,2026-07-13T09:33:09.454Z,success,38854,1000,6377229,0xcfcc26eb657b948aeeffc83f6891aeb664b7d364fe222d0f3a2e040cee28a23a,2026-07-13T09:33:09.454Z,1009,1009,1264,28,Untrusted,2026-07-13T09:32:36.426Z,0xedcdb28d8b360aee5f6942c883df97c37c040ba88a3252e6031983001f66853c,,variant-batch live execution
datm-live-2026-07-13T09-30-04-165Z,B,entity-09-malicious,malicious,16,2026-07-13T09:33:08.191Z,2026-07-13T09:33:08.191Z,2026-07-13T09:33:08.191Z,0,2026-07-13T09:33:08.445Z,0x404229502d27b48fe3d525770dc5ee2d74c892c293f0cef16eca67c6abd19cfa,2026-07-13T09:33:09.465Z,success,38854,1000,6377229,0xcfcc26eb657b948aeeffc83f6891aeb664b7d364fe222d0f3a2e040cee28a23a,2026-07-13T09:33:09.465Z,1020,1020,1274,27,Untrusted,2026-07-13T09:32:36.426Z,0x9b50ceaa730456c2036c1005610d4600810bbf443ffe2a58771d0a79dffdd3be,,variant-batch live execution
datm-live-2026-07-13T09-30-04-165Z,B,entity-10-malicious,malicious,16,2026-07-13T09:33:08.192Z,2026-07-13T09:33:08.192Z,2026-07-13T09:33:08.192Z,0,2026-07-13T09:33:08.445Z,0x697080afa6ad1323a6e19f3c5462d0f586a0e3123d7a9025e236497e87d9dc25,2026-07-13T09:33:09.497Z,success,38830,1000,6377229,0xcfcc26eb657b948aeeffc83f6891aeb664b7d364fe222d0f3a2e040cee28a23a,2026-07-13T09:33:09.497Z,1052,1052,1305,26,Untrusted,2026-07-13T09:32:36.426Z,0xc5d73f425462d339da6fba003b057e227a399a630bb28274cb59001eb9f69525,,variant-batch live execution
datm-live-2026-07-13T09-30-04-165Z,B,entity-01-normal,normal,17,2026-07-13T09:33:14.606Z,2026-07-13T09:33:14.606Z,2026-07-13T09:33:14.606Z,0,2026-07-13T09:33:14.692Z,0x5ecf8af47865aef45c62d468f79f1e2bdaca18a9efd5a33af0dae8713788da28,2026-07-13T09:33:23.020Z,success,38847,1000,6377231,0x1aa9b28a2389826ec186d23e6ccd13ff76e63e15b4f51d61477e01ce560f32ec,2026-07-13T09:33:23.020Z,8328,8328,8414,93,Trusted,2026-07-13T09:32:46.426Z,0x57cf6840e399f17efc67935a4768dbb9f56875406b21d7f869a928ec2dbc71b6,,variant-batch live execution
datm-live-2026-07-13T09-30-04-165Z,B,entity-02-normal,normal,17,2026-07-13T09:33:14.606Z,2026-07-13T09:33:14.606Z,2026-07-13T09:33:14.606Z,0,2026-07-13T09:33:14.692Z,0x95f153cd4a7b7de7f82f98c65fca57df2dfe73bde16e5eb85ecf9c5dc44785de,2026-07-13T09:33:23.063Z,success,38847,1000,6377231,0x1aa9b28a2389826ec186d23e6ccd13ff76e63e15b4f51d61477e01ce560f32ec,2026-07-13T09:33:23.063Z,8371,8371,8457,93,Trusted,2026-07-13T09:32:46.426Z,0x9569edaaf1dbbb04d926a3944520ea0b0b80afcae268da9753d4f31a0a497917,,variant-batch live execution
datm-live-2026-07-13T09-30-04-165Z,B,entity-03-normal,normal,17,2026-07-13T09:33:14.607Z,2026-07-13T09:33:14.607Z,2026-07-13T09:33:14.607Z,0,2026-07-13T09:33:14.723Z,0x23db30cd150ad8986965b7fcb021bb3ad0c6f783c62b29d441d6c1e678efccc0,2026-07-13T09:33:23.085Z,success,38847,1000,6377231,0x1aa9b28a2389826ec186d23e6ccd13ff76e63e15b4f51d61477e01ce560f32ec,2026-07-13T09:33:23.085Z,8362,8362,8478,92,Trusted,2026-07-13T09:32:46.426Z,0x6efceaf6731b649cb9a8c49d6959635e1fddaa82fc7bd4ebdb79ff409caf9f5d,,variant-batch live execution
datm-live-2026-07-13T09-30-04-165Z,B,entity-04-normal,normal,17,2026-07-13T09:33:14.607Z,2026-07-13T09:33:14.607Z,2026-07-13T09:33:14.607Z,0,2026-07-13T09:33:14.723Z,0x5a62de5b0d29f7c282d8dd692e115cdb00388e0a34ed65f5b2eb78dc496b4247,2026-07-13T09:33:23.063Z,success,38847,1000,6377231,0x1aa9b28a2389826ec186d23e6ccd13ff76e63e15b4f51d61477e01ce560f32ec,2026-07-13T09:33:23.063Z,8340,8340,8456,93,Trusted,2026-07-13T09:32:46.426Z,0xb3eb7696e1497cb5ec849abb0dd372e84132f0323ce1947c265da5b0e823ccfb,,variant-batch live execution
datm-live-2026-07-13T09-30-04-165Z,B,entity-05-suspicious,suspicious,17,2026-07-13T09:33:14.608Z,2026-07-13T09:33:14.608Z,2026-07-13T09:33:14.608Z,0,2026-07-13T09:33:14.736Z,0xcd6dd11bc1213875519f3f3c0e96cc84042081ab8f636e1aadd0fbe4ddcdbc07,2026-07-13T09:33:23.061Z,success,38867,1000,6377231,0x1aa9b28a2389826ec186d23e6ccd13ff76e63e15b4f51d61477e01ce560f32ec,2026-07-13T09:33:23.061Z,8325,8325,8453,61,Suspicious,2026-07-13T09:32:46.426Z,0x2788587c7b550f87561903b4797984b4436fbdeefaf0dc105ade6cc8f7225862,,variant-batch live execution
datm-live-2026-07-13T09-30-04-165Z,B,entity-06-suspicious,suspicious,17,2026-07-13T09:33:14.608Z,2026-07-13T09:33:14.608Z,2026-07-13T09:33:14.608Z,0,2026-07-13T09:33:14.736Z,0x6079e5749794e38bf259ca5cf1dcf67d37f0c9531c35ade9914f90abdb9e04b6,2026-07-13T09:33:23.058Z,success,38867,1000,6377231,0x1aa9b28a2389826ec186d23e6ccd13ff76e63e15b4f51d61477e01ce560f32ec,2026-07-13T09:33:23.058Z,8322,8322,8450,58,Suspicious,2026-07-13T09:32:46.426Z,0x5aabc32eda8f925adb6fc5a1bf75f6dc739ce49e07468bc82495959123e55122,,variant-batch live execution
datm-live-2026-07-13T09-30-04-165Z,B,entity-07-suspicious,suspicious,17,2026-07-13T09:33:14.608Z,2026-07-13T09:33:14.608Z,2026-07-13T09:33:14.608Z,0,2026-07-13T09:33:14.736Z,0x20d01e1df64bdf0c8a722d0863392346834a79f62d086e4b9cdd09230c74505f,2026-07-13T09:33:23.276Z,success,38867,1000,6377231,0x1aa9b28a2389826ec186d23e6ccd13ff76e63e15b4f51d61477e01ce560f32ec,2026-07-13T09:33:23.276Z,8540,8540,8668,64,Suspicious,2026-07-13T09:32:46.426Z,0x11f840e760222dff8550141c1c42484b601305cb200e3ea46d373088cc3f0981,,variant-batch live execution
datm-live-2026-07-13T09-30-04-165Z,B,entity-08-malicious,malicious,17,2026-07-13T09:33:14.608Z,2026-07-13T09:33:14.608Z,2026-07-13T09:33:14.608Z,0,2026-07-13T09:33:14.736Z,0x9bfa31c7d5c62b7add320b409539674ef11e6ed5a3fa3084323e7ace3164026d,2026-07-13T09:33:23.278Z,success,38866,1000,6377231,0x1aa9b28a2389826ec186d23e6ccd13ff76e63e15b4f51d61477e01ce560f32ec,2026-07-13T09:33:23.278Z,8542,8542,8670,27,Untrusted,2026-07-13T09:32:46.426Z,0xe4be3840d36dfcb7337ad2e8aa1926e9c01610e65830294d5b6ceb421ac896c9,,variant-batch live execution
datm-live-2026-07-13T09-30-04-165Z,B,entity-09-malicious,malicious,17,2026-07-13T09:33:14.609Z,2026-07-13T09:33:14.609Z,2026-07-13T09:33:14.609Z,0,2026-07-13T09:33:14.761Z,0x172ae4dd86bb9416a3bce69475d000b6cb14617c803716434995c2a2c37ea999,2026-07-13T09:33:23.289Z,success,38866,1000,6377231,0x1aa9b28a2389826ec186d23e6ccd13ff76e63e15b4f51d61477e01ce560f32ec,2026-07-13T09:33:23.289Z,8528,8528,8680,26,Untrusted,2026-07-13T09:32:46.426Z,0x2b29db13f8c40e178e76578a09771f5c27215b6fa142f07409f26f2ba21d6251,,variant-batch live execution
datm-live-2026-07-13T09-30-04-165Z,B,entity-10-malicious,malicious,17,2026-07-13T09:33:14.609Z,2026-07-13T09:33:14.609Z,2026-07-13T09:33:14.609Z,0,2026-07-13T09:33:14.736Z,0xf0f07b8c67b13ec0c0d3056f46ac6cd5e08c2befcde80d2a03cb7492bab8cc0d,2026-07-13T09:33:23.306Z,success,38854,1000,6377231,0x1aa9b28a2389826ec186d23e6ccd13ff76e63e15b4f51d61477e01ce560f32ec,2026-07-13T09:33:23.306Z,8570,8570,8697,28,Untrusted,2026-07-13T09:32:46.426Z,0x3e59a7d068a31b97ad773db0ac7377d844379068cb936362803599dec7eb176a,,variant-batch live execution
datm-live-2026-07-13T09-30-04-165Z,B,entity-01-normal,normal,18,2026-07-13T09:33:28.543Z,2026-07-13T09:33:28.543Z,2026-07-13T09:33:28.543Z,0,2026-07-13T09:33:29.352Z,0xe583ccb4f90ccef8dca625763b74346d1d1f5134527dc0c7fa7f4bdd5fb240d7,2026-07-13T09:33:34.125Z,success,38835,1000,6377234,0x058dc4c0c52e1f4c398da9351230951901c34a75e8a2bfc7e411453f14494b1a,2026-07-13T09:33:34.125Z,4773,4773,5582,92,Trusted,2026-07-13T09:32:56.426Z,0x1ca0c85a33b6c2f5c40cfcd4ca6513dc39898e17c0009e7c67f91c4d5929ceb5,,variant-batch live execution
datm-live-2026-07-13T09-30-04-165Z,B,entity-02-normal,normal,18,2026-07-13T09:33:28.544Z,2026-07-13T09:33:28.544Z,2026-07-13T09:33:28.544Z,0,2026-07-13T09:33:29.353Z,0x1fda5b6f6153764254c999671356f8ce5ec65f692e0dece40a83b891f258d8a0,2026-07-13T09:33:34.126Z,success,38847,1000,6377234,0x058dc4c0c52e1f4c398da9351230951901c34a75e8a2bfc7e411453f14494b1a,2026-07-13T09:33:34.126Z,4773,4773,5582,91,Trusted,2026-07-13T09:32:56.426Z,0xa4ff93fd3a6a2af05238548c5c18132cda62d7fd8ab13c13dae7759040d4181f,,variant-batch live execution
datm-live-2026-07-13T09-30-04-165Z,B,entity-03-normal,normal,18,2026-07-13T09:33:28.544Z,2026-07-13T09:33:28.544Z,2026-07-13T09:33:28.544Z,0,2026-07-13T09:33:29.468Z,0x33251b1339bee38716669cdd29b706386d0d9dbb9baccbc01a8735821ed4d0dc,2026-07-13T09:33:34.126Z,success,38835,1000,6377234,0x058dc4c0c52e1f4c398da9351230951901c34a75e8a2bfc7e411453f14494b1a,2026-07-13T09:33:34.126Z,4658,4658,5582,92,Trusted,2026-07-13T09:32:56.426Z,0x2fa6aa1c5cee0078c41bb1a997092e8cf0a4c64a587842212a4b9922b092d55a,,variant-batch live execution
datm-live-2026-07-13T09-30-04-165Z,B,entity-04-normal,normal,18,2026-07-13T09:33:28.545Z,2026-07-13T09:33:28.545Z,2026-07-13T09:33:28.545Z,0,2026-07-13T09:33:29.468Z,0x689a6320d0cd626f8020ed7eb901b57b2e8348a97c1053f6d1e50455706e3f9b,2026-07-13T09:33:34.126Z,success,38847,1000,6377234,0x058dc4c0c52e1f4c398da9351230951901c34a75e8a2bfc7e411453f14494b1a,2026-07-13T09:33:34.126Z,4658,4658,5581,92,Trusted,2026-07-13T09:32:56.426Z,0x67ed26c0c159894ca6ba655c0f0f1bd50c5e8b9e3fb6492d29d79976c7a9a0a7,,variant-batch live execution
datm-live-2026-07-13T09-30-04-165Z,B,entity-05-suspicious,suspicious,18,2026-07-13T09:33:28.545Z,2026-07-13T09:33:28.545Z,2026-07-13T09:33:28.545Z,0,2026-07-13T09:33:29.468Z,0xf77a95b782159599274cd98d74cb94824da8555dc041ecedd235672832aff533,2026-07-13T09:33:34.125Z,success,38867,1000,6377234,0x058dc4c0c52e1f4c398da9351230951901c34a75e8a2bfc7e411453f14494b1a,2026-07-13T09:33:34.125Z,4657,4657,5580,58,Suspicious,2026-07-13T09:32:56.426Z,0xc42686e1d3b0a5ebcb2060a1f74976446e075dafc4c75233115385a9259becbd,,variant-batch live execution
datm-live-2026-07-13T09-30-04-165Z,B,entity-06-suspicious,suspicious,18,2026-07-13T09:33:28.545Z,2026-07-13T09:33:28.545Z,2026-07-13T09:33:28.545Z,0,2026-07-13T09:33:29.353Z,0xdfe279db732d799e0f6b3193d8b0ecc586f1aaf79ca4f647e22680847b5485eb,2026-07-13T09:33:34.158Z,success,38867,1000,6377234,0x058dc4c0c52e1f4c398da9351230951901c34a75e8a2bfc7e411453f14494b1a,2026-07-13T09:33:34.158Z,4805,4805,5613,60,Suspicious,2026-07-13T09:32:56.426Z,0x108c33368c1d23874ede12fdae50e0b7cdce66600cc0a9e6424ce67b64bc73a4,,variant-batch live execution
datm-live-2026-07-13T09-30-04-165Z,B,entity-07-suspicious,suspicious,18,2026-07-13T09:33:28.545Z,2026-07-13T09:33:28.545Z,2026-07-13T09:33:28.545Z,0,2026-07-13T09:33:29.353Z,0xb7b8931e72c71c6da4dcf90557f479f7569461bfe3ac1101e48289d68b6d6407,2026-07-13T09:33:34.312Z,success,38867,1000,6377234,0x058dc4c0c52e1f4c398da9351230951901c34a75e8a2bfc7e411453f14494b1a,2026-07-13T09:33:34.312Z,4959,4959,5767,61,Suspicious,2026-07-13T09:32:56.426Z,0x68abcde042f66a594b010e2b6ee49e29ce8473f711f876d6b4c856d3211cbab2,,variant-batch live execution
datm-live-2026-07-13T09-30-04-165Z,B,entity-08-malicious,malicious,18,2026-07-13T09:33:28.545Z,2026-07-13T09:33:28.545Z,2026-07-13T09:33:28.545Z,0,2026-07-13T09:33:29.353Z,0x49fe78cd7757d295db5c83d560ceb5881e87cc5e5a88f7892432f274c1dace4a,2026-07-13T09:33:34.345Z,success,38866,1000,6377234,0x058dc4c0c52e1f4c398da9351230951901c34a75e8a2bfc7e411453f14494b1a,2026-07-13T09:33:34.345Z,4992,4992,5800,26,Untrusted,2026-07-13T09:32:56.426Z,0xa3acd166e94f9fd06ac4946554e3ee8b9c955de494fdbd7d6ef09504f4e514d2,,variant-batch live execution
datm-live-2026-07-13T09-30-04-165Z,B,entity-09-malicious,malicious,18,2026-07-13T09:33:28.546Z,2026-07-13T09:33:28.546Z,2026-07-13T09:33:28.546Z,0,2026-07-13T09:33:29.468Z,0x466c692e3393fba4922b98356142a1a4e3055c0c2a66627418c966463a110c95,2026-07-13T09:33:34.354Z,success,38866,1000,6377234,0x058dc4c0c52e1f4c398da9351230951901c34a75e8a2bfc7e411453f14494b1a,2026-07-13T09:33:34.354Z,4886,4886,5808,27,Untrusted,2026-07-13T09:32:56.426Z,0x6120221eda83370f5bb1cffa055a8841de424072de29e0a0c954bba30e468f66,,variant-batch live execution
datm-live-2026-07-13T09-30-04-165Z,B,entity-10-malicious,malicious,18,2026-07-13T09:33:28.546Z,2026-07-13T09:33:28.546Z,2026-07-13T09:33:28.546Z,0,2026-07-13T09:33:29.353Z,0x4541ac4be77d21e6cb678116aefd14d123fe4695bd95eaca35e2df6f81535253,2026-07-13T09:33:34.350Z,success,38854,1000,6377234,0x058dc4c0c52e1f4c398da9351230951901c34a75e8a2bfc7e411453f14494b1a,2026-07-13T09:33:34.350Z,4997,4997,5804,28,Untrusted,2026-07-13T09:32:56.426Z,0xa97aee5233a253766ba646adbb4dfb5deddf42c396b532642fea31a83cc9b73d,,variant-batch live execution
datm-live-2026-07-13T09-30-04-165Z,B,entity-01-normal,normal,19,2026-07-13T09:33:39.477Z,2026-07-13T09:33:39.477Z,2026-07-13T09:33:39.477Z,0,2026-07-13T09:33:39.685Z,0xa4ea5bf207cdb6cb13e13e2fd192f70f94a19fae75075986e6cfdc1e3109d050,2026-07-13T09:33:48.063Z,success,38847,1000,6377236,0x1e6dca7f9e4d52aea2c7ca9a64d57a0b16aa84a3a7f14a78add269c94d4cb8ff,2026-07-13T09:33:48.063Z,8378,8378,8586,92,Trusted,2026-07-13T09:33:06.426Z,0x997fc6fe25fe27bc7714290db0dd5b3f211716010ecd11ffdca9b0b6b097c4bb,,variant-batch live execution
datm-live-2026-07-13T09-30-04-165Z,B,entity-02-normal,normal,19,2026-07-13T09:33:39.478Z,2026-07-13T09:33:39.478Z,2026-07-13T09:33:39.478Z,0,2026-07-13T09:33:39.691Z,0x22acd95a3f3fba247bbde92821c020f52d17ede1febfd1960d361670e5fee371,2026-07-13T09:33:48.113Z,success,38847,1000,6377236,0x1e6dca7f9e4d52aea2c7ca9a64d57a0b16aa84a3a7f14a78add269c94d4cb8ff,2026-07-13T09:33:48.113Z,8422,8422,8635,93,Trusted,2026-07-13T09:33:06.426Z,0x52e87d9a3b42c1e62c994c7dafdf9e553ffa0e50d5fe0c6fe0a23724d71cd86b,,variant-batch live execution
datm-live-2026-07-13T09-30-04-165Z,B,entity-03-normal,normal,19,2026-07-13T09:33:39.478Z,2026-07-13T09:33:39.478Z,2026-07-13T09:33:39.478Z,0,2026-07-13T09:33:39.692Z,0x57204f1e679ef18c3679d8b56241fe485c604c11c05f18f1ee86929031c84be6,2026-07-13T09:33:48.107Z,success,38847,1000,6377236,0x1e6dca7f9e4d52aea2c7ca9a64d57a0b16aa84a3a7f14a78add269c94d4cb8ff,2026-07-13T09:33:48.107Z,8415,8415,8629,93,Trusted,2026-07-13T09:33:06.426Z,0xc7be49801fd6cf5c8e46679b989c23c8081ac7ff489364b0cd4140289e493e7e,,variant-batch live execution
datm-live-2026-07-13T09-30-04-165Z,B,entity-04-normal,normal,19,2026-07-13T09:33:39.479Z,2026-07-13T09:33:39.479Z,2026-07-13T09:33:39.479Z,0,2026-07-13T09:33:39.764Z,0x5d093ab43d58e59f86bfe0ac7fa1f0a188247cd772b2029cc7093bd62fd7ca81,2026-07-13T09:33:48.038Z,success,38847,1000,6377236,0x1e6dca7f9e4d52aea2c7ca9a64d57a0b16aa84a3a7f14a78add269c94d4cb8ff,2026-07-13T09:33:48.038Z,8274,8274,8559,92,Trusted,2026-07-13T09:33:06.426Z,0x43cd11b153016e1a9bf2d3e608aafc5d558a0f7f058ddb6529295cf6bac3601f,,variant-batch live execution
datm-live-2026-07-13T09-30-04-165Z,B,entity-05-suspicious,suspicious,19,2026-07-13T09:33:39.479Z,2026-07-13T09:33:39.479Z,2026-07-13T09:33:39.479Z,0,2026-07-13T09:33:39.692Z,0x0d795d9277e9ed862d3fbf6a8ad52c8a73aa35a8a225ad8d5f0544c294579a61,2026-07-13T09:33:48.107Z,success,38867,1000,6377236,0x1e6dca7f9e4d52aea2c7ca9a64d57a0b16aa84a3a7f14a78add269c94d4cb8ff,2026-07-13T09:33:48.107Z,8415,8415,8628,60,Suspicious,2026-07-13T09:33:06.426Z,0xa95f4e1f8c3160219ea047ee7ad5608dd696d824d85c3b6397b2e278a7cfd388,,variant-batch live execution
datm-live-2026-07-13T09-30-04-165Z,B,entity-06-suspicious,suspicious,19,2026-07-13T09:33:39.479Z,2026-07-13T09:33:39.479Z,2026-07-13T09:33:39.479Z,0,2026-07-13T09:33:39.692Z,0xdd36a09f2e9867d3d144e49bc06b21f7d26c7bc5527c3e0d2a52b05bd1bcb8bc,2026-07-13T09:33:48.090Z,success,38867,1000,6377236,0x1e6dca7f9e4d52aea2c7ca9a64d57a0b16aa84a3a7f14a78add269c94d4cb8ff,2026-07-13T09:33:48.090Z,8398,8398,8611,62,Suspicious,2026-07-13T09:33:06.426Z,0x3f09d7bcbdf8dcac59e41906435e57349261ae791186c7f79890d00f43e9c2da,,variant-batch live execution
datm-live-2026-07-13T09-30-04-165Z,B,entity-07-suspicious,suspicious,19,2026-07-13T09:33:39.480Z,2026-07-13T09:33:39.480Z,2026-07-13T09:33:39.480Z,0,2026-07-13T09:33:39.692Z,0x0ee72503d546c6de63e1456e3caa6a86f510faa021b5633d9ca59f6fee907edf,2026-07-13T09:33:48.254Z,success,38867,1000,6377236,0x1e6dca7f9e4d52aea2c7ca9a64d57a0b16aa84a3a7f14a78add269c94d4cb8ff,2026-07-13T09:33:48.254Z,8562,8562,8774,58,Suspicious,2026-07-13T09:33:06.426Z,0x937d533fe5b5af365b9175e2718330c2c914e1d38247338618d86b1ca330e332,,variant-batch live execution
datm-live-2026-07-13T09-30-04-165Z,B,entity-08-malicious,malicious,19,2026-07-13T09:33:39.480Z,2026-07-13T09:33:39.480Z,2026-07-13T09:33:39.480Z,0,2026-07-13T09:33:39.764Z,0x67e6db0310b3a9ef478202e251d94f0431973813a3939736873fa9f85c311ad1,2026-07-13T09:33:48.276Z,success,38866,1000,6377236,0x1e6dca7f9e4d52aea2c7ca9a64d57a0b16aa84a3a7f14a78add269c94d4cb8ff,2026-07-13T09:33:48.276Z,8512,8512,8796,27,Untrusted,2026-07-13T09:33:06.426Z,0x6d7cd5a9c352dc954012045551a7aae452d75f1132d52dcfd012d2f0809e170d,,variant-batch live execution
datm-live-2026-07-13T09-30-04-165Z,B,entity-09-malicious,malicious,19,2026-07-13T09:33:39.480Z,2026-07-13T09:33:39.480Z,2026-07-13T09:33:39.480Z,0,2026-07-13T09:33:39.764Z,0x1dc1db0b3e2efd9c2db81f1f9f2201f30d7df885fef2859a53389f1cd0dd0520,2026-07-13T09:33:48.285Z,success,38854,1000,6377236,0x1e6dca7f9e4d52aea2c7ca9a64d57a0b16aa84a3a7f14a78add269c94d4cb8ff,2026-07-13T09:33:48.285Z,8521,8521,8805,26,Untrusted,2026-07-13T09:33:06.426Z,0xcdadd3f91b67ea4377b0770e3b00b4778c3beebd9d9a9cae64366080a5a31fcd,,variant-batch live execution
datm-live-2026-07-13T09-30-04-165Z,B,entity-10-malicious,malicious,19,2026-07-13T09:33:39.480Z,2026-07-13T09:33:39.480Z,2026-07-13T09:33:39.480Z,0,2026-07-13T09:33:39.764Z,0xee09e154d138536d0d6fbf8cb9fe11500a7e8d80d3662c685f1759a50e574891,2026-07-13T09:33:48.321Z,success,38854,1000,6377236,0x1e6dca7f9e4d52aea2c7ca9a64d57a0b16aa84a3a7f14a78add269c94d4cb8ff,2026-07-13T09:33:48.321Z,8557,8557,8841,27,Untrusted,2026-07-13T09:33:06.426Z,0xa71befc24b99d4ca9df1ed8be7e5fe071822450ea262f92cf7c8e0bb6c97298d,,variant-batch live execution
datm-live-2026-07-13T09-30-04-165Z,B,entity-01-normal,normal,20,2026-07-13T09:33:53.462Z,2026-07-13T09:33:53.462Z,2026-07-13T09:33:53.462Z,0,2026-07-13T09:33:53.573Z,0xe7e17cc68f39bbaf525a0d7b25e31a5f3bfb74ee2b3094a9b962ed0587785e61,2026-07-13T09:33:58.000Z,success,38847,1000,6377238,0x65bd980cd84168af35192b71a3bcc20adf4b5838d294a5837d347d017824ebaf,2026-07-13T09:33:58.000Z,4427,4427,4538,92,Trusted,2026-07-13T09:33:16.426Z,0x2ebaf39e44eedfe9206f03848d968c8190b049905e4ce19fb83af385e8ec422c,,variant-batch live execution
datm-live-2026-07-13T09-30-04-165Z,B,entity-02-normal,normal,20,2026-07-13T09:33:53.463Z,2026-07-13T09:33:53.463Z,2026-07-13T09:33:53.463Z,0,2026-07-13T09:33:53.573Z,0x2e0a9709e6569bdf4bbcfa76eb6678404e0847f9c496a5ec54b5eef98fd172aa,2026-07-13T09:33:58.000Z,success,38847,1000,6377238,0x65bd980cd84168af35192b71a3bcc20adf4b5838d294a5837d347d017824ebaf,2026-07-13T09:33:58.000Z,4427,4427,4537,93,Trusted,2026-07-13T09:33:16.426Z,0xc9f97c67ddecb1c99bd6ba7bd6988ea99a74da641520c911d44767e63c6dd20d,,variant-batch live execution
datm-live-2026-07-13T09-30-04-165Z,B,entity-03-normal,normal,20,2026-07-13T09:33:53.463Z,2026-07-13T09:33:53.463Z,2026-07-13T09:33:53.463Z,0,2026-07-13T09:33:53.573Z,0x85ceddc9935e789fe60482479ac52af319f3b9e5ff3f6f0b53a74d1667479057,2026-07-13T09:33:58.030Z,success,38835,1000,6377238,0x65bd980cd84168af35192b71a3bcc20adf4b5838d294a5837d347d017824ebaf,2026-07-13T09:33:58.030Z,4457,4457,4567,91,Trusted,2026-07-13T09:33:16.426Z,0x66a50098429899aaef57ba7ff8edd5070d65141edf22111e1d26e26a375ffde8,,variant-batch live execution
datm-live-2026-07-13T09-30-04-165Z,B,entity-04-normal,normal,20,2026-07-13T09:33:53.463Z,2026-07-13T09:33:53.463Z,2026-07-13T09:33:53.463Z,0,2026-07-13T09:33:53.573Z,0x0431aab08758b199c327b136bdef6cb954586a69adfa52c710d11dd461cacdce,2026-07-13T09:33:57.999Z,success,38847,1000,6377238,0x65bd980cd84168af35192b71a3bcc20adf4b5838d294a5837d347d017824ebaf,2026-07-13T09:33:57.999Z,4426,4426,4536,92,Trusted,2026-07-13T09:33:16.426Z,0xfdf58ebace3be60cfca83db3597d077f29ac694240969bbb4bcfcc52529887d7,,variant-batch live execution
datm-live-2026-07-13T09-30-04-165Z,B,entity-05-suspicious,suspicious,20,2026-07-13T09:33:53.463Z,2026-07-13T09:33:53.463Z,2026-07-13T09:33:53.463Z,0,2026-07-13T09:33:53.573Z,0xe94352899eff34d332ebb85fd8564e7f77612019eb6aca70c595f7135acef83c,2026-07-13T09:33:57.997Z,success,38867,1000,6377238,0x65bd980cd84168af35192b71a3bcc20adf4b5838d294a5837d347d017824ebaf,2026-07-13T09:33:57.997Z,4424,4424,4534,62,Suspicious,2026-07-13T09:33:16.426Z,0x52290b2d61876c067a76a56d17bccc986f5b303e4d20bbac44f911bbe1c69882,,variant-batch live execution
datm-live-2026-07-13T09-30-04-165Z,B,entity-06-suspicious,suspicious,20,2026-07-13T09:33:53.464Z,2026-07-13T09:33:53.464Z,2026-07-13T09:33:53.464Z,0,2026-07-13T09:33:53.576Z,0xd566e432b46fc466765fce251628ede221190e54f0944e3a20a96896261579a5,2026-07-13T09:33:58.001Z,success,38867,1000,6377238,0x65bd980cd84168af35192b71a3bcc20adf4b5838d294a5837d347d017824ebaf,2026-07-13T09:33:58.001Z,4425,4425,4537,63,Suspicious,2026-07-13T09:33:16.426Z,0x1b076e576582f512d3217dd68cf44c1923b259a119525da3cc925910b970b955,,variant-batch live execution
datm-live-2026-07-13T09-30-04-165Z,B,entity-07-suspicious,suspicious,20,2026-07-13T09:33:53.464Z,2026-07-13T09:33:53.464Z,2026-07-13T09:33:53.464Z,0,2026-07-13T09:33:53.620Z,0xb0044b701ddb9bfea8a5960ad29fa7ae1f286f5b25fc2a22ee6a02524f85d289,2026-07-13T09:33:58.343Z,success,38867,1000,6377238,0x65bd980cd84168af35192b71a3bcc20adf4b5838d294a5837d347d017824ebaf,2026-07-13T09:33:58.343Z,4723,4723,4879,60,Suspicious,2026-07-13T09:33:16.426Z,0xba2ce0d9da412107f7ace177c3ba6b07fa5fed80fe53e28eb529cac5676958e4,,variant-batch live execution
datm-live-2026-07-13T09-30-04-165Z,B,entity-08-malicious,malicious,20,2026-07-13T09:33:53.464Z,2026-07-13T09:33:53.464Z,2026-07-13T09:33:53.464Z,0,2026-07-13T09:33:53.620Z,0xdf9eb4b41f17c55e9f4e00d4e99ef2c3aee0d6f758144b978e4246054b624f33,2026-07-13T09:33:58.359Z,success,38866,1000,6377238,0x65bd980cd84168af35192b71a3bcc20adf4b5838d294a5837d347d017824ebaf,2026-07-13T09:33:58.359Z,4739,4739,4895,26,Untrusted,2026-07-13T09:33:16.426Z,0x19f0821e6d481d80c5112aeff082772247f4c5a2f6e702ca36b3893c159db8c9,,variant-batch live execution
datm-live-2026-07-13T09-30-04-165Z,B,entity-09-malicious,malicious,20,2026-07-13T09:33:53.464Z,2026-07-13T09:33:53.464Z,2026-07-13T09:33:53.464Z,0,2026-07-13T09:33:53.620Z,0xab009f7df95f1790f14d3238fc6b916eed941c53e0e1ec15757ea220178cb50b,2026-07-13T09:33:58.344Z,success,38866,1000,6377238,0x65bd980cd84168af35192b71a3bcc20adf4b5838d294a5837d347d017824ebaf,2026-07-13T09:33:58.344Z,4724,4724,4880,26,Untrusted,2026-07-13T09:33:16.426Z,0xdb17a259c9420d06048efe056d559b332ac084e52865404e93f1b27ba50711c5,,variant-batch live execution
datm-live-2026-07-13T09-30-04-165Z,B,entity-10-malicious,malicious,20,2026-07-13T09:33:53.464Z,2026-07-13T09:33:53.464Z,2026-07-13T09:33:53.464Z,0,2026-07-13T09:33:53.620Z,0x12604a94d0bbfb0b71ee0fa8e0a43d11a34ce3b728bd34f0030c68925fc4ce2a,2026-07-13T09:33:58.384Z,success,38854,1000,6377238,0x65bd980cd84168af35192b71a3bcc20adf4b5838d294a5837d347d017824ebaf,2026-07-13T09:33:58.384Z,4764,4764,4920,28,Untrusted,2026-07-13T09:33:16.426Z,0x5188219bbb1f3af9fd907872b3812666d1773286be06715d77fbd30b7edc1780,,variant-batch live execution
datm-live-2026-07-13T09-30-04-165Z,B,entity-01-normal,normal,21,2026-07-13T09:34:03.518Z,2026-07-13T09:34:03.518Z,2026-07-13T09:34:03.518Z,0,2026-07-13T09:34:03.789Z,0x4355b83cd5cee380095efe3adc70ed028658a57034b17eba6639b1e151df977e,2026-07-13T09:34:04.118Z,success,38847,1000,6377240,0x397b357b7efe59b8690edbfc9a7cca39c601ca0c859929836414bc92397a6070,2026-07-13T09:34:04.118Z,329,329,600,91,Trusted,2026-07-13T09:33:26.426Z,0x3e961f53a4dfcdc0dae333713b2c972eab1a7a4757815794f62e9e8e46ef2c6e,,variant-batch live execution
datm-live-2026-07-13T09-30-04-165Z,B,entity-02-normal,normal,21,2026-07-13T09:34:03.519Z,2026-07-13T09:34:03.519Z,2026-07-13T09:34:03.519Z,0,2026-07-13T09:34:03.789Z,0x979b88e5b69f7b2699c12bb9564791d20465ecd1477df4bec04355f677ccc792,2026-07-13T09:34:04.120Z,success,38847,1000,6377240,0x397b357b7efe59b8690edbfc9a7cca39c601ca0c859929836414bc92397a6070,2026-07-13T09:34:04.120Z,331,331,601,89,Trusted,2026-07-13T09:33:26.426Z,0x1e7a4be2e61c4d4944275950efb1cca3c67e83a32da9e2186ca0c086e6e1d639,,variant-batch live execution
datm-live-2026-07-13T09-30-04-165Z,B,entity-03-normal,normal,21,2026-07-13T09:34:03.520Z,2026-07-13T09:34:03.520Z,2026-07-13T09:34:03.520Z,0,2026-07-13T09:34:03.789Z,0x1fcce97ad7b2d0313bd1110804c1d256f6fa17037e205caacbe407be0338b87d,2026-07-13T09:34:04.117Z,success,38847,1000,6377240,0x397b357b7efe59b8690edbfc9a7cca39c601ca0c859929836414bc92397a6070,2026-07-13T09:34:04.117Z,328,328,597,91,Trusted,2026-07-13T09:33:26.426Z,0x67710c9125a26222a2c5fd376cdd0ab7a0b8f0e452a8ea65c46ff0be7b156d12,,variant-batch live execution
datm-live-2026-07-13T09-30-04-165Z,B,entity-04-normal,normal,21,2026-07-13T09:34:03.520Z,2026-07-13T09:34:03.520Z,2026-07-13T09:34:03.520Z,0,2026-07-13T09:34:03.789Z,0x4b8f74c69f84fa1fa8132bb81f82cadaa59d428b306b016d85dcdfb45fc49242,2026-07-13T09:34:04.119Z,success,38847,1000,6377240,0x397b357b7efe59b8690edbfc9a7cca39c601ca0c859929836414bc92397a6070,2026-07-13T09:34:04.119Z,330,330,599,91,Trusted,2026-07-13T09:33:26.426Z,0x128cda6b155720d096421b46aeae17664cf2f5222ac8d0f1548a66379b220bc5,,variant-batch live execution
datm-live-2026-07-13T09-30-04-165Z,B,entity-05-suspicious,suspicious,21,2026-07-13T09:34:03.521Z,2026-07-13T09:34:03.521Z,2026-07-13T09:34:03.521Z,0,2026-07-13T09:34:03.789Z,0xdfc690048cb35c6c4712e9786e991337f9b292b0587e4f27e4a23fe6c4ccded4,2026-07-13T09:34:04.119Z,success,38867,1000,6377240,0x397b357b7efe59b8690edbfc9a7cca39c601ca0c859929836414bc92397a6070,2026-07-13T09:34:04.119Z,330,330,598,63,Suspicious,2026-07-13T09:33:26.426Z,0x9a90050ca28f1498486b2e3deaf2ea1d1dd5bf8fcba5a3e4c20adb4e038b80d1,,variant-batch live execution
datm-live-2026-07-13T09-30-04-165Z,B,entity-06-suspicious,suspicious,21,2026-07-13T09:34:03.521Z,2026-07-13T09:34:03.521Z,2026-07-13T09:34:03.521Z,0,2026-07-13T09:34:03.789Z,0xfd52f948eb9d8a76c4190d12aaf47e5b8fd7794321017a8afa04facabbdb5d9b,2026-07-13T09:34:04.276Z,success,38867,1000,6377240,0x397b357b7efe59b8690edbfc9a7cca39c601ca0c859929836414bc92397a6070,2026-07-13T09:34:04.276Z,487,487,755,61,Suspicious,2026-07-13T09:33:26.426Z,0xd4df1c5e1258e7c86788ebdf2329847a2482e388871d8acd11025928ad7db85d,,variant-batch live execution
datm-live-2026-07-13T09-30-04-165Z,B,entity-07-suspicious,suspicious,21,2026-07-13T09:34:03.522Z,2026-07-13T09:34:03.522Z,2026-07-13T09:34:03.522Z,0,2026-07-13T09:34:03.880Z,0x8da8c9cc70b1c6c08ac5274f6affcf3d271b58bfff824190e5af8e41e9db7988,2026-07-13T09:34:04.552Z,success,38867,1000,6377240,0x397b357b7efe59b8690edbfc9a7cca39c601ca0c859929836414bc92397a6070,2026-07-13T09:34:04.552Z,672,672,1030,62,Suspicious,2026-07-13T09:33:26.426Z,0xf452f68080193d140903c09e5e0d23fdc3d0ce8efb3beeef10dda671603980ce,,variant-batch live execution
datm-live-2026-07-13T09-30-04-165Z,B,entity-08-malicious,malicious,21,2026-07-13T09:34:03.522Z,2026-07-13T09:34:03.522Z,2026-07-13T09:34:03.522Z,0,2026-07-13T09:34:03.880Z,0x81b36c1b60ded32b0ba1e4ac2e7b7fad00e21a4c51954b7d4536917781b33a9c,2026-07-13T09:34:04.585Z,success,38866,1000,6377240,0x397b357b7efe59b8690edbfc9a7cca39c601ca0c859929836414bc92397a6070,2026-07-13T09:34:04.585Z,705,705,1063,26,Untrusted,2026-07-13T09:33:26.426Z,0x6a475e3341d68bd9bcebdac7d08c2e9d6fe4fd9a592d784293884824fd6930a5,,variant-batch live execution
datm-live-2026-07-13T09-30-04-165Z,B,entity-09-malicious,malicious,21,2026-07-13T09:34:03.522Z,2026-07-13T09:34:03.522Z,2026-07-13T09:34:03.522Z,0,2026-07-13T09:34:03.880Z,0x3d344b82c64a2c73bf97cf154f36c7e85de015a53eef4f047468dc4491f9138c,2026-07-13T09:34:04.594Z,success,38866,1000,6377240,0x397b357b7efe59b8690edbfc9a7cca39c601ca0c859929836414bc92397a6070,2026-07-13T09:34:04.594Z,714,714,1072,27,Untrusted,2026-07-13T09:33:26.426Z,0x3bab1cd896bbc9587035c61be453c4fd203e576d061f5812622c639a9ba89187,,variant-batch live execution
datm-live-2026-07-13T09-30-04-165Z,B,entity-10-malicious,malicious,21,2026-07-13T09:34:03.523Z,2026-07-13T09:34:03.523Z,2026-07-13T09:34:03.523Z,0,2026-07-13T09:34:03.881Z,0x09e3727f6141d0c7a9f25c50efd4b4fb2254aec8b08beb0f1c35c32807538f86,2026-07-13T09:34:04.590Z,success,38854,1000,6377240,0x397b357b7efe59b8690edbfc9a7cca39c601ca0c859929836414bc92397a6070,2026-07-13T09:34:04.590Z,709,709,1067,26,Untrusted,2026-07-13T09:33:26.426Z,0xa55d39cd302798f0f9bcfbb50b58adae89061666a92c6afe956debe1521daf1a,,variant-batch live execution
datm-live-2026-07-13T09-30-04-165Z,B,entity-01-normal,normal,22,2026-07-13T09:34:09.860Z,2026-07-13T09:34:09.860Z,2026-07-13T09:34:09.860Z,0,2026-07-13T09:34:09.989Z,0xfa1d462a3fa1c98407cee1ac66d967b8262018e149e1ed29d0737da61ebf5881,2026-07-13T09:34:14.257Z,success,38847,1000,6377242,0x9603c284924bc9d588eafa3c51128dea2cbe2f0496d5256d5f66197e08fd4067,2026-07-13T09:34:14.257Z,4268,4268,4397,91,Trusted,2026-07-13T09:33:36.426Z,0x20de2809859b1fed115d7d6f894d4d1222d8e05011cf1fdc49221589f143b729,,variant-batch live execution
datm-live-2026-07-13T09-30-04-165Z,B,entity-02-normal,normal,22,2026-07-13T09:34:09.862Z,2026-07-13T09:34:09.862Z,2026-07-13T09:34:09.862Z,0,2026-07-13T09:34:09.999Z,0xca40a40d7b0dc2d10854ef0a8b6a87763c9a0bce4c0337405afce67ca3527798,2026-07-13T09:34:14.266Z,success,38847,1000,6377242,0x9603c284924bc9d588eafa3c51128dea2cbe2f0496d5256d5f66197e08fd4067,2026-07-13T09:34:14.266Z,4267,4267,4404,93,Trusted,2026-07-13T09:33:36.426Z,0x09c5de08ea5623f3f9fd2bb137611a1fd26dbdad6511f01a2dcad7d783192f07,,variant-batch live execution
datm-live-2026-07-13T09-30-04-165Z,B,entity-03-normal,normal,22,2026-07-13T09:34:09.863Z,2026-07-13T09:34:09.863Z,2026-07-13T09:34:09.863Z,0,2026-07-13T09:34:10.000Z,0x900955c35e744d918fd01222e991b5e156b26c4c26c5294a6d4d9b31d8a2cfdb,2026-07-13T09:34:14.267Z,success,38847,1000,6377242,0x9603c284924bc9d588eafa3c51128dea2cbe2f0496d5256d5f66197e08fd4067,2026-07-13T09:34:14.267Z,4267,4267,4404,92,Trusted,2026-07-13T09:33:36.426Z,0x9971f413fb0dc0f824cc8c9039b65ee2659090dc8c8adac35238b80546821e22,,variant-batch live execution
datm-live-2026-07-13T09-30-04-165Z,B,entity-04-normal,normal,22,2026-07-13T09:34:09.864Z,2026-07-13T09:34:09.864Z,2026-07-13T09:34:09.864Z,0,2026-07-13T09:34:10.018Z,0x78db473cddcd731372bb008c186bcf508e876f4301899977ae67166cbe0bfc6a,2026-07-13T09:34:14.267Z,success,38847,1000,6377242,0x9603c284924bc9d588eafa3c51128dea2cbe2f0496d5256d5f66197e08fd4067,2026-07-13T09:34:14.267Z,4249,4249,4403,91,Trusted,2026-07-13T09:33:36.426Z,0x38ddb717888a77968d277fcaeb78c3142c99479b267d6c242dfc691aee608f91,,variant-batch live execution
datm-live-2026-07-13T09-30-04-165Z,B,entity-05-suspicious,suspicious,22,2026-07-13T09:34:09.864Z,2026-07-13T09:34:09.864Z,2026-07-13T09:34:09.864Z,0,2026-07-13T09:34:10.019Z,0xee298589582432aaf8526f70337c6483e3ec4e9a81c9a2399a2d47affc7acf95,2026-07-13T09:34:14.292Z,success,38867,1000,6377242,0x9603c284924bc9d588eafa3c51128dea2cbe2f0496d5256d5f66197e08fd4067,2026-07-13T09:34:14.292Z,4273,4273,4428,61,Suspicious,2026-07-13T09:33:36.426Z,0x41d74794bf437bee7cc103015e61c2d96fce43105c089d2e21bc9705cc550d7a,,variant-batch live execution
datm-live-2026-07-13T09-30-04-165Z,B,entity-06-suspicious,suspicious,22,2026-07-13T09:34:09.865Z,2026-07-13T09:34:09.865Z,2026-07-13T09:34:09.865Z,0,2026-07-13T09:34:10.000Z,0x8407351afc68bc1f312b613fb230aa18a5046ecadea8965fc0a191fb89f3144b,2026-07-13T09:34:14.264Z,success,38867,1000,6377242,0x9603c284924bc9d588eafa3c51128dea2cbe2f0496d5256d5f66197e08fd4067,2026-07-13T09:34:14.264Z,4264,4264,4399,58,Suspicious,2026-07-13T09:33:36.426Z,0xf25f260fb38f4641dd96f2316635401b4dcc80a025d9c0854f36e3125f9992e9,,variant-batch live execution
datm-live-2026-07-13T09-30-04-165Z,B,entity-07-suspicious,suspicious,22,2026-07-13T09:34:09.865Z,2026-07-13T09:34:09.865Z,2026-07-13T09:34:09.865Z,0,2026-07-13T09:34:10.020Z,0x268aa4c2b8347a1a58c046237073b37e59c717b5efab195f514f64a014b04355,2026-07-13T09:34:14.452Z,success,38867,1000,6377242,0x9603c284924bc9d588eafa3c51128dea2cbe2f0496d5256d5f66197e08fd4067,2026-07-13T09:34:14.452Z,4432,4432,4587,63,Suspicious,2026-07-13T09:33:36.426Z,0x289ef16e2e9c8b3a1b6d96d16b8013adc2753516c296a94b66bf6c0ee65f9679,,variant-batch live execution
datm-live-2026-07-13T09-30-04-165Z,B,entity-08-malicious,malicious,22,2026-07-13T09:34:09.866Z,2026-07-13T09:34:09.866Z,2026-07-13T09:34:09.866Z,0,2026-07-13T09:34:10.000Z,0xbcd1790ccd6d0f9e9ff36a684603602562712b88f15fd25376464c59e1d8ed7e,2026-07-13T09:34:14.464Z,success,38866,1000,6377242,0x9603c284924bc9d588eafa3c51128dea2cbe2f0496d5256d5f66197e08fd4067,2026-07-13T09:34:14.464Z,4464,4464,4598,27,Untrusted,2026-07-13T09:33:36.426Z,0x60dec624240fd8fcf10af37dca1a4b78480d6181c57ce7fd7c961db5bf7a72f0,,variant-batch live execution
datm-live-2026-07-13T09-30-04-165Z,B,entity-09-malicious,malicious,22,2026-07-13T09:34:09.868Z,2026-07-13T09:34:09.868Z,2026-07-13T09:34:09.868Z,0,2026-07-13T09:34:10.000Z,0x33a0a5e814fe73519d753a9944e72166ad1de8bd48794a0f5e2d18f1cf279c7d,2026-07-13T09:34:14.477Z,success,38866,1000,6377242,0x9603c284924bc9d588eafa3c51128dea2cbe2f0496d5256d5f66197e08fd4067,2026-07-13T09:34:14.477Z,4477,4477,4609,25,Untrusted,2026-07-13T09:33:36.426Z,0xc8a35853c547a7a925aea8e807e05021d49f869634dbcc26c8e51a7f58226bfd,,variant-batch live execution
datm-live-2026-07-13T09-30-04-165Z,B,entity-10-malicious,malicious,22,2026-07-13T09:34:09.869Z,2026-07-13T09:34:09.869Z,2026-07-13T09:34:09.869Z,0,2026-07-13T09:34:10.020Z,0x00d76320e60d6c50ce42911611ddd5c9f4caf9bdd2b679a8a40c7434ec4a8f51,2026-07-13T09:34:14.499Z,success,38854,1000,6377242,0x9603c284924bc9d588eafa3c51128dea2cbe2f0496d5256d5f66197e08fd4067,2026-07-13T09:34:14.499Z,4479,4479,4630,26,Untrusted,2026-07-13T09:33:36.426Z,0xd30719d2aaf0205ba2b107726201df670ccb25bc1c2a19ff5ec1f1a68242856a,,variant-batch live execution
datm-live-2026-07-13T09-30-04-165Z,B,entity-01-normal,normal,23,2026-07-13T09:34:19.643Z,2026-07-13T09:34:19.643Z,2026-07-13T09:34:19.643Z,0,2026-07-13T09:34:19.798Z,0x57176f5201f1e8c2a82691c42b47bfc4d5516386859d1cda9c16efd754faa882,2026-07-13T09:34:24.144Z,success,38847,1000,6377244,0xfed45399fb0d42ccdf862b9d3558bff693abcf29956fe311bd28176f0794a95a,2026-07-13T09:34:24.144Z,4346,4346,4501,93,Trusted,2026-07-13T09:33:46.426Z,0x4298d8eff07b42a5c805cf4028e4d26b2c041ffdba05fe21233f6db9ec170bf7,,variant-batch live execution
datm-live-2026-07-13T09-30-04-165Z,B,entity-02-normal,normal,23,2026-07-13T09:34:19.644Z,2026-07-13T09:34:19.644Z,2026-07-13T09:34:19.644Z,0,2026-07-13T09:34:19.799Z,0x5bfa8bb3f53e1e961af1cfe0e9e0e0e73b2c5567c07c7a46cf1971035971853f,2026-07-13T09:34:24.129Z,success,38847,1000,6377244,0xfed45399fb0d42ccdf862b9d3558bff693abcf29956fe311bd28176f0794a95a,2026-07-13T09:34:24.129Z,4330,4330,4485,93,Trusted,2026-07-13T09:33:46.426Z,0x1602e1129325b85b49d77971235840495b3255b51c9b8e655347cb27685a815a,,variant-batch live execution
datm-live-2026-07-13T09-30-04-165Z,B,entity-03-normal,normal,23,2026-07-13T09:34:19.645Z,2026-07-13T09:34:19.645Z,2026-07-13T09:34:19.645Z,0,2026-07-13T09:34:19.800Z,0x65aaa435bb25c1f10ad0478d3c6de5ce6fe9359d4f0e7729dc77042cda2cdaa7,2026-07-13T09:34:24.122Z,success,38847,1000,6377244,0xfed45399fb0d42ccdf862b9d3558bff693abcf29956fe311bd28176f0794a95a,2026-07-13T09:34:24.122Z,4322,4322,4477,92,Trusted,2026-07-13T09:33:46.426Z,0x8ff26a4c50d7eb081ff575fc8ad1896ce29e0fd1b4b8a46a30926da190a82863,,variant-batch live execution
datm-live-2026-07-13T09-30-04-165Z,B,entity-04-normal,normal,23,2026-07-13T09:34:19.645Z,2026-07-13T09:34:19.645Z,2026-07-13T09:34:19.645Z,0,2026-07-13T09:34:19.800Z,0x07db6cbcde320e6d463aa9ce206e0a5a241831807ff577573a333592062dfa4f,2026-07-13T09:34:24.122Z,success,38847,1000,6377244,0xfed45399fb0d42ccdf862b9d3558bff693abcf29956fe311bd28176f0794a95a,2026-07-13T09:34:24.122Z,4322,4322,4477,93,Trusted,2026-07-13T09:33:46.426Z,0x860934e73651365827d5c85f209accfd3e77fc8e6c11befc269e064ff00d950b,,variant-batch live execution
datm-live-2026-07-13T09-30-04-165Z,B,entity-05-suspicious,suspicious,23,2026-07-13T09:34:19.646Z,2026-07-13T09:34:19.646Z,2026-07-13T09:34:19.646Z,0,2026-07-13T09:34:19.800Z,0x55f12daf34968fbb74e0e8bf8567f2c2f7bca4315d379b80162985b8a60b46ab,2026-07-13T09:34:24.121Z,success,38867,1000,6377244,0xfed45399fb0d42ccdf862b9d3558bff693abcf29956fe311bd28176f0794a95a,2026-07-13T09:34:24.121Z,4321,4321,4475,58,Suspicious,2026-07-13T09:33:46.426Z,0x42586e5edef30143a25b4a1f44b2210812a37030d7b284aa660ca72cea48910b,,variant-batch live execution
datm-live-2026-07-13T09-30-04-165Z,B,entity-06-suspicious,suspicious,23,2026-07-13T09:34:19.646Z,2026-07-13T09:34:19.646Z,2026-07-13T09:34:19.646Z,0,2026-07-13T09:34:19.801Z,0xbd0b80320790f0f9ac3a8a700c52042018e28aea23e19ebd1be17f9ce4c0bf49,2026-07-13T09:34:24.128Z,success,38867,1000,6377244,0xfed45399fb0d42ccdf862b9d3558bff693abcf29956fe311bd28176f0794a95a,2026-07-13T09:34:24.128Z,4327,4327,4482,61,Suspicious,2026-07-13T09:33:46.426Z,0x6c58809e2c449d01f304121f5912d00ecb0b6a83248051da05fa621850330d5b,,variant-batch live execution
datm-live-2026-07-13T09-30-04-165Z,B,entity-07-suspicious,suspicious,23,2026-07-13T09:34:19.647Z,2026-07-13T09:34:19.647Z,2026-07-13T09:34:19.647Z,0,2026-07-13T09:34:19.844Z,0xed224d8ed41626a0292ce200cf10fa1fab15317a19d5e571c057e2fb932e8845,2026-07-13T09:34:24.320Z,success,38867,1000,6377244,0xfed45399fb0d42ccdf862b9d3558bff693abcf29956fe311bd28176f0794a95a,2026-07-13T09:34:24.320Z,4476,4476,4673,61,Suspicious,2026-07-13T09:33:46.426Z,0xf9b902313b0561d291086b9a4e497653f19c788a65161c31a84cf3c36ab28d76,,variant-batch live execution
datm-live-2026-07-13T09-30-04-165Z,B,entity-08-malicious,malicious,23,2026-07-13T09:34:19.647Z,2026-07-13T09:34:19.647Z,2026-07-13T09:34:19.647Z,0,2026-07-13T09:34:19.844Z,0xf055db8106315a30e07d541953c4facc87feb6b4fb8b85919a5f1b949d8b3ba7,2026-07-13T09:34:24.299Z,success,38866,1000,6377244,0xfed45399fb0d42ccdf862b9d3558bff693abcf29956fe311bd28176f0794a95a,2026-07-13T09:34:24.299Z,4455,4455,4652,25,Untrusted,2026-07-13T09:33:46.426Z,0x28987a9e6177c00931e537ff78a7b5f336fefc8fbd5af4b468b944ec5976a383,,variant-batch live execution
datm-live-2026-07-13T09-30-04-165Z,B,entity-09-malicious,malicious,23,2026-07-13T09:34:19.647Z,2026-07-13T09:34:19.647Z,2026-07-13T09:34:19.647Z,0,2026-07-13T09:34:19.844Z,0x1785cc7e053950292ae592f3c89de37d913bbb3a5140c0a830bb7e24db121743,2026-07-13T09:34:24.339Z,success,38866,1000,6377244,0xfed45399fb0d42ccdf862b9d3558bff693abcf29956fe311bd28176f0794a95a,2026-07-13T09:34:24.339Z,4495,4495,4692,25,Untrusted,2026-07-13T09:33:46.426Z,0x3b9f235306de50405a9ed18a3bc9bcc40816eb4e70d6627a1ccf80588af8024f,,variant-batch live execution
datm-live-2026-07-13T09-30-04-165Z,B,entity-10-malicious,malicious,23,2026-07-13T09:34:19.648Z,2026-07-13T09:34:19.648Z,2026-07-13T09:34:19.648Z,0,2026-07-13T09:34:19.844Z,0x4d96c5c405cf022c8f3198fe23462e662df50ab18a5b63b7b7907f4d930e3d16,2026-07-13T09:34:24.330Z,success,38854,1000,6377244,0xfed45399fb0d42ccdf862b9d3558bff693abcf29956fe311bd28176f0794a95a,2026-07-13T09:34:24.330Z,4486,4486,4682,28,Untrusted,2026-07-13T09:33:46.426Z,0x8122eab0f09f79d7aec27046c01b841403f232750122a21e0dfc21a7595a7ce7,,variant-batch live execution
datm-live-2026-07-13T09-30-04-165Z,B,entity-01-normal,normal,24,2026-07-13T09:34:29.488Z,2026-07-13T09:34:29.488Z,2026-07-13T09:34:29.488Z,0,2026-07-13T09:34:29.607Z,0x286086c83fd7104c4ebf0e5733cfd4d1086c352bead21c1067482347cfa04f3f,2026-07-13T09:34:38.594Z,success,38847,1000,6377246,0x7eb9081a614d9e2a8eeaf68da2fafa0e0268d8631888fc8b87546ce597768291,2026-07-13T09:34:38.594Z,8987,8987,9106,92,Trusted,2026-07-13T09:33:56.426Z,0xe55b3314dc23d44a6110285f1a05ed9b695f0fa00cd03241ec452f5d3da53515,,variant-batch live execution
datm-live-2026-07-13T09-30-04-165Z,B,entity-02-normal,normal,24,2026-07-13T09:34:29.489Z,2026-07-13T09:34:29.489Z,2026-07-13T09:34:29.489Z,0,2026-07-13T09:34:29.599Z,0x8159671091a61482cde8cfbd31be4ac1e057fd65c88b9c127167d8fa9368ae2c,2026-07-13T09:34:38.407Z,success,38847,1000,6377246,0x7eb9081a614d9e2a8eeaf68da2fafa0e0268d8631888fc8b87546ce597768291,2026-07-13T09:34:38.407Z,8808,8808,8918,91,Trusted,2026-07-13T09:33:56.426Z,0x757550be661f34715ed2915cda223e278bb558d4365de9b8df8d9dd8cc36f5e0,,variant-batch live execution
datm-live-2026-07-13T09-30-04-165Z,B,entity-03-normal,normal,24,2026-07-13T09:34:29.489Z,2026-07-13T09:34:29.489Z,2026-07-13T09:34:29.489Z,0,2026-07-13T09:34:29.607Z,0x23dede00284e7043b8da7133a4985ddc169a6fcf2f3f601b979cbbe5cbd1bb5e,2026-07-13T09:34:38.527Z,success,38847,1000,6377246,0x7eb9081a614d9e2a8eeaf68da2fafa0e0268d8631888fc8b87546ce597768291,2026-07-13T09:34:38.527Z,8920,8920,9038,92,Trusted,2026-07-13T09:33:56.426Z,0xb1c464d7ed74d5fc0550bc3055e34b7c321ede380d67cb700dc1afeab7634ff5,,variant-batch live execution
datm-live-2026-07-13T09-30-04-165Z,B,entity-04-normal,normal,24,2026-07-13T09:34:29.490Z,2026-07-13T09:34:29.490Z,2026-07-13T09:34:29.490Z,0,2026-07-13T09:34:29.607Z,0x76c0aea0ea7effaa6f7563f63e276f977ed5d13461ae399118ae49b1703502b7,2026-07-13T09:34:38.526Z,success,38847,1000,6377246,0x7eb9081a614d9e2a8eeaf68da2fafa0e0268d8631888fc8b87546ce597768291,2026-07-13T09:34:38.526Z,8919,8919,9036,92,Trusted,2026-07-13T09:33:56.426Z,0x5faa759b45aa54d303bc3f12caecdd7070a00ebad2010c0793e07360d150349a,,variant-batch live execution
datm-live-2026-07-13T09-30-04-165Z,B,entity-05-suspicious,suspicious,24,2026-07-13T09:34:29.490Z,2026-07-13T09:34:29.490Z,2026-07-13T09:34:29.490Z,0,2026-07-13T09:34:29.607Z,0x4b27ff66ae0c4a7f4875466b72779f019838b56dfb5f3c424ff6a73c566e82fa,2026-07-13T09:34:38.525Z,success,38867,1000,6377246,0x7eb9081a614d9e2a8eeaf68da2fafa0e0268d8631888fc8b87546ce597768291,2026-07-13T09:34:38.525Z,8918,8918,9035,61,Suspicious,2026-07-13T09:33:56.426Z,0x4aa374e00122b1127de4be96c1380c23581766cfb1b05de53219ee81f57885ba,,variant-batch live execution
datm-live-2026-07-13T09-30-04-165Z,B,entity-06-suspicious,suspicious,24,2026-07-13T09:34:29.491Z,2026-07-13T09:34:29.491Z,2026-07-13T09:34:29.491Z,0,2026-07-13T09:34:29.607Z,0x2d66ea97729cdb3f1c6ca91c712c5ee5e4c5e08ecfbf93b968fdd6b6dd1fa5c5,2026-07-13T09:34:38.517Z,success,38867,1000,6377246,0x7eb9081a614d9e2a8eeaf68da2fafa0e0268d8631888fc8b87546ce597768291,2026-07-13T09:34:38.517Z,8910,8910,9026,61,Suspicious,2026-07-13T09:33:56.426Z,0x11a63f86e8886b3fcea8d473720bda4ada247fa3bc9dd81495e0f80a38b89312,,variant-batch live execution
datm-live-2026-07-13T09-30-04-165Z,B,entity-07-suspicious,suspicious,24,2026-07-13T09:34:29.491Z,2026-07-13T09:34:29.491Z,2026-07-13T09:34:29.491Z,0,2026-07-13T09:34:29.628Z,0x141e1eab3749feeff2fdf8f345abc4b620153c60623007fc2b98bf950dc93fc9,2026-07-13T09:34:39.109Z,success,38867,1000,6377246,0x7eb9081a614d9e2a8eeaf68da2fafa0e0268d8631888fc8b87546ce597768291,2026-07-13T09:34:39.109Z,9481,9481,9618,58,Suspicious,2026-07-13T09:33:56.426Z,0x4d9e326fa30e7925244bac068e7303dc6fac4a3699d01be5f85cd312cde80281,,variant-batch live execution
datm-live-2026-07-13T09-30-04-165Z,B,entity-08-malicious,malicious,24,2026-07-13T09:34:29.491Z,2026-07-13T09:34:29.491Z,2026-07-13T09:34:29.491Z,0,2026-07-13T09:34:29.628Z,0x22ae322a0b87d43cb06c7fd0e0d459a114aeaa085b3c8ba72a73bec47036ccfc,2026-07-13T09:34:39.149Z,success,38866,1000,6377246,0x7eb9081a614d9e2a8eeaf68da2fafa0e0268d8631888fc8b87546ce597768291,2026-07-13T09:34:39.149Z,9521,9521,9658,25,Untrusted,2026-07-13T09:33:56.426Z,0xe0256d35eb2182d392034edd1b1e39158ca2e0090cc250029f3208b4f3a6c902,,variant-batch live execution
datm-live-2026-07-13T09-30-04-165Z,B,entity-09-malicious,malicious,24,2026-07-13T09:34:29.492Z,2026-07-13T09:34:29.492Z,2026-07-13T09:34:29.492Z,0,2026-07-13T09:34:29.628Z,0x1d8bbb9d72462a92345695beb996985930b574cd636748ae5b239f4fc273599a,2026-07-13T09:34:39.122Z,success,38866,1000,6377246,0x7eb9081a614d9e2a8eeaf68da2fafa0e0268d8631888fc8b87546ce597768291,2026-07-13T09:34:39.122Z,9494,9494,9630,27,Untrusted,2026-07-13T09:33:56.426Z,0xd4d0b3435ba841baad91ba1ef7f43c68d496146a618327bb77d21c1e3afa618d,,variant-batch live execution
datm-live-2026-07-13T09-30-04-165Z,B,entity-10-malicious,malicious,24,2026-07-13T09:34:29.492Z,2026-07-13T09:34:29.492Z,2026-07-13T09:34:29.492Z,0,2026-07-13T09:34:29.629Z,0xd61e38e7dd114fe9cb9cf95e2465a2dbf912ef2cb4311aab329fb0bc981aaf2a,2026-07-13T09:34:39.123Z,success,38854,1000,6377246,0x7eb9081a614d9e2a8eeaf68da2fafa0e0268d8631888fc8b87546ce597768291,2026-07-13T09:34:39.123Z,9494,9494,9631,26,Untrusted,2026-07-13T09:33:56.426Z,0xf2c9f3f34b53d5a6bba78a18582bca540534d23ef5cde84f08599581a6f3348a,,variant-batch live execution
datm-live-2026-07-13T09-30-04-165Z,B,entity-01-normal,normal,25,2026-07-13T09:34:44.272Z,2026-07-13T09:34:44.272Z,2026-07-13T09:34:44.272Z,0,2026-07-13T09:34:44.384Z,0xf6f0af09ce9f04368df390af4c2318f0e3fbe4e2ec506821d2d5acf8c4bdb07f,2026-07-13T09:34:52.773Z,success,38847,1000,6377249,0x7570b4c7928668d8cdd058ec4ad05693f1104e8a6bcee55b489cf75e6d77a12c,2026-07-13T09:34:52.773Z,8389,8389,8501,92,Trusted,2026-07-13T09:34:06.426Z,0x4d8db7610d483df00d0af650bab393aa26959667dc2889ff98778ee59ed4503c,,variant-batch live execution
datm-live-2026-07-13T09-30-04-165Z,B,entity-02-normal,normal,25,2026-07-13T09:34:44.273Z,2026-07-13T09:34:44.273Z,2026-07-13T09:34:44.273Z,0,2026-07-13T09:34:44.384Z,0xc35c8a39b96652950ab4ab8b0f0fd83120940867a4f67cfe77672d8af0d94be8,2026-07-13T09:34:52.753Z,success,38847,1000,6377249,0x7570b4c7928668d8cdd058ec4ad05693f1104e8a6bcee55b489cf75e6d77a12c,2026-07-13T09:34:52.753Z,8369,8369,8480,92,Trusted,2026-07-13T09:34:06.426Z,0x01e0ffd607e58518582db1bf59b31922a23e776f646d6ea99d1fd09552706e4b,,variant-batch live execution
datm-live-2026-07-13T09-30-04-165Z,B,entity-03-normal,normal,25,2026-07-13T09:34:44.273Z,2026-07-13T09:34:44.273Z,2026-07-13T09:34:44.273Z,0,2026-07-13T09:34:44.384Z,0x86f9ea373be8f39e67997f39f9b9908d8a3618ac4e5f5235bb32ce2342ec1fad,2026-07-13T09:34:52.752Z,success,38847,1000,6377249,0x7570b4c7928668d8cdd058ec4ad05693f1104e8a6bcee55b489cf75e6d77a12c,2026-07-13T09:34:52.752Z,8368,8368,8479,93,Trusted,2026-07-13T09:34:06.426Z,0xe3d8de7aa1f1195b7f17178e318b727f47f9eb08563316a99db95f2a12f0344f,,variant-batch live execution
datm-live-2026-07-13T09-30-04-165Z,B,entity-04-normal,normal,25,2026-07-13T09:34:44.274Z,2026-07-13T09:34:44.274Z,2026-07-13T09:34:44.274Z,0,2026-07-13T09:34:44.384Z,0xe22280dc8f34295a7783bd72f892de60e580342a07cf7e35b9c2aeada693e0f6,2026-07-13T09:34:52.752Z,success,38847,1000,6377249,0x7570b4c7928668d8cdd058ec4ad05693f1104e8a6bcee55b489cf75e6d77a12c,2026-07-13T09:34:52.752Z,8368,8368,8478,92,Trusted,2026-07-13T09:34:06.426Z,0x5537ada6b90d02fbc8b6482a4a5fe2c503725e9512266d26b202221c9cb8d1f3,,variant-batch live execution
datm-live-2026-07-13T09-30-04-165Z,B,entity-05-suspicious,suspicious,25,2026-07-13T09:34:44.274Z,2026-07-13T09:34:44.274Z,2026-07-13T09:34:44.274Z,0,2026-07-13T09:34:44.385Z,0x4e41f8b5ac89e6280e396b62e58f27a784bec6e552ef28af430f986dcac23ba2,2026-07-13T09:34:52.687Z,success,38855,1000,6377249,0x7570b4c7928668d8cdd058ec4ad05693f1104e8a6bcee55b489cf75e6d77a12c,2026-07-13T09:34:52.687Z,8302,8302,8413,61,Suspicious,2026-07-13T09:34:06.426Z,0x1573dee7c68ab9aeba650069df5e9b37daf898bba3357b0f707eca8305bd15b3,,variant-batch live execution
datm-live-2026-07-13T09-30-04-165Z,B,entity-06-suspicious,suspicious,25,2026-07-13T09:34:44.274Z,2026-07-13T09:34:44.274Z,2026-07-13T09:34:44.274Z,0,2026-07-13T09:34:44.385Z,0x817b676f207140bb7529cba8cc5f4dcca970e251da2c7223d3d58392cd9bcc75,2026-07-13T09:34:52.711Z,success,38867,1000,6377249,0x7570b4c7928668d8cdd058ec4ad05693f1104e8a6bcee55b489cf75e6d77a12c,2026-07-13T09:34:52.711Z,8326,8326,8437,61,Suspicious,2026-07-13T09:34:06.426Z,0x1ca11bbe6eb3b22456960dca88e421ba4420556754a0133799109b5d5540968b,,variant-batch live execution
datm-live-2026-07-13T09-30-04-165Z,B,entity-07-suspicious,suspicious,25,2026-07-13T09:34:44.274Z,2026-07-13T09:34:44.274Z,2026-07-13T09:34:44.274Z,0,2026-07-13T09:34:44.417Z,0xa2c967a2cb9e82e09c92503dbe66f53e2143081a239ea21875c0200f088c864a,2026-07-13T09:34:52.916Z,success,38867,1000,6377249,0x7570b4c7928668d8cdd058ec4ad05693f1104e8a6bcee55b489cf75e6d77a12c,2026-07-13T09:34:52.916Z,8499,8499,8642,61,Suspicious,2026-07-13T09:34:06.426Z,0x96aae2f4acea10a3f9a74cf0d479cf6787c9278ee3d0e553655c16536bb532f2,,variant-batch live execution
datm-live-2026-07-13T09-30-04-165Z,B,entity-08-malicious,malicious,25,2026-07-13T09:34:44.275Z,2026-07-13T09:34:44.275Z,2026-07-13T09:34:44.275Z,0,2026-07-13T09:34:44.444Z,0x5201d0ce765a8ab434435246c006e75c0544fbb22a0b2b5405910c8eefc26ce9,2026-07-13T09:34:52.939Z,success,38866,1000,6377249,0x7570b4c7928668d8cdd058ec4ad05693f1104e8a6bcee55b489cf75e6d77a12c,2026-07-13T09:34:52.939Z,8495,8495,8664,27,Untrusted,2026-07-13T09:34:06.426Z,0xed5e4979db933b2cbc5ae77d42ab9dbb6e4a586a95d3d3ff9fbf50c5e4b93dbe,,variant-batch live execution
datm-live-2026-07-13T09-30-04-165Z,B,entity-09-malicious,malicious,25,2026-07-13T09:34:44.275Z,2026-07-13T09:34:44.275Z,2026-07-13T09:34:44.275Z,0,2026-07-13T09:34:44.444Z,0xc0f34123c521928004285fe293e6d5e879b1308a36184121dc8902a2853d93c8,2026-07-13T09:34:52.949Z,success,38866,1000,6377249,0x7570b4c7928668d8cdd058ec4ad05693f1104e8a6bcee55b489cf75e6d77a12c,2026-07-13T09:34:52.949Z,8505,8505,8674,25,Untrusted,2026-07-13T09:34:06.426Z,0x7c58cfd9611cf2053f4624080333c77d0a36aff91cddd0fd4e0fa73a40cfc7eb,,variant-batch live execution
datm-live-2026-07-13T09-30-04-165Z,B,entity-10-malicious,malicious,25,2026-07-13T09:34:44.275Z,2026-07-13T09:34:44.275Z,2026-07-13T09:34:44.275Z,0,2026-07-13T09:34:44.444Z,0xae107c2e4f9a6141e5346725c4cd10b2aa3a6d43ea77dd467dbfbcffc0fbd17c,2026-07-13T09:34:52.937Z,success,38842,1000,6377249,0x7570b4c7928668d8cdd058ec4ad05693f1104e8a6bcee55b489cf75e6d77a12c,2026-07-13T09:34:52.937Z,8493,8493,8662,25,Untrusted,2026-07-13T09:34:06.426Z,0x013a1d06e9c5f09cb952e48a4f3bc1ee00d712b4792bdc82ebfd7e8569436195,,variant-batch live execution
datm-live-2026-07-13T09-30-04-165Z,B,entity-01-normal,normal,26,2026-07-13T09:34:58.092Z,2026-07-13T09:34:58.092Z,2026-07-13T09:34:58.092Z,0,2026-07-13T09:34:58.209Z,0x04ac2be2a553889339f4d97d8356b8cf39ac2bf4625c16f9219833eba3e0852c,2026-07-13T09:35:02.485Z,success,38847,1000,6377251,0xf582d486d6f7970a200f6004b5000a84fc970d9937215ba828f2410201571ce8,2026-07-13T09:35:02.485Z,4276,4276,4393,92,Trusted,2026-07-13T09:34:16.426Z,0x6f2ae0aa4bf92ce78d7dbe67e380e2f95527ea739f7e4083b3b53b0ed7a7725d,,variant-batch live execution
datm-live-2026-07-13T09-30-04-165Z,B,entity-02-normal,normal,26,2026-07-13T09:34:58.094Z,2026-07-13T09:34:58.094Z,2026-07-13T09:34:58.094Z,0,2026-07-13T09:34:58.209Z,0x820376c45531b5697930c232abccefd3f84d4c49e941e126c55554dbea1c6625,2026-07-13T09:35:02.490Z,success,38847,1000,6377251,0xf582d486d6f7970a200f6004b5000a84fc970d9937215ba828f2410201571ce8,2026-07-13T09:35:02.490Z,4281,4281,4396,92,Trusted,2026-07-13T09:34:16.426Z,0x3416e7031014b7493eafb487e0ccdb05b339121fbd32e8874d8d3a600c09d05e,,variant-batch live execution
datm-live-2026-07-13T09-30-04-165Z,B,entity-03-normal,normal,26,2026-07-13T09:34:58.094Z,2026-07-13T09:34:58.094Z,2026-07-13T09:34:58.094Z,0,2026-07-13T09:34:58.224Z,0x23ff26a758264052e535d812ae68c6ad67dd6e912aca418d09dbe5ec9d614751,2026-07-13T09:35:02.487Z,success,38847,1000,6377251,0xf582d486d6f7970a200f6004b5000a84fc970d9937215ba828f2410201571ce8,2026-07-13T09:35:02.487Z,4263,4263,4393,91,Trusted,2026-07-13T09:34:16.426Z,0xbfdfe247d6b1688e5f113fb015ca7d9f0556bf0e5ba3bdffb3632d3e27533e0e,,variant-batch live execution
datm-live-2026-07-13T09-30-04-165Z,B,entity-04-normal,normal,26,2026-07-13T09:34:58.095Z,2026-07-13T09:34:58.095Z,2026-07-13T09:34:58.095Z,0,2026-07-13T09:34:58.224Z,0x259eec112f1b77b5d45335fccf774d1b1076ddc69a1dd01d051037285f9a8bf4,2026-07-13T09:35:02.487Z,success,38847,1000,6377251,0xf582d486d6f7970a200f6004b5000a84fc970d9937215ba828f2410201571ce8,2026-07-13T09:35:02.487Z,4263,4263,4392,92,Trusted,2026-07-13T09:34:16.426Z,0x442ae89bc332ace358d70ea35cd3ea1b2614a357672f159edf62d7fecf6e2b80,,variant-batch live execution
datm-live-2026-07-13T09-30-04-165Z,B,entity-05-suspicious,suspicious,26,2026-07-13T09:34:58.095Z,2026-07-13T09:34:58.095Z,2026-07-13T09:34:58.095Z,0,2026-07-13T09:34:58.224Z,0xc3ce988090ea4b2515a7a23f504d5f94fccaa4e632b9fb2d674980781367289a,2026-07-13T09:35:02.511Z,success,38867,1000,6377251,0xf582d486d6f7970a200f6004b5000a84fc970d9937215ba828f2410201571ce8,2026-07-13T09:35:02.511Z,4287,4287,4416,61,Suspicious,2026-07-13T09:34:16.426Z,0x9b2c6295699901065c6f45b85d61f51e747e6475ecd264b89470d24991c63d2d,,variant-batch live execution
datm-live-2026-07-13T09-30-04-165Z,B,entity-06-suspicious,suspicious,26,2026-07-13T09:34:58.096Z,2026-07-13T09:34:58.096Z,2026-07-13T09:34:58.096Z,0,2026-07-13T09:34:58.224Z,0x9ed80aa706cf580c5286ba0cadf5cd2a82462fe724605cf7ae05361406240996,2026-07-13T09:35:02.487Z,success,38867,1000,6377251,0xf582d486d6f7970a200f6004b5000a84fc970d9937215ba828f2410201571ce8,2026-07-13T09:35:02.487Z,4263,4263,4391,60,Suspicious,2026-07-13T09:34:16.426Z,0x80378d15383b2f6883889e5281c744fcf6fb47378785a7ecb1cec28407c6c520,,variant-batch live execution
datm-live-2026-07-13T09-30-04-165Z,B,entity-07-suspicious,suspicious,26,2026-07-13T09:34:58.096Z,2026-07-13T09:34:58.096Z,2026-07-13T09:34:58.096Z,0,2026-07-13T09:34:58.242Z,0x3b5171ca80844e47a3d5e1bba9c2cb77dc954fea07751902ea5c89bed248f49e,2026-07-13T09:35:02.709Z,success,38867,1000,6377251,0xf582d486d6f7970a200f6004b5000a84fc970d9937215ba828f2410201571ce8,2026-07-13T09:35:02.709Z,4467,4467,4613,61,Suspicious,2026-07-13T09:34:16.426Z,0xca79d1c74ffe9eb03bf0ef3b12e122c564ced93857633aa4318ffdf3c89fde45,,variant-batch live execution
datm-live-2026-07-13T09-30-04-165Z,B,entity-08-malicious,malicious,26,2026-07-13T09:34:58.096Z,2026-07-13T09:34:58.096Z,2026-07-13T09:34:58.096Z,0,2026-07-13T09:34:58.224Z,0x0bb9605e07a7256183954cfdc2eb3c3b6d197b96498e6cf7acafb9c291ff5750,2026-07-13T09:35:02.710Z,success,38866,1000,6377251,0xf582d486d6f7970a200f6004b5000a84fc970d9937215ba828f2410201571ce8,2026-07-13T09:35:02.710Z,4486,4486,4614,25,Untrusted,2026-07-13T09:34:16.426Z,0xef4a5baf109d209946fefdc6ad8cd8cc7c0cefd9739a1ecce3f2dd50d7145443,,variant-batch live execution
datm-live-2026-07-13T09-30-04-165Z,B,entity-09-malicious,malicious,26,2026-07-13T09:34:58.096Z,2026-07-13T09:34:58.096Z,2026-07-13T09:34:58.096Z,0,2026-07-13T09:34:58.242Z,0x7ade8fea65ffa2bbe0cb103cd8f9ecc3069223431104d03add6abb2f830e0cde,2026-07-13T09:35:02.708Z,success,38866,1000,6377251,0xf582d486d6f7970a200f6004b5000a84fc970d9937215ba828f2410201571ce8,2026-07-13T09:35:02.708Z,4466,4466,4612,24,Untrusted,2026-07-13T09:34:16.426Z,0x495037853a9df1eb63428d0959d6306b4b73e7add57e20b7bd4416ca0d965c8e,,variant-batch live execution
datm-live-2026-07-13T09-30-04-165Z,B,entity-10-malicious,malicious,26,2026-07-13T09:34:58.097Z,2026-07-13T09:34:58.097Z,2026-07-13T09:34:58.097Z,0,2026-07-13T09:34:58.242Z,0x578ea65918a59712015faf2e86f8d0b46019a569c0a05fc078b6550be7dd510b,2026-07-13T09:35:02.734Z,success,38854,1000,6377251,0xf582d486d6f7970a200f6004b5000a84fc970d9937215ba828f2410201571ce8,2026-07-13T09:35:02.734Z,4492,4492,4637,28,Untrusted,2026-07-13T09:34:16.426Z,0x658e762f3970450a1c613ecc776f69e72908c9f87e84d90d23de19b7cb40235b,,variant-batch live execution
datm-live-2026-07-13T09-30-04-165Z,B,entity-01-normal,normal,27,2026-07-13T09:35:07.865Z,2026-07-13T09:35:07.865Z,2026-07-13T09:35:07.865Z,0,2026-07-13T09:35:08.004Z,0x5f1e9755c2f807051f46a80a9d48ef6356390bb2e1d01f12619e7b71fe498c7a,2026-07-13T09:35:12.281Z,success,38847,1000,6377253,0xef088607a0e4251e6486407b71ded85ac0b0a566d44b8b928598a628c4bb4f63,2026-07-13T09:35:12.281Z,4277,4277,4416,93,Trusted,2026-07-13T09:34:26.426Z,0x06946abf57854182363f7a21c2719304090decc21354bd362d265057165cccdb,,variant-batch live execution
datm-live-2026-07-13T09-30-04-165Z,B,entity-02-normal,normal,27,2026-07-13T09:35:07.866Z,2026-07-13T09:35:07.866Z,2026-07-13T09:35:07.866Z,0,2026-07-13T09:35:08.006Z,0x3f860f0835d9901d865710c8f73eb2473facb9bb541fbfdc7dd1821675450472,2026-07-13T09:35:12.281Z,success,38835,1000,6377253,0xef088607a0e4251e6486407b71ded85ac0b0a566d44b8b928598a628c4bb4f63,2026-07-13T09:35:12.281Z,4275,4275,4415,91,Trusted,2026-07-13T09:34:26.426Z,0xdf570fc54eb41900680629163f5c701b83fe86abeb19d2fbe4f31240e60997f3,,variant-batch live execution
datm-live-2026-07-13T09-30-04-165Z,B,entity-03-normal,normal,27,2026-07-13T09:35:07.866Z,2026-07-13T09:35:07.866Z,2026-07-13T09:35:07.866Z,0,2026-07-13T09:35:08.006Z,0xbf68de544f58594c9dc29a45cafc05c1c64fb63713ec24afd101ac5f5fe7c995,2026-07-13T09:35:12.279Z,success,38847,1000,6377253,0xef088607a0e4251e6486407b71ded85ac0b0a566d44b8b928598a628c4bb4f63,2026-07-13T09:35:12.279Z,4273,4273,4413,93,Trusted,2026-07-13T09:34:26.426Z,0xea91bf43dfde36806cc070afb9b6ad0825c5d8adc3b2e01e37a661ed53fddb72,,variant-batch live execution
datm-live-2026-07-13T09-30-04-165Z,B,entity-04-normal,normal,27,2026-07-13T09:35:07.866Z,2026-07-13T09:35:07.866Z,2026-07-13T09:35:07.866Z,0,2026-07-13T09:35:08.006Z,0xee5ec3a095a66e129539e115a8e8df31b79c8036039cdbb263faf8688d20886a,2026-07-13T09:35:12.280Z,success,38847,1000,6377253,0xef088607a0e4251e6486407b71ded85ac0b0a566d44b8b928598a628c4bb4f63,2026-07-13T09:35:12.280Z,4274,4274,4414,93,Trusted,2026-07-13T09:34:26.426Z,0xb28ec7b49e9a56af616337ecc3a107153fc1e491fd52aef0f2dc515c035d424e,,variant-batch live execution
datm-live-2026-07-13T09-30-04-165Z,B,entity-05-suspicious,suspicious,27,2026-07-13T09:35:07.867Z,2026-07-13T09:35:07.867Z,2026-07-13T09:35:07.867Z,0,2026-07-13T09:35:08.006Z,0xe1908da44253ae0e1c654ec4da4d6fdd21456acf9401710696457f8b1d3f0893,2026-07-13T09:35:12.281Z,success,38855,1000,6377253,0xef088607a0e4251e6486407b71ded85ac0b0a566d44b8b928598a628c4bb4f63,2026-07-13T09:35:12.281Z,4275,4275,4414,60,Suspicious,2026-07-13T09:34:26.426Z,0xbffe0316fa8419e87222f6120a9600fbab4ec9cab26b7877c7d0abb71537b470,,variant-batch live execution
datm-live-2026-07-13T09-30-04-165Z,B,entity-06-suspicious,suspicious,27,2026-07-13T09:35:07.867Z,2026-07-13T09:35:07.867Z,2026-07-13T09:35:07.867Z,0,2026-07-13T09:35:08.006Z,0xf72339d30690ad02ede590da9b83030e0adb8b0478b21b9c442abd534902607b,2026-07-13T09:35:12.320Z,success,38855,1000,6377253,0xef088607a0e4251e6486407b71ded85ac0b0a566d44b8b928598a628c4bb4f63,2026-07-13T09:35:12.320Z,4314,4314,4453,63,Suspicious,2026-07-13T09:34:26.426Z,0xd000a284fce40f74d36ec82d461307ee4bbd0f35ec820dced29996cbffe63539,,variant-batch live execution
datm-live-2026-07-13T09-30-04-165Z,B,entity-07-suspicious,suspicious,27,2026-07-13T09:35:07.867Z,2026-07-13T09:35:07.867Z,2026-07-13T09:35:07.867Z,0,2026-07-13T09:35:08.037Z,0x302963e7b7ad3efe8c8bbbd13fc119cdf816a0891c8af03f7d9e1469c875f73a,2026-07-13T09:35:12.497Z,success,38867,1000,6377253,0xef088607a0e4251e6486407b71ded85ac0b0a566d44b8b928598a628c4bb4f63,2026-07-13T09:35:12.497Z,4460,4460,4630,61,Suspicious,2026-07-13T09:34:26.426Z,0x0cac673a3f6422187c37ec935e1e04d533b986fdb352285a29f50d0796f89082,,variant-batch live execution
datm-live-2026-07-13T09-30-04-165Z,B,entity-08-malicious,malicious,27,2026-07-13T09:35:07.867Z,2026-07-13T09:35:07.867Z,2026-07-13T09:35:07.867Z,0,2026-07-13T09:35:08.038Z,0x9a27b56e1d8a7959c0ccfe3bd08f9c84e994cdd51c8c551c296e385d7f04ce1f,2026-07-13T09:35:12.482Z,success,38866,1000,6377253,0xef088607a0e4251e6486407b71ded85ac0b0a566d44b8b928598a628c4bb4f63,2026-07-13T09:35:12.482Z,4444,4444,4615,24,Untrusted,2026-07-13T09:34:26.426Z,0xe443edfc4bf6825246c05b25c76b5e0b13e63373c22ff73558d9821107e8f7c4,,variant-batch live execution
datm-live-2026-07-13T09-30-04-165Z,B,entity-09-malicious,malicious,27,2026-07-13T09:35:07.868Z,2026-07-13T09:35:07.868Z,2026-07-13T09:35:07.868Z,0,2026-07-13T09:35:08.038Z,0x268435f4688dec020b25e3d4c57287011e482e4dfe16a61c85f02fe8661ad712,2026-07-13T09:35:12.513Z,success,38866,1000,6377253,0xef088607a0e4251e6486407b71ded85ac0b0a566d44b8b928598a628c4bb4f63,2026-07-13T09:35:12.513Z,4475,4475,4645,26,Untrusted,2026-07-13T09:34:26.426Z,0x8eb2941c8059494db9b3673d93bae5fe49f4f5d2b30f80418e852660e9f8e543,,variant-batch live execution
datm-live-2026-07-13T09-30-04-165Z,B,entity-10-malicious,malicious,27,2026-07-13T09:35:07.868Z,2026-07-13T09:35:07.868Z,2026-07-13T09:35:07.868Z,0,2026-07-13T09:35:08.038Z,0x8f51772016263044bf6c563f784884495fd4009d4e52a2ff63570cc7a3fd58b0,2026-07-13T09:35:12.522Z,success,38854,1000,6377253,0xef088607a0e4251e6486407b71ded85ac0b0a566d44b8b928598a628c4bb4f63,2026-07-13T09:35:12.522Z,4484,4484,4654,26,Untrusted,2026-07-13T09:34:26.426Z,0x3dcae5494cd78fc3b4cdb602206ac809ef6dddcd782c82a9c68338903e28f5c9,,variant-batch live execution
datm-live-2026-07-13T09-30-04-165Z,B,entity-01-normal,normal,28,2026-07-13T09:35:17.648Z,2026-07-13T09:35:17.648Z,2026-07-13T09:35:17.648Z,0,2026-07-13T09:35:17.780Z,0xdf4c0f4af9955bad33272b4dbf4a079a72dde7abdd0aa72f87f1fad69218e28c,2026-07-13T09:35:22.024Z,success,38847,1000,6377255,0xce12068b0c9f34d7514adfee73f1e378a95e6a1368749f69d54dd2594f0da5e3,2026-07-13T09:35:22.024Z,4244,4244,4376,91,Trusted,2026-07-13T09:34:36.426Z,0xfc966108c45a0624bbdc5c327f1215de3476e23773880a3f8ff048efabbeab46,,variant-batch live execution
datm-live-2026-07-13T09-30-04-165Z,B,entity-02-normal,normal,28,2026-07-13T09:35:17.649Z,2026-07-13T09:35:17.649Z,2026-07-13T09:35:17.649Z,0,2026-07-13T09:35:17.780Z,0x17f5e0c46ce8813e1e5e831d1c0dfe8012d0613d3297c7b0e2addd40d4daa753,2026-07-13T09:35:22.050Z,success,38847,1000,6377255,0xce12068b0c9f34d7514adfee73f1e378a95e6a1368749f69d54dd2594f0da5e3,2026-07-13T09:35:22.050Z,4270,4270,4401,92,Trusted,2026-07-13T09:34:36.426Z,0xd6c9fedf06ae994c8f0dddc94b9e7b9b9301b60ffb15fd6d7e07c0ccda3411ad,,variant-batch live execution
datm-live-2026-07-13T09-30-04-165Z,B,entity-03-normal,normal,28,2026-07-13T09:35:17.649Z,2026-07-13T09:35:17.649Z,2026-07-13T09:35:17.649Z,0,2026-07-13T09:35:17.791Z,0x886a7c208d724e8dcad5fb57b3efd1f6cd6132927e67c4e0a55806d428b8a0d8,2026-07-13T09:35:22.025Z,success,38847,1000,6377255,0xce12068b0c9f34d7514adfee73f1e378a95e6a1368749f69d54dd2594f0da5e3,2026-07-13T09:35:22.025Z,4234,4234,4376,92,Trusted,2026-07-13T09:34:36.426Z,0xaa133fa1078ed516f2a72da9dd7ba1ef5da4c215a5586a94605aa8586f9d2db3,,variant-batch live execution
datm-live-2026-07-13T09-30-04-165Z,B,entity-04-normal,normal,28,2026-07-13T09:35:17.650Z,2026-07-13T09:35:17.650Z,2026-07-13T09:35:17.650Z,0,2026-07-13T09:35:17.791Z,0x5b0871bd8c67244cde7db17f8fa69039864b2dbe9165bf49df7bdaba4b6c2a7c,2026-07-13T09:35:22.027Z,success,38847,1000,6377255,0xce12068b0c9f34d7514adfee73f1e378a95e6a1368749f69d54dd2594f0da5e3,2026-07-13T09:35:22.027Z,4236,4236,4377,91,Trusted,2026-07-13T09:34:36.426Z,0x0ea423ba59dc7c4fc6aeb2cb6642faaae684cede5676ac384f608ac48657a226,,variant-batch live execution
datm-live-2026-07-13T09-30-04-165Z,B,entity-05-suspicious,suspicious,28,2026-07-13T09:35:17.650Z,2026-07-13T09:35:17.650Z,2026-07-13T09:35:17.650Z,0,2026-07-13T09:35:17.810Z,0x0354d4584b55e0905e7e16394128b1c1b33a5d4e6916b9f44da11091c33964e0,2026-07-13T09:35:22.023Z,success,38867,1000,6377255,0xce12068b0c9f34d7514adfee73f1e378a95e6a1368749f69d54dd2594f0da5e3,2026-07-13T09:35:22.023Z,4213,4213,4373,63,Suspicious,2026-07-13T09:34:36.426Z,0xe62da7cff8a047095937101af95824a2c21df2c48c4bb6e6c5533eb8f418c01d,,variant-batch live execution
datm-live-2026-07-13T09-30-04-165Z,B,entity-06-suspicious,suspicious,28,2026-07-13T09:35:17.650Z,2026-07-13T09:35:17.650Z,2026-07-13T09:35:17.650Z,0,2026-07-13T09:35:17.792Z,0xfccb266939d2ab538107c9a7d40e176b536dc7a4dc5f4903bb0833be315e38a5,2026-07-13T09:35:22.024Z,success,38867,1000,6377255,0xce12068b0c9f34d7514adfee73f1e378a95e6a1368749f69d54dd2594f0da5e3,2026-07-13T09:35:22.024Z,4232,4232,4374,62,Suspicious,2026-07-13T09:34:36.426Z,0x98a0b2f2d381edd09e5c53541796fc350824923e29fc6340dd13b617a393c351,,variant-batch live execution
datm-live-2026-07-13T09-30-04-165Z,B,entity-07-suspicious,suspicious,28,2026-07-13T09:35:17.650Z,2026-07-13T09:35:17.650Z,2026-07-13T09:35:17.650Z,0,2026-07-13T09:35:17.793Z,0xe4836e7cdc7b4acc4c427af0c246d678fef28e08acf967e356853ffb67539836,2026-07-13T09:35:22.195Z,success,38867,1000,6377255,0xce12068b0c9f34d7514adfee73f1e378a95e6a1368749f69d54dd2594f0da5e3,2026-07-13T09:35:22.195Z,4402,4402,4545,60,Suspicious,2026-07-13T09:34:36.426Z,0x2c9a6dbcb3bc0bc5a5592bb47dcc8aaa7c493bd92a0ce4afdfd6fa6b8fade3a7,,variant-batch live execution
datm-live-2026-07-13T09-30-04-165Z,B,entity-08-malicious,malicious,28,2026-07-13T09:35:17.651Z,2026-07-13T09:35:17.651Z,2026-07-13T09:35:17.651Z,0,2026-07-13T09:35:17.793Z,0x12d77a9f316a1459fb3b5a42ff6c11e779bc9f33340ee2ab460336a58d01c441,2026-07-13T09:35:22.217Z,success,38866,1000,6377255,0xce12068b0c9f34d7514adfee73f1e378a95e6a1368749f69d54dd2594f0da5e3,2026-07-13T09:35:22.217Z,4424,4424,4566,26,Untrusted,2026-07-13T09:34:36.426Z,0xf33c3fd3d24d9de4c36ccb0795ecc3b2877bb06362ea7b07bde6ffb3bf784174,,variant-batch live execution
datm-live-2026-07-13T09-30-04-165Z,B,entity-09-malicious,malicious,28,2026-07-13T09:35:17.651Z,2026-07-13T09:35:17.651Z,2026-07-13T09:35:17.651Z,0,2026-07-13T09:35:17.810Z,0xbe7caf93920e40672accb17929c73b258044af1d3c846987fdda3a147b990eaf,2026-07-13T09:35:22.246Z,success,38866,1000,6377255,0xce12068b0c9f34d7514adfee73f1e378a95e6a1368749f69d54dd2594f0da5e3,2026-07-13T09:35:22.246Z,4436,4436,4595,25,Untrusted,2026-07-13T09:34:36.426Z,0x74f0aaf0b4cbbc3e984bd2f0421b55cb7402f68c79119fcadcd3c9c1ef0bde7e,,variant-batch live execution
datm-live-2026-07-13T09-30-04-165Z,B,entity-10-malicious,malicious,28,2026-07-13T09:35:17.652Z,2026-07-13T09:35:17.652Z,2026-07-13T09:35:17.652Z,0,2026-07-13T09:35:17.810Z,0x88c505a2a2975fba4803a49674baae5ec85d9c2a11f878cc662cfb1694e9d570,2026-07-13T09:35:22.240Z,success,38854,1000,6377255,0xce12068b0c9f34d7514adfee73f1e378a95e6a1368749f69d54dd2594f0da5e3,2026-07-13T09:35:22.240Z,4430,4430,4588,24,Untrusted,2026-07-13T09:34:36.426Z,0x3f38a4a15ff2e56c40c3660792223bf23b1d25efee6b30c1556847ad6cd242bb,,variant-batch live execution
datm-live-2026-07-13T09-30-04-165Z,B,entity-01-normal,normal,29,2026-07-13T09:35:27.374Z,2026-07-13T09:35:27.374Z,2026-07-13T09:35:27.374Z,0,2026-07-13T09:35:27.496Z,0x528adf8f4c9efd52450f4b7f58a758210f9a542f9e1e8c4c8aabae7c6a4135a4,2026-07-13T09:35:31.728Z,success,38847,1000,6377257,0x4b95bfd383a6f569d6a932378dc3abec5d3204837d1f6c6646c87f06b78e5c1d,2026-07-13T09:35:31.728Z,4232,4232,4354,93,Trusted,2026-07-13T09:34:46.426Z,0xdbf502e65b251a881abb1730066ad01bbd371932f0ae337be561a7424a0e1c4c,,variant-batch live execution
datm-live-2026-07-13T09-30-04-165Z,B,entity-02-normal,normal,29,2026-07-13T09:35:27.375Z,2026-07-13T09:35:27.375Z,2026-07-13T09:35:27.375Z,0,2026-07-13T09:35:27.497Z,0xbdf58e797f6e98131029b847f6d0ac29ac18d1396331b56bfb46069a436696d9,2026-07-13T09:35:31.760Z,success,38847,1000,6377257,0x4b95bfd383a6f569d6a932378dc3abec5d3204837d1f6c6646c87f06b78e5c1d,2026-07-13T09:35:31.760Z,4263,4263,4385,92,Trusted,2026-07-13T09:34:46.426Z,0xa7aa7414adc037211bdb1b4611ef607f3791622b347240564da5c1832f19b992,,variant-batch live execution
datm-live-2026-07-13T09-30-04-165Z,B,entity-03-normal,normal,29,2026-07-13T09:35:27.375Z,2026-07-13T09:35:27.375Z,2026-07-13T09:35:27.375Z,0,2026-07-13T09:35:27.480Z,0x58db419f6ceb482d011ea5b213020030aab5807c3024533ff9d7043373fb3767,2026-07-13T09:35:31.731Z,success,38847,1000,6377257,0x4b95bfd383a6f569d6a932378dc3abec5d3204837d1f6c6646c87f06b78e5c1d,2026-07-13T09:35:31.731Z,4251,4251,4356,92,Trusted,2026-07-13T09:34:46.426Z,0x0f9125cc3434bdb85219e3e8897b972146c25d1a5812500c2543791a520e3e2d,,variant-batch live execution
datm-live-2026-07-13T09-30-04-165Z,B,entity-04-normal,normal,29,2026-07-13T09:35:27.375Z,2026-07-13T09:35:27.375Z,2026-07-13T09:35:27.375Z,0,2026-07-13T09:35:27.497Z,0x60cf216e8bcc507443daf061bae317417d5e4a54fc510971696c3748e73fff1b,2026-07-13T09:35:31.731Z,success,38847,1000,6377257,0x4b95bfd383a6f569d6a932378dc3abec5d3204837d1f6c6646c87f06b78e5c1d,2026-07-13T09:35:31.731Z,4234,4234,4356,93,Trusted,2026-07-13T09:34:46.426Z,0xb67377a8a86cb414898024f78711940aceb7575bd1e6c04230815ee1327aa9c1,,variant-batch live execution
datm-live-2026-07-13T09-30-04-165Z,B,entity-05-suspicious,suspicious,29,2026-07-13T09:35:27.375Z,2026-07-13T09:35:27.375Z,2026-07-13T09:35:27.375Z,0,2026-07-13T09:35:27.497Z,0x2249c4f08c138f3df8b6bf56ab1a453f1977b11d360d6008e843e3734130065d,2026-07-13T09:35:31.732Z,success,38867,1000,6377257,0x4b95bfd383a6f569d6a932378dc3abec5d3204837d1f6c6646c87f06b78e5c1d,2026-07-13T09:35:31.732Z,4235,4235,4357,62,Suspicious,2026-07-13T09:34:46.426Z,0x89bb531ac081a28e3fa3cec3785a45c3c03d8cd47cb78a41bbdfac9a9f055201,,variant-batch live execution
datm-live-2026-07-13T09-30-04-165Z,B,entity-06-suspicious,suspicious,29,2026-07-13T09:35:27.375Z,2026-07-13T09:35:27.375Z,2026-07-13T09:35:27.375Z,0,2026-07-13T09:35:27.497Z,0xab48c4e59da2d689030b155100f478a8ba443ec7ab0e1176e715b9f89fbcb6ec,2026-07-13T09:35:31.729Z,success,38855,1000,6377257,0x4b95bfd383a6f569d6a932378dc3abec5d3204837d1f6c6646c87f06b78e5c1d,2026-07-13T09:35:31.729Z,4232,4232,4354,58,Suspicious,2026-07-13T09:34:46.426Z,0x690adb07f4c4fffa74007b58e4b7204b2369685cecccdbf696cd38edbec85dd8,,variant-batch live execution
datm-live-2026-07-13T09-30-04-165Z,B,entity-07-suspicious,suspicious,29,2026-07-13T09:35:27.376Z,2026-07-13T09:35:27.376Z,2026-07-13T09:35:27.376Z,0,2026-07-13T09:35:27.513Z,0x21e902ebac34df8fa088343295fc77abb5d6a230d5320ab05bcf42282ac802a5,2026-07-13T09:35:31.951Z,success,38867,1000,6377257,0x4b95bfd383a6f569d6a932378dc3abec5d3204837d1f6c6646c87f06b78e5c1d,2026-07-13T09:35:31.951Z,4438,4438,4575,63,Suspicious,2026-07-13T09:34:46.426Z,0xfab5ae5ed8039d36db97d25b98c0303008b7970b387b588e552c8482b15205e4,,variant-batch live execution
datm-live-2026-07-13T09-30-04-165Z,B,entity-08-malicious,malicious,29,2026-07-13T09:35:27.376Z,2026-07-13T09:35:27.376Z,2026-07-13T09:35:27.376Z,0,2026-07-13T09:35:27.513Z,0x840b68e3b214c37f011a939edcd79bfe31a5d87d4d0e2bb065d550d693511357,2026-07-13T09:35:31.951Z,success,38866,1000,6377257,0x4b95bfd383a6f569d6a932378dc3abec5d3204837d1f6c6646c87f06b78e5c1d,2026-07-13T09:35:31.951Z,4438,4438,4575,25,Untrusted,2026-07-13T09:34:46.426Z,0x9e44ee6d3124f67e800501bf51e334d79b0ad589e034a85b6ba9fca7843d8dc5,,variant-batch live execution
datm-live-2026-07-13T09-30-04-165Z,B,entity-09-malicious,malicious,29,2026-07-13T09:35:27.376Z,2026-07-13T09:35:27.376Z,2026-07-13T09:35:27.376Z,0,2026-07-13T09:35:27.513Z,0x1861bac020b8ceb4fbcc90aec5572b831c94f5fde5deb0a526937c98a83f1e89,2026-07-13T09:35:31.978Z,success,38866,1000,6377257,0x4b95bfd383a6f569d6a932378dc3abec5d3204837d1f6c6646c87f06b78e5c1d,2026-07-13T09:35:31.978Z,4465,4465,4602,24,Untrusted,2026-07-13T09:34:46.426Z,0xa2a4203d61acba2e70c42c53d0d72581b84c3d09148a9a8d5bb35fa21c0a7c06,,variant-batch live execution
datm-live-2026-07-13T09-30-04-165Z,B,entity-10-malicious,malicious,29,2026-07-13T09:35:27.376Z,2026-07-13T09:35:27.376Z,2026-07-13T09:35:27.376Z,0,2026-07-13T09:35:27.514Z,0x62d4f1c368e73733268ce8e013fab354393a61bf83a29ce4b7eb79ba76129247,2026-07-13T09:35:31.952Z,success,38842,1000,6377257,0x4b95bfd383a6f569d6a932378dc3abec5d3204837d1f6c6646c87f06b78e5c1d,2026-07-13T09:35:31.952Z,4438,4438,4576,26,Untrusted,2026-07-13T09:34:46.426Z,0xd0c4cb1661c6049c73fca8195ce96fb000c492c863dc9781d3d7cfbbbdd03593,,variant-batch live execution
datm-live-2026-07-13T09-30-04-165Z,B,entity-01-normal,normal,30,2026-07-13T09:35:37.101Z,2026-07-13T09:35:37.101Z,2026-07-13T09:35:37.101Z,0,2026-07-13T09:35:37.241Z,0x3663210d2a1fc8894af4954748d0b1f2a3f5ddf0a784b3db514f323673842b66,2026-07-13T09:35:41.494Z,success,38847,1000,6377259,0xc215c79ad6c2a2173d4d8f2194beeac08c18b593b0ec903fc3543e1832d1e845,2026-07-13T09:35:41.494Z,4253,4253,4393,92,Trusted,2026-07-13T09:34:56.426Z,0x2331bf4d8f7ed35c6be5ef8c716e4106f1a7588f12c5f0f2a6f8d1c45a785294,,variant-batch live execution
datm-live-2026-07-13T09-30-04-165Z,B,entity-02-normal,normal,30,2026-07-13T09:35:37.102Z,2026-07-13T09:35:37.102Z,2026-07-13T09:35:37.102Z,0,2026-07-13T09:35:37.241Z,0xaf7edfe5f74423ac2a72cf7276fbec275424185819e14b6d12f1ea5600fa3b68,2026-07-13T09:35:41.496Z,success,38847,1000,6377259,0xc215c79ad6c2a2173d4d8f2194beeac08c18b593b0ec903fc3543e1832d1e845,2026-07-13T09:35:41.496Z,4255,4255,4394,91,Trusted,2026-07-13T09:34:56.426Z,0xeed55865a8775a9025907c7e5455f113c1fe3a49ef71362cf7cbb790afb38d15,,variant-batch live execution
datm-live-2026-07-13T09-30-04-165Z,B,entity-03-normal,normal,30,2026-07-13T09:35:37.102Z,2026-07-13T09:35:37.102Z,2026-07-13T09:35:37.102Z,0,2026-07-13T09:35:37.231Z,0x07f62855eef0c42c498131547b907d9e85c2d5942db370f7621c9e3ed1af481b,2026-07-13T09:35:41.491Z,success,38835,1000,6377259,0xc215c79ad6c2a2173d4d8f2194beeac08c18b593b0ec903fc3543e1832d1e845,2026-07-13T09:35:41.491Z,4260,4260,4389,92,Trusted,2026-07-13T09:34:56.426Z,0x27a36bc7b2a5b0a4d139056ad7bf483c5e7664e664f400f644e4025f4b1e6002,,variant-batch live execution
datm-live-2026-07-13T09-30-04-165Z,B,entity-04-normal,normal,30,2026-07-13T09:35:37.103Z,2026-07-13T09:35:37.103Z,2026-07-13T09:35:37.103Z,0,2026-07-13T09:35:37.241Z,0xfa10c606dd92b0d948a4f97af9e51e4dbb833d3d34a100a70f625ab73df3a87e,2026-07-13T09:35:41.494Z,success,38847,1000,6377259,0xc215c79ad6c2a2173d4d8f2194beeac08c18b593b0ec903fc3543e1832d1e845,2026-07-13T09:35:41.494Z,4253,4253,4391,92,Trusted,2026-07-13T09:34:56.426Z,0xd7de401d10a9ba194b7ef52d17aa39d00a5ba34b57c7caaa0b8045f09ca9f837,,variant-batch live execution
datm-live-2026-07-13T09-30-04-165Z,B,entity-05-suspicious,suspicious,30,2026-07-13T09:35:37.103Z,2026-07-13T09:35:37.103Z,2026-07-13T09:35:37.103Z,0,2026-07-13T09:35:37.241Z,0x64a22950bfe8bad15e0f4e11035a809e947c3d3dd36b01f0dfbdfeb9a187f432,2026-07-13T09:35:41.496Z,success,38867,1000,6377259,0xc215c79ad6c2a2173d4d8f2194beeac08c18b593b0ec903fc3543e1832d1e845,2026-07-13T09:35:41.496Z,4255,4255,4393,58,Suspicious,2026-07-13T09:34:56.426Z,0x1d2238f767c4a8fd727dae4bca050940aeb725c3f8b61d662093d853d6651754,,variant-batch live execution
datm-live-2026-07-13T09-30-04-165Z,B,entity-06-suspicious,suspicious,30,2026-07-13T09:35:37.113Z,2026-07-13T09:35:37.113Z,2026-07-13T09:35:37.113Z,0,2026-07-13T09:35:37.257Z,0x4c8ccaaa7aeb5dcf3d3234d300e3f8ee68fe794869bc483534bb5bc8f5e96dc1,2026-07-13T09:35:41.528Z,success,38867,1000,6377259,0xc215c79ad6c2a2173d4d8f2194beeac08c18b593b0ec903fc3543e1832d1e845,2026-07-13T09:35:41.528Z,4271,4271,4415,60,Suspicious,2026-07-13T09:34:56.426Z,0xbd4f74b03a63c84c0c9497d9e5fbbafe81e7f0f2473fb5dc337bee89192e05c7,,variant-batch live execution
datm-live-2026-07-13T09-30-04-165Z,B,entity-07-suspicious,suspicious,30,2026-07-13T09:35:37.113Z,2026-07-13T09:35:37.113Z,2026-07-13T09:35:37.113Z,0,2026-07-13T09:35:37.242Z,0x7cf6d11d85fcff9b0dc473c2eb02401238c1eaeabbb276d1ae7bfc3bee84fe02,2026-07-13T09:35:41.697Z,success,38867,1000,6377259,0xc215c79ad6c2a2173d4d8f2194beeac08c18b593b0ec903fc3543e1832d1e845,2026-07-13T09:35:41.697Z,4455,4455,4584,62,Suspicious,2026-07-13T09:34:56.426Z,0x1c0e7b5552a4c393c17f80c28be195beace970fdbeb77df2687e7cc2f3205db7,,variant-batch live execution
datm-live-2026-07-13T09-30-04-165Z,B,entity-08-malicious,malicious,30,2026-07-13T09:35:37.113Z,2026-07-13T09:35:37.113Z,2026-07-13T09:35:37.113Z,0,2026-07-13T09:35:37.258Z,0xde471fae439f23fb1a2a5a5b08820c862b8dff9907bf6ff5081e6a3e1516f3a5,2026-07-13T09:35:41.700Z,success,38866,1000,6377259,0xc215c79ad6c2a2173d4d8f2194beeac08c18b593b0ec903fc3543e1832d1e845,2026-07-13T09:35:41.700Z,4442,4442,4587,24,Untrusted,2026-07-13T09:34:56.426Z,0xb818dfaf65bde1904a4c34f07db6f0735e1990cd1ffb99cfe90cba8be6b9cc1a,,variant-batch live execution
datm-live-2026-07-13T09-30-04-165Z,B,entity-09-malicious,malicious,30,2026-07-13T09:35:37.113Z,2026-07-13T09:35:37.113Z,2026-07-13T09:35:37.113Z,0,2026-07-13T09:35:37.258Z,0xb346620713537208a74f8bfab12bbe5464c130c2f1ce694ca85d73335ac7a4de,2026-07-13T09:35:41.723Z,success,38866,1000,6377259,0xc215c79ad6c2a2173d4d8f2194beeac08c18b593b0ec903fc3543e1832d1e845,2026-07-13T09:35:41.723Z,4465,4465,4610,25,Untrusted,2026-07-13T09:34:56.426Z,0x0b6117ecad66220ebdf744c7ee1ccfa72eb85d96148e1352cc10fe0d89626de1,,variant-batch live execution
datm-live-2026-07-13T09-30-04-165Z,B,entity-10-malicious,malicious,30,2026-07-13T09:35:37.114Z,2026-07-13T09:35:37.114Z,2026-07-13T09:35:37.114Z,0,2026-07-13T09:35:37.258Z,0xc4b385a6b24ca2aa567e108f645e1b75a718458eb65eb85a7fbd81d2fa594fd8,2026-07-13T09:35:41.700Z,success,38854,1000,6377259,0xc215c79ad6c2a2173d4d8f2194beeac08c18b593b0ec903fc3543e1832d1e845,2026-07-13T09:35:41.700Z,4442,4442,4586,26,Untrusted,2026-07-13T09:34:56.426Z,0xb2ecd3875127d5ee4cb34f29cc837e5c1527999fb1084e9ad29152a778084c09,,variant-batch live execution
