run_id,variant,entity_id,entity_profile,sequence_no,scheduled_at,datm_start_at,datm_end_at,datm_processing_ms,submit_at,tx_hash,receipt_at,tx_status,gas_used,effective_gas_price,block_number,block_hash,block_timestamp,confirmation_latency_ms,block_inclusion_latency_ms,end_to_end_latency_ms,ats,trust_state,calc_timestamp,input_hash,error_code,error_message
datm-live-2026-07-13T09-20-52-051Z,A,entity-01-normal,normal,1,2026-07-13T09:20:52.442Z,2026-07-13T09:20:52.442Z,2026-07-13T09:20:52.442Z,0,2026-07-13T09:20:52.563Z,0xda5c1f08d87f3b5ea5c6d6d9a0a26e93d03c5cb5ccce968092dce5e74032b96b,2026-07-13T09:20:56.862Z,success,37763,1000,6377082,0x5119eefc31f4b430fd8719a49c4f1930eee72f2198f64ed75dbebb8c2051ab1e,2026-07-13T09:20:56.862Z,4299,4299,4420,89,Trusted,2026-07-13T09:20:52.232Z,0xe9240d7fc6b1aa932937bf9931bbb000c23d7d33c08d62aaa3f9535e84f8ffc9,,variant-batch live execution
datm-live-2026-07-13T09-20-52-051Z,A,entity-02-normal,normal,1,2026-07-13T09:20:52.445Z,2026-07-13T09:20:52.445Z,2026-07-13T09:20:52.445Z,0,2026-07-13T09:20:52.587Z,0xe4f7ce6dbb5d9aa64042205026c9a60013107f4a1dc38b93a2032e0a076d387d,2026-07-13T09:20:56.855Z,success,37775,1000,6377082,0x5119eefc31f4b430fd8719a49c4f1930eee72f2198f64ed75dbebb8c2051ab1e,2026-07-13T09:20:56.855Z,4268,4268,4410,90,Trusted,2026-07-13T09:20:52.232Z,0xe22d19b4a6cf04be86027fce68bfc64835d8650aec2759ebab4afe4277886815,,variant-batch live execution
datm-live-2026-07-13T09-20-52-051Z,A,entity-03-normal,normal,1,2026-07-13T09:20:52.446Z,2026-07-13T09:20:52.446Z,2026-07-13T09:20:52.446Z,0,2026-07-13T09:20:52.587Z,0x05b172b35bc4f4123a064d7b9886ed73271ddbe13f01de876e2135dcb0bd3772,2026-07-13T09:20:56.855Z,success,37775,1000,6377082,0x5119eefc31f4b430fd8719a49c4f1930eee72f2198f64ed75dbebb8c2051ab1e,2026-07-13T09:20:56.855Z,4268,4268,4409,90,Trusted,2026-07-13T09:20:52.232Z,0xa4c1f5d91cfd62d15cc2267efd8cf6b8fe22272b55f1644fb5012bb828a45a47,,variant-batch live execution
datm-live-2026-07-13T09-20-52-051Z,A,entity-04-normal,normal,1,2026-07-13T09:20:52.447Z,2026-07-13T09:20:52.447Z,2026-07-13T09:20:52.447Z,0,2026-07-13T09:20:52.587Z,0xc29feb2a8540fedd9a675faff2beabbbc0732f15fb43900fc83bd68587447856,2026-07-13T09:20:56.862Z,success,37775,1000,6377082,0x5119eefc31f4b430fd8719a49c4f1930eee72f2198f64ed75dbebb8c2051ab1e,2026-07-13T09:20:56.862Z,4275,4275,4415,89,Trusted,2026-07-13T09:20:52.232Z,0x797646cc58509bab67fccabcfee9089bfd36aa8760e440b07fcb60bfcb3a24d9,,variant-batch live execution
datm-live-2026-07-13T09-20-52-051Z,A,entity-05-suspicious,suspicious,1,2026-07-13T09:20:52.447Z,2026-07-13T09:20:52.447Z,2026-07-13T09:20:52.447Z,0,2026-07-13T09:20:52.587Z,0xba244daf5ec819cf0adb345d5bfdc3496baa8577231fb50f44c9e112b7e2fb90,2026-07-13T09:20:56.874Z,success,37763,1000,6377082,0x5119eefc31f4b430fd8719a49c4f1930eee72f2198f64ed75dbebb8c2051ab1e,2026-07-13T09:20:56.874Z,4287,4287,4427,63,Suspicious,2026-07-13T09:20:52.232Z,0x79ef406a275d003b31b30a2363e6abecc9cd0f1a1c37ac799f605143e20b4b05,,variant-batch live execution
datm-live-2026-07-13T09-20-52-051Z,A,entity-06-suspicious,suspicious,1,2026-07-13T09:20:52.447Z,2026-07-13T09:20:52.447Z,2026-07-13T09:20:52.447Z,0,2026-07-13T09:20:52.587Z,0xc4ee32368c81cb378be57451892c2bd0c3fd0e3f25a2a9a9effccb43aa254ad6,2026-07-13T09:20:56.845Z,success,37775,1000,6377082,0x5119eefc31f4b430fd8719a49c4f1930eee72f2198f64ed75dbebb8c2051ab1e,2026-07-13T09:20:56.845Z,4258,4258,4398,60,Suspicious,2026-07-13T09:20:52.232Z,0x3bc3ba6502071f44adadcdf47f1dc0364636f5c52d71235997f30fa597a0e42e,,variant-batch live execution
datm-live-2026-07-13T09-20-52-051Z,A,entity-07-suspicious,suspicious,1,2026-07-13T09:20:52.448Z,2026-07-13T09:20:52.448Z,2026-07-13T09:20:52.448Z,0,2026-07-13T09:20:52.592Z,0x57a33c9eca6dd3905476c26a6c97f9dc6a7e0f5f117534a64f566352b38661ab,2026-07-13T09:20:57.079Z,success,37775,1000,6377082,0x5119eefc31f4b430fd8719a49c4f1930eee72f2198f64ed75dbebb8c2051ab1e,2026-07-13T09:20:57.079Z,4487,4487,4631,61,Suspicious,2026-07-13T09:20:52.232Z,0x2c3d1eaa83a74ae34e343cf33506c2903bb883e1bec54802affcff5e7ef5c07f,,variant-batch live execution
datm-live-2026-07-13T09-20-52-051Z,A,entity-08-malicious,malicious,1,2026-07-13T09:20:52.448Z,2026-07-13T09:20:52.448Z,2026-07-13T09:20:52.448Z,0,2026-07-13T09:20:52.592Z,0x88fe11e593519681769adf67d5c89273372ca145e08cf34be309c8d4c337ab75,2026-07-13T09:20:57.079Z,success,37775,1000,6377082,0x5119eefc31f4b430fd8719a49c4f1930eee72f2198f64ed75dbebb8c2051ab1e,2026-07-13T09:20:57.079Z,4487,4487,4631,31,Untrusted,2026-07-13T09:20:52.232Z,0xd14f96b2ea414ea7e7b451162ad78ee9f9f731d939bef51c8bc3350f5d232189,,variant-batch live execution
datm-live-2026-07-13T09-20-52-051Z,A,entity-09-malicious,malicious,1,2026-07-13T09:20:52.449Z,2026-07-13T09:20:52.449Z,2026-07-13T09:20:52.449Z,0,2026-07-13T09:20:52.593Z,0xaa10e037c0205cd6c4a5c24e20177105989b1ae223b427338236fbd7f4d666c6,2026-07-13T09:20:57.077Z,success,37775,1000,6377082,0x5119eefc31f4b430fd8719a49c4f1930eee72f2198f64ed75dbebb8c2051ab1e,2026-07-13T09:20:57.077Z,4484,4484,4628,29,Untrusted,2026-07-13T09:20:52.232Z,0x303ce4feea67951ecdbe77a19ad9772dbfcd21776a6639c13418f1ba21621185,,variant-batch live execution
datm-live-2026-07-13T09-20-52-051Z,A,entity-10-malicious,malicious,1,2026-07-13T09:20:52.449Z,2026-07-13T09:20:52.449Z,2026-07-13T09:20:52.449Z,0,2026-07-13T09:20:52.593Z,0x57985d929b701947294ac6d6590232d1548f32bfb635e3d8d8ddac02f1c35e0a,2026-07-13T09:20:57.106Z,success,37763,1000,6377082,0x5119eefc31f4b430fd8719a49c4f1930eee72f2198f64ed75dbebb8c2051ab1e,2026-07-13T09:20:57.106Z,4513,4513,4657,29,Untrusted,2026-07-13T09:20:52.232Z,0x2f0845bf4c60f8332d78b8e7e345a23afe93da935e3c1e897983fae774cef5e7,,variant-batch live execution
datm-live-2026-07-13T09-20-52-051Z,A,entity-01-normal,normal,2,2026-07-13T09:21:02.221Z,2026-07-13T09:21:02.221Z,2026-07-13T09:21:02.221Z,0,2026-07-13T09:21:02.369Z,0x43cca1c350b91dc8bf009c78b62a3a4c10cf9f290fc346d69acc46e5222f0092,2026-07-13T09:21:06.646Z,success,37763,1000,6377084,0xc9fbbf8942b1010f32238212395ce654640532f7cf1771021a32d4ddd6a420d4,2026-07-13T09:21:06.646Z,4277,4277,4425,93,Trusted,2026-07-13T09:21:02.232Z,0x9f3a90c3796e6f4144f13ba7d6c47a7cdc3eb6584d00b01f8e9166c5e72e52f7,,variant-batch live execution
datm-live-2026-07-13T09-20-52-051Z,A,entity-02-normal,normal,2,2026-07-13T09:21:02.223Z,2026-07-13T09:21:02.223Z,2026-07-13T09:21:02.223Z,0,2026-07-13T09:21:02.370Z,0xe8eb63951427383feb03cb58f9960051c8606f780212f0b7061fb4e803b115a3,2026-07-13T09:21:06.646Z,success,37775,1000,6377084,0xc9fbbf8942b1010f32238212395ce654640532f7cf1771021a32d4ddd6a420d4,2026-07-13T09:21:06.646Z,4276,4276,4423,93,Trusted,2026-07-13T09:21:02.232Z,0x6d57f9a54bd746c71abbbe4665bd50eab817d8f305750a6a978e590be7bcb563,,variant-batch live execution
datm-live-2026-07-13T09-20-52-051Z,A,entity-03-normal,normal,2,2026-07-13T09:21:02.225Z,2026-07-13T09:21:02.225Z,2026-07-13T09:21:02.225Z,0,2026-07-13T09:21:02.387Z,0x6896acfd417b2ffbcc13f42702e5e2ca6fc124f0382e3b6d03474330ae2b1cf9,2026-07-13T09:21:06.665Z,success,37775,1000,6377084,0xc9fbbf8942b1010f32238212395ce654640532f7cf1771021a32d4ddd6a420d4,2026-07-13T09:21:06.665Z,4278,4278,4440,91,Trusted,2026-07-13T09:21:02.232Z,0xabffaf568653afd59b016c77019c93d8e2c2658a6ce9ecb43166874deefb34cf,,variant-batch live execution
datm-live-2026-07-13T09-20-52-051Z,A,entity-04-normal,normal,2,2026-07-13T09:21:02.226Z,2026-07-13T09:21:02.226Z,2026-07-13T09:21:02.226Z,0,2026-07-13T09:21:02.399Z,0xc31b4a49a92c0eeaaed3dce2651263a50ad9f987466a188946f875a4bb13e5f2,2026-07-13T09:21:06.641Z,success,37775,1000,6377084,0xc9fbbf8942b1010f32238212395ce654640532f7cf1771021a32d4ddd6a420d4,2026-07-13T09:21:06.641Z,4242,4242,4415,93,Trusted,2026-07-13T09:21:02.232Z,0x77eafcccc9d4d4517cddafe7ef38ac5a06a027277ea811d56a2bad668abceec1,,variant-batch live execution
datm-live-2026-07-13T09-20-52-051Z,A,entity-05-suspicious,suspicious,2,2026-07-13T09:21:02.226Z,2026-07-13T09:21:02.226Z,2026-07-13T09:21:02.226Z,0,2026-07-13T09:21:02.387Z,0x80da1d2314c018c5b76d2535f91f050bc705ea4af5443630d10cf6454c49fd93,2026-07-13T09:21:06.643Z,success,37763,1000,6377084,0xc9fbbf8942b1010f32238212395ce654640532f7cf1771021a32d4ddd6a420d4,2026-07-13T09:21:06.643Z,4256,4256,4417,60,Suspicious,2026-07-13T09:21:02.232Z,0xf31d001dc1554de1ecfa1d5d9bad423ca8d37dbbad4fdaee2b082e20b5c03834,,variant-batch live execution
datm-live-2026-07-13T09-20-52-051Z,A,entity-06-suspicious,suspicious,2,2026-07-13T09:21:02.226Z,2026-07-13T09:21:02.226Z,2026-07-13T09:21:02.226Z,0,2026-07-13T09:21:02.388Z,0x080e586131bf4f12f81388f9da22d456b0551b82a5057dae5f9c0d9e2977e2bf,2026-07-13T09:21:06.644Z,success,37775,1000,6377084,0xc9fbbf8942b1010f32238212395ce654640532f7cf1771021a32d4ddd6a420d4,2026-07-13T09:21:06.644Z,4256,4256,4418,60,Suspicious,2026-07-13T09:21:02.232Z,0x0915c733cb679605492988b7612269675a0c8d6fbb14507b20bf0667255158d8,,variant-batch live execution
datm-live-2026-07-13T09-20-52-051Z,A,entity-07-suspicious,suspicious,2,2026-07-13T09:21:02.227Z,2026-07-13T09:21:02.227Z,2026-07-13T09:21:02.227Z,0,2026-07-13T09:21:02.388Z,0xabb85f5f832826d6c3424ca3da145a11bbe53159104071bc903d6402d5352151,2026-07-13T09:21:06.856Z,success,37775,1000,6377084,0xc9fbbf8942b1010f32238212395ce654640532f7cf1771021a32d4ddd6a420d4,2026-07-13T09:21:06.856Z,4468,4468,4629,63,Suspicious,2026-07-13T09:21:02.232Z,0x5b1469aab52093aa86c5d7eca2fa2e4a06bc18d8b82c029c8f6d3e6437bb94ce,,variant-batch live execution
datm-live-2026-07-13T09-20-52-051Z,A,entity-08-malicious,malicious,2,2026-07-13T09:21:02.227Z,2026-07-13T09:21:02.227Z,2026-07-13T09:21:02.227Z,0,2026-07-13T09:21:02.388Z,0x5182ee774cd4a02e4225fa008f466b956dc0dbf3db044dd38cd00f4234c80de1,2026-07-13T09:21:06.860Z,success,37775,1000,6377084,0xc9fbbf8942b1010f32238212395ce654640532f7cf1771021a32d4ddd6a420d4,2026-07-13T09:21:06.860Z,4472,4472,4633,30,Untrusted,2026-07-13T09:21:02.232Z,0xa2e1a3c4c7599595ff45f418f006cddcb63b2a5bf283c23acd95be7313d45ecb,,variant-batch live execution
datm-live-2026-07-13T09-20-52-051Z,A,entity-09-malicious,malicious,2,2026-07-13T09:21:02.227Z,2026-07-13T09:21:02.227Z,2026-07-13T09:21:02.227Z,0,2026-07-13T09:21:02.399Z,0xd304f0d696ddb26618e50e256098b7c6074dd9757ce3d2c5c4ab2228af1c2fe7,2026-07-13T09:21:06.860Z,success,37763,1000,6377084,0xc9fbbf8942b1010f32238212395ce654640532f7cf1771021a32d4ddd6a420d4,2026-07-13T09:21:06.860Z,4461,4461,4633,28,Untrusted,2026-07-13T09:21:02.232Z,0x3bde3e9fb8b533e414fdad8691008ba70e80a2d5b2a60ce79f54b44c34d0d253,,variant-batch live execution
datm-live-2026-07-13T09-20-52-051Z,A,entity-10-malicious,malicious,2,2026-07-13T09:21:02.228Z,2026-07-13T09:21:02.228Z,2026-07-13T09:21:02.228Z,0,2026-07-13T09:21:02.399Z,0xaf8adb63c6cf4830dcc80b56f50b4b5c0ad4dba4fc6fc50c262f1452a878cebc,2026-07-13T09:21:06.884Z,success,37763,1000,6377084,0xc9fbbf8942b1010f32238212395ce654640532f7cf1771021a32d4ddd6a420d4,2026-07-13T09:21:06.884Z,4485,4485,4656,32,Untrusted,2026-07-13T09:21:02.232Z,0xd41acc54f44d99b3218f8603d3b21be24708d376314c4608d238810ac9719518,,variant-batch live execution
datm-live-2026-07-13T09-20-52-051Z,A,entity-01-normal,normal,3,2026-07-13T09:21:12.001Z,2026-07-13T09:21:12.001Z,2026-07-13T09:21:12.001Z,0,2026-07-13T09:21:12.259Z,0xb2b4e8905549a119473efc0a2b4af51b9aac62da78770fc4acf59ded127c49f1,2026-07-13T09:21:16.785Z,success,37763,1000,6377086,0x8ad086cf027fac74ebc09a4a77ad03367c8e6b33bb627d0a978f6f1126bace36,2026-07-13T09:21:16.785Z,4526,4526,4784,93,Trusted,2026-07-13T09:21:12.232Z,0xac7bba9b56a7c121303b6543b4ba62a6b465e6e738783c62f728dc3d29097700,,variant-batch live execution
datm-live-2026-07-13T09-20-52-051Z,A,entity-02-normal,normal,3,2026-07-13T09:21:12.003Z,2026-07-13T09:21:12.003Z,2026-07-13T09:21:12.003Z,0,2026-07-13T09:21:12.260Z,0x749c4a49035c42ecfa4924cad8f04e63da262f2706d4b75e1391c323b26d32ea,2026-07-13T09:21:16.762Z,success,37775,1000,6377086,0x8ad086cf027fac74ebc09a4a77ad03367c8e6b33bb627d0a978f6f1126bace36,2026-07-13T09:21:16.762Z,4502,4502,4759,92,Trusted,2026-07-13T09:21:12.232Z,0xf615043d27f75aa48a41055a5e7c3bae1539681c32df36e7a71a88d536df85e1,,variant-batch live execution
datm-live-2026-07-13T09-20-52-051Z,A,entity-03-normal,normal,3,2026-07-13T09:21:12.003Z,2026-07-13T09:21:12.003Z,2026-07-13T09:21:12.003Z,0,2026-07-13T09:21:12.260Z,0x624c427a9d68ea7ef79983bf77af0fbf844b666077fc80e4742a7dc23c963540,2026-07-13T09:21:16.747Z,success,37775,1000,6377086,0x8ad086cf027fac74ebc09a4a77ad03367c8e6b33bb627d0a978f6f1126bace36,2026-07-13T09:21:16.747Z,4487,4487,4744,93,Trusted,2026-07-13T09:21:12.232Z,0xd45a4f8611368a51dd55c13c61a72e3dd64b6568a7a3151d353c755d6f14ee6a,,variant-batch live execution
datm-live-2026-07-13T09-20-52-051Z,A,entity-04-normal,normal,3,2026-07-13T09:21:12.004Z,2026-07-13T09:21:12.004Z,2026-07-13T09:21:12.004Z,0,2026-07-13T09:21:12.261Z,0x30b452b9bd8a8ac8df535a40c332c394fa347d0c1d3286213e1bed6a1ab8c8ff,2026-07-13T09:21:16.759Z,success,37775,1000,6377086,0x8ad086cf027fac74ebc09a4a77ad03367c8e6b33bb627d0a978f6f1126bace36,2026-07-13T09:21:16.759Z,4498,4498,4755,93,Trusted,2026-07-13T09:21:12.232Z,0xbf439e4ff3c103ace229cd7a69e6a1a4f95f7772e558461a8bd7c857e23df136,,variant-batch live execution
datm-live-2026-07-13T09-20-52-051Z,A,entity-05-suspicious,suspicious,3,2026-07-13T09:21:12.004Z,2026-07-13T09:21:12.004Z,2026-07-13T09:21:12.004Z,0,2026-07-13T09:21:12.274Z,0x0813eb4f132e8b6cf833427ee6b3a513336ab4df6970228f988a3f3c0b49e78c,2026-07-13T09:21:16.746Z,success,37775,1000,6377086,0x8ad086cf027fac74ebc09a4a77ad03367c8e6b33bb627d0a978f6f1126bace36,2026-07-13T09:21:16.746Z,4472,4472,4742,60,Suspicious,2026-07-13T09:21:12.232Z,0xc23a6cc29b63476de62bb6e18722040bfc38928bed63a3820394cfaf07b5e3d0,,variant-batch live execution
datm-live-2026-07-13T09-20-52-051Z,A,entity-06-suspicious,suspicious,3,2026-07-13T09:21:12.004Z,2026-07-13T09:21:12.004Z,2026-07-13T09:21:12.004Z,0,2026-07-13T09:21:12.413Z,0x231ab68628696d4de1956eda4849dbea28273851f32c60e31a8db302d1560b3b,2026-07-13T09:21:16.753Z,success,37775,1000,6377086,0x8ad086cf027fac74ebc09a4a77ad03367c8e6b33bb627d0a978f6f1126bace36,2026-07-13T09:21:16.753Z,4340,4340,4749,64,Suspicious,2026-07-13T09:21:12.232Z,0x5027066e3be96032469140aabcc830cc25022d4461a042f68dcbb91b5966529d,,variant-batch live execution
datm-live-2026-07-13T09-20-52-051Z,A,entity-07-suspicious,suspicious,3,2026-07-13T09:21:12.005Z,2026-07-13T09:21:12.005Z,2026-07-13T09:21:12.005Z,0,2026-07-13T09:21:12.275Z,0x262c1454c89afb136ffdbf4990ede60b1a4a36e1122d83244b2244414532773e,2026-07-13T09:21:16.984Z,success,37775,1000,6377086,0x8ad086cf027fac74ebc09a4a77ad03367c8e6b33bb627d0a978f6f1126bace36,2026-07-13T09:21:16.984Z,4709,4709,4979,60,Suspicious,2026-07-13T09:21:12.232Z,0xe37b95ab3f55fa78d3674dfa916139e218ae3a1c3c4f891565e1d4dc836f4401,,variant-batch live execution
datm-live-2026-07-13T09-20-52-051Z,A,entity-08-malicious,malicious,3,2026-07-13T09:21:12.006Z,2026-07-13T09:21:12.006Z,2026-07-13T09:21:12.006Z,0,2026-07-13T09:21:12.276Z,0xf946aeb06597262828539f497e42179db722f60404d3e7ac62bc568122c56a7e,2026-07-13T09:21:16.963Z,success,37775,1000,6377086,0x8ad086cf027fac74ebc09a4a77ad03367c8e6b33bb627d0a978f6f1126bace36,2026-07-13T09:21:16.963Z,4687,4687,4957,28,Untrusted,2026-07-13T09:21:12.232Z,0x8c8be3d6e938e5f987f9d1f98a66292ed93dca28d51f35b52c1f0d24e83a6154,,variant-batch live execution
datm-live-2026-07-13T09-20-52-051Z,A,entity-09-malicious,malicious,3,2026-07-13T09:21:12.006Z,2026-07-13T09:21:12.006Z,2026-07-13T09:21:12.006Z,0,2026-07-13T09:21:12.277Z,0x2422a4c77c497e31c49ce086593dd4a5e21186b38d5b13688fa19d1727ec131a,2026-07-13T09:21:16.962Z,success,37775,1000,6377086,0x8ad086cf027fac74ebc09a4a77ad03367c8e6b33bb627d0a978f6f1126bace36,2026-07-13T09:21:16.962Z,4685,4685,4956,30,Untrusted,2026-07-13T09:21:12.232Z,0x3f51dc908aa1ede1e0c5193d94c3e5e75ddafcd187fc9fd6babaddc0d4dc4ff0,,variant-batch live execution
datm-live-2026-07-13T09-20-52-051Z,A,entity-10-malicious,malicious,3,2026-07-13T09:21:12.006Z,2026-07-13T09:21:12.006Z,2026-07-13T09:21:12.006Z,0,2026-07-13T09:21:12.277Z,0xe10b376526c26176eaf810f9315da503de4d7348952a95dc76911fbab35c3396,2026-07-13T09:21:17.016Z,success,37763,1000,6377086,0x8ad086cf027fac74ebc09a4a77ad03367c8e6b33bb627d0a978f6f1126bace36,2026-07-13T09:21:17.016Z,4739,4739,5010,30,Untrusted,2026-07-13T09:21:12.232Z,0x9f894c355bb568639598749a26dae095aaec14bee8805a79050ab08ef17cb9fc,,variant-batch live execution
datm-live-2026-07-13T09-20-52-051Z,A,entity-01-normal,normal,4,2026-07-13T09:21:22.132Z,2026-07-13T09:21:22.132Z,2026-07-13T09:21:22.132Z,0,2026-07-13T09:21:22.275Z,0x9f8e8910cd241fcf7ee89f0f11231122d39d7472359de21cd0f8521772f28036,2026-07-13T09:21:26.539Z,success,37775,1000,6377088,0xca6642e14a3a02b96b53c79e61645dbac414c179510214f55f411f4ab7d519d1,2026-07-13T09:21:26.539Z,4264,4264,4407,91,Trusted,2026-07-13T09:21:22.232Z,0xb55f1277b567e0dca95b195de924f92199ecb2a18968362a532ad7e1dc4edbc5,,variant-batch live execution
datm-live-2026-07-13T09-20-52-051Z,A,entity-02-normal,normal,4,2026-07-13T09:21:22.133Z,2026-07-13T09:21:22.133Z,2026-07-13T09:21:22.133Z,0,2026-07-13T09:21:22.258Z,0xbe53a111bd14e6abc8652ca820a5e14aca6773455c34bf079fc5ae54d90a6c15,2026-07-13T09:21:26.551Z,success,37775,1000,6377088,0xca6642e14a3a02b96b53c79e61645dbac414c179510214f55f411f4ab7d519d1,2026-07-13T09:21:26.551Z,4293,4293,4418,93,Trusted,2026-07-13T09:21:22.232Z,0x7339121eb8e754fc8befba69eca0394e59089686b156f9c5ec0edb49a4bbeb23,,variant-batch live execution
datm-live-2026-07-13T09-20-52-051Z,A,entity-03-normal,normal,4,2026-07-13T09:21:22.134Z,2026-07-13T09:21:22.134Z,2026-07-13T09:21:22.134Z,0,2026-07-13T09:21:22.275Z,0xbc395015bd677fbe5788511b16a8151db1dbe5870c67081a52fb7eb03088284a,2026-07-13T09:21:26.552Z,success,37775,1000,6377088,0xca6642e14a3a02b96b53c79e61645dbac414c179510214f55f411f4ab7d519d1,2026-07-13T09:21:26.552Z,4277,4277,4418,93,Trusted,2026-07-13T09:21:22.232Z,0xcc586edfedfe617ebc8026106d795cc75c0a01ae6101c71a6cc33845a845f0d2,,variant-batch live execution
datm-live-2026-07-13T09-20-52-051Z,A,entity-04-normal,normal,4,2026-07-13T09:21:22.134Z,2026-07-13T09:21:22.134Z,2026-07-13T09:21:22.134Z,0,2026-07-13T09:21:22.276Z,0x4cf0d11b441a76d9d0e06522c1e881d55dbf98d7d7efeb3e644bd4bcc1d5b7a1,2026-07-13T09:21:26.572Z,success,37775,1000,6377088,0xca6642e14a3a02b96b53c79e61645dbac414c179510214f55f411f4ab7d519d1,2026-07-13T09:21:26.572Z,4296,4296,4438,91,Trusted,2026-07-13T09:21:22.232Z,0x16ae6d33724e75a960096cf6090deba9cfc194cb4ba866a3dc4a16334b24fe56,,variant-batch live execution
datm-live-2026-07-13T09-20-52-051Z,A,entity-05-suspicious,suspicious,4,2026-07-13T09:21:22.135Z,2026-07-13T09:21:22.135Z,2026-07-13T09:21:22.135Z,0,2026-07-13T09:21:22.276Z,0x0e396e89e904c8ee4ddd451b0fadd5b85a2bf4fbbba3912b780b030cab8fa5c8,2026-07-13T09:21:26.553Z,success,37775,1000,6377088,0xca6642e14a3a02b96b53c79e61645dbac414c179510214f55f411f4ab7d519d1,2026-07-13T09:21:26.553Z,4277,4277,4418,64,Suspicious,2026-07-13T09:21:22.232Z,0x7c36ca8ed50b5a0524da660a9ca118eea765d70242f61851aff2a576bd19610c,,variant-batch live execution
datm-live-2026-07-13T09-20-52-051Z,A,entity-06-suspicious,suspicious,4,2026-07-13T09:21:22.135Z,2026-07-13T09:21:22.135Z,2026-07-13T09:21:22.135Z,0,2026-07-13T09:21:22.276Z,0x711b1ea949fa25e3b1313a55502a35c5939956656d44b5659887edd920871d43,2026-07-13T09:21:26.555Z,success,37775,1000,6377088,0xca6642e14a3a02b96b53c79e61645dbac414c179510214f55f411f4ab7d519d1,2026-07-13T09:21:26.555Z,4279,4279,4420,61,Suspicious,2026-07-13T09:21:22.232Z,0xfde8bae8237ba8caf6e062ccd49dd0f66f61319934c865955e77399b246bada5,,variant-batch live execution
datm-live-2026-07-13T09-20-52-051Z,A,entity-07-suspicious,suspicious,4,2026-07-13T09:21:22.136Z,2026-07-13T09:21:22.136Z,2026-07-13T09:21:22.136Z,0,2026-07-13T09:21:22.289Z,0x1c1adf7b63171597352e660d86e60bf0fd5aaeaa00b3d5de65f858650f2a2927,2026-07-13T09:21:26.763Z,success,37775,1000,6377088,0xca6642e14a3a02b96b53c79e61645dbac414c179510214f55f411f4ab7d519d1,2026-07-13T09:21:26.763Z,4474,4474,4627,60,Suspicious,2026-07-13T09:21:22.232Z,0xc2ddebf954b734b41b131e1d9ccf0f2ed33a3cf5cb17cc7ab84a1daa1e6dc520,,variant-batch live execution
datm-live-2026-07-13T09-20-52-051Z,A,entity-08-malicious,malicious,4,2026-07-13T09:21:22.136Z,2026-07-13T09:21:22.136Z,2026-07-13T09:21:22.136Z,0,2026-07-13T09:21:22.290Z,0x4bd1038294bc0e9f8c58736c2bda104e040bb151e787d958f1e2c0e1f3819b36,2026-07-13T09:21:26.775Z,success,37775,1000,6377088,0xca6642e14a3a02b96b53c79e61645dbac414c179510214f55f411f4ab7d519d1,2026-07-13T09:21:26.775Z,4485,4485,4639,30,Untrusted,2026-07-13T09:21:22.232Z,0x9f1a4d4a6d550ad71e4d40905574926d4ad80aa8c0633fa7a6aab1cf853ff83d,,variant-batch live execution
datm-live-2026-07-13T09-20-52-051Z,A,entity-09-malicious,malicious,4,2026-07-13T09:21:22.137Z,2026-07-13T09:21:22.137Z,2026-07-13T09:21:22.137Z,0,2026-07-13T09:21:22.290Z,0xa3904f62e09fccae902003fe23a6ace72bb59a88a9ce8023caed98e385129f6a,2026-07-13T09:21:26.765Z,success,37763,1000,6377088,0xca6642e14a3a02b96b53c79e61645dbac414c179510214f55f411f4ab7d519d1,2026-07-13T09:21:26.765Z,4475,4475,4628,29,Untrusted,2026-07-13T09:21:22.232Z,0x6e9cc5e18462a961209330dd5e005259c3bd3e034bbb0758bf9fcf6b548fdeaa,,variant-batch live execution
datm-live-2026-07-13T09-20-52-051Z,A,entity-10-malicious,malicious,4,2026-07-13T09:21:22.137Z,2026-07-13T09:21:22.137Z,2026-07-13T09:21:22.137Z,0,2026-07-13T09:21:22.290Z,0xf2ea8e7e6cce91b5448346f3b5c8b14e39cbc759c30ed8c4af72a917aa9f624f,2026-07-13T09:21:26.790Z,success,37751,1000,6377088,0xca6642e14a3a02b96b53c79e61645dbac414c179510214f55f411f4ab7d519d1,2026-07-13T09:21:26.790Z,4500,4500,4653,29,Untrusted,2026-07-13T09:21:22.232Z,0xba73e7dc30ee0ea225878be3745700012e66f052abdf5461adbac0a286858b3e,,variant-batch live execution
datm-live-2026-07-13T09-20-52-051Z,A,entity-01-normal,normal,5,2026-07-13T09:21:31.917Z,2026-07-13T09:21:31.917Z,2026-07-13T09:21:31.917Z,0,2026-07-13T09:21:32.235Z,0x8d9616f09f92ddb23794dd519cd34149bec767ebd1c50c87622cc15b0a6b5eed,2026-07-13T09:21:36.747Z,success,37775,1000,6377090,0x2e53df5e17dfae1fb9ba3ea0945a4b983657d3cbe3baf8c38058b185a6f2082f,2026-07-13T09:21:36.747Z,4512,4512,4830,93,Trusted,2026-07-13T09:21:32.232Z,0x61d5e8741de2e0aa0beeb471139eca6c0e363210097c5b248efbb11e74aa5510,,variant-batch live execution
datm-live-2026-07-13T09-20-52-051Z,A,entity-02-normal,normal,5,2026-07-13T09:21:31.917Z,2026-07-13T09:21:31.917Z,2026-07-13T09:21:31.917Z,0,2026-07-13T09:21:32.235Z,0xc42621003592ae7c9bf604bce94ba1eebac1d36079e995176b8a3d2dcf19ede6,2026-07-13T09:21:36.746Z,success,37775,1000,6377090,0x2e53df5e17dfae1fb9ba3ea0945a4b983657d3cbe3baf8c38058b185a6f2082f,2026-07-13T09:21:36.746Z,4511,4511,4829,93,Trusted,2026-07-13T09:21:32.232Z,0x47907c736820640cf578f1c8d9ad74d0f93f0d8aaf4456d33e76adfcc4ac60c9,,variant-batch live execution
datm-live-2026-07-13T09-20-52-051Z,A,entity-03-normal,normal,5,2026-07-13T09:21:31.918Z,2026-07-13T09:21:31.918Z,2026-07-13T09:21:31.918Z,0,2026-07-13T09:21:32.235Z,0xba681cd11051d5bff08fec12441d7073a80c2bb503c43022e08286f85df603c5,2026-07-13T09:21:36.748Z,success,37763,1000,6377090,0x2e53df5e17dfae1fb9ba3ea0945a4b983657d3cbe3baf8c38058b185a6f2082f,2026-07-13T09:21:36.748Z,4513,4513,4830,92,Trusted,2026-07-13T09:21:32.232Z,0x8de5b85c3dcd5afba375b2e93d8b21a9c317c4dfad3000afdd3592205dff2e39,,variant-batch live execution
datm-live-2026-07-13T09-20-52-051Z,A,entity-04-normal,normal,5,2026-07-13T09:21:31.918Z,2026-07-13T09:21:31.918Z,2026-07-13T09:21:31.918Z,0,2026-07-13T09:21:32.235Z,0x33373fd7a2ed129351951ae7987ec2e04baafc31c9145336d98b8987dab5cc58,2026-07-13T09:21:36.750Z,success,37775,1000,6377090,0x2e53df5e17dfae1fb9ba3ea0945a4b983657d3cbe3baf8c38058b185a6f2082f,2026-07-13T09:21:36.750Z,4515,4515,4832,93,Trusted,2026-07-13T09:21:32.232Z,0x8b55a77bf8a6d9878ff13c5418d904750fd033db41b465439f9a1a568eb9682d,,variant-batch live execution
datm-live-2026-07-13T09-20-52-051Z,A,entity-05-suspicious,suspicious,5,2026-07-13T09:21:31.918Z,2026-07-13T09:21:31.918Z,2026-07-13T09:21:31.918Z,0,2026-07-13T09:21:32.236Z,0xf76237d429ad6e2498506122ad0c278ded581de6cd2563d109ee34901f871e91,2026-07-13T09:21:36.786Z,success,37775,1000,6377090,0x2e53df5e17dfae1fb9ba3ea0945a4b983657d3cbe3baf8c38058b185a6f2082f,2026-07-13T09:21:36.786Z,4550,4550,4868,61,Suspicious,2026-07-13T09:21:32.232Z,0x40b0726309873e4db62f2c7d75783c3d1836f6fe0720b2f8418dcac618e5a3a3,,variant-batch live execution
datm-live-2026-07-13T09-20-52-051Z,A,entity-06-suspicious,suspicious,5,2026-07-13T09:21:31.918Z,2026-07-13T09:21:31.918Z,2026-07-13T09:21:31.918Z,0,2026-07-13T09:21:32.304Z,0xcef87d35c2d2ffff6a9bc687ae532408fe607b9618ac6ca5ddf66e12db7282ad,2026-07-13T09:21:36.734Z,success,37775,1000,6377090,0x2e53df5e17dfae1fb9ba3ea0945a4b983657d3cbe3baf8c38058b185a6f2082f,2026-07-13T09:21:36.734Z,4430,4430,4816,59,Suspicious,2026-07-13T09:21:32.232Z,0x9e625ac46525377061a9beee468f4060e93bde75aaf82640cadc4641dd400dc3,,variant-batch live execution
datm-live-2026-07-13T09-20-52-051Z,A,entity-07-suspicious,suspicious,5,2026-07-13T09:21:31.918Z,2026-07-13T09:21:31.918Z,2026-07-13T09:21:31.918Z,0,2026-07-13T09:21:32.236Z,0x1c82524e18794d6ab238785ed449f3e7c82d4e2b6b99906001a0a4771b4f2621,2026-07-13T09:21:37.075Z,success,37775,1000,6377090,0x2e53df5e17dfae1fb9ba3ea0945a4b983657d3cbe3baf8c38058b185a6f2082f,2026-07-13T09:21:37.075Z,4839,4839,5157,64,Suspicious,2026-07-13T09:21:32.232Z,0x48b6572094347051ff6ce35770a993f102139b644fe55807feb95fd3f8af2ae1,,variant-batch live execution
datm-live-2026-07-13T09-20-52-051Z,A,entity-08-malicious,malicious,5,2026-07-13T09:21:31.918Z,2026-07-13T09:21:31.918Z,2026-07-13T09:21:31.918Z,0,2026-07-13T09:21:32.305Z,0xc8d0bbc6c6f19ea1f56cc178c42142130621fc050efa2dc1f5244bbcf96b7fef,2026-07-13T09:21:37.083Z,success,37775,1000,6377090,0x2e53df5e17dfae1fb9ba3ea0945a4b983657d3cbe3baf8c38058b185a6f2082f,2026-07-13T09:21:37.083Z,4778,4778,5165,30,Untrusted,2026-07-13T09:21:32.232Z,0x2c7adf98e3bf29f80da6f7b245c6bc61eccc4dfeb909022e517b8531e19d8b5e,,variant-batch live execution
datm-live-2026-07-13T09-20-52-051Z,A,entity-09-malicious,malicious,5,2026-07-13T09:21:31.919Z,2026-07-13T09:21:31.919Z,2026-07-13T09:21:31.919Z,0,2026-07-13T09:21:32.305Z,0xaedf45f5f5308f697142ff361ab9f6b028da1062cddde80c23cba053d9772505,2026-07-13T09:21:37.116Z,success,37775,1000,6377090,0x2e53df5e17dfae1fb9ba3ea0945a4b983657d3cbe3baf8c38058b185a6f2082f,2026-07-13T09:21:37.116Z,4811,4811,5197,28,Untrusted,2026-07-13T09:21:32.232Z,0x79c650a7aad26fb61d5552e95d3a83202bd3d078a7f83fad4ef4eff2ec9eaf86,,variant-batch live execution
datm-live-2026-07-13T09-20-52-051Z,A,entity-10-malicious,malicious,5,2026-07-13T09:21:31.919Z,2026-07-13T09:21:31.919Z,2026-07-13T09:21:31.919Z,0,2026-07-13T09:21:32.305Z,0x0763d10bc92231513ead9fb001058b9f50af86d6230a741cf0c79f9e422008f2,2026-07-13T09:21:37.099Z,success,37763,1000,6377090,0x2e53df5e17dfae1fb9ba3ea0945a4b983657d3cbe3baf8c38058b185a6f2082f,2026-07-13T09:21:37.099Z,4794,4794,5180,31,Untrusted,2026-07-13T09:21:32.232Z,0x0177a2647e21438aa4b75495e8068fc66f9accf26831c9e5a1a3d1c2fef8cf57,,variant-batch live execution
datm-live-2026-07-13T09-20-52-051Z,A,entity-01-normal,normal,6,2026-07-13T09:21:42.375Z,2026-07-13T09:21:42.375Z,2026-07-13T09:21:42.375Z,0,2026-07-13T09:21:42.717Z,0xf895d3784369eae52fa0453e39c628c38e16dd99f789269f407ca1e9343b42a9,2026-07-13T09:21:47.201Z,success,37763,1000,6377092,0xfa82eb0ae8c1f6ad6b4f5b881582b51f306e9514848042a0ab34ced1f0fa611e,2026-07-13T09:21:47.201Z,4484,4484,4826,93,Trusted,2026-07-13T09:21:42.232Z,0x87327ab7125862b9795cb2009dc06f7c09ee46b983f35117cc8c6d1626dff38d,,variant-batch live execution
datm-live-2026-07-13T09-20-52-051Z,A,entity-02-normal,normal,6,2026-07-13T09:21:42.376Z,2026-07-13T09:21:42.376Z,2026-07-13T09:21:42.376Z,0,2026-07-13T09:21:42.717Z,0x38b19ce07389e6ae56297ca8d1751e3fdd5720ea7b6b5a2dcd1fee837ee289ee,2026-07-13T09:21:47.201Z,success,37775,1000,6377092,0xfa82eb0ae8c1f6ad6b4f5b881582b51f306e9514848042a0ab34ced1f0fa611e,2026-07-13T09:21:47.201Z,4484,4484,4825,92,Trusted,2026-07-13T09:21:42.232Z,0x9785f50ec21b6fbf233f5c0e0bf4756b7c199e5e38b9e7787a93babbe84769a1,,variant-batch live execution
datm-live-2026-07-13T09-20-52-051Z,A,entity-03-normal,normal,6,2026-07-13T09:21:42.376Z,2026-07-13T09:21:42.376Z,2026-07-13T09:21:42.376Z,0,2026-07-13T09:21:42.718Z,0x81db3690a863e30785c33484a5467ad27a5af060cef049411b6030c766694a2c,2026-07-13T09:21:47.202Z,success,37775,1000,6377092,0xfa82eb0ae8c1f6ad6b4f5b881582b51f306e9514848042a0ab34ced1f0fa611e,2026-07-13T09:21:47.202Z,4484,4484,4826,93,Trusted,2026-07-13T09:21:42.232Z,0xa8db147f0e2c1b4320a3ef148fd3f36cc7436af45b983b977bf4abfda83577cb,,variant-batch live execution
datm-live-2026-07-13T09-20-52-051Z,A,entity-04-normal,normal,6,2026-07-13T09:21:42.376Z,2026-07-13T09:21:42.376Z,2026-07-13T09:21:42.376Z,0,2026-07-13T09:21:42.718Z,0xf9cd5216e796c94e98f84519b80f0915513c0772ddbe0b00b4f2e0deab1829d1,2026-07-13T09:21:47.203Z,success,37775,1000,6377092,0xfa82eb0ae8c1f6ad6b4f5b881582b51f306e9514848042a0ab34ced1f0fa611e,2026-07-13T09:21:47.203Z,4485,4485,4827,93,Trusted,2026-07-13T09:21:42.232Z,0xbd40f2099201ebee5cb2d1b4f79c81fb78f7fad613b2636c59dba510ba26c94d,,variant-batch live execution
datm-live-2026-07-13T09-20-52-051Z,A,entity-05-suspicious,suspicious,6,2026-07-13T09:21:42.377Z,2026-07-13T09:21:42.377Z,2026-07-13T09:21:42.377Z,0,2026-07-13T09:21:42.718Z,0x64204f8d53b863a8a140513d171d222845559cf35b9f2cbdd454da7ef454dba5,2026-07-13T09:21:47.237Z,success,37775,1000,6377092,0xfa82eb0ae8c1f6ad6b4f5b881582b51f306e9514848042a0ab34ced1f0fa611e,2026-07-13T09:21:47.237Z,4519,4519,4860,59,Suspicious,2026-07-13T09:21:42.232Z,0x0b7a8ea17eaff6f501895f8d9d19166dece0499601108f0505783a88d3b698eb,,variant-batch live execution
datm-live-2026-07-13T09-20-52-051Z,A,entity-06-suspicious,suspicious,6,2026-07-13T09:21:42.377Z,2026-07-13T09:21:42.377Z,2026-07-13T09:21:42.377Z,0,2026-07-13T09:21:42.718Z,0xea378d0b070b35bece929a1facc20d1ef56573a85d3795cb6e36c827e7a6adfa,2026-07-13T09:21:47.204Z,success,37775,1000,6377092,0xfa82eb0ae8c1f6ad6b4f5b881582b51f306e9514848042a0ab34ced1f0fa611e,2026-07-13T09:21:47.204Z,4486,4486,4827,60,Suspicious,2026-07-13T09:21:42.232Z,0x99dc82dac65aad325b2ac47ec2651780230a43fe954e906940e90716fb88766b,,variant-batch live execution
datm-live-2026-07-13T09-20-52-051Z,A,entity-07-suspicious,suspicious,6,2026-07-13T09:21:42.377Z,2026-07-13T09:21:42.377Z,2026-07-13T09:21:42.377Z,0,2026-07-13T09:21:42.765Z,0x0d630437437507a6cb11491de762bea50d0a41e600f69d3708ae4b466eb448d7,2026-07-13T09:21:47.448Z,success,37775,1000,6377092,0xfa82eb0ae8c1f6ad6b4f5b881582b51f306e9514848042a0ab34ced1f0fa611e,2026-07-13T09:21:47.448Z,4683,4683,5071,61,Suspicious,2026-07-13T09:21:42.232Z,0x01ac2bc81735868bf8d9122107b21d44d0c7f04fc71b651fdd9360ecf2b7ce21,,variant-batch live execution
datm-live-2026-07-13T09-20-52-051Z,A,entity-08-malicious,malicious,6,2026-07-13T09:21:42.377Z,2026-07-13T09:21:42.377Z,2026-07-13T09:21:42.377Z,0,2026-07-13T09:21:42.765Z,0xdc2ef6bdeedfe4884c72b6b356eaac7fe562e6aee72515d0ab97e9d3536d156f,2026-07-13T09:21:47.421Z,success,37775,1000,6377092,0xfa82eb0ae8c1f6ad6b4f5b881582b51f306e9514848042a0ab34ced1f0fa611e,2026-07-13T09:21:47.421Z,4656,4656,5044,28,Untrusted,2026-07-13T09:21:42.232Z,0xfa859462e8d93f015e876f2d1aeb50263d0b4c59440e4dcb8bf1f023a1d909dc,,variant-batch live execution
datm-live-2026-07-13T09-20-52-051Z,A,entity-09-malicious,malicious,6,2026-07-13T09:21:42.377Z,2026-07-13T09:21:42.377Z,2026-07-13T09:21:42.377Z,0,2026-07-13T09:21:42.765Z,0xdcbd36822fa53606a75cce9f4f392699f8d16acbbbedb17f620d6659b2f78616,2026-07-13T09:21:47.475Z,success,37775,1000,6377092,0xfa82eb0ae8c1f6ad6b4f5b881582b51f306e9514848042a0ab34ced1f0fa611e,2026-07-13T09:21:47.475Z,4710,4710,5098,29,Untrusted,2026-07-13T09:21:42.232Z,0x0b4db83e5bb6441032fec89af1528a263513cb70dd3c5019cc10602bd004ba42,,variant-batch live execution
datm-live-2026-07-13T09-20-52-051Z,A,entity-10-malicious,malicious,6,2026-07-13T09:21:42.378Z,2026-07-13T09:21:42.378Z,2026-07-13T09:21:42.378Z,0,2026-07-13T09:21:42.766Z,0x34a3de0f137bae442bed4b9ad27ff7ffeb6ed2e3af1a153e4274d90bb6d376f2,2026-07-13T09:21:47.479Z,success,37763,1000,6377092,0xfa82eb0ae8c1f6ad6b4f5b881582b51f306e9514848042a0ab34ced1f0fa611e,2026-07-13T09:21:47.479Z,4713,4713,5101,30,Untrusted,2026-07-13T09:21:42.232Z,0x49e6048f387b9732c1fd8a926507cea33db0b71be4cd2cdba5c5c30ed1f6ccec,,variant-batch live execution
datm-live-2026-07-13T09-20-52-051Z,A,entity-01-normal,normal,7,2026-07-13T09:21:52.797Z,2026-07-13T09:21:52.797Z,2026-07-13T09:21:52.797Z,0,2026-07-13T09:21:52.949Z,0x3ce14c4b9ad0ceec62557aeae9c2c5d859ef8892402d964758df04d25fd4a868,2026-07-13T09:21:57.399Z,success,37763,1000,6377094,0xe4489729cf77242c53e319d57d6b97a603b890e0a1658f9fe01a20dda77477ff,2026-07-13T09:21:57.399Z,4450,4450,4602,92,Trusted,2026-07-13T09:21:52.232Z,0x1f82efc2747363af83412e4e53f41f7f2e0c1549799c009807891564a1906716,,variant-batch live execution
datm-live-2026-07-13T09-20-52-051Z,A,entity-02-normal,normal,7,2026-07-13T09:21:52.797Z,2026-07-13T09:21:52.797Z,2026-07-13T09:21:52.797Z,0,2026-07-13T09:21:52.950Z,0xb199881da169d917242edc825e4f8cc74cdd601e323f2bf05cd584294035a6eb,2026-07-13T09:21:57.398Z,success,37775,1000,6377094,0xe4489729cf77242c53e319d57d6b97a603b890e0a1658f9fe01a20dda77477ff,2026-07-13T09:21:57.398Z,4448,4448,4601,93,Trusted,2026-07-13T09:21:52.232Z,0x87fe0995a5cc167656ca2c73a1da367bad0dc8f38dd22a1ec3c5f2b40c348235,,variant-batch live execution
datm-live-2026-07-13T09-20-52-051Z,A,entity-03-normal,normal,7,2026-07-13T09:21:52.798Z,2026-07-13T09:21:52.798Z,2026-07-13T09:21:52.798Z,0,2026-07-13T09:21:52.950Z,0x977216e0f723fbb5a3329a484159f4a66df1fbc171ad5d2a051506bacb8cad89,2026-07-13T09:21:57.399Z,success,37775,1000,6377094,0xe4489729cf77242c53e319d57d6b97a603b890e0a1658f9fe01a20dda77477ff,2026-07-13T09:21:57.399Z,4449,4449,4601,93,Trusted,2026-07-13T09:21:52.232Z,0x5fd48076f44206daa5bb1eaceb13e76e80379aebcc5753a54ba2daaeadb4f8f5,,variant-batch live execution
datm-live-2026-07-13T09-20-52-051Z,A,entity-04-normal,normal,7,2026-07-13T09:21:52.798Z,2026-07-13T09:21:52.798Z,2026-07-13T09:21:52.798Z,0,2026-07-13T09:21:52.950Z,0xcf51d44d4b430b5f6a0d0c0ba8fb1fdaf00f9e98fc5bed2a7f4f613c24c6f3fe,2026-07-13T09:21:57.399Z,success,37775,1000,6377094,0xe4489729cf77242c53e319d57d6b97a603b890e0a1658f9fe01a20dda77477ff,2026-07-13T09:21:57.399Z,4449,4449,4601,92,Trusted,2026-07-13T09:21:52.232Z,0xc8b26defeaafbdb3670d9ba4a5e90b60f4c8181bb91d7d62360450c69381b1aa,,variant-batch live execution
datm-live-2026-07-13T09-20-52-051Z,A,entity-05-suspicious,suspicious,7,2026-07-13T09:21:52.799Z,2026-07-13T09:21:52.799Z,2026-07-13T09:21:52.799Z,0,2026-07-13T09:21:52.950Z,0x093ab763d1e9d119d45efba81e1a1a8623ad613967ec78ccf8d8af6a16588a05,2026-07-13T09:21:57.423Z,success,37763,1000,6377094,0xe4489729cf77242c53e319d57d6b97a603b890e0a1658f9fe01a20dda77477ff,2026-07-13T09:21:57.423Z,4473,4473,4624,60,Suspicious,2026-07-13T09:21:52.232Z,0x19dba7db353cffb3056cdb0a25540e5b96817041f8b85520a900481bea0f61e5,,variant-batch live execution
datm-live-2026-07-13T09-20-52-051Z,A,entity-06-suspicious,suspicious,7,2026-07-13T09:21:52.799Z,2026-07-13T09:21:52.799Z,2026-07-13T09:21:52.799Z,0,2026-07-13T09:21:52.950Z,0x14165a1d0e843c64149ee64d6c9e9d9dcebafcf73d4cc6a8aba1bb6686e94203,2026-07-13T09:21:57.389Z,success,37775,1000,6377094,0xe4489729cf77242c53e319d57d6b97a603b890e0a1658f9fe01a20dda77477ff,2026-07-13T09:21:57.389Z,4439,4439,4590,62,Suspicious,2026-07-13T09:21:52.232Z,0xf94ec08e3db3f347aca6c870fadf6384537cea93627fdef3cf49e5db9c8152bc,,variant-batch live execution
datm-live-2026-07-13T09-20-52-051Z,A,entity-07-suspicious,suspicious,7,2026-07-13T09:21:52.799Z,2026-07-13T09:21:52.799Z,2026-07-13T09:21:52.799Z,0,2026-07-13T09:21:53.117Z,0xce00cab95996baf185379a8939bbfcfbef6229472c1530fa56b893cab80a7a9d,2026-07-13T09:21:57.590Z,success,37763,1000,6377094,0xe4489729cf77242c53e319d57d6b97a603b890e0a1658f9fe01a20dda77477ff,2026-07-13T09:21:57.590Z,4473,4473,4791,59,Suspicious,2026-07-13T09:21:52.232Z,0xcbc9ade42e00c6f3e37a126eb30a7996c20f6ab5a41f4bf6043f18dd280c2e3f,,variant-batch live execution
datm-live-2026-07-13T09-20-52-051Z,A,entity-08-malicious,malicious,7,2026-07-13T09:21:52.800Z,2026-07-13T09:21:52.800Z,2026-07-13T09:21:52.800Z,0,2026-07-13T09:21:53.118Z,0x66f6a7ab98295aa2b38fefba38c3ad971469aff091fcea3f29147e8efab2f143,2026-07-13T09:21:57.610Z,success,37775,1000,6377094,0xe4489729cf77242c53e319d57d6b97a603b890e0a1658f9fe01a20dda77477ff,2026-07-13T09:21:57.610Z,4492,4492,4810,29,Untrusted,2026-07-13T09:21:52.232Z,0x33e1e9f7b659ac9d11231842ee3a7a3edc6c1ae08133694e671b2347d2312561,,variant-batch live execution
datm-live-2026-07-13T09-20-52-051Z,A,entity-09-malicious,malicious,7,2026-07-13T09:21:52.800Z,2026-07-13T09:21:52.800Z,2026-07-13T09:21:52.800Z,0,2026-07-13T09:21:53.118Z,0x17c4e80193947edbc0a69f4a1fba099a354ad27d2f53d72029ae0d654bdda472,2026-07-13T09:21:57.629Z,success,37775,1000,6377094,0xe4489729cf77242c53e319d57d6b97a603b890e0a1658f9fe01a20dda77477ff,2026-07-13T09:21:57.629Z,4511,4511,4829,28,Untrusted,2026-07-13T09:21:52.232Z,0x65ec8c3df718e8a823cef8ae0adda5d094961f3543558f22b0a6538dffdbba2f,,variant-batch live execution
datm-live-2026-07-13T09-20-52-051Z,A,entity-10-malicious,malicious,7,2026-07-13T09:21:52.800Z,2026-07-13T09:21:52.800Z,2026-07-13T09:21:52.800Z,0,2026-07-13T09:21:53.118Z,0x54d026bd0816bed1359edc80c0ea2de8382a534e7b619f5de73cdbac31613c0e,2026-07-13T09:21:57.643Z,success,37751,1000,6377094,0xe4489729cf77242c53e319d57d6b97a603b890e0a1658f9fe01a20dda77477ff,2026-07-13T09:21:57.643Z,4525,4525,4843,29,Untrusted,2026-07-13T09:21:52.232Z,0x0040f33787fd28f7d13563def82ff8f4750d70638fa768989a6d239f7bd7e46e,,variant-batch live execution
datm-live-2026-07-13T09-20-52-051Z,A,entity-01-normal,normal,8,2026-07-13T09:22:02.796Z,2026-07-13T09:22:02.796Z,2026-07-13T09:22:02.796Z,0,2026-07-13T09:22:02.961Z,0x044f0ef7e631955913fb32434b6de2a4223aff5fd38ec959d7e0a5dc73fcef43,2026-07-13T09:22:07.255Z,success,37763,1000,6377096,0xa7fe7ac0a830b8ceed26de42a4bd1796adc5c09359e28e9c41d6a6c689748fbe,2026-07-13T09:22:07.255Z,4294,4294,4459,93,Trusted,2026-07-13T09:22:02.232Z,0xb5db0163578b7bd479402da38aa8da92dedabf9adf71e55e00d37e416bdf3aa3,,variant-batch live execution
datm-live-2026-07-13T09-20-52-051Z,A,entity-02-normal,normal,8,2026-07-13T09:22:02.796Z,2026-07-13T09:22:02.796Z,2026-07-13T09:22:02.796Z,0,2026-07-13T09:22:02.961Z,0xdd75012c63427526e4d5a0f7f2467c9f56d2de0b3aaf55a917ecf095fdc93925,2026-07-13T09:22:07.246Z,success,37775,1000,6377096,0xa7fe7ac0a830b8ceed26de42a4bd1796adc5c09359e28e9c41d6a6c689748fbe,2026-07-13T09:22:07.246Z,4285,4285,4450,93,Trusted,2026-07-13T09:22:02.232Z,0xe7df3e57f328ba25e5f3063120caed6f375c7960942e7c84d863499bc3b9ce77,,variant-batch live execution
datm-live-2026-07-13T09-20-52-051Z,A,entity-03-normal,normal,8,2026-07-13T09:22:02.797Z,2026-07-13T09:22:02.797Z,2026-07-13T09:22:02.797Z,0,2026-07-13T09:22:02.962Z,0xb985be690e8191e6c6462a1c5ad2a91dba3934c9c50855ec209611142930311d,2026-07-13T09:22:07.274Z,success,37775,1000,6377096,0xa7fe7ac0a830b8ceed26de42a4bd1796adc5c09359e28e9c41d6a6c689748fbe,2026-07-13T09:22:07.274Z,4312,4312,4477,91,Trusted,2026-07-13T09:22:02.232Z,0xd75ae7a0f9b9a00a31174d4a7b70073ac226f45627ac54288942f5ad0a6b0f5a,,variant-batch live execution
datm-live-2026-07-13T09-20-52-051Z,A,entity-04-normal,normal,8,2026-07-13T09:22:02.797Z,2026-07-13T09:22:02.797Z,2026-07-13T09:22:02.797Z,0,2026-07-13T09:22:02.962Z,0x0f0fd14ba3bfd0737100797f9d6bf9775f53bf5b7260110faaa65030b3eea912,2026-07-13T09:22:07.247Z,success,37763,1000,6377096,0xa7fe7ac0a830b8ceed26de42a4bd1796adc5c09359e28e9c41d6a6c689748fbe,2026-07-13T09:22:07.247Z,4285,4285,4450,93,Trusted,2026-07-13T09:22:02.232Z,0x2e7232a3e70a1c201637b4e4f4427b66b5d6e3a95c6ef392090067f45f76afc0,,variant-batch live execution
datm-live-2026-07-13T09-20-52-051Z,A,entity-05-suspicious,suspicious,8,2026-07-13T09:22:02.797Z,2026-07-13T09:22:02.797Z,2026-07-13T09:22:02.797Z,0,2026-07-13T09:22:02.979Z,0x01f17cea897adb2ec666383a696e9f654953f12ab9574be2c15e851215b13a43,2026-07-13T09:22:07.239Z,success,37763,1000,6377096,0xa7fe7ac0a830b8ceed26de42a4bd1796adc5c09359e28e9c41d6a6c689748fbe,2026-07-13T09:22:07.239Z,4260,4260,4442,62,Suspicious,2026-07-13T09:22:02.232Z,0x73d414c93122f33c052d7878ba6984002aa912124b094d1b803e4c0568acbe6a,,variant-batch live execution
datm-live-2026-07-13T09-20-52-051Z,A,entity-06-suspicious,suspicious,8,2026-07-13T09:22:02.798Z,2026-07-13T09:22:02.798Z,2026-07-13T09:22:02.798Z,0,2026-07-13T09:22:02.979Z,0x87cb9819bbac6670e615deb8018dd44eb5035d4bf5e7d76768a4872a3f04e66d,2026-07-13T09:22:07.258Z,success,37775,1000,6377096,0xa7fe7ac0a830b8ceed26de42a4bd1796adc5c09359e28e9c41d6a6c689748fbe,2026-07-13T09:22:07.258Z,4279,4279,4460,63,Suspicious,2026-07-13T09:22:02.232Z,0x2de8f901db3785b43029c914735af4261d432176d0b4a8cc6b6d74b3f4386a61,,variant-batch live execution
datm-live-2026-07-13T09-20-52-051Z,A,entity-07-suspicious,suspicious,8,2026-07-13T09:22:02.798Z,2026-07-13T09:22:02.798Z,2026-07-13T09:22:02.798Z,0,2026-07-13T09:22:02.988Z,0xb6fd448df39d508ad68ffcb13e3d9e9ed03b2101434d68e4e5a69101f263cb13,2026-07-13T09:22:07.452Z,success,37775,1000,6377096,0xa7fe7ac0a830b8ceed26de42a4bd1796adc5c09359e28e9c41d6a6c689748fbe,2026-07-13T09:22:07.452Z,4464,4464,4654,60,Suspicious,2026-07-13T09:22:02.232Z,0x10666d74194d6698707c3701f3011e99d8973906d87b69f4eec98ce1b3b845c4,,variant-batch live execution
datm-live-2026-07-13T09-20-52-051Z,A,entity-08-malicious,malicious,8,2026-07-13T09:22:02.798Z,2026-07-13T09:22:02.798Z,2026-07-13T09:22:02.798Z,0,2026-07-13T09:22:02.979Z,0x927467894e959c5b352d21ef5829c5d234abfa08916250744eab4a04416502e9,2026-07-13T09:22:07.467Z,success,37775,1000,6377096,0xa7fe7ac0a830b8ceed26de42a4bd1796adc5c09359e28e9c41d6a6c689748fbe,2026-07-13T09:22:07.467Z,4488,4488,4669,28,Untrusted,2026-07-13T09:22:02.232Z,0x22dc7ec168be143c0be0ea957bb767ee6e21319aac3d68e95410e0c57537b2c6,,variant-batch live execution
datm-live-2026-07-13T09-20-52-051Z,A,entity-09-malicious,malicious,8,2026-07-13T09:22:02.798Z,2026-07-13T09:22:02.798Z,2026-07-13T09:22:02.798Z,0,2026-07-13T09:22:02.979Z,0x6572542fb99c6d448a5a656ab097978edbae86f7fe4f00419fb7c3c9bca353e5,2026-07-13T09:22:07.491Z,success,37775,1000,6377096,0xa7fe7ac0a830b8ceed26de42a4bd1796adc5c09359e28e9c41d6a6c689748fbe,2026-07-13T09:22:07.491Z,4512,4512,4693,28,Untrusted,2026-07-13T09:22:02.232Z,0xb3a06e6caa89ef192bf6a2b4636205ccef219f71774eade59a0104a888ddbdcb,,variant-batch live execution
datm-live-2026-07-13T09-20-52-051Z,A,entity-10-malicious,malicious,8,2026-07-13T09:22:02.798Z,2026-07-13T09:22:02.798Z,2026-07-13T09:22:02.798Z,0,2026-07-13T09:22:02.980Z,0x459c198bd802b63c1f78c52b40006553841d81b6f1acb1a6c02af2e0dc3a9120,2026-07-13T09:22:07.491Z,success,37763,1000,6377096,0xa7fe7ac0a830b8ceed26de42a4bd1796adc5c09359e28e9c41d6a6c689748fbe,2026-07-13T09:22:07.491Z,4511,4511,4693,30,Untrusted,2026-07-13T09:22:02.232Z,0x73876e992d1b6b1276960b8c11e60e5591ba6a4ea68b56138fb3d4ec68f5459c,,variant-batch live execution
datm-live-2026-07-13T09-20-52-051Z,A,entity-01-normal,normal,9,2026-07-13T09:22:12.619Z,2026-07-13T09:22:12.619Z,2026-07-13T09:22:12.619Z,0,2026-07-13T09:22:12.733Z,0xd60cce33de655fb1b2199a8f55623e2455acd49a0c6dd09e68ba843e5802649e,2026-07-13T09:22:17.016Z,success,37775,1000,6377098,0x9032357d5f4b05b70f101d6aaac1ea1c1a79e53d082480fcd55b7fa00a40b638,2026-07-13T09:22:17.016Z,4283,4283,4397,93,Trusted,2026-07-13T09:22:12.232Z,0xda689ce910da361a170b18c3659effe74e4d766eceef6e843b084b614c4e4a05,,variant-batch live execution
datm-live-2026-07-13T09-20-52-051Z,A,entity-02-normal,normal,9,2026-07-13T09:22:12.620Z,2026-07-13T09:22:12.620Z,2026-07-13T09:22:12.620Z,0,2026-07-13T09:22:12.733Z,0xf70245079108ba13ef060613aadb470c4e19407ce09a342b04e5cf179fcb9955,2026-07-13T09:22:17.020Z,success,37775,1000,6377098,0x9032357d5f4b05b70f101d6aaac1ea1c1a79e53d082480fcd55b7fa00a40b638,2026-07-13T09:22:17.020Z,4287,4287,4400,92,Trusted,2026-07-13T09:22:12.232Z,0x48d874571605af952df7c18a5ee6b12afdb107539db2228d11ae06d74c379eae,,variant-batch live execution
datm-live-2026-07-13T09-20-52-051Z,A,entity-03-normal,normal,9,2026-07-13T09:22:12.620Z,2026-07-13T09:22:12.620Z,2026-07-13T09:22:12.620Z,0,2026-07-13T09:22:12.757Z,0x8040eb78ca3512168f13afcfdce9fdd0d43557575bb65ddac5ac0bc9c4440f79,2026-07-13T09:22:17.009Z,success,37775,1000,6377098,0x9032357d5f4b05b70f101d6aaac1ea1c1a79e53d082480fcd55b7fa00a40b638,2026-07-13T09:22:17.009Z,4252,4252,4389,93,Trusted,2026-07-13T09:22:12.232Z,0x3133a23d404bd4b075adb3b0fd9d93b97e87905acd3d4aebce4d9403638ccab1,,variant-batch live execution
datm-live-2026-07-13T09-20-52-051Z,A,entity-04-normal,normal,9,2026-07-13T09:22:12.620Z,2026-07-13T09:22:12.620Z,2026-07-13T09:22:12.620Z,0,2026-07-13T09:22:12.757Z,0x2844c19b2b621d2d1dd5b2a513fe66b2a9f99b931d36135417d389809c59690f,2026-07-13T09:22:17.018Z,success,37775,1000,6377098,0x9032357d5f4b05b70f101d6aaac1ea1c1a79e53d082480fcd55b7fa00a40b638,2026-07-13T09:22:17.018Z,4261,4261,4398,93,Trusted,2026-07-13T09:22:12.232Z,0x67f7a9031da875573bc62b6a484393dc6c94a38f19b85f5915b0f7a7fa5991a6,,variant-batch live execution
datm-live-2026-07-13T09-20-52-051Z,A,entity-05-suspicious,suspicious,9,2026-07-13T09:22:12.621Z,2026-07-13T09:22:12.621Z,2026-07-13T09:22:12.621Z,0,2026-07-13T09:22:12.757Z,0x8281ce6b129f6ce702c49a8f70857a7b2d40e3f577277133e53a61f025bb215a,2026-07-13T09:22:17.021Z,success,37763,1000,6377098,0x9032357d5f4b05b70f101d6aaac1ea1c1a79e53d082480fcd55b7fa00a40b638,2026-07-13T09:22:17.021Z,4264,4264,4400,63,Suspicious,2026-07-13T09:22:12.232Z,0x411ec780917aaeea1ff300d2a09764427b45bafa0a092a1912a9e274e71db05e,,variant-batch live execution
datm-live-2026-07-13T09-20-52-051Z,A,entity-06-suspicious,suspicious,9,2026-07-13T09:22:12.621Z,2026-07-13T09:22:12.621Z,2026-07-13T09:22:12.621Z,0,2026-07-13T09:22:12.757Z,0xf1198364af228a3f7fe34360137c25a3aa9aca40583fa5b105db1a95f805a10a,2026-07-13T09:22:17.045Z,success,37775,1000,6377098,0x9032357d5f4b05b70f101d6aaac1ea1c1a79e53d082480fcd55b7fa00a40b638,2026-07-13T09:22:17.045Z,4288,4288,4424,61,Suspicious,2026-07-13T09:22:12.232Z,0xc8d76d92436504015c875811b68ee312cca253b26bee11af74273b1cb9c4e373,,variant-batch live execution
datm-live-2026-07-13T09-20-52-051Z,A,entity-07-suspicious,suspicious,9,2026-07-13T09:22:12.621Z,2026-07-13T09:22:12.621Z,2026-07-13T09:22:12.621Z,0,2026-07-13T09:22:12.766Z,0x5d7b93ff5a4494c5cc71184a4cd1ad76eb9eb861daf007ab6fb0e1d20c0f4b28,2026-07-13T09:22:17.235Z,success,37775,1000,6377098,0x9032357d5f4b05b70f101d6aaac1ea1c1a79e53d082480fcd55b7fa00a40b638,2026-07-13T09:22:17.235Z,4469,4469,4614,62,Suspicious,2026-07-13T09:22:12.232Z,0x12a15e7358cee9350fc8209e562416d89f607a3b9dce6607f2fc0b201e72d74e,,variant-batch live execution
datm-live-2026-07-13T09-20-52-051Z,A,entity-08-malicious,malicious,9,2026-07-13T09:22:12.621Z,2026-07-13T09:22:12.621Z,2026-07-13T09:22:12.621Z,0,2026-07-13T09:22:12.766Z,0x8d54d508f0d03c9be794ee3cab4139f8a5bb63044654fd9050969430cb1d6934,2026-07-13T09:22:17.273Z,success,37775,1000,6377098,0x9032357d5f4b05b70f101d6aaac1ea1c1a79e53d082480fcd55b7fa00a40b638,2026-07-13T09:22:17.273Z,4507,4507,4652,28,Untrusted,2026-07-13T09:22:12.232Z,0x9d79b6e056ad71977c91bd073a0788ce8339098a32c2144ac8177f53f7c52c34,,variant-batch live execution
datm-live-2026-07-13T09-20-52-051Z,A,entity-09-malicious,malicious,9,2026-07-13T09:22:12.622Z,2026-07-13T09:22:12.622Z,2026-07-13T09:22:12.622Z,0,2026-07-13T09:22:12.766Z,0x552c7f2cfc9b968e6bef56d8070777841520d4ee73b4c075a66d1217fea8cee3,2026-07-13T09:22:17.239Z,success,37775,1000,6377098,0x9032357d5f4b05b70f101d6aaac1ea1c1a79e53d082480fcd55b7fa00a40b638,2026-07-13T09:22:17.239Z,4473,4473,4617,29,Untrusted,2026-07-13T09:22:12.232Z,0x408803a29be81a418c2f2a02d43a91a28145f21d9e3a6ed7ae765aa780fe5513,,variant-batch live execution
datm-live-2026-07-13T09-20-52-051Z,A,entity-10-malicious,malicious,9,2026-07-13T09:22:12.622Z,2026-07-13T09:22:12.622Z,2026-07-13T09:22:12.622Z,0,2026-07-13T09:22:12.758Z,0xd8792b0391cf743d19c323866b28e53bbf61aa81dc523d5e26522c696a9cd248,2026-07-13T09:22:17.238Z,success,37763,1000,6377098,0x9032357d5f4b05b70f101d6aaac1ea1c1a79e53d082480fcd55b7fa00a40b638,2026-07-13T09:22:17.238Z,4480,4480,4616,29,Untrusted,2026-07-13T09:22:12.232Z,0xcc1a956c2a91e5e1028e7ca20d430746a702c4c15c50601d77df360ccc0d3902,,variant-batch live execution
datm-live-2026-07-13T09-20-52-051Z,A,entity-01-normal,normal,10,2026-07-13T09:22:22.389Z,2026-07-13T09:22:22.389Z,2026-07-13T09:22:22.389Z,0,2026-07-13T09:22:22.506Z,0xb329ccfc9735c6e7a13a3ef32d5deb53b56067667e0b7bcf60ccd277ec05f414,2026-07-13T09:22:26.775Z,success,37775,1000,6377100,0x19a4ca2e50fe833f1696a609c59ba1a256c66b62628b76fd387d2a3c496a60ba,2026-07-13T09:22:26.775Z,4269,4269,4386,91,Trusted,2026-07-13T09:22:22.232Z,0x854186181bb04513ae2268ddbf88db527fa75267934b16f8f5c9311dde0dc5d2,,variant-batch live execution
datm-live-2026-07-13T09-20-52-051Z,A,entity-02-normal,normal,10,2026-07-13T09:22:22.389Z,2026-07-13T09:22:22.389Z,2026-07-13T09:22:22.389Z,0,2026-07-13T09:22:22.507Z,0x88573e29dd5296dc4ec8d6f1b36e33ca7b17de74bbe6706e10b0ec447742945c,2026-07-13T09:22:26.772Z,success,37775,1000,6377100,0x19a4ca2e50fe833f1696a609c59ba1a256c66b62628b76fd387d2a3c496a60ba,2026-07-13T09:22:26.772Z,4265,4265,4383,93,Trusted,2026-07-13T09:22:22.232Z,0x1fa557ac05204c50b9420a7a5c84941c5179c3a6cfa7b41c5dd280ed3e52c6bf,,variant-batch live execution
datm-live-2026-07-13T09-20-52-051Z,A,entity-03-normal,normal,10,2026-07-13T09:22:22.390Z,2026-07-13T09:22:22.390Z,2026-07-13T09:22:22.390Z,0,2026-07-13T09:22:22.507Z,0xe77a76af45388f7a2037e2ba8420ab159dfa5e7b2e6e0f84e8339826472a8a49,2026-07-13T09:22:26.775Z,success,37775,1000,6377100,0x19a4ca2e50fe833f1696a609c59ba1a256c66b62628b76fd387d2a3c496a60ba,2026-07-13T09:22:26.775Z,4268,4268,4385,93,Trusted,2026-07-13T09:22:22.232Z,0x6db81c0a6b53fd404bc2fddfce01ea4a7ba27cce360e37358d68a06acb99a9ed,,variant-batch live execution
datm-live-2026-07-13T09-20-52-051Z,A,entity-04-normal,normal,10,2026-07-13T09:22:22.390Z,2026-07-13T09:22:22.390Z,2026-07-13T09:22:22.390Z,0,2026-07-13T09:22:22.507Z,0xeddff376b02f7bd8309822ee0ce823f46d339fe62f9f10e4ec1c8d9bd21b5957,2026-07-13T09:22:26.778Z,success,37775,1000,6377100,0x19a4ca2e50fe833f1696a609c59ba1a256c66b62628b76fd387d2a3c496a60ba,2026-07-13T09:22:26.778Z,4271,4271,4388,91,Trusted,2026-07-13T09:22:22.232Z,0x2baa3507acc02cf913191828116945399383a7b3caa51df4f894b49535c3a304,,variant-batch live execution
datm-live-2026-07-13T09-20-52-051Z,A,entity-05-suspicious,suspicious,10,2026-07-13T09:22:22.391Z,2026-07-13T09:22:22.391Z,2026-07-13T09:22:22.391Z,0,2026-07-13T09:22:22.507Z,0xf5752271ba5f0bbceb0abe08806689b4a5fafabfadea21a165d28709b8c8014f,2026-07-13T09:22:26.776Z,success,37775,1000,6377100,0x19a4ca2e50fe833f1696a609c59ba1a256c66b62628b76fd387d2a3c496a60ba,2026-07-13T09:22:26.776Z,4269,4269,4385,61,Suspicious,2026-07-13T09:22:22.232Z,0xc70621dfd3aa1f1e45f5455e6931eb587119b3dea0eeed23af68f143596ccdee,,variant-batch live execution
datm-live-2026-07-13T09-20-52-051Z,A,entity-06-suspicious,suspicious,10,2026-07-13T09:22:22.394Z,2026-07-13T09:22:22.394Z,2026-07-13T09:22:22.394Z,0,2026-07-13T09:22:22.542Z,0x32065228fd4937d628cf45469cc7ab828cb05a87c431f59c8c55a4edd0aa63d7,2026-07-13T09:22:26.808Z,success,37775,1000,6377100,0x19a4ca2e50fe833f1696a609c59ba1a256c66b62628b76fd387d2a3c496a60ba,2026-07-13T09:22:26.808Z,4266,4266,4414,60,Suspicious,2026-07-13T09:22:22.232Z,0x82152fd64a43bdba7740e2bb498c43a7501fac6059528394961bddabbdfef776,,variant-batch live execution
datm-live-2026-07-13T09-20-52-051Z,A,entity-07-suspicious,suspicious,10,2026-07-13T09:22:22.395Z,2026-07-13T09:22:22.395Z,2026-07-13T09:22:22.395Z,0,2026-07-13T09:22:22.542Z,0x7c24bce958bd5a6af560f13f2e4aba857db3545cd8f9dd1d4631d7436cfdb37e,2026-07-13T09:22:26.994Z,success,37775,1000,6377100,0x19a4ca2e50fe833f1696a609c59ba1a256c66b62628b76fd387d2a3c496a60ba,2026-07-13T09:22:26.994Z,4452,4452,4599,63,Suspicious,2026-07-13T09:22:22.232Z,0x1b1fb82cfaab9c5df4b6c0558798d1e428eb9d965759dd3a1ce0eb08528ed7f1,,variant-batch live execution
datm-live-2026-07-13T09-20-52-051Z,A,entity-08-malicious,malicious,10,2026-07-13T09:22:22.395Z,2026-07-13T09:22:22.395Z,2026-07-13T09:22:22.395Z,0,2026-07-13T09:22:22.507Z,0x023fd6f8d64a70f5256e76c31f13d38fbe930a4ba523834af8381b22a5f68354,2026-07-13T09:22:27.018Z,success,37775,1000,6377100,0x19a4ca2e50fe833f1696a609c59ba1a256c66b62628b76fd387d2a3c496a60ba,2026-07-13T09:22:27.018Z,4511,4511,4623,29,Untrusted,2026-07-13T09:22:22.232Z,0xac15e00851d80974fabfa70ba4ac8c306646e9ea2f5f16b9f56d2e0c071fd4c0,,variant-batch live execution
datm-live-2026-07-13T09-20-52-051Z,A,entity-09-malicious,malicious,10,2026-07-13T09:22:22.395Z,2026-07-13T09:22:22.395Z,2026-07-13T09:22:22.395Z,0,2026-07-13T09:22:22.543Z,0xb3450a0ec828534cdc87e8c3a7556ed6aca074d6e143e030fc8e7790af8b158d,2026-07-13T09:22:26.996Z,success,37775,1000,6377100,0x19a4ca2e50fe833f1696a609c59ba1a256c66b62628b76fd387d2a3c496a60ba,2026-07-13T09:22:26.996Z,4453,4453,4601,27,Untrusted,2026-07-13T09:22:22.232Z,0xcf1f6e5673ccb54a58f24b752d08982bb59e3cb65bc45aeb598c1d6de30bad2e,,variant-batch live execution
datm-live-2026-07-13T09-20-52-051Z,A,entity-10-malicious,malicious,10,2026-07-13T09:22:22.395Z,2026-07-13T09:22:22.395Z,2026-07-13T09:22:22.395Z,0,2026-07-13T09:22:22.543Z,0xd15001e86ac32d04829944ee73a87d3b22a19f968b9e5f61904fe07f762f1729,2026-07-13T09:22:26.995Z,success,37763,1000,6377100,0x19a4ca2e50fe833f1696a609c59ba1a256c66b62628b76fd387d2a3c496a60ba,2026-07-13T09:22:26.995Z,4452,4452,4600,29,Untrusted,2026-07-13T09:22:22.232Z,0x62107fb00b9eaeda83f524345ee0d59430cefd9934f981dfc48b3755ee054038,,variant-batch live execution
datm-live-2026-07-13T09-20-52-051Z,A,entity-01-normal,normal,11,2026-07-13T09:22:32.133Z,2026-07-13T09:22:32.133Z,2026-07-13T09:22:32.133Z,0,2026-07-13T09:22:32.255Z,0x3fc38066fb209c93b2ed36e622c8ba884d844351f5d40a333d244eb215ab1480,2026-07-13T09:22:36.546Z,success,37763,1000,6377102,0xdcc66764a5f9391a3cd50e8acae43e8d2ccac8a7fa321ab33d672faeeffd1e58,2026-07-13T09:22:36.546Z,4291,4291,4413,92,Trusted,2026-07-13T09:22:32.232Z,0x288905007ef2c1c578a0d43eb7428e066f9ba566db101074e3a13aa16fb1c5e2,,variant-batch live execution
datm-live-2026-07-13T09-20-52-051Z,A,entity-02-normal,normal,11,2026-07-13T09:22:32.134Z,2026-07-13T09:22:32.134Z,2026-07-13T09:22:32.134Z,0,2026-07-13T09:22:32.253Z,0x176f3ea0a273a63b07f275ad72ebb2f6f4bdadfb775d4d3f22498da5c1159389,2026-07-13T09:22:36.543Z,success,37775,1000,6377102,0xdcc66764a5f9391a3cd50e8acae43e8d2ccac8a7fa321ab33d672faeeffd1e58,2026-07-13T09:22:36.543Z,4290,4290,4409,92,Trusted,2026-07-13T09:22:32.232Z,0x747027186746f594eb44100e6afb67c163f8f7c5ec6ed57b5bb7e950840e33b7,,variant-batch live execution
datm-live-2026-07-13T09-20-52-051Z,A,entity-03-normal,normal,11,2026-07-13T09:22:32.134Z,2026-07-13T09:22:32.134Z,2026-07-13T09:22:32.134Z,0,2026-07-13T09:22:32.279Z,0xa37cceafade7919be1b778e99d49ac1ac82ec5a8504a9dbcfc53d46e2b12e469,2026-07-13T09:22:36.548Z,success,37775,1000,6377102,0xdcc66764a5f9391a3cd50e8acae43e8d2ccac8a7fa321ab33d672faeeffd1e58,2026-07-13T09:22:36.548Z,4269,4269,4414,91,Trusted,2026-07-13T09:22:32.232Z,0xb939ce1491e028f5ff631ee7f5b88b1a49fd634daea447760971a27d1c88229f,,variant-batch live execution
datm-live-2026-07-13T09-20-52-051Z,A,entity-04-normal,normal,11,2026-07-13T09:22:32.134Z,2026-07-13T09:22:32.134Z,2026-07-13T09:22:32.134Z,0,2026-07-13T09:22:32.255Z,0xda0a6cbdd983c723d14fa0fe7b289a32fe042e7157bec8d04f1293f6834facaf,2026-07-13T09:22:36.569Z,success,37775,1000,6377102,0xdcc66764a5f9391a3cd50e8acae43e8d2ccac8a7fa321ab33d672faeeffd1e58,2026-07-13T09:22:36.569Z,4314,4314,4435,92,Trusted,2026-07-13T09:22:32.232Z,0x4983ec7fbeb8f58caef3356b6d4637b5891e286d42f2390bfe403f6b960cdc66,,variant-batch live execution
datm-live-2026-07-13T09-20-52-051Z,A,entity-05-suspicious,suspicious,11,2026-07-13T09:22:32.134Z,2026-07-13T09:22:32.134Z,2026-07-13T09:22:32.134Z,0,2026-07-13T09:22:32.255Z,0x7cf8f140fe1d559cd92e3fe42e307bcab77f8e2327cc5f668a201ef1fa88c89d,2026-07-13T09:22:36.543Z,success,37775,1000,6377102,0xdcc66764a5f9391a3cd50e8acae43e8d2ccac8a7fa321ab33d672faeeffd1e58,2026-07-13T09:22:36.543Z,4288,4288,4409,60,Suspicious,2026-07-13T09:22:32.232Z,0x559e242c405dd08458663f547e200eed3df2fd5eb66f2c2785bc07c1bae94168,,variant-batch live execution
datm-live-2026-07-13T09-20-52-051Z,A,entity-06-suspicious,suspicious,11,2026-07-13T09:22:32.134Z,2026-07-13T09:22:32.134Z,2026-07-13T09:22:32.134Z,0,2026-07-13T09:22:32.255Z,0xa9a7e6f861a11b844e6ff60ce83b77fc64cdba6157cb719d0a82ea4ddbc81b7b,2026-07-13T09:22:36.549Z,success,37763,1000,6377102,0xdcc66764a5f9391a3cd50e8acae43e8d2ccac8a7fa321ab33d672faeeffd1e58,2026-07-13T09:22:36.549Z,4294,4294,4415,61,Suspicious,2026-07-13T09:22:32.232Z,0x72e71f1b0206a2091ef4239b5957f8f56830ed00d6b2028fbddb4058310b2733,,variant-batch live execution
datm-live-2026-07-13T09-20-52-051Z,A,entity-07-suspicious,suspicious,11,2026-07-13T09:22:32.135Z,2026-07-13T09:22:32.135Z,2026-07-13T09:22:32.135Z,0,2026-07-13T09:22:32.279Z,0x70ada64066aa00e935b1738eb7475e5602c1c7b482d10af1aac39be26632b1a0,2026-07-13T09:22:36.721Z,success,37775,1000,6377102,0xdcc66764a5f9391a3cd50e8acae43e8d2ccac8a7fa321ab33d672faeeffd1e58,2026-07-13T09:22:36.721Z,4442,4442,4586,60,Suspicious,2026-07-13T09:22:32.232Z,0x08ad0e16d3d750394a6e09d48abf988409c6c62980eb684bf4a6b95c44ba6240,,variant-batch live execution
datm-live-2026-07-13T09-20-52-051Z,A,entity-08-malicious,malicious,11,2026-07-13T09:22:32.135Z,2026-07-13T09:22:32.135Z,2026-07-13T09:22:32.135Z,0,2026-07-13T09:22:32.280Z,0xcceefd865bd6721e592ff5a195525f6dbfb68c483caab5bdefa8c29d544f7c1b,2026-07-13T09:22:36.750Z,success,37775,1000,6377102,0xdcc66764a5f9391a3cd50e8acae43e8d2ccac8a7fa321ab33d672faeeffd1e58,2026-07-13T09:22:36.750Z,4470,4470,4615,27,Untrusted,2026-07-13T09:22:32.232Z,0x8a0e62bea46d818f0ac4ad6ae2ae582ccdd16def9ad7cd078f075707b6ea6583,,variant-batch live execution
datm-live-2026-07-13T09-20-52-051Z,A,entity-09-malicious,malicious,11,2026-07-13T09:22:32.135Z,2026-07-13T09:22:32.135Z,2026-07-13T09:22:32.135Z,0,2026-07-13T09:22:32.280Z,0xfe986bdd48bdb4a03895a1ec1f671ed2a582240d6713773d13c44553c2dc4ac4,2026-07-13T09:22:36.766Z,success,37775,1000,6377102,0xdcc66764a5f9391a3cd50e8acae43e8d2ccac8a7fa321ab33d672faeeffd1e58,2026-07-13T09:22:36.766Z,4486,4486,4631,27,Untrusted,2026-07-13T09:22:32.232Z,0x21263a8b91e93da12626911f0cee4720d68c61bee4dceaacae1191e53f816d2e,,variant-batch live execution
datm-live-2026-07-13T09-20-52-051Z,A,entity-10-malicious,malicious,11,2026-07-13T09:22:32.135Z,2026-07-13T09:22:32.135Z,2026-07-13T09:22:32.135Z,0,2026-07-13T09:22:32.255Z,0xc3fc3fbbfcfd2f42f1b3c654420e26b6dd4c5ac3f6dbde6d096c814ef3ebb022,2026-07-13T09:22:36.782Z,success,37763,1000,6377102,0xdcc66764a5f9391a3cd50e8acae43e8d2ccac8a7fa321ab33d672faeeffd1e58,2026-07-13T09:22:36.782Z,4527,4527,4647,30,Untrusted,2026-07-13T09:22:32.232Z,0x9984d289e34fea665f318b3ad7c031862b694becdd2ed8d308a80693e9484e36,,variant-batch live execution
datm-live-2026-07-13T09-20-52-051Z,A,entity-01-normal,normal,12,2026-07-13T09:22:41.913Z,2026-07-13T09:22:41.913Z,2026-07-13T09:22:41.913Z,0,2026-07-13T09:22:42.035Z,0xd1319f319c1afacb042bff627f2adb5c56b1804a6bc68aab87d302e3fca38a4e,2026-07-13T09:22:46.322Z,success,37775,1000,6377104,0x72fe09536fe0a708e8af3241fb09433e4cc4ec11d419b5639d789c11f38d14f5,2026-07-13T09:22:46.322Z,4287,4287,4409,93,Trusted,2026-07-13T09:22:42.232Z,0xeb8cc030c55df678fbf8f6cec3ee07ad2224cc2eaf954a9722ea06127629c5ae,,variant-batch live execution
datm-live-2026-07-13T09-20-52-051Z,A,entity-02-normal,normal,12,2026-07-13T09:22:41.914Z,2026-07-13T09:22:41.914Z,2026-07-13T09:22:41.914Z,0,2026-07-13T09:22:42.042Z,0x0475a8fca08947857572c4830b17b92a11058d1262818d07914022679b07ebf5,2026-07-13T09:22:46.321Z,success,37775,1000,6377104,0x72fe09536fe0a708e8af3241fb09433e4cc4ec11d419b5639d789c11f38d14f5,2026-07-13T09:22:46.321Z,4279,4279,4407,92,Trusted,2026-07-13T09:22:42.232Z,0xd8cf3a2dde94d302cd36496931d2ecadc4ddc2e79e81a918f1d5cfd44c06202b,,variant-batch live execution
datm-live-2026-07-13T09-20-52-051Z,A,entity-03-normal,normal,12,2026-07-13T09:22:41.914Z,2026-07-13T09:22:41.914Z,2026-07-13T09:22:41.914Z,0,2026-07-13T09:22:42.043Z,0xf19f199092baabdbc21dc8dd67391fe152e5ae6619979fc6cdb08ae1b2a3e6f6,2026-07-13T09:22:46.323Z,success,37775,1000,6377104,0x72fe09536fe0a708e8af3241fb09433e4cc4ec11d419b5639d789c11f38d14f5,2026-07-13T09:22:46.323Z,4280,4280,4409,93,Trusted,2026-07-13T09:22:42.232Z,0x2f4650e420f8ec7231905c162759a5aafc43f5df01cb9c6fbaa10d2d34157ea2,,variant-batch live execution
datm-live-2026-07-13T09-20-52-051Z,A,entity-04-normal,normal,12,2026-07-13T09:22:41.914Z,2026-07-13T09:22:41.914Z,2026-07-13T09:22:41.914Z,0,2026-07-13T09:22:42.043Z,0x8b7a176472daea9e76e81e9f4b27dad46d0aad23941738a5b3de15a815e4a137,2026-07-13T09:22:46.323Z,success,37775,1000,6377104,0x72fe09536fe0a708e8af3241fb09433e4cc4ec11d419b5639d789c11f38d14f5,2026-07-13T09:22:46.323Z,4280,4280,4409,93,Trusted,2026-07-13T09:22:42.232Z,0xf3e90d7a1cc8021c0c9f1a4ff4a47597460642092f4ee6cf785cc85e65f07d37,,variant-batch live execution
datm-live-2026-07-13T09-20-52-051Z,A,entity-05-suspicious,suspicious,12,2026-07-13T09:22:41.915Z,2026-07-13T09:22:41.915Z,2026-07-13T09:22:41.915Z,0,2026-07-13T09:22:42.043Z,0xd469f528bbf1bc5844122cf29e99339f738b1c2bd74744ebd0419bd7fa11f454,2026-07-13T09:22:46.347Z,success,37775,1000,6377104,0x72fe09536fe0a708e8af3241fb09433e4cc4ec11d419b5639d789c11f38d14f5,2026-07-13T09:22:46.347Z,4304,4304,4432,61,Suspicious,2026-07-13T09:22:42.232Z,0xfac4fd2cec1af0cce8740f03b0a88f609e66e08f218b061e80457dfdc9e4e63f,,variant-batch live execution
datm-live-2026-07-13T09-20-52-051Z,A,entity-06-suspicious,suspicious,12,2026-07-13T09:22:41.915Z,2026-07-13T09:22:41.915Z,2026-07-13T09:22:41.915Z,0,2026-07-13T09:22:42.043Z,0x7d9a6097f16ed88c5f8cb6e399f74675d080bda3e72cbcede1b92d55a7bdeb08,2026-07-13T09:22:46.323Z,success,37775,1000,6377104,0x72fe09536fe0a708e8af3241fb09433e4cc4ec11d419b5639d789c11f38d14f5,2026-07-13T09:22:46.323Z,4280,4280,4408,62,Suspicious,2026-07-13T09:22:42.232Z,0xe62efb5e958fdbeafd6768eac955a33fcb8e417ce23a49e51ef68c1942760bc7,,variant-batch live execution
datm-live-2026-07-13T09-20-52-051Z,A,entity-07-suspicious,suspicious,12,2026-07-13T09:22:41.915Z,2026-07-13T09:22:41.915Z,2026-07-13T09:22:41.915Z,0,2026-07-13T09:22:42.063Z,0xe3d4d3b6a36e20e106657f0fec5a3dde708172337b98e16e5146b846274f7c6c,2026-07-13T09:22:46.542Z,success,37775,1000,6377104,0x72fe09536fe0a708e8af3241fb09433e4cc4ec11d419b5639d789c11f38d14f5,2026-07-13T09:22:46.542Z,4479,4479,4627,60,Suspicious,2026-07-13T09:22:42.232Z,0x01dae6679e2df05cada8d1947dc4e5a4c3c5a0c74201458a361f56059e2496cb,,variant-batch live execution
datm-live-2026-07-13T09-20-52-051Z,A,entity-08-malicious,malicious,12,2026-07-13T09:22:41.915Z,2026-07-13T09:22:41.915Z,2026-07-13T09:22:41.915Z,0,2026-07-13T09:22:42.064Z,0xa8ad5776876d2d839aa1cda6b71931af6e6e2dae9a162f8ec568cdb6dd2455ae,2026-07-13T09:22:46.578Z,success,37775,1000,6377104,0x72fe09536fe0a708e8af3241fb09433e4cc4ec11d419b5639d789c11f38d14f5,2026-07-13T09:22:46.578Z,4514,4514,4663,27,Untrusted,2026-07-13T09:22:42.232Z,0x610a8563242eb8069e25aafea6c15e82f52308fa93bfc0cff6da800957468a45,,variant-batch live execution
datm-live-2026-07-13T09-20-52-051Z,A,entity-09-malicious,malicious,12,2026-07-13T09:22:41.915Z,2026-07-13T09:22:41.915Z,2026-07-13T09:22:41.915Z,0,2026-07-13T09:22:42.064Z,0xd052f5299345b6e98a9ca5d45465ebb2c83261971ccb798e12ed69f0be1857bb,2026-07-13T09:22:46.545Z,success,37775,1000,6377104,0x72fe09536fe0a708e8af3241fb09433e4cc4ec11d419b5639d789c11f38d14f5,2026-07-13T09:22:46.545Z,4481,4481,4630,29,Untrusted,2026-07-13T09:22:42.232Z,0xbb12aa329e75c9cc30453cd8601e06428a0dd3151f6f4896c4060db5b0e9ca26,,variant-batch live execution
datm-live-2026-07-13T09-20-52-051Z,A,entity-10-malicious,malicious,12,2026-07-13T09:22:41.915Z,2026-07-13T09:22:41.915Z,2026-07-13T09:22:41.915Z,0,2026-07-13T09:22:42.064Z,0x58cf6b9c922ad842bd411c8a90fc90f49a8ded391f0dbd6ed3d21f46281d8614,2026-07-13T09:22:46.543Z,success,37763,1000,6377104,0x72fe09536fe0a708e8af3241fb09433e4cc4ec11d419b5639d789c11f38d14f5,2026-07-13T09:22:46.543Z,4479,4479,4628,28,Untrusted,2026-07-13T09:22:42.232Z,0x0b55ccb04b7d7d6d16f88e66e52fe20db6e2c2f42346e735bbfd9313b9c7a18c,,variant-batch live execution
datm-live-2026-07-13T09-20-52-051Z,A,entity-01-normal,normal,13,2026-07-13T09:22:51.702Z,2026-07-13T09:22:51.702Z,2026-07-13T09:22:51.702Z,0,2026-07-13T09:22:51.831Z,0x7fe447bd8786ee3b13cfc49e22de61ac3a2c68ba847488216299127cedd59fd7,2026-07-13T09:22:56.082Z,success,37775,1000,6377106,0xdc407063e9ba2cf7b00bc20d5a690a328f1810a575ed1faa6a4ea9a550d0e4e9,2026-07-13T09:22:56.082Z,4251,4251,4380,92,Trusted,2026-07-13T09:22:52.232Z,0x218df87c4cc4764ee612ecc7b365f90df772faa12f88ff0e68fe3b786eb8ce14,,variant-batch live execution
datm-live-2026-07-13T09-20-52-051Z,A,entity-02-normal,normal,13,2026-07-13T09:22:51.703Z,2026-07-13T09:22:51.703Z,2026-07-13T09:22:51.703Z,0,2026-07-13T09:22:51.831Z,0x3a3ca3ed548ea336895cb81ee0e9d4ed6ec42059b8cbf8ff20985886bf0f4af6,2026-07-13T09:22:56.088Z,success,37775,1000,6377106,0xdc407063e9ba2cf7b00bc20d5a690a328f1810a575ed1faa6a4ea9a550d0e4e9,2026-07-13T09:22:56.088Z,4257,4257,4385,93,Trusted,2026-07-13T09:22:52.232Z,0x78a9b6e254523cf272b4d2138b8090da0b6cecb0cb41b95917d76603e1eef710,,variant-batch live execution
datm-live-2026-07-13T09-20-52-051Z,A,entity-03-normal,normal,13,2026-07-13T09:22:51.703Z,2026-07-13T09:22:51.703Z,2026-07-13T09:22:51.703Z,0,2026-07-13T09:22:51.839Z,0x69eefaaa984e45ee6a47cfe2686764c991f5384dc2b87bdf6ac8cba723c5412f,2026-07-13T09:22:56.086Z,success,37775,1000,6377106,0xdc407063e9ba2cf7b00bc20d5a690a328f1810a575ed1faa6a4ea9a550d0e4e9,2026-07-13T09:22:56.086Z,4247,4247,4383,93,Trusted,2026-07-13T09:22:52.232Z,0xa8eb836b2cd4ac670b223626cbe063afa6e72e694cafc94c764294360e222e2c,,variant-batch live execution
datm-live-2026-07-13T09-20-52-051Z,A,entity-04-normal,normal,13,2026-07-13T09:22:51.703Z,2026-07-13T09:22:51.703Z,2026-07-13T09:22:51.703Z,0,2026-07-13T09:22:51.839Z,0xe61605647dd8d5e7e2cd8ef66119cd4c484b26310a90a5e385320ba458b40e83,2026-07-13T09:22:56.088Z,success,37775,1000,6377106,0xdc407063e9ba2cf7b00bc20d5a690a328f1810a575ed1faa6a4ea9a550d0e4e9,2026-07-13T09:22:56.088Z,4249,4249,4385,92,Trusted,2026-07-13T09:22:52.232Z,0xda8e7f589bbad4e518c4343a0d1a37e402d58a1f557a6dff4e9c7e7279723adc,,variant-batch live execution
datm-live-2026-07-13T09-20-52-051Z,A,entity-05-suspicious,suspicious,13,2026-07-13T09:22:51.703Z,2026-07-13T09:22:51.703Z,2026-07-13T09:22:51.703Z,0,2026-07-13T09:22:51.839Z,0x59111433913bf6457cb81cbb7f251b34b1f5f21c9be9d58023c3d5a81ab2828a,2026-07-13T09:22:56.088Z,success,37775,1000,6377106,0xdc407063e9ba2cf7b00bc20d5a690a328f1810a575ed1faa6a4ea9a550d0e4e9,2026-07-13T09:22:56.088Z,4249,4249,4385,62,Suspicious,2026-07-13T09:22:52.232Z,0xc3951fa653b603835cacb1fc2ee34536be1f2988805ee0f48ba5a7a8a1f25f93,,variant-batch live execution
datm-live-2026-07-13T09-20-52-051Z,A,entity-06-suspicious,suspicious,13,2026-07-13T09:22:51.703Z,2026-07-13T09:22:51.703Z,2026-07-13T09:22:51.703Z,0,2026-07-13T09:22:51.839Z,0xa9ec0815ee11122fafb9090ccd3f40bf201f17fe3b5f04f172d524eb03ebe26e,2026-07-13T09:22:56.109Z,success,37775,1000,6377106,0xdc407063e9ba2cf7b00bc20d5a690a328f1810a575ed1faa6a4ea9a550d0e4e9,2026-07-13T09:22:56.109Z,4270,4270,4406,61,Suspicious,2026-07-13T09:22:52.232Z,0x82779d1f4271c91cb5e08fb14a830bdfa7072a84282840084ba97223c837155d,,variant-batch live execution
datm-live-2026-07-13T09-20-52-051Z,A,entity-07-suspicious,suspicious,13,2026-07-13T09:22:51.703Z,2026-07-13T09:22:51.703Z,2026-07-13T09:22:51.703Z,0,2026-07-13T09:22:51.840Z,0xa98a5cff091c8e5f8c41019cb2d8094ea3ea4e05c64c3d561288c80f3c622170,2026-07-13T09:22:56.275Z,success,37775,1000,6377106,0xdc407063e9ba2cf7b00bc20d5a690a328f1810a575ed1faa6a4ea9a550d0e4e9,2026-07-13T09:22:56.275Z,4435,4435,4572,61,Suspicious,2026-07-13T09:22:52.232Z,0x02c322363022121fcb2520d35780eeeced9b7b9332567aaf76d44cc6a8326b05,,variant-batch live execution
datm-live-2026-07-13T09-20-52-051Z,A,entity-08-malicious,malicious,13,2026-07-13T09:22:51.704Z,2026-07-13T09:22:51.704Z,2026-07-13T09:22:51.704Z,0,2026-07-13T09:22:51.860Z,0xcb2198d6c615d1fcce4bc1e8c629c3bac47c58becea833b27162fc0d3892aa48,2026-07-13T09:22:56.296Z,success,37775,1000,6377106,0xdc407063e9ba2cf7b00bc20d5a690a328f1810a575ed1faa6a4ea9a550d0e4e9,2026-07-13T09:22:56.296Z,4436,4436,4592,29,Untrusted,2026-07-13T09:22:52.232Z,0x3945e4bfc28986fbbba1e6266e6058f7cf2bc0457640c75728f2cac2a16e8581,,variant-batch live execution
datm-live-2026-07-13T09-20-52-051Z,A,entity-09-malicious,malicious,13,2026-07-13T09:22:51.704Z,2026-07-13T09:22:51.704Z,2026-07-13T09:22:51.704Z,0,2026-07-13T09:22:51.860Z,0x2c9aa8ae668f5e376097ee862948f6ef78d7abfcd807cf007c7c72b8ab7e86a6,2026-07-13T09:22:56.306Z,success,37775,1000,6377106,0xdc407063e9ba2cf7b00bc20d5a690a328f1810a575ed1faa6a4ea9a550d0e4e9,2026-07-13T09:22:56.306Z,4446,4446,4602,27,Untrusted,2026-07-13T09:22:52.232Z,0x70ad95700cf812cb7672e8d9cf4e93eca30e2186bb542f1918297b796af15de5,,variant-batch live execution
datm-live-2026-07-13T09-20-52-051Z,A,entity-10-malicious,malicious,13,2026-07-13T09:22:51.704Z,2026-07-13T09:22:51.704Z,2026-07-13T09:22:51.704Z,0,2026-07-13T09:22:51.861Z,0xb540df7876688818c4584957d7bdc40a270c38c7f962a1b88ee7e925475d78a4,2026-07-13T09:22:56.322Z,success,37763,1000,6377106,0xdc407063e9ba2cf7b00bc20d5a690a328f1810a575ed1faa6a4ea9a550d0e4e9,2026-07-13T09:22:56.322Z,4461,4461,4618,27,Untrusted,2026-07-13T09:22:52.232Z,0x5b13538c1f02be2975609cd425da8f1e6c055dc13d1786ea9636d3cdbcde9a0c,,variant-batch live execution
datm-live-2026-07-13T09-20-52-051Z,A,entity-01-normal,normal,14,2026-07-13T09:23:01.436Z,2026-07-13T09:23:01.436Z,2026-07-13T09:23:01.436Z,0,2026-07-13T09:23:01.553Z,0xcb07def9bafaffbd0ca3f01d2d390533a4a268b75bcd4d89ae79c50c36e9cc9b,2026-07-13T09:23:05.816Z,success,37775,1000,6377108,0x001c78eb9261683b9774b34e03b6154d9fe78da21a6d69f0e1a46d8082b2c9c4,2026-07-13T09:23:05.816Z,4263,4263,4380,92,Trusted,2026-07-13T09:23:02.232Z,0x7c03f139d88e8c21aca0c8055059391be5bd7a99d8a2434e94022e173f3ce0b7,,variant-batch live execution
datm-live-2026-07-13T09-20-52-051Z,A,entity-02-normal,normal,14,2026-07-13T09:23:01.436Z,2026-07-13T09:23:01.436Z,2026-07-13T09:23:01.436Z,0,2026-07-13T09:23:01.553Z,0xc9c73e534275dd572a598079a088f092a018bdd42b9c7455e82882fd8cbbbf14,2026-07-13T09:23:05.844Z,success,37775,1000,6377108,0x001c78eb9261683b9774b34e03b6154d9fe78da21a6d69f0e1a46d8082b2c9c4,2026-07-13T09:23:05.844Z,4291,4291,4408,93,Trusted,2026-07-13T09:23:02.232Z,0xbb0d446a2dbbfb99fa8336d141e5b6ca9c05907f98ebe02d0ad44a2ed80da4ad,,variant-batch live execution
datm-live-2026-07-13T09-20-52-051Z,A,entity-03-normal,normal,14,2026-07-13T09:23:01.437Z,2026-07-13T09:23:01.437Z,2026-07-13T09:23:01.437Z,0,2026-07-13T09:23:01.572Z,0xe2cc83f11357524cd082e9cd97a104961140d0a8ca19119d71a3d40add290ebf,2026-07-13T09:23:05.820Z,success,37775,1000,6377108,0x001c78eb9261683b9774b34e03b6154d9fe78da21a6d69f0e1a46d8082b2c9c4,2026-07-13T09:23:05.820Z,4248,4248,4383,91,Trusted,2026-07-13T09:23:02.232Z,0x2007fa1b3a243bf39ec172fd7835ff12bfdd0e07141daf0cc8ac48da2dee83a3,,variant-batch live execution
datm-live-2026-07-13T09-20-52-051Z,A,entity-04-normal,normal,14,2026-07-13T09:23:01.437Z,2026-07-13T09:23:01.437Z,2026-07-13T09:23:01.437Z,0,2026-07-13T09:23:01.573Z,0x19f44a141c9efecc90c8d8c687aff6bc9713d4cb72e0237f99ff138ecbc316bf,2026-07-13T09:23:05.825Z,success,37775,1000,6377108,0x001c78eb9261683b9774b34e03b6154d9fe78da21a6d69f0e1a46d8082b2c9c4,2026-07-13T09:23:05.825Z,4252,4252,4388,92,Trusted,2026-07-13T09:23:02.232Z,0x31c41263104f32b02d6972faec830fccccba050362023089b3527c260acf86c3,,variant-batch live execution
datm-live-2026-07-13T09-20-52-051Z,A,entity-05-suspicious,suspicious,14,2026-07-13T09:23:01.438Z,2026-07-13T09:23:01.438Z,2026-07-13T09:23:01.438Z,0,2026-07-13T09:23:01.573Z,0xd67f44908f7f7db1b7b0bd9b386a6ffb59f16392cd6158d9b4c7eed69d84c66f,2026-07-13T09:23:05.824Z,success,37775,1000,6377108,0x001c78eb9261683b9774b34e03b6154d9fe78da21a6d69f0e1a46d8082b2c9c4,2026-07-13T09:23:05.824Z,4251,4251,4386,61,Suspicious,2026-07-13T09:23:02.232Z,0x8fdc3db68830c8da854e382507a6d38b5a04d7ecc22ae1fa3bb625426757d8ff,,variant-batch live execution
datm-live-2026-07-13T09-20-52-051Z,A,entity-06-suspicious,suspicious,14,2026-07-13T09:23:01.438Z,2026-07-13T09:23:01.438Z,2026-07-13T09:23:01.438Z,0,2026-07-13T09:23:01.573Z,0x4abf71af9d03a08ab2866f16922f57bca6a1f335985026cb4e876e5111c86854,2026-07-13T09:23:05.821Z,success,37775,1000,6377108,0x001c78eb9261683b9774b34e03b6154d9fe78da21a6d69f0e1a46d8082b2c9c4,2026-07-13T09:23:05.821Z,4248,4248,4383,60,Suspicious,2026-07-13T09:23:02.232Z,0xda649a039f6ad7114333d8ab1f74744a99470bf2e78fcf087931f0c6f7eb2c6f,,variant-batch live execution
datm-live-2026-07-13T09-20-52-051Z,A,entity-07-suspicious,suspicious,14,2026-07-13T09:23:01.439Z,2026-07-13T09:23:01.439Z,2026-07-13T09:23:01.439Z,0,2026-07-13T09:23:01.573Z,0x654efe0959329d6bff1fd6dbf852fbb6b0842909a7459364d95d07158e015425,2026-07-13T09:23:06.012Z,success,37775,1000,6377108,0x001c78eb9261683b9774b34e03b6154d9fe78da21a6d69f0e1a46d8082b2c9c4,2026-07-13T09:23:06.012Z,4439,4439,4573,62,Suspicious,2026-07-13T09:23:02.232Z,0x11464dff2332bfa885a58f405983959cf2cf239b5866b4e2bf5874b7738daa0e,,variant-batch live execution
datm-live-2026-07-13T09-20-52-051Z,A,entity-08-malicious,malicious,14,2026-07-13T09:23:01.439Z,2026-07-13T09:23:01.439Z,2026-07-13T09:23:01.439Z,0,2026-07-13T09:23:01.582Z,0x4e282fec0faeed7da17150208fb3341910c65404cb9d29bb395f19d48bbc2144,2026-07-13T09:23:06.020Z,success,37775,1000,6377108,0x001c78eb9261683b9774b34e03b6154d9fe78da21a6d69f0e1a46d8082b2c9c4,2026-07-13T09:23:06.020Z,4438,4438,4581,28,Untrusted,2026-07-13T09:23:02.232Z,0xc38c879af71fdc44d093e0c5be5816124ba3b43a866aec18e5c6cc8194aa45c9,,variant-batch live execution
datm-live-2026-07-13T09-20-52-051Z,A,entity-09-malicious,malicious,14,2026-07-13T09:23:01.439Z,2026-07-13T09:23:01.439Z,2026-07-13T09:23:01.439Z,0,2026-07-13T09:23:01.582Z,0x3589b4d48782dfa808dd28a05e792ee432d9441196cf54e02ed8eedd0490b1be,2026-07-13T09:23:06.046Z,success,37775,1000,6377108,0x001c78eb9261683b9774b34e03b6154d9fe78da21a6d69f0e1a46d8082b2c9c4,2026-07-13T09:23:06.046Z,4464,4464,4607,26,Untrusted,2026-07-13T09:23:02.232Z,0x5dd91832d82919972cd11a62bc1980374452f05ea489bf818130420a7e667652,,variant-batch live execution
datm-live-2026-07-13T09-20-52-051Z,A,entity-10-malicious,malicious,14,2026-07-13T09:23:01.439Z,2026-07-13T09:23:01.439Z,2026-07-13T09:23:01.439Z,0,2026-07-13T09:23:01.582Z,0x0ae4adcf4dbe1980ca6d2ed005eec2e5f13dd4962998c7bc5b7f8a8df995f535,2026-07-13T09:23:06.029Z,success,37763,1000,6377108,0x001c78eb9261683b9774b34e03b6154d9fe78da21a6d69f0e1a46d8082b2c9c4,2026-07-13T09:23:06.029Z,4447,4447,4590,30,Untrusted,2026-07-13T09:23:02.232Z,0x2e812532fb319685201559cc3074ac54085184a9f6b7a73ad61e633a2267f4a8,,variant-batch live execution
datm-live-2026-07-13T09-20-52-051Z,A,entity-01-normal,normal,15,2026-07-13T09:23:11.160Z,2026-07-13T09:23:11.160Z,2026-07-13T09:23:11.160Z,0,2026-07-13T09:23:11.268Z,0x127ef40441e074f038f48954ce7cb8cda3ebfa1b75f67b200c37fe9968bbde0d,2026-07-13T09:23:15.556Z,success,37775,1000,6377110,0x038cab0adf290b8d605628a0f705fa8a9faf3284287024544fe505b90e0ff63b,2026-07-13T09:23:15.556Z,4288,4288,4396,93,Trusted,2026-07-13T09:23:12.232Z,0x7e4ffcc62a285e54423982b9d3d9ff77fb074852df855da268162f053355733c,,variant-batch live execution
datm-live-2026-07-13T09-20-52-051Z,A,entity-02-normal,normal,15,2026-07-13T09:23:11.161Z,2026-07-13T09:23:11.161Z,2026-07-13T09:23:11.161Z,0,2026-07-13T09:23:11.268Z,0x676a3bfb8870275b5f633e984624db3ac214943cbada92437cf7b97c9acb0265,2026-07-13T09:23:15.559Z,success,37775,1000,6377110,0x038cab0adf290b8d605628a0f705fa8a9faf3284287024544fe505b90e0ff63b,2026-07-13T09:23:15.559Z,4291,4291,4398,91,Trusted,2026-07-13T09:23:12.232Z,0x9e2c587d5c7cf0b0a3549baa0fa0393171d5e3ab933fb397db53c46a89d9dcbc,,variant-batch live execution
datm-live-2026-07-13T09-20-52-051Z,A,entity-03-normal,normal,15,2026-07-13T09:23:11.161Z,2026-07-13T09:23:11.161Z,2026-07-13T09:23:11.161Z,0,2026-07-13T09:23:11.291Z,0xb1e2eca679b960e487368501cd430c9a8e1075937f5e079de779db78b14b5911,2026-07-13T09:23:15.559Z,success,37763,1000,6377110,0x038cab0adf290b8d605628a0f705fa8a9faf3284287024544fe505b90e0ff63b,2026-07-13T09:23:15.559Z,4268,4268,4398,93,Trusted,2026-07-13T09:23:12.232Z,0x4d248b402c19c7d4a9002124f9fd94d37f8fba6bb4a0b750897132a3989cf8ef,,variant-batch live execution
datm-live-2026-07-13T09-20-52-051Z,A,entity-04-normal,normal,15,2026-07-13T09:23:11.162Z,2026-07-13T09:23:11.162Z,2026-07-13T09:23:11.162Z,0,2026-07-13T09:23:11.291Z,0x6fc9c0bed75c761fdce446ddbbc0d0c026226ffa1b11acd1719413ed38f56d93,2026-07-13T09:23:15.558Z,success,37775,1000,6377110,0x038cab0adf290b8d605628a0f705fa8a9faf3284287024544fe505b90e0ff63b,2026-07-13T09:23:15.558Z,4267,4267,4396,93,Trusted,2026-07-13T09:23:12.232Z,0xac38143746bec7898102c29fdf97585bea09b1b5c0b84a31b1999544453d9a2f,,variant-batch live execution
datm-live-2026-07-13T09-20-52-051Z,A,entity-05-suspicious,suspicious,15,2026-07-13T09:23:11.162Z,2026-07-13T09:23:11.162Z,2026-07-13T09:23:11.162Z,0,2026-07-13T09:23:11.291Z,0x3e148d4f9a6b6a0ac30b080431f1c9758e329048875864150d0b8115df6e4678,2026-07-13T09:23:15.556Z,success,37763,1000,6377110,0x038cab0adf290b8d605628a0f705fa8a9faf3284287024544fe505b90e0ff63b,2026-07-13T09:23:15.556Z,4265,4265,4394,60,Suspicious,2026-07-13T09:23:12.232Z,0x04cd1557306e00269b83f752da0a7afc5e6e3cf4807d10df6ad62b89b18ad938,,variant-batch live execution
datm-live-2026-07-13T09-20-52-051Z,A,entity-06-suspicious,suspicious,15,2026-07-13T09:23:11.162Z,2026-07-13T09:23:11.162Z,2026-07-13T09:23:11.162Z,0,2026-07-13T09:23:11.312Z,0xf5206078ed36b41a706ed4b52db169d2e79c0714fd650ce4ddb6bf1a5da79a29,2026-07-13T09:23:15.589Z,success,37775,1000,6377110,0x038cab0adf290b8d605628a0f705fa8a9faf3284287024544fe505b90e0ff63b,2026-07-13T09:23:15.589Z,4277,4277,4427,64,Suspicious,2026-07-13T09:23:12.232Z,0xc02e3873f0427686f6dda5c1f68de435b35ea0ebe9f6f8d303eee2e0e636c4d2,,variant-batch live execution
datm-live-2026-07-13T09-20-52-051Z,A,entity-07-suspicious,suspicious,15,2026-07-13T09:23:11.163Z,2026-07-13T09:23:11.163Z,2026-07-13T09:23:11.163Z,0,2026-07-13T09:23:11.312Z,0x4f8aea21c25170083bd763076cc02a25918561416831c954a9fec2469e1581e8,2026-07-13T09:23:15.764Z,success,37775,1000,6377110,0x038cab0adf290b8d605628a0f705fa8a9faf3284287024544fe505b90e0ff63b,2026-07-13T09:23:15.764Z,4452,4452,4601,61,Suspicious,2026-07-13T09:23:12.232Z,0x43ee964a8a6a4afb8451bddf939eb1ad1608f2313e2eb5de8c0c9e8b0fb86013,,variant-batch live execution
datm-live-2026-07-13T09-20-52-051Z,A,entity-08-malicious,malicious,15,2026-07-13T09:23:11.163Z,2026-07-13T09:23:11.163Z,2026-07-13T09:23:11.163Z,0,2026-07-13T09:23:11.291Z,0xb731e48347f251bddaf047746000fd740cd6d3b89d2ad8b234090e2d3b7e3437,2026-07-13T09:23:15.780Z,success,37775,1000,6377110,0x038cab0adf290b8d605628a0f705fa8a9faf3284287024544fe505b90e0ff63b,2026-07-13T09:23:15.780Z,4489,4489,4617,26,Untrusted,2026-07-13T09:23:12.232Z,0x5074022ed64542386576861a52bf52c1ab7d8cef8aafa6c5529dad4cc30898e5,,variant-batch live execution
datm-live-2026-07-13T09-20-52-051Z,A,entity-09-malicious,malicious,15,2026-07-13T09:23:11.163Z,2026-07-13T09:23:11.163Z,2026-07-13T09:23:11.163Z,0,2026-07-13T09:23:11.292Z,0xb6298e2cc3652cc9b50a3eed1ac32f35714c2332243043b3e64131e235f01702,2026-07-13T09:23:15.793Z,success,37775,1000,6377110,0x038cab0adf290b8d605628a0f705fa8a9faf3284287024544fe505b90e0ff63b,2026-07-13T09:23:15.793Z,4501,4501,4630,28,Untrusted,2026-07-13T09:23:12.232Z,0x703c74bc15ce475fa28d7cdb1b1364e2185233c017a458529041093b0c165cc1,,variant-batch live execution
datm-live-2026-07-13T09-20-52-051Z,A,entity-10-malicious,malicious,15,2026-07-13T09:23:11.164Z,2026-07-13T09:23:11.164Z,2026-07-13T09:23:11.164Z,0,2026-07-13T09:23:11.312Z,0x4eeff0864a927b47e1ff99b00f9265c254074aed6ae01baef74de79f69186972,2026-07-13T09:23:15.808Z,success,37763,1000,6377110,0x038cab0adf290b8d605628a0f705fa8a9faf3284287024544fe505b90e0ff63b,2026-07-13T09:23:15.808Z,4496,4496,4644,28,Untrusted,2026-07-13T09:23:12.232Z,0x58240b53a84038f75d3fe986c8bd313e04e8a096c00f86750f22144226014ab8,,variant-batch live execution
datm-live-2026-07-13T09-20-52-051Z,A,entity-01-normal,normal,16,2026-07-13T09:23:20.938Z,2026-07-13T09:23:20.938Z,2026-07-13T09:23:20.938Z,0,2026-07-13T09:23:21.074Z,0x1c3b1c20f9b42e74ee6ade2208a1c9c9296c3ec138903ff146f0851ca97f4d5c,2026-07-13T09:23:25.345Z,success,37775,1000,6377112,0x993d65597a6ff7a8c1f87a1b157a349c4a4809cd09780811aae2d163d754ea9a,2026-07-13T09:23:25.345Z,4271,4271,4407,90,Trusted,2026-07-13T09:23:22.232Z,0xc671e5c245ad23057aacad52a28d4f3b249258f388374e99db32486dd09779ae,,variant-batch live execution
datm-live-2026-07-13T09-20-52-051Z,A,entity-02-normal,normal,16,2026-07-13T09:23:20.940Z,2026-07-13T09:23:20.940Z,2026-07-13T09:23:20.940Z,0,2026-07-13T09:23:21.074Z,0xa51b555b2fff18904e794b32a03cd890a7ef965bd2e7e3243b57d6c1b91d556a,2026-07-13T09:23:25.371Z,success,37775,1000,6377112,0x993d65597a6ff7a8c1f87a1b157a349c4a4809cd09780811aae2d163d754ea9a,2026-07-13T09:23:25.371Z,4297,4297,4431,92,Trusted,2026-07-13T09:23:22.232Z,0xeb4935aa1a18a6666383e45bf6f88d17f7b33d86b1cc423e200fd8b3f56a7283,,variant-batch live execution
datm-live-2026-07-13T09-20-52-051Z,A,entity-03-normal,normal,16,2026-07-13T09:23:20.941Z,2026-07-13T09:23:20.941Z,2026-07-13T09:23:20.941Z,0,2026-07-13T09:23:21.071Z,0xef75f432d0bb5a89e41c49caead5b7bec9096151d82d03996cbe5cac0bc52cf2,2026-07-13T09:23:25.341Z,success,37775,1000,6377112,0x993d65597a6ff7a8c1f87a1b157a349c4a4809cd09780811aae2d163d754ea9a,2026-07-13T09:23:25.341Z,4270,4270,4400,92,Trusted,2026-07-13T09:23:22.232Z,0xad27cc9b16c88a930c31554e7043b66b67c2679be573e1d3531b64a9edbcf823,,variant-batch live execution
datm-live-2026-07-13T09-20-52-051Z,A,entity-04-normal,normal,16,2026-07-13T09:23:20.941Z,2026-07-13T09:23:20.941Z,2026-07-13T09:23:20.941Z,0,2026-07-13T09:23:21.074Z,0x5d24ded9db6e43460c18560fbffbcabe9b70179ffc68327f4c3e2b44e642d1f0,2026-07-13T09:23:25.345Z,success,37763,1000,6377112,0x993d65597a6ff7a8c1f87a1b157a349c4a4809cd09780811aae2d163d754ea9a,2026-07-13T09:23:25.345Z,4271,4271,4404,90,Trusted,2026-07-13T09:23:22.232Z,0xcfbd3ffecabe6ef43898e012629b3be8cc725da199f5bb17059aff96d3005aff,,variant-batch live execution
datm-live-2026-07-13T09-20-52-051Z,A,entity-05-suspicious,suspicious,16,2026-07-13T09:23:20.941Z,2026-07-13T09:23:20.941Z,2026-07-13T09:23:20.941Z,0,2026-07-13T09:23:21.074Z,0x904cf79dba11cccafe89d3353cf3a1d4ca4117156c205cb0392dd09655f9db52,2026-07-13T09:23:25.341Z,success,37775,1000,6377112,0x993d65597a6ff7a8c1f87a1b157a349c4a4809cd09780811aae2d163d754ea9a,2026-07-13T09:23:25.341Z,4267,4267,4400,64,Suspicious,2026-07-13T09:23:22.232Z,0xa5c921fa1e871d8adef86acc64ec79ecce3a1da4c5254a253616cf7439dcd930,,variant-batch live execution
datm-live-2026-07-13T09-20-52-051Z,A,entity-06-suspicious,suspicious,16,2026-07-13T09:23:20.941Z,2026-07-13T09:23:20.941Z,2026-07-13T09:23:20.941Z,0,2026-07-13T09:23:21.108Z,0x9f180103f97d7d67c560513221e80bd56ad64792c42a6e898b30b9c94cb5273e,2026-07-13T09:23:25.342Z,success,37775,1000,6377112,0x993d65597a6ff7a8c1f87a1b157a349c4a4809cd09780811aae2d163d754ea9a,2026-07-13T09:23:25.342Z,4234,4234,4401,61,Suspicious,2026-07-13T09:23:22.232Z,0x433e9bea600563eb88c68e464ff8345ec5c627d9bed56179bf58e22a445653e1,,variant-batch live execution
datm-live-2026-07-13T09-20-52-051Z,A,entity-07-suspicious,suspicious,16,2026-07-13T09:23:20.941Z,2026-07-13T09:23:20.941Z,2026-07-13T09:23:20.941Z,0,2026-07-13T09:23:21.074Z,0xd2bc43c3160ca33785399a010a79eeb2f0c4e5e770aeb3976cf4a48aa919c557,2026-07-13T09:23:25.528Z,success,37763,1000,6377112,0x993d65597a6ff7a8c1f87a1b157a349c4a4809cd09780811aae2d163d754ea9a,2026-07-13T09:23:25.528Z,4454,4454,4587,60,Suspicious,2026-07-13T09:23:22.232Z,0xa906ca8b8680441b83a786126cffd6875417404760b01551d93c460081d52179,,variant-batch live execution
datm-live-2026-07-13T09-20-52-051Z,A,entity-08-malicious,malicious,16,2026-07-13T09:23:20.942Z,2026-07-13T09:23:20.942Z,2026-07-13T09:23:20.942Z,0,2026-07-13T09:23:21.109Z,0x799a004a1ce27397805d5738e9876d3aef78a8c76e412865905164abd701fd47,2026-07-13T09:23:25.550Z,success,37763,1000,6377112,0x993d65597a6ff7a8c1f87a1b157a349c4a4809cd09780811aae2d163d754ea9a,2026-07-13T09:23:25.550Z,4441,4441,4608,28,Untrusted,2026-07-13T09:23:22.232Z,0xedcdb28d8b360aee5f6942c883df97c37c040ba88a3252e6031983001f66853c,,variant-batch live execution
datm-live-2026-07-13T09-20-52-051Z,A,entity-09-malicious,malicious,16,2026-07-13T09:23:20.942Z,2026-07-13T09:23:20.942Z,2026-07-13T09:23:20.942Z,0,2026-07-13T09:23:21.109Z,0x9c4a61dcf8bf7e09503f5c3cb5bb74987831eeab91eda80e011d4009cb466fda,2026-07-13T09:23:25.569Z,success,37763,1000,6377112,0x993d65597a6ff7a8c1f87a1b157a349c4a4809cd09780811aae2d163d754ea9a,2026-07-13T09:23:25.569Z,4460,4460,4627,27,Untrusted,2026-07-13T09:23:22.232Z,0x9b50ceaa730456c2036c1005610d4600810bbf443ffe2a58771d0a79dffdd3be,,variant-batch live execution
datm-live-2026-07-13T09-20-52-051Z,A,entity-10-malicious,malicious,16,2026-07-13T09:23:20.942Z,2026-07-13T09:23:20.942Z,2026-07-13T09:23:20.942Z,0,2026-07-13T09:23:21.109Z,0x8fb2fe31c64583a613b47c456453559be168838436be2acd9ab58e5e0cd8e7a3,2026-07-13T09:23:25.566Z,success,37739,1000,6377112,0x993d65597a6ff7a8c1f87a1b157a349c4a4809cd09780811aae2d163d754ea9a,2026-07-13T09:23:25.566Z,4457,4457,4624,26,Untrusted,2026-07-13T09:23:22.232Z,0xc5d73f425462d339da6fba003b057e227a399a630bb28274cb59001eb9f69525,,variant-batch live execution
datm-live-2026-07-13T09-20-52-051Z,A,entity-01-normal,normal,17,2026-07-13T09:23:30.703Z,2026-07-13T09:23:30.703Z,2026-07-13T09:23:30.703Z,0,2026-07-13T09:23:30.813Z,0x7fa71b75cfb61a1ec785d754477f477d363c9b87442f75d459f11018af7af44f,2026-07-13T09:23:35.108Z,success,37775,1000,6377114,0x56610b126ed15245c8edc23c64115b10d22a01c3cda7080e0776a629756399af,2026-07-13T09:23:35.108Z,4295,4295,4405,93,Trusted,2026-07-13T09:23:32.232Z,0x57cf6840e399f17efc67935a4768dbb9f56875406b21d7f869a928ec2dbc71b6,,variant-batch live execution
datm-live-2026-07-13T09-20-52-051Z,A,entity-02-normal,normal,17,2026-07-13T09:23:30.704Z,2026-07-13T09:23:30.704Z,2026-07-13T09:23:30.704Z,0,2026-07-13T09:23:30.813Z,0xe0bb8dbfbb33e0cf976eb2cec0f66497480cff18cef084bed0a20126180714cb,2026-07-13T09:23:35.100Z,success,37775,1000,6377114,0x56610b126ed15245c8edc23c64115b10d22a01c3cda7080e0776a629756399af,2026-07-13T09:23:35.100Z,4287,4287,4396,93,Trusted,2026-07-13T09:23:32.232Z,0x9569edaaf1dbbb04d926a3944520ea0b0b80afcae268da9753d4f31a0a497917,,variant-batch live execution
datm-live-2026-07-13T09-20-52-051Z,A,entity-03-normal,normal,17,2026-07-13T09:23:30.705Z,2026-07-13T09:23:30.705Z,2026-07-13T09:23:30.705Z,0,2026-07-13T09:23:30.813Z,0xc66e2938a15210d303b5505ed8888bbfb3a80544ff9f4a4bc6f826d8eb590f68,2026-07-13T09:23:35.103Z,success,37775,1000,6377114,0x56610b126ed15245c8edc23c64115b10d22a01c3cda7080e0776a629756399af,2026-07-13T09:23:35.103Z,4290,4290,4398,92,Trusted,2026-07-13T09:23:32.232Z,0x6efceaf6731b649cb9a8c49d6959635e1fddaa82fc7bd4ebdb79ff409caf9f5d,,variant-batch live execution
datm-live-2026-07-13T09-20-52-051Z,A,entity-04-normal,normal,17,2026-07-13T09:23:30.705Z,2026-07-13T09:23:30.705Z,2026-07-13T09:23:30.705Z,0,2026-07-13T09:23:30.813Z,0xcd07a4d652342f4d5111ee77d1493843049773132b7662b91d91ea6784abeef4,2026-07-13T09:23:35.104Z,success,37775,1000,6377114,0x56610b126ed15245c8edc23c64115b10d22a01c3cda7080e0776a629756399af,2026-07-13T09:23:35.104Z,4291,4291,4399,93,Trusted,2026-07-13T09:23:32.232Z,0xb3eb7696e1497cb5ec849abb0dd372e84132f0323ce1947c265da5b0e823ccfb,,variant-batch live execution
datm-live-2026-07-13T09-20-52-051Z,A,entity-05-suspicious,suspicious,17,2026-07-13T09:23:30.705Z,2026-07-13T09:23:30.705Z,2026-07-13T09:23:30.705Z,0,2026-07-13T09:23:30.832Z,0xee3c916ec9a7e0e1b21f999f9ff8e3bfe507becfbf5d35b582bc7d47bb4c059d,2026-07-13T09:23:35.106Z,success,37775,1000,6377114,0x56610b126ed15245c8edc23c64115b10d22a01c3cda7080e0776a629756399af,2026-07-13T09:23:35.106Z,4274,4274,4401,61,Suspicious,2026-07-13T09:23:32.232Z,0x2788587c7b550f87561903b4797984b4436fbdeefaf0dc105ade6cc8f7225862,,variant-batch live execution
datm-live-2026-07-13T09-20-52-051Z,A,entity-06-suspicious,suspicious,17,2026-07-13T09:23:30.706Z,2026-07-13T09:23:30.706Z,2026-07-13T09:23:30.706Z,0,2026-07-13T09:23:30.832Z,0x6e5d33a61133d96ee007973faf17cfc06818ea5a4946882e0bee3fc1ecce7af8,2026-07-13T09:23:35.126Z,success,37775,1000,6377114,0x56610b126ed15245c8edc23c64115b10d22a01c3cda7080e0776a629756399af,2026-07-13T09:23:35.126Z,4294,4294,4420,58,Suspicious,2026-07-13T09:23:32.232Z,0x5aabc32eda8f925adb6fc5a1bf75f6dc739ce49e07468bc82495959123e55122,,variant-batch live execution
datm-live-2026-07-13T09-20-52-051Z,A,entity-07-suspicious,suspicious,17,2026-07-13T09:23:30.706Z,2026-07-13T09:23:30.706Z,2026-07-13T09:23:30.706Z,0,2026-07-13T09:23:30.837Z,0x22e18c153a6028bff2d263f086c7fee86aa712ff7eccac6ab9e804bf9fd3ba26,2026-07-13T09:23:35.314Z,success,37775,1000,6377114,0x56610b126ed15245c8edc23c64115b10d22a01c3cda7080e0776a629756399af,2026-07-13T09:23:35.314Z,4477,4477,4608,64,Suspicious,2026-07-13T09:23:32.232Z,0x11f840e760222dff8550141c1c42484b601305cb200e3ea46d373088cc3f0981,,variant-batch live execution
datm-live-2026-07-13T09-20-52-051Z,A,entity-08-malicious,malicious,17,2026-07-13T09:23:30.706Z,2026-07-13T09:23:30.706Z,2026-07-13T09:23:30.706Z,0,2026-07-13T09:23:30.833Z,0x697be107d11fcd6c52c8ca4cea13440411a2e232ffec079a97b9e46edbf5e727,2026-07-13T09:23:35.340Z,success,37775,1000,6377114,0x56610b126ed15245c8edc23c64115b10d22a01c3cda7080e0776a629756399af,2026-07-13T09:23:35.340Z,4507,4507,4634,27,Untrusted,2026-07-13T09:23:32.232Z,0xe4be3840d36dfcb7337ad2e8aa1926e9c01610e65830294d5b6ceb421ac896c9,,variant-batch live execution
datm-live-2026-07-13T09-20-52-051Z,A,entity-09-malicious,malicious,17,2026-07-13T09:23:30.706Z,2026-07-13T09:23:30.706Z,2026-07-13T09:23:30.706Z,0,2026-07-13T09:23:30.833Z,0x71d8dbea448682ced57f44e821daa822b17f97eb02be4fa2ebf60e16d29bc3d7,2026-07-13T09:23:35.316Z,success,37775,1000,6377114,0x56610b126ed15245c8edc23c64115b10d22a01c3cda7080e0776a629756399af,2026-07-13T09:23:35.316Z,4483,4483,4610,26,Untrusted,2026-07-13T09:23:32.232Z,0x2b29db13f8c40e178e76578a09771f5c27215b6fa142f07409f26f2ba21d6251,,variant-batch live execution
datm-live-2026-07-13T09-20-52-051Z,A,entity-10-malicious,malicious,17,2026-07-13T09:23:30.706Z,2026-07-13T09:23:30.706Z,2026-07-13T09:23:30.706Z,0,2026-07-13T09:23:30.833Z,0x3d78a901b391037ddc60d8781800c9262fe055050b19a8fc1b2222394f096e02,2026-07-13T09:23:35.315Z,success,37763,1000,6377114,0x56610b126ed15245c8edc23c64115b10d22a01c3cda7080e0776a629756399af,2026-07-13T09:23:35.315Z,4482,4482,4609,28,Untrusted,2026-07-13T09:23:32.232Z,0x3e59a7d068a31b97ad773db0ac7377d844379068cb936362803599dec7eb176a,,variant-batch live execution
datm-live-2026-07-13T09-20-52-051Z,A,entity-01-normal,normal,18,2026-07-13T09:23:40.458Z,2026-07-13T09:23:40.458Z,2026-07-13T09:23:40.458Z,0,2026-07-13T09:23:40.592Z,0x4b7f1148026688a6149fab93b188216d6f0a9bbb57ce265668155399b5e40276,2026-07-13T09:23:44.867Z,success,37763,1000,6377116,0x8e118c509af71c92544b277a5c742c232451c0276c2fb41b914c72c31199b0f9,2026-07-13T09:23:44.867Z,4275,4275,4409,92,Trusted,2026-07-13T09:23:42.232Z,0x1ca0c85a33b6c2f5c40cfcd4ca6513dc39898e17c0009e7c67f91c4d5929ceb5,,variant-batch live execution
datm-live-2026-07-13T09-20-52-051Z,A,entity-02-normal,normal,18,2026-07-13T09:23:40.463Z,2026-07-13T09:23:40.463Z,2026-07-13T09:23:40.463Z,0,2026-07-13T09:23:40.591Z,0xfec4474f8df010ecc8a2ca7b8124af2d5d0d252f62e96e87ed4af4a747752ea9,2026-07-13T09:23:44.865Z,success,37775,1000,6377116,0x8e118c509af71c92544b277a5c742c232451c0276c2fb41b914c72c31199b0f9,2026-07-13T09:23:44.865Z,4274,4274,4402,91,Trusted,2026-07-13T09:23:42.232Z,0xa4ff93fd3a6a2af05238548c5c18132cda62d7fd8ab13c13dae7759040d4181f,,variant-batch live execution
datm-live-2026-07-13T09-20-52-051Z,A,entity-03-normal,normal,18,2026-07-13T09:23:40.463Z,2026-07-13T09:23:40.463Z,2026-07-13T09:23:40.463Z,0,2026-07-13T09:23:40.592Z,0x3cdc0c5656cc5bf4e3cdbed958b45aa1f620a333d8acbd649b5d9905edc0cba6,2026-07-13T09:23:44.869Z,success,37763,1000,6377116,0x8e118c509af71c92544b277a5c742c232451c0276c2fb41b914c72c31199b0f9,2026-07-13T09:23:44.869Z,4277,4277,4406,92,Trusted,2026-07-13T09:23:42.232Z,0x2fa6aa1c5cee0078c41bb1a997092e8cf0a4c64a587842212a4b9922b092d55a,,variant-batch live execution
datm-live-2026-07-13T09-20-52-051Z,A,entity-04-normal,normal,18,2026-07-13T09:23:40.463Z,2026-07-13T09:23:40.463Z,2026-07-13T09:23:40.463Z,0,2026-07-13T09:23:40.593Z,0x462bff0b88ff012dc122a80f95aa2e65b21c323f1743c86e5e76d8d77928478e,2026-07-13T09:23:44.869Z,success,37775,1000,6377116,0x8e118c509af71c92544b277a5c742c232451c0276c2fb41b914c72c31199b0f9,2026-07-13T09:23:44.869Z,4276,4276,4406,92,Trusted,2026-07-13T09:23:42.232Z,0x67ed26c0c159894ca6ba655c0f0f1bd50c5e8b9e3fb6492d29d79976c7a9a0a7,,variant-batch live execution
datm-live-2026-07-13T09-20-52-051Z,A,entity-05-suspicious,suspicious,18,2026-07-13T09:23:40.463Z,2026-07-13T09:23:40.463Z,2026-07-13T09:23:40.463Z,0,2026-07-13T09:23:40.593Z,0xfd9c1aa1f4a68ac2a36137337d4aceb07f40a81d283ce6ba2c418c9b34e634b4,2026-07-13T09:23:44.890Z,success,37775,1000,6377116,0x8e118c509af71c92544b277a5c742c232451c0276c2fb41b914c72c31199b0f9,2026-07-13T09:23:44.890Z,4297,4297,4427,58,Suspicious,2026-07-13T09:23:42.232Z,0xc42686e1d3b0a5ebcb2060a1f74976446e075dafc4c75233115385a9259becbd,,variant-batch live execution
datm-live-2026-07-13T09-20-52-051Z,A,entity-06-suspicious,suspicious,18,2026-07-13T09:23:40.464Z,2026-07-13T09:23:40.464Z,2026-07-13T09:23:40.464Z,0,2026-07-13T09:23:40.593Z,0x4e9cc91255ad8a49e61ef6233b22b839f519373a6972c80c41759a346eca0b21,2026-07-13T09:23:44.870Z,success,37775,1000,6377116,0x8e118c509af71c92544b277a5c742c232451c0276c2fb41b914c72c31199b0f9,2026-07-13T09:23:44.870Z,4277,4277,4406,60,Suspicious,2026-07-13T09:23:42.232Z,0x108c33368c1d23874ede12fdae50e0b7cdce66600cc0a9e6424ce67b64bc73a4,,variant-batch live execution
datm-live-2026-07-13T09-20-52-051Z,A,entity-07-suspicious,suspicious,18,2026-07-13T09:23:40.464Z,2026-07-13T09:23:40.464Z,2026-07-13T09:23:40.464Z,0,2026-07-13T09:23:40.629Z,0x1c9cc2434bd310232d49bfe7fb3b01e91c1661f87f69b8752764819080f0b3d4,2026-07-13T09:23:45.043Z,success,37775,1000,6377116,0x8e118c509af71c92544b277a5c742c232451c0276c2fb41b914c72c31199b0f9,2026-07-13T09:23:45.043Z,4414,4414,4579,61,Suspicious,2026-07-13T09:23:42.232Z,0x68abcde042f66a594b010e2b6ee49e29ce8473f711f876d6b4c856d3211cbab2,,variant-batch live execution
datm-live-2026-07-13T09-20-52-051Z,A,entity-08-malicious,malicious,18,2026-07-13T09:23:40.464Z,2026-07-13T09:23:40.464Z,2026-07-13T09:23:40.464Z,0,2026-07-13T09:23:40.629Z,0x789bb61fe96697b7c447543124cea3bb976241edffd3739a01b1d99e160422f1,2026-07-13T09:23:45.049Z,success,37775,1000,6377116,0x8e118c509af71c92544b277a5c742c232451c0276c2fb41b914c72c31199b0f9,2026-07-13T09:23:45.049Z,4420,4420,4585,26,Untrusted,2026-07-13T09:23:42.232Z,0xa3acd166e94f9fd06ac4946554e3ee8b9c955de494fdbd7d6ef09504f4e514d2,,variant-batch live execution
datm-live-2026-07-13T09-20-52-051Z,A,entity-09-malicious,malicious,18,2026-07-13T09:23:40.464Z,2026-07-13T09:23:40.464Z,2026-07-13T09:23:40.464Z,0,2026-07-13T09:23:40.629Z,0x3c549a521829230d33ebd8453c5cc804e567d77cd673cb175b253d633ca950b0,2026-07-13T09:23:45.063Z,success,37775,1000,6377116,0x8e118c509af71c92544b277a5c742c232451c0276c2fb41b914c72c31199b0f9,2026-07-13T09:23:45.063Z,4434,4434,4599,27,Untrusted,2026-07-13T09:23:42.232Z,0x6120221eda83370f5bb1cffa055a8841de424072de29e0a0c954bba30e468f66,,variant-batch live execution
datm-live-2026-07-13T09-20-52-051Z,A,entity-10-malicious,malicious,18,2026-07-13T09:23:40.464Z,2026-07-13T09:23:40.464Z,2026-07-13T09:23:40.464Z,0,2026-07-13T09:23:40.630Z,0x75bdf0f9c301ceb0f4710fec0219bb4b5d16fb4407bde61d40f27312b0611a92,2026-07-13T09:23:45.079Z,success,37763,1000,6377116,0x8e118c509af71c92544b277a5c742c232451c0276c2fb41b914c72c31199b0f9,2026-07-13T09:23:45.079Z,4449,4449,4615,28,Untrusted,2026-07-13T09:23:42.232Z,0xa97aee5233a253766ba646adbb4dfb5deddf42c396b532642fea31a83cc9b73d,,variant-batch live execution
datm-live-2026-07-13T09-20-52-051Z,A,entity-01-normal,normal,19,2026-07-13T09:23:50.184Z,2026-07-13T09:23:50.184Z,2026-07-13T09:23:50.184Z,0,2026-07-13T09:23:50.305Z,0x676e593fbd7b79612b5be52de465a250474be3f6b8f5f36bf57a87c73161e547,2026-07-13T09:23:54.599Z,success,37775,1000,6377118,0xf2416610f2d31d8e0c91be9bec0e99e8adef6478848fc7b39e9b0bc67292a81b,2026-07-13T09:23:54.599Z,4294,4294,4415,92,Trusted,2026-07-13T09:23:52.232Z,0x997fc6fe25fe27bc7714290db0dd5b3f211716010ecd11ffdca9b0b6b097c4bb,,variant-batch live execution
datm-live-2026-07-13T09-20-52-051Z,A,entity-02-normal,normal,19,2026-07-13T09:23:50.184Z,2026-07-13T09:23:50.184Z,2026-07-13T09:23:50.184Z,0,2026-07-13T09:23:50.311Z,0xd2da5d0886d3bf252efe87fdc02c0102102ed98776e8576bc79ff6aae77d4792,2026-07-13T09:23:54.600Z,success,37775,1000,6377118,0xf2416610f2d31d8e0c91be9bec0e99e8adef6478848fc7b39e9b0bc67292a81b,2026-07-13T09:23:54.600Z,4289,4289,4416,93,Trusted,2026-07-13T09:23:52.232Z,0x52e87d9a3b42c1e62c994c7dafdf9e553ffa0e50d5fe0c6fe0a23724d71cd86b,,variant-batch live execution
datm-live-2026-07-13T09-20-52-051Z,A,entity-03-normal,normal,19,2026-07-13T09:23:50.185Z,2026-07-13T09:23:50.185Z,2026-07-13T09:23:50.185Z,0,2026-07-13T09:23:50.311Z,0xe414854f7668a1ffa8d43d766bbc51d66090e22701710c388e055fb8e8ae0ecf,2026-07-13T09:23:54.618Z,success,37775,1000,6377118,0xf2416610f2d31d8e0c91be9bec0e99e8adef6478848fc7b39e9b0bc67292a81b,2026-07-13T09:23:54.618Z,4307,4307,4433,93,Trusted,2026-07-13T09:23:52.232Z,0xc7be49801fd6cf5c8e46679b989c23c8081ac7ff489364b0cd4140289e493e7e,,variant-batch live execution
datm-live-2026-07-13T09-20-52-051Z,A,entity-04-normal,normal,19,2026-07-13T09:23:50.185Z,2026-07-13T09:23:50.185Z,2026-07-13T09:23:50.185Z,0,2026-07-13T09:23:50.311Z,0xa52f26e7480c1ea925e3242619c39ff222707cc12d6d5f1489e94f29da59156b,2026-07-13T09:23:54.601Z,success,37775,1000,6377118,0xf2416610f2d31d8e0c91be9bec0e99e8adef6478848fc7b39e9b0bc67292a81b,2026-07-13T09:23:54.601Z,4290,4290,4416,92,Trusted,2026-07-13T09:23:52.232Z,0x43cd11b153016e1a9bf2d3e608aafc5d558a0f7f058ddb6529295cf6bac3601f,,variant-batch live execution
datm-live-2026-07-13T09-20-52-051Z,A,entity-05-suspicious,suspicious,19,2026-07-13T09:23:50.185Z,2026-07-13T09:23:50.185Z,2026-07-13T09:23:50.185Z,0,2026-07-13T09:23:50.311Z,0x88952f99ab9e66cbaf71ef3d2374e6eafbd3c31df9457fdb7fdf105eb8186ccb,2026-07-13T09:23:54.589Z,success,37775,1000,6377118,0xf2416610f2d31d8e0c91be9bec0e99e8adef6478848fc7b39e9b0bc67292a81b,2026-07-13T09:23:54.589Z,4278,4278,4404,60,Suspicious,2026-07-13T09:23:52.232Z,0xa95f4e1f8c3160219ea047ee7ad5608dd696d824d85c3b6397b2e278a7cfd388,,variant-batch live execution
datm-live-2026-07-13T09-20-52-051Z,A,entity-06-suspicious,suspicious,19,2026-07-13T09:23:50.185Z,2026-07-13T09:23:50.185Z,2026-07-13T09:23:50.185Z,0,2026-07-13T09:23:50.311Z,0x66fe6dbbe29cc04ce6f4008b1dbdb5be01d89158c3ded0809a439d84cca1e5af,2026-07-13T09:23:54.601Z,success,37775,1000,6377118,0xf2416610f2d31d8e0c91be9bec0e99e8adef6478848fc7b39e9b0bc67292a81b,2026-07-13T09:23:54.601Z,4290,4290,4416,62,Suspicious,2026-07-13T09:23:52.232Z,0x3f09d7bcbdf8dcac59e41906435e57349261ae791186c7f79890d00f43e9c2da,,variant-batch live execution
datm-live-2026-07-13T09-20-52-051Z,A,entity-07-suspicious,suspicious,19,2026-07-13T09:23:50.186Z,2026-07-13T09:23:50.186Z,2026-07-13T09:23:50.186Z,0,2026-07-13T09:23:50.334Z,0x2436f1ab1b2d27a4d38c4317e7906c1a1c161f7958117a35b747ee0405b54a01,2026-07-13T09:23:54.771Z,success,37775,1000,6377118,0xf2416610f2d31d8e0c91be9bec0e99e8adef6478848fc7b39e9b0bc67292a81b,2026-07-13T09:23:54.771Z,4437,4437,4585,58,Suspicious,2026-07-13T09:23:52.232Z,0x937d533fe5b5af365b9175e2718330c2c914e1d38247338618d86b1ca330e332,,variant-batch live execution
datm-live-2026-07-13T09-20-52-051Z,A,entity-08-malicious,malicious,19,2026-07-13T09:23:50.186Z,2026-07-13T09:23:50.186Z,2026-07-13T09:23:50.186Z,0,2026-07-13T09:23:50.334Z,0x9d77759eeb619a5b24b1997670719c1857724a16ce5490b94dbc88eed9841526,2026-07-13T09:23:54.800Z,success,37775,1000,6377118,0xf2416610f2d31d8e0c91be9bec0e99e8adef6478848fc7b39e9b0bc67292a81b,2026-07-13T09:23:54.800Z,4466,4466,4614,27,Untrusted,2026-07-13T09:23:52.232Z,0x6d7cd5a9c352dc954012045551a7aae452d75f1132d52dcfd012d2f0809e170d,,variant-batch live execution
datm-live-2026-07-13T09-20-52-051Z,A,entity-09-malicious,malicious,19,2026-07-13T09:23:50.186Z,2026-07-13T09:23:50.186Z,2026-07-13T09:23:50.186Z,0,2026-07-13T09:23:50.334Z,0x4321a7d4d3d7bac424cf987890df0a4eeb132490ef87d80a90c082d920703089,2026-07-13T09:23:54.807Z,success,37763,1000,6377118,0xf2416610f2d31d8e0c91be9bec0e99e8adef6478848fc7b39e9b0bc67292a81b,2026-07-13T09:23:54.807Z,4473,4473,4621,26,Untrusted,2026-07-13T09:23:52.232Z,0xcdadd3f91b67ea4377b0770e3b00b4778c3beebd9d9a9cae64366080a5a31fcd,,variant-batch live execution
datm-live-2026-07-13T09-20-52-051Z,A,entity-10-malicious,malicious,19,2026-07-13T09:23:50.186Z,2026-07-13T09:23:50.186Z,2026-07-13T09:23:50.186Z,0,2026-07-13T09:23:50.335Z,0xcd66169858061f1feb6fcb92de547ec4a91e9ad82a839acb6ed45cee8db47628,2026-07-13T09:23:54.817Z,success,37763,1000,6377118,0xf2416610f2d31d8e0c91be9bec0e99e8adef6478848fc7b39e9b0bc67292a81b,2026-07-13T09:23:54.817Z,4482,4482,4631,27,Untrusted,2026-07-13T09:23:52.232Z,0xa71befc24b99d4ca9df1ed8be7e5fe071822450ea262f92cf7c8e0bb6c97298d,,variant-batch live execution
datm-live-2026-07-13T09-20-52-051Z,A,entity-01-normal,normal,20,2026-07-13T09:23:59.955Z,2026-07-13T09:23:59.955Z,2026-07-13T09:23:59.955Z,0,2026-07-13T09:24:00.085Z,0xcbc7a68927fd563aa501832f3835fbe288eb037bd13708b6d37fb8f27bf2621b,2026-07-13T09:24:04.350Z,success,37775,1000,6377120,0x3b084115d9cce229397459f507c57cda76a32ffa7ce3615ad2c9d79f2c6f13e5,2026-07-13T09:24:04.350Z,4265,4265,4395,92,Trusted,2026-07-13T09:24:02.232Z,0x2ebaf39e44eedfe9206f03848d968c8190b049905e4ce19fb83af385e8ec422c,,variant-batch live execution
datm-live-2026-07-13T09-20-52-051Z,A,entity-02-normal,normal,20,2026-07-13T09:23:59.957Z,2026-07-13T09:23:59.957Z,2026-07-13T09:23:59.957Z,0,2026-07-13T09:24:00.085Z,0x4be22d46100464d67286836ca3a024a444d2586e162616f81baafbc999c85d4a,2026-07-13T09:24:04.345Z,success,37775,1000,6377120,0x3b084115d9cce229397459f507c57cda76a32ffa7ce3615ad2c9d79f2c6f13e5,2026-07-13T09:24:04.345Z,4260,4260,4388,93,Trusted,2026-07-13T09:24:02.232Z,0xc9f97c67ddecb1c99bd6ba7bd6988ea99a74da641520c911d44767e63c6dd20d,,variant-batch live execution
datm-live-2026-07-13T09-20-52-051Z,A,entity-03-normal,normal,20,2026-07-13T09:23:59.958Z,2026-07-13T09:23:59.958Z,2026-07-13T09:23:59.958Z,0,2026-07-13T09:24:00.113Z,0x4add609deaf2cb1636b47ba452e3dfd895c770a55bf535827ceaaaa34d61ffa8,2026-07-13T09:24:04.350Z,success,37763,1000,6377120,0x3b084115d9cce229397459f507c57cda76a32ffa7ce3615ad2c9d79f2c6f13e5,2026-07-13T09:24:04.350Z,4237,4237,4392,91,Trusted,2026-07-13T09:24:02.232Z,0x66a50098429899aaef57ba7ff8edd5070d65141edf22111e1d26e26a375ffde8,,variant-batch live execution
datm-live-2026-07-13T09-20-52-051Z,A,entity-04-normal,normal,20,2026-07-13T09:23:59.958Z,2026-07-13T09:23:59.958Z,2026-07-13T09:23:59.958Z,0,2026-07-13T09:24:00.085Z,0x7fa19d3fefa30ba0946cffa715e5bb198d26951ec250d571a6e950ba15bbe732,2026-07-13T09:24:04.350Z,success,37775,1000,6377120,0x3b084115d9cce229397459f507c57cda76a32ffa7ce3615ad2c9d79f2c6f13e5,2026-07-13T09:24:04.350Z,4265,4265,4392,92,Trusted,2026-07-13T09:24:02.232Z,0xfdf58ebace3be60cfca83db3597d077f29ac694240969bbb4bcfcc52529887d7,,variant-batch live execution
datm-live-2026-07-13T09-20-52-051Z,A,entity-05-suspicious,suspicious,20,2026-07-13T09:23:59.959Z,2026-07-13T09:23:59.959Z,2026-07-13T09:23:59.959Z,0,2026-07-13T09:24:00.085Z,0x664d43a38b28794f9b83859b4c652e858edaeaef5f38f83408e8d3c6c035e959,2026-07-13T09:24:04.371Z,success,37775,1000,6377120,0x3b084115d9cce229397459f507c57cda76a32ffa7ce3615ad2c9d79f2c6f13e5,2026-07-13T09:24:04.371Z,4286,4286,4412,62,Suspicious,2026-07-13T09:24:02.232Z,0x52290b2d61876c067a76a56d17bccc986f5b303e4d20bbac44f911bbe1c69882,,variant-batch live execution
datm-live-2026-07-13T09-20-52-051Z,A,entity-06-suspicious,suspicious,20,2026-07-13T09:23:59.959Z,2026-07-13T09:23:59.959Z,2026-07-13T09:23:59.959Z,0,2026-07-13T09:24:00.085Z,0xc4bfa05e34607c30d5ee8a4ec04295ffd0f8febb96e4248b36f6c10b17b02adf,2026-07-13T09:24:04.352Z,success,37775,1000,6377120,0x3b084115d9cce229397459f507c57cda76a32ffa7ce3615ad2c9d79f2c6f13e5,2026-07-13T09:24:04.352Z,4267,4267,4393,63,Suspicious,2026-07-13T09:24:02.232Z,0x1b076e576582f512d3217dd68cf44c1923b259a119525da3cc925910b970b955,,variant-batch live execution
datm-live-2026-07-13T09-20-52-051Z,A,entity-07-suspicious,suspicious,20,2026-07-13T09:23:59.959Z,2026-07-13T09:23:59.959Z,2026-07-13T09:23:59.959Z,0,2026-07-13T09:24:00.085Z,0xfd321ed2747382fc148329e8ecf29e6c0375e752d321adee5528eb50e3a88a20,2026-07-13T09:24:04.552Z,success,37775,1000,6377120,0x3b084115d9cce229397459f507c57cda76a32ffa7ce3615ad2c9d79f2c6f13e5,2026-07-13T09:24:04.552Z,4467,4467,4593,60,Suspicious,2026-07-13T09:24:02.232Z,0xba2ce0d9da412107f7ace177c3ba6b07fa5fed80fe53e28eb529cac5676958e4,,variant-batch live execution
datm-live-2026-07-13T09-20-52-051Z,A,entity-08-malicious,malicious,20,2026-07-13T09:23:59.959Z,2026-07-13T09:23:59.959Z,2026-07-13T09:23:59.959Z,0,2026-07-13T09:24:00.114Z,0x81c033bce0ab34cdec486a8b72757b49c5653fc0cdf460b8bb9b187a897b348c,2026-07-13T09:24:04.587Z,success,37775,1000,6377120,0x3b084115d9cce229397459f507c57cda76a32ffa7ce3615ad2c9d79f2c6f13e5,2026-07-13T09:24:04.587Z,4473,4473,4628,26,Untrusted,2026-07-13T09:24:02.232Z,0x19f0821e6d481d80c5112aeff082772247f4c5a2f6e702ca36b3893c159db8c9,,variant-batch live execution
datm-live-2026-07-13T09-20-52-051Z,A,entity-09-malicious,malicious,20,2026-07-13T09:23:59.959Z,2026-07-13T09:23:59.959Z,2026-07-13T09:23:59.959Z,0,2026-07-13T09:24:00.114Z,0xee97638e501c2d6b361d692628e6277c9cc04325af6df09b9d0abe1a6b74c637,2026-07-13T09:24:04.588Z,success,37775,1000,6377120,0x3b084115d9cce229397459f507c57cda76a32ffa7ce3615ad2c9d79f2c6f13e5,2026-07-13T09:24:04.588Z,4474,4474,4629,26,Untrusted,2026-07-13T09:24:02.232Z,0xdb17a259c9420d06048efe056d559b332ac084e52865404e93f1b27ba50711c5,,variant-batch live execution
datm-live-2026-07-13T09-20-52-051Z,A,entity-10-malicious,malicious,20,2026-07-13T09:23:59.960Z,2026-07-13T09:23:59.960Z,2026-07-13T09:23:59.960Z,0,2026-07-13T09:24:00.114Z,0x8b7b9495f1c66362de0e82ebc7c6feb77e28d92e491d11cc8a756098ac9ce661,2026-07-13T09:24:04.590Z,success,37763,1000,6377120,0x3b084115d9cce229397459f507c57cda76a32ffa7ce3615ad2c9d79f2c6f13e5,2026-07-13T09:24:04.590Z,4476,4476,4630,28,Untrusted,2026-07-13T09:24:02.232Z,0x5188219bbb1f3af9fd907872b3812666d1773286be06715d77fbd30b7edc1780,,variant-batch live execution
datm-live-2026-07-13T09-20-52-051Z,A,entity-01-normal,normal,21,2026-07-13T09:24:09.709Z,2026-07-13T09:24:09.709Z,2026-07-13T09:24:09.709Z,0,2026-07-13T09:24:09.824Z,0x71641f21b3f1c2075d208f4d0b899b7e890b2dc99997224b64df75b570e9e090,2026-07-13T09:24:14.098Z,success,37775,1000,6377122,0x6537f2034e5e35ed93b89305074fc72af17d92d3c5708a676cc85b2644226be0,2026-07-13T09:24:14.098Z,4274,4274,4389,91,Trusted,2026-07-13T09:24:12.232Z,0x3e961f53a4dfcdc0dae333713b2c972eab1a7a4757815794f62e9e8e46ef2c6e,,variant-batch live execution
datm-live-2026-07-13T09-20-52-051Z,A,entity-02-normal,normal,21,2026-07-13T09:24:09.710Z,2026-07-13T09:24:09.710Z,2026-07-13T09:24:09.710Z,0,2026-07-13T09:24:09.833Z,0x720b991bd1e2e685754c4f8c16db29891dc8229df0f285e7ea689c808daf3ecb,2026-07-13T09:24:14.099Z,success,37775,1000,6377122,0x6537f2034e5e35ed93b89305074fc72af17d92d3c5708a676cc85b2644226be0,2026-07-13T09:24:14.099Z,4266,4266,4389,89,Trusted,2026-07-13T09:24:12.232Z,0x1e7a4be2e61c4d4944275950efb1cca3c67e83a32da9e2186ca0c086e6e1d639,,variant-batch live execution
datm-live-2026-07-13T09-20-52-051Z,A,entity-03-normal,normal,21,2026-07-13T09:24:09.710Z,2026-07-13T09:24:09.710Z,2026-07-13T09:24:09.710Z,0,2026-07-13T09:24:09.833Z,0x1a05f600e3b1f9b2e9ea9ed06af127996f1f780ea7fe03b7c1fd0fd806a078c0,2026-07-13T09:24:14.100Z,success,37775,1000,6377122,0x6537f2034e5e35ed93b89305074fc72af17d92d3c5708a676cc85b2644226be0,2026-07-13T09:24:14.100Z,4267,4267,4390,91,Trusted,2026-07-13T09:24:12.232Z,0x67710c9125a26222a2c5fd376cdd0ab7a0b8f0e452a8ea65c46ff0be7b156d12,,variant-batch live execution
datm-live-2026-07-13T09-20-52-051Z,A,entity-04-normal,normal,21,2026-07-13T09:24:09.711Z,2026-07-13T09:24:09.711Z,2026-07-13T09:24:09.711Z,0,2026-07-13T09:24:09.833Z,0xadad0d83454af9682b0a75af9e11fa1d94abca8a352c12ee63b03ff902742e35,2026-07-13T09:24:14.111Z,success,37775,1000,6377122,0x6537f2034e5e35ed93b89305074fc72af17d92d3c5708a676cc85b2644226be0,2026-07-13T09:24:14.111Z,4278,4278,4400,91,Trusted,2026-07-13T09:24:12.232Z,0x128cda6b155720d096421b46aeae17664cf2f5222ac8d0f1548a66379b220bc5,,variant-batch live execution
datm-live-2026-07-13T09-20-52-051Z,A,entity-05-suspicious,suspicious,21,2026-07-13T09:24:09.711Z,2026-07-13T09:24:09.711Z,2026-07-13T09:24:09.711Z,0,2026-07-13T09:24:09.833Z,0xf0fb8c3f3e0bbe89a764ed5de652e31890e9427fd56dc8cd545043bffa5126a0,2026-07-13T09:24:14.100Z,success,37775,1000,6377122,0x6537f2034e5e35ed93b89305074fc72af17d92d3c5708a676cc85b2644226be0,2026-07-13T09:24:14.100Z,4267,4267,4389,63,Suspicious,2026-07-13T09:24:12.232Z,0x9a90050ca28f1498486b2e3deaf2ea1d1dd5bf8fcba5a3e4c20adb4e038b80d1,,variant-batch live execution
datm-live-2026-07-13T09-20-52-051Z,A,entity-06-suspicious,suspicious,21,2026-07-13T09:24:09.711Z,2026-07-13T09:24:09.711Z,2026-07-13T09:24:09.711Z,0,2026-07-13T09:24:09.833Z,0xa16ca48497dc6b06c2f0b142964c6158ad4db861fdab511074d7746c74c8c3cc,2026-07-13T09:24:14.085Z,success,37775,1000,6377122,0x6537f2034e5e35ed93b89305074fc72af17d92d3c5708a676cc85b2644226be0,2026-07-13T09:24:14.085Z,4252,4252,4374,61,Suspicious,2026-07-13T09:24:12.232Z,0xd4df1c5e1258e7c86788ebdf2329847a2482e388871d8acd11025928ad7db85d,,variant-batch live execution
datm-live-2026-07-13T09-20-52-051Z,A,entity-07-suspicious,suspicious,21,2026-07-13T09:24:09.712Z,2026-07-13T09:24:09.712Z,2026-07-13T09:24:09.712Z,0,2026-07-13T09:24:09.852Z,0x233c816d0e29ddcc1e71149e49551e8b3ce9ff870f914990053fecccb9c909d8,2026-07-13T09:24:14.268Z,success,37775,1000,6377122,0x6537f2034e5e35ed93b89305074fc72af17d92d3c5708a676cc85b2644226be0,2026-07-13T09:24:14.268Z,4416,4416,4556,62,Suspicious,2026-07-13T09:24:12.232Z,0xf452f68080193d140903c09e5e0d23fdc3d0ce8efb3beeef10dda671603980ce,,variant-batch live execution
datm-live-2026-07-13T09-20-52-051Z,A,entity-08-malicious,malicious,21,2026-07-13T09:24:09.712Z,2026-07-13T09:24:09.712Z,2026-07-13T09:24:09.712Z,0,2026-07-13T09:24:09.852Z,0x74af0aaf8040e02b4cac3a515f711b8ffd0425e2a99fc233c5aaaf1e1221c126,2026-07-13T09:24:14.284Z,success,37775,1000,6377122,0x6537f2034e5e35ed93b89305074fc72af17d92d3c5708a676cc85b2644226be0,2026-07-13T09:24:14.284Z,4432,4432,4572,26,Untrusted,2026-07-13T09:24:12.232Z,0x6a475e3341d68bd9bcebdac7d08c2e9d6fe4fd9a592d784293884824fd6930a5,,variant-batch live execution
datm-live-2026-07-13T09-20-52-051Z,A,entity-09-malicious,malicious,21,2026-07-13T09:24:09.712Z,2026-07-13T09:24:09.712Z,2026-07-13T09:24:09.712Z,0,2026-07-13T09:24:09.852Z,0x94e1e3ffc024352dc46713b41dc6ab7c1486f2433ffa35180e216fb62dc60ef9,2026-07-13T09:24:14.295Z,success,37775,1000,6377122,0x6537f2034e5e35ed93b89305074fc72af17d92d3c5708a676cc85b2644226be0,2026-07-13T09:24:14.295Z,4443,4443,4583,27,Untrusted,2026-07-13T09:24:12.232Z,0x3bab1cd896bbc9587035c61be453c4fd203e576d061f5812622c639a9ba89187,,variant-batch live execution
datm-live-2026-07-13T09-20-52-051Z,A,entity-10-malicious,malicious,21,2026-07-13T09:24:09.712Z,2026-07-13T09:24:09.712Z,2026-07-13T09:24:09.712Z,0,2026-07-13T09:24:09.853Z,0xd46cf878efdfe0352cf91e7ca50f014748d3308b22196765338ee65d89ae2a21,2026-07-13T09:24:14.312Z,success,37763,1000,6377122,0x6537f2034e5e35ed93b89305074fc72af17d92d3c5708a676cc85b2644226be0,2026-07-13T09:24:14.312Z,4459,4459,4600,26,Untrusted,2026-07-13T09:24:12.232Z,0xa55d39cd302798f0f9bcfbb50b58adae89061666a92c6afe956debe1521daf1a,,variant-batch live execution
datm-live-2026-07-13T09-20-52-051Z,A,entity-01-normal,normal,22,2026-07-13T09:24:19.442Z,2026-07-13T09:24:19.442Z,2026-07-13T09:24:19.442Z,0,2026-07-13T09:24:19.639Z,0x5515645c232af1035ee18b2136407cc5096898e2459334e4f0f50db0a6c23025,2026-07-13T09:24:28.044Z,success,37775,1000,6377124,0x8fcbb1d2cc78d8033feb93d988d1fa31308e183ce14eb1596df7ba234cd3b943,2026-07-13T09:24:28.044Z,8405,8405,8602,91,Trusted,2026-07-13T09:24:22.232Z,0x20de2809859b1fed115d7d6f894d4d1222d8e05011cf1fdc49221589f143b729,,variant-batch live execution
datm-live-2026-07-13T09-20-52-051Z,A,entity-02-normal,normal,22,2026-07-13T09:24:19.443Z,2026-07-13T09:24:19.443Z,2026-07-13T09:24:19.443Z,0,2026-07-13T09:24:19.655Z,0x3ad8cb08f87999ba15df3260bf414a0fe504e1bb152cfb4063262f96e2842748,2026-07-13T09:24:28.159Z,success,37775,1000,6377124,0x8fcbb1d2cc78d8033feb93d988d1fa31308e183ce14eb1596df7ba234cd3b943,2026-07-13T09:24:28.159Z,8504,8504,8716,93,Trusted,2026-07-13T09:24:22.232Z,0x09c5de08ea5623f3f9fd2bb137611a1fd26dbdad6511f01a2dcad7d783192f07,,variant-batch live execution
datm-live-2026-07-13T09-20-52-051Z,A,entity-03-normal,normal,22,2026-07-13T09:24:19.443Z,2026-07-13T09:24:19.443Z,2026-07-13T09:24:19.443Z,0,2026-07-13T09:24:19.656Z,0xc62ab0e030ad13db772900f2d5f492c25bbc06b8ae6f4620099bcd76772da755,2026-07-13T09:24:28.149Z,success,37775,1000,6377124,0x8fcbb1d2cc78d8033feb93d988d1fa31308e183ce14eb1596df7ba234cd3b943,2026-07-13T09:24:28.149Z,8493,8493,8706,92,Trusted,2026-07-13T09:24:22.232Z,0x9971f413fb0dc0f824cc8c9039b65ee2659090dc8c8adac35238b80546821e22,,variant-batch live execution
datm-live-2026-07-13T09-20-52-051Z,A,entity-04-normal,normal,22,2026-07-13T09:24:19.444Z,2026-07-13T09:24:19.444Z,2026-07-13T09:24:19.444Z,0,2026-07-13T09:24:19.656Z,0xec2674cc1b412367dd89c2406f02215b43ec760605230979048c10044601e8b6,2026-07-13T09:24:28.149Z,success,37775,1000,6377124,0x8fcbb1d2cc78d8033feb93d988d1fa31308e183ce14eb1596df7ba234cd3b943,2026-07-13T09:24:28.149Z,8493,8493,8705,91,Trusted,2026-07-13T09:24:22.232Z,0x38ddb717888a77968d277fcaeb78c3142c99479b267d6c242dfc691aee608f91,,variant-batch live execution
datm-live-2026-07-13T09-20-52-051Z,A,entity-05-suspicious,suspicious,22,2026-07-13T09:24:19.444Z,2026-07-13T09:24:19.444Z,2026-07-13T09:24:19.444Z,0,2026-07-13T09:24:19.656Z,0x9af65cc652f19a57dc88b6e69b402a05191a0d35a0724ed159332396f958ae68,2026-07-13T09:24:28.149Z,success,37775,1000,6377124,0x8fcbb1d2cc78d8033feb93d988d1fa31308e183ce14eb1596df7ba234cd3b943,2026-07-13T09:24:28.149Z,8493,8493,8705,61,Suspicious,2026-07-13T09:24:22.232Z,0x41d74794bf437bee7cc103015e61c2d96fce43105c089d2e21bc9705cc550d7a,,variant-batch live execution
datm-live-2026-07-13T09-20-52-051Z,A,entity-06-suspicious,suspicious,22,2026-07-13T09:24:19.445Z,2026-07-13T09:24:19.445Z,2026-07-13T09:24:19.445Z,0,2026-07-13T09:24:19.656Z,0x974790569e4dba27962c28afa0c060a53f9d37be32c028681687a7b704bc6ada,2026-07-13T09:24:28.096Z,success,37775,1000,6377124,0x8fcbb1d2cc78d8033feb93d988d1fa31308e183ce14eb1596df7ba234cd3b943,2026-07-13T09:24:28.096Z,8440,8440,8651,58,Suspicious,2026-07-13T09:24:22.232Z,0xf25f260fb38f4641dd96f2316635401b4dcc80a025d9c0854f36e3125f9992e9,,variant-batch live execution
datm-live-2026-07-13T09-20-52-051Z,A,entity-07-suspicious,suspicious,22,2026-07-13T09:24:19.445Z,2026-07-13T09:24:19.445Z,2026-07-13T09:24:19.445Z,0,2026-07-13T09:24:19.671Z,0x26e62efa025c0ecf6339b4a16a7ac6572402f89109ba493dd5054265de77b9d1,2026-07-13T09:24:28.316Z,success,37775,1000,6377124,0x8fcbb1d2cc78d8033feb93d988d1fa31308e183ce14eb1596df7ba234cd3b943,2026-07-13T09:24:28.316Z,8645,8645,8871,63,Suspicious,2026-07-13T09:24:22.232Z,0x289ef16e2e9c8b3a1b6d96d16b8013adc2753516c296a94b66bf6c0ee65f9679,,variant-batch live execution
datm-live-2026-07-13T09-20-52-051Z,A,entity-08-malicious,malicious,22,2026-07-13T09:24:19.445Z,2026-07-13T09:24:19.445Z,2026-07-13T09:24:19.445Z,0,2026-07-13T09:24:19.672Z,0x7815de696f90b052f689a999f7e0b9a9709546ed0ff12264c1fed9b499cb164a,2026-07-13T09:24:28.335Z,success,37775,1000,6377124,0x8fcbb1d2cc78d8033feb93d988d1fa31308e183ce14eb1596df7ba234cd3b943,2026-07-13T09:24:28.335Z,8663,8663,8890,27,Untrusted,2026-07-13T09:24:22.232Z,0x60dec624240fd8fcf10af37dca1a4b78480d6181c57ce7fd7c961db5bf7a72f0,,variant-batch live execution
datm-live-2026-07-13T09-20-52-051Z,A,entity-09-malicious,malicious,22,2026-07-13T09:24:19.445Z,2026-07-13T09:24:19.445Z,2026-07-13T09:24:19.445Z,0,2026-07-13T09:24:19.672Z,0xec752a5459900a31d87de97c4238f0f5b6448608f7053362bf767e718150b576,2026-07-13T09:24:28.334Z,success,37775,1000,6377124,0x8fcbb1d2cc78d8033feb93d988d1fa31308e183ce14eb1596df7ba234cd3b943,2026-07-13T09:24:28.334Z,8662,8662,8889,25,Untrusted,2026-07-13T09:24:22.232Z,0xc8a35853c547a7a925aea8e807e05021d49f869634dbcc26c8e51a7f58226bfd,,variant-batch live execution
datm-live-2026-07-13T09-20-52-051Z,A,entity-10-malicious,malicious,22,2026-07-13T09:24:19.445Z,2026-07-13T09:24:19.445Z,2026-07-13T09:24:19.445Z,0,2026-07-13T09:24:19.672Z,0x215da8b70320e659b8dcb5a1aab874c2cb584a9907afac9ee4771ececed9406c,2026-07-13T09:24:28.341Z,success,37763,1000,6377124,0x8fcbb1d2cc78d8033feb93d988d1fa31308e183ce14eb1596df7ba234cd3b943,2026-07-13T09:24:28.341Z,8669,8669,8896,26,Untrusted,2026-07-13T09:24:22.232Z,0xd30719d2aaf0205ba2b107726201df670ccb25bc1c2a19ff5ec1f1a68242856a,,variant-batch live execution
datm-live-2026-07-13T09-20-52-051Z,A,entity-01-normal,normal,23,2026-07-13T09:24:33.473Z,2026-07-13T09:24:33.473Z,2026-07-13T09:24:33.473Z,0,2026-07-13T09:24:33.604Z,0x5f8e832b9208487665c7c5991b7c27e4d1160108ea39d536d251cf57cab51838,2026-07-13T09:24:37.885Z,success,37775,1000,6377126,0xfcf8ad97ddc0ea2434add4c6cd9f3ab4231a6dc7405b098c273fb81dd2319728,2026-07-13T09:24:37.885Z,4281,4281,4412,93,Trusted,2026-07-13T09:24:32.232Z,0x4298d8eff07b42a5c805cf4028e4d26b2c041ffdba05fe21233f6db9ec170bf7,,variant-batch live execution
datm-live-2026-07-13T09-20-52-051Z,A,entity-02-normal,normal,23,2026-07-13T09:24:33.474Z,2026-07-13T09:24:33.474Z,2026-07-13T09:24:33.474Z,0,2026-07-13T09:24:33.620Z,0xbe796ba62c36f6db1124205692918bf63504510be070fd16d36735e95e329d25,2026-07-13T09:24:37.881Z,success,37775,1000,6377126,0xfcf8ad97ddc0ea2434add4c6cd9f3ab4231a6dc7405b098c273fb81dd2319728,2026-07-13T09:24:37.881Z,4261,4261,4407,93,Trusted,2026-07-13T09:24:32.232Z,0x1602e1129325b85b49d77971235840495b3255b51c9b8e655347cb27685a815a,,variant-batch live execution
datm-live-2026-07-13T09-20-52-051Z,A,entity-03-normal,normal,23,2026-07-13T09:24:33.474Z,2026-07-13T09:24:33.474Z,2026-07-13T09:24:33.474Z,0,2026-07-13T09:24:33.621Z,0xd1fb7614630aaa89186fc802e09ddd3a2fcb9e47afd8de026eed1f8ef6eb452c,2026-07-13T09:24:37.882Z,success,37775,1000,6377126,0xfcf8ad97ddc0ea2434add4c6cd9f3ab4231a6dc7405b098c273fb81dd2319728,2026-07-13T09:24:37.882Z,4261,4261,4408,92,Trusted,2026-07-13T09:24:32.232Z,0x8ff26a4c50d7eb081ff575fc8ad1896ce29e0fd1b4b8a46a30926da190a82863,,variant-batch live execution
datm-live-2026-07-13T09-20-52-051Z,A,entity-04-normal,normal,23,2026-07-13T09:24:33.475Z,2026-07-13T09:24:33.475Z,2026-07-13T09:24:33.475Z,0,2026-07-13T09:24:33.621Z,0xc2ce9da4e140cb8a074e6dc580a203c52626a685127f491762a0bee4cc2b325f,2026-07-13T09:24:37.885Z,success,37775,1000,6377126,0xfcf8ad97ddc0ea2434add4c6cd9f3ab4231a6dc7405b098c273fb81dd2319728,2026-07-13T09:24:37.885Z,4264,4264,4410,93,Trusted,2026-07-13T09:24:32.232Z,0x860934e73651365827d5c85f209accfd3e77fc8e6c11befc269e064ff00d950b,,variant-batch live execution
datm-live-2026-07-13T09-20-52-051Z,A,entity-05-suspicious,suspicious,23,2026-07-13T09:24:33.475Z,2026-07-13T09:24:33.475Z,2026-07-13T09:24:33.475Z,0,2026-07-13T09:24:33.621Z,0x407edf3fe371a2b4d034ed884ba7835784605f8bd7f3832363d17ff9cd8f96af,2026-07-13T09:24:37.901Z,success,37775,1000,6377126,0xfcf8ad97ddc0ea2434add4c6cd9f3ab4231a6dc7405b098c273fb81dd2319728,2026-07-13T09:24:37.901Z,4280,4280,4426,58,Suspicious,2026-07-13T09:24:32.232Z,0x42586e5edef30143a25b4a1f44b2210812a37030d7b284aa660ca72cea48910b,,variant-batch live execution
datm-live-2026-07-13T09-20-52-051Z,A,entity-06-suspicious,suspicious,23,2026-07-13T09:24:33.476Z,2026-07-13T09:24:33.476Z,2026-07-13T09:24:33.476Z,0,2026-07-13T09:24:33.621Z,0xb4fa0f2ed0b574f0095a4dc492c0567df5128bbbf0d801f923dc4f91afd63423,2026-07-13T09:24:37.876Z,success,37775,1000,6377126,0xfcf8ad97ddc0ea2434add4c6cd9f3ab4231a6dc7405b098c273fb81dd2319728,2026-07-13T09:24:37.876Z,4255,4255,4400,61,Suspicious,2026-07-13T09:24:32.232Z,0x6c58809e2c449d01f304121f5912d00ecb0b6a83248051da05fa621850330d5b,,variant-batch live execution
datm-live-2026-07-13T09-20-52-051Z,A,entity-07-suspicious,suspicious,23,2026-07-13T09:24:33.477Z,2026-07-13T09:24:33.477Z,2026-07-13T09:24:33.477Z,0,2026-07-13T09:24:33.637Z,0x7ebb669ce6eae245280c96b1c3eaddc9a7e9983591d4363ee65cf6395a347094,2026-07-13T09:24:38.050Z,success,37775,1000,6377126,0xfcf8ad97ddc0ea2434add4c6cd9f3ab4231a6dc7405b098c273fb81dd2319728,2026-07-13T09:24:38.050Z,4413,4413,4573,61,Suspicious,2026-07-13T09:24:32.232Z,0xf9b902313b0561d291086b9a4e497653f19c788a65161c31a84cf3c36ab28d76,,variant-batch live execution
datm-live-2026-07-13T09-20-52-051Z,A,entity-08-malicious,malicious,23,2026-07-13T09:24:33.478Z,2026-07-13T09:24:33.478Z,2026-07-13T09:24:33.478Z,0,2026-07-13T09:24:33.637Z,0x1886afc12f98e6fde093fb85df73d60edb7dc9028d1b8e66c53ea9b82772e1cd,2026-07-13T09:24:38.070Z,success,37775,1000,6377126,0xfcf8ad97ddc0ea2434add4c6cd9f3ab4231a6dc7405b098c273fb81dd2319728,2026-07-13T09:24:38.070Z,4433,4433,4592,25,Untrusted,2026-07-13T09:24:32.232Z,0x28987a9e6177c00931e537ff78a7b5f336fefc8fbd5af4b468b944ec5976a383,,variant-batch live execution
datm-live-2026-07-13T09-20-52-051Z,A,entity-09-malicious,malicious,23,2026-07-13T09:24:33.479Z,2026-07-13T09:24:33.479Z,2026-07-13T09:24:33.479Z,0,2026-07-13T09:24:33.637Z,0x9eee4297facffb8cc67f51fc8edee899b31ed0f990cc5c7c0f282a5e793f0130,2026-07-13T09:24:38.078Z,success,37775,1000,6377126,0xfcf8ad97ddc0ea2434add4c6cd9f3ab4231a6dc7405b098c273fb81dd2319728,2026-07-13T09:24:38.078Z,4441,4441,4599,25,Untrusted,2026-07-13T09:24:32.232Z,0x3b9f235306de50405a9ed18a3bc9bcc40816eb4e70d6627a1ccf80588af8024f,,variant-batch live execution
datm-live-2026-07-13T09-20-52-051Z,A,entity-10-malicious,malicious,23,2026-07-13T09:24:33.479Z,2026-07-13T09:24:33.479Z,2026-07-13T09:24:33.479Z,0,2026-07-13T09:24:33.638Z,0x939b6adaf6c001144e4e753d66b641c38f5d49f54941e60dcd4ce024a52e09f0,2026-07-13T09:24:38.087Z,success,37763,1000,6377126,0xfcf8ad97ddc0ea2434add4c6cd9f3ab4231a6dc7405b098c273fb81dd2319728,2026-07-13T09:24:38.087Z,4449,4449,4608,28,Untrusted,2026-07-13T09:24:32.232Z,0x8122eab0f09f79d7aec27046c01b841403f232750122a21e0dfc21a7595a7ce7,,variant-batch live execution
datm-live-2026-07-13T09-20-52-051Z,A,entity-01-normal,normal,24,2026-07-13T09:24:43.198Z,2026-07-13T09:24:43.198Z,2026-07-13T09:24:43.198Z,0,2026-07-13T09:24:43.338Z,0x7b2ecff5960371d284c3eceb1a4e00a2fe9825599d8f290f53112efdd315316b,2026-07-13T09:24:47.592Z,success,37775,1000,6377128,0x6295cc99f57da1231acd6a517c9f626896ff839245ee769c0b6bc9d2da505891,2026-07-13T09:24:47.592Z,4254,4254,4394,92,Trusted,2026-07-13T09:24:42.232Z,0xe55b3314dc23d44a6110285f1a05ed9b695f0fa00cd03241ec452f5d3da53515,,variant-batch live execution
datm-live-2026-07-13T09-20-52-051Z,A,entity-02-normal,normal,24,2026-07-13T09:24:43.199Z,2026-07-13T09:24:43.199Z,2026-07-13T09:24:43.199Z,0,2026-07-13T09:24:43.338Z,0xc5d307313913c8e661412de5f496c8b95fdf99df2988ac536fcef664fcf3f3fd,2026-07-13T09:24:47.592Z,success,37775,1000,6377128,0x6295cc99f57da1231acd6a517c9f626896ff839245ee769c0b6bc9d2da505891,2026-07-13T09:24:47.592Z,4254,4254,4393,91,Trusted,2026-07-13T09:24:42.232Z,0x757550be661f34715ed2915cda223e278bb558d4365de9b8df8d9dd8cc36f5e0,,variant-batch live execution
datm-live-2026-07-13T09-20-52-051Z,A,entity-03-normal,normal,24,2026-07-13T09:24:43.200Z,2026-07-13T09:24:43.200Z,2026-07-13T09:24:43.200Z,0,2026-07-13T09:24:43.331Z,0x0d0a261172cd4885f45e362297b67e64fb600eac93f2e8fb92154bd2560608e0,2026-07-13T09:24:47.592Z,success,37775,1000,6377128,0x6295cc99f57da1231acd6a517c9f626896ff839245ee769c0b6bc9d2da505891,2026-07-13T09:24:47.592Z,4261,4261,4392,92,Trusted,2026-07-13T09:24:42.232Z,0xb1c464d7ed74d5fc0550bc3055e34b7c321ede380d67cb700dc1afeab7634ff5,,variant-batch live execution
datm-live-2026-07-13T09-20-52-051Z,A,entity-04-normal,normal,24,2026-07-13T09:24:43.201Z,2026-07-13T09:24:43.201Z,2026-07-13T09:24:43.201Z,0,2026-07-13T09:24:43.338Z,0x9c6a45ab04daa2ae5b513ad99534ce9c4663fcd9e1e12d2438c0dd95a04df18a,2026-07-13T09:24:47.591Z,success,37775,1000,6377128,0x6295cc99f57da1231acd6a517c9f626896ff839245ee769c0b6bc9d2da505891,2026-07-13T09:24:47.591Z,4253,4253,4390,92,Trusted,2026-07-13T09:24:42.232Z,0x5faa759b45aa54d303bc3f12caecdd7070a00ebad2010c0793e07360d150349a,,variant-batch live execution
datm-live-2026-07-13T09-20-52-051Z,A,entity-05-suspicious,suspicious,24,2026-07-13T09:24:43.201Z,2026-07-13T09:24:43.201Z,2026-07-13T09:24:43.201Z,0,2026-07-13T09:24:43.339Z,0xd8ef4d7778341f20c9efaf63dbc47f021a7bfdde5f4461ab49f3307f27c5972f,2026-07-13T09:24:47.593Z,success,37775,1000,6377128,0x6295cc99f57da1231acd6a517c9f626896ff839245ee769c0b6bc9d2da505891,2026-07-13T09:24:47.593Z,4254,4254,4392,61,Suspicious,2026-07-13T09:24:42.232Z,0x4aa374e00122b1127de4be96c1380c23581766cfb1b05de53219ee81f57885ba,,variant-batch live execution
datm-live-2026-07-13T09-20-52-051Z,A,entity-06-suspicious,suspicious,24,2026-07-13T09:24:43.202Z,2026-07-13T09:24:43.202Z,2026-07-13T09:24:43.202Z,0,2026-07-13T09:24:43.339Z,0x97fc7f0c2132e4c9db6872589429a79a84d6752550cd7ccede6c4fc32ec5ea92,2026-07-13T09:24:47.617Z,success,37775,1000,6377128,0x6295cc99f57da1231acd6a517c9f626896ff839245ee769c0b6bc9d2da505891,2026-07-13T09:24:47.617Z,4278,4278,4415,61,Suspicious,2026-07-13T09:24:42.232Z,0x11a63f86e8886b3fcea8d473720bda4ada247fa3bc9dd81495e0f80a38b89312,,variant-batch live execution
datm-live-2026-07-13T09-20-52-051Z,A,entity-07-suspicious,suspicious,24,2026-07-13T09:24:43.202Z,2026-07-13T09:24:43.202Z,2026-07-13T09:24:43.202Z,0,2026-07-13T09:24:43.359Z,0xed7a2fb2c186a108c521a22beb86b2b5436d16f3b39bf7b92605483cb441db6f,2026-07-13T09:24:47.803Z,success,37775,1000,6377128,0x6295cc99f57da1231acd6a517c9f626896ff839245ee769c0b6bc9d2da505891,2026-07-13T09:24:47.803Z,4444,4444,4601,58,Suspicious,2026-07-13T09:24:42.232Z,0x4d9e326fa30e7925244bac068e7303dc6fac4a3699d01be5f85cd312cde80281,,variant-batch live execution
datm-live-2026-07-13T09-20-52-051Z,A,entity-08-malicious,malicious,24,2026-07-13T09:24:43.203Z,2026-07-13T09:24:43.203Z,2026-07-13T09:24:43.203Z,0,2026-07-13T09:24:43.359Z,0x3dab6343ed58c199d3cf7da60a92173447b0fb9e763b422c94d2333c65f0511a,2026-07-13T09:24:47.831Z,success,37775,1000,6377128,0x6295cc99f57da1231acd6a517c9f626896ff839245ee769c0b6bc9d2da505891,2026-07-13T09:24:47.831Z,4472,4472,4628,25,Untrusted,2026-07-13T09:24:42.232Z,0xe0256d35eb2182d392034edd1b1e39158ca2e0090cc250029f3208b4f3a6c902,,variant-batch live execution
datm-live-2026-07-13T09-20-52-051Z,A,entity-09-malicious,malicious,24,2026-07-13T09:24:43.203Z,2026-07-13T09:24:43.203Z,2026-07-13T09:24:43.203Z,0,2026-07-13T09:24:43.359Z,0x1e542bcf02bbaf12918173645a662f58f080c35c0c2feb385f3781d4e549cb0b,2026-07-13T09:24:47.807Z,success,37775,1000,6377128,0x6295cc99f57da1231acd6a517c9f626896ff839245ee769c0b6bc9d2da505891,2026-07-13T09:24:47.807Z,4448,4448,4604,27,Untrusted,2026-07-13T09:24:42.232Z,0xd4d0b3435ba841baad91ba1ef7f43c68d496146a618327bb77d21c1e3afa618d,,variant-batch live execution
datm-live-2026-07-13T09-20-52-051Z,A,entity-10-malicious,malicious,24,2026-07-13T09:24:43.203Z,2026-07-13T09:24:43.203Z,2026-07-13T09:24:43.203Z,0,2026-07-13T09:24:43.359Z,0x62191afe34a757be3e085920e716d4f53bd71e985b49609f2f7fbffd425e83bc,2026-07-13T09:24:47.806Z,success,37763,1000,6377128,0x6295cc99f57da1231acd6a517c9f626896ff839245ee769c0b6bc9d2da505891,2026-07-13T09:24:47.806Z,4447,4447,4603,26,Untrusted,2026-07-13T09:24:42.232Z,0xf2c9f3f34b53d5a6bba78a18582bca540534d23ef5cde84f08599581a6f3348a,,variant-batch live execution
datm-live-2026-07-13T09-20-52-051Z,A,entity-01-normal,normal,25,2026-07-13T09:24:52.952Z,2026-07-13T09:24:52.952Z,2026-07-13T09:24:52.952Z,0,2026-07-13T09:24:53.056Z,0xcf29ae14c78e292112820d81aa91c7e2f5f12aa1bf9e898425db6b55a58c9f86,2026-07-13T09:24:57.388Z,success,37775,1000,6377130,0x7a17656ea56d168a1343e96c1a7c646097f612b98a28e788197abd4325f91c06,2026-07-13T09:24:57.388Z,4332,4332,4436,92,Trusted,2026-07-13T09:24:52.232Z,0x4d8db7610d483df00d0af650bab393aa26959667dc2889ff98778ee59ed4503c,,variant-batch live execution
datm-live-2026-07-13T09-20-52-051Z,A,entity-02-normal,normal,25,2026-07-13T09:24:52.953Z,2026-07-13T09:24:52.953Z,2026-07-13T09:24:52.953Z,0,2026-07-13T09:24:53.056Z,0xfc64964e9e7d05a9f9623e69c3a8df1ec29294b31c410681d811c11737060414,2026-07-13T09:24:57.382Z,success,37775,1000,6377130,0x7a17656ea56d168a1343e96c1a7c646097f612b98a28e788197abd4325f91c06,2026-07-13T09:24:57.382Z,4326,4326,4429,92,Trusted,2026-07-13T09:24:52.232Z,0x01e0ffd607e58518582db1bf59b31922a23e776f646d6ea99d1fd09552706e4b,,variant-batch live execution
datm-live-2026-07-13T09-20-52-051Z,A,entity-03-normal,normal,25,2026-07-13T09:24:52.954Z,2026-07-13T09:24:52.954Z,2026-07-13T09:24:52.954Z,0,2026-07-13T09:24:53.056Z,0xd9b543f3ffa846aed3c56705a55621ee5b5bd38af41bde48ff6f09e1184bb4f5,2026-07-13T09:24:57.386Z,success,37775,1000,6377130,0x7a17656ea56d168a1343e96c1a7c646097f612b98a28e788197abd4325f91c06,2026-07-13T09:24:57.386Z,4330,4330,4432,93,Trusted,2026-07-13T09:24:52.232Z,0xe3d8de7aa1f1195b7f17178e318b727f47f9eb08563316a99db95f2a12f0344f,,variant-batch live execution
datm-live-2026-07-13T09-20-52-051Z,A,entity-04-normal,normal,25,2026-07-13T09:24:52.954Z,2026-07-13T09:24:52.954Z,2026-07-13T09:24:52.954Z,0,2026-07-13T09:24:53.056Z,0xdce1c38fc2ee597b5d32d938438411c788d12d38e7e27a48711e10616cd8cdf4,2026-07-13T09:24:57.388Z,success,37775,1000,6377130,0x7a17656ea56d168a1343e96c1a7c646097f612b98a28e788197abd4325f91c06,2026-07-13T09:24:57.388Z,4332,4332,4434,92,Trusted,2026-07-13T09:24:52.232Z,0x5537ada6b90d02fbc8b6482a4a5fe2c503725e9512266d26b202221c9cb8d1f3,,variant-batch live execution
datm-live-2026-07-13T09-20-52-051Z,A,entity-05-suspicious,suspicious,25,2026-07-13T09:24:52.955Z,2026-07-13T09:24:52.955Z,2026-07-13T09:24:52.955Z,0,2026-07-13T09:24:53.056Z,0xcd2ccf6eb659fcc4a94bb162f6db69d1d50e17352807321282522e4679fb5609,2026-07-13T09:24:57.390Z,success,37763,1000,6377130,0x7a17656ea56d168a1343e96c1a7c646097f612b98a28e788197abd4325f91c06,2026-07-13T09:24:57.390Z,4334,4334,4435,61,Suspicious,2026-07-13T09:24:52.232Z,0x1573dee7c68ab9aeba650069df5e9b37daf898bba3357b0f707eca8305bd15b3,,variant-batch live execution
datm-live-2026-07-13T09-20-52-051Z,A,entity-06-suspicious,suspicious,25,2026-07-13T09:24:52.955Z,2026-07-13T09:24:52.955Z,2026-07-13T09:24:52.955Z,0,2026-07-13T09:24:53.056Z,0x21770ee5fd5451955c5ce8d74545a8740ce50ba128882eb3648bff23d0635fee,2026-07-13T09:24:57.411Z,success,37775,1000,6377130,0x7a17656ea56d168a1343e96c1a7c646097f612b98a28e788197abd4325f91c06,2026-07-13T09:24:57.411Z,4355,4355,4456,61,Suspicious,2026-07-13T09:24:52.232Z,0x1ca11bbe6eb3b22456960dca88e421ba4420556754a0133799109b5d5540968b,,variant-batch live execution
datm-live-2026-07-13T09-20-52-051Z,A,entity-07-suspicious,suspicious,25,2026-07-13T09:24:52.956Z,2026-07-13T09:24:52.956Z,2026-07-13T09:24:52.956Z,0,2026-07-13T09:24:53.082Z,0x86ff7f78dcca0b11bc8464d13416e3acbf94a15abb2658980786efb8a3914024,2026-07-13T09:24:57.575Z,success,37775,1000,6377130,0x7a17656ea56d168a1343e96c1a7c646097f612b98a28e788197abd4325f91c06,2026-07-13T09:24:57.575Z,4493,4493,4619,61,Suspicious,2026-07-13T09:24:52.232Z,0x96aae2f4acea10a3f9a74cf0d479cf6787c9278ee3d0e553655c16536bb532f2,,variant-batch live execution
datm-live-2026-07-13T09-20-52-051Z,A,entity-08-malicious,malicious,25,2026-07-13T09:24:52.956Z,2026-07-13T09:24:52.956Z,2026-07-13T09:24:52.956Z,0,2026-07-13T09:24:53.083Z,0x7e84d1aa1fc7e184c971317a04f83024496ce8b428006c0bd30aba5453a130c9,2026-07-13T09:24:57.595Z,success,37775,1000,6377130,0x7a17656ea56d168a1343e96c1a7c646097f612b98a28e788197abd4325f91c06,2026-07-13T09:24:57.595Z,4512,4512,4639,27,Untrusted,2026-07-13T09:24:52.232Z,0xed5e4979db933b2cbc5ae77d42ab9dbb6e4a586a95d3d3ff9fbf50c5e4b93dbe,,variant-batch live execution
datm-live-2026-07-13T09-20-52-051Z,A,entity-09-malicious,malicious,25,2026-07-13T09:24:52.957Z,2026-07-13T09:24:52.957Z,2026-07-13T09:24:52.957Z,0,2026-07-13T09:24:53.083Z,0xe64f3e60642e638f8ee389465f2eee27c5aa7999c2100d9a38771e3b3a741e0f,2026-07-13T09:24:57.612Z,success,37775,1000,6377130,0x7a17656ea56d168a1343e96c1a7c646097f612b98a28e788197abd4325f91c06,2026-07-13T09:24:57.612Z,4529,4529,4655,25,Untrusted,2026-07-13T09:24:52.232Z,0x7c58cfd9611cf2053f4624080333c77d0a36aff91cddd0fd4e0fa73a40cfc7eb,,variant-batch live execution
datm-live-2026-07-13T09-20-52-051Z,A,entity-10-malicious,malicious,25,2026-07-13T09:24:52.958Z,2026-07-13T09:24:52.958Z,2026-07-13T09:24:52.958Z,0,2026-07-13T09:24:53.083Z,0x35fdc77bb5b663b434a549732b968761241c9741a0efa4f44030aac639f6c7ea,2026-07-13T09:24:57.613Z,success,37751,1000,6377130,0x7a17656ea56d168a1343e96c1a7c646097f612b98a28e788197abd4325f91c06,2026-07-13T09:24:57.613Z,4530,4530,4655,25,Untrusted,2026-07-13T09:24:52.232Z,0x013a1d06e9c5f09cb952e48a4f3bc1ee00d712b4792bdc82ebfd7e8569436195,,variant-batch live execution
datm-live-2026-07-13T09-20-52-051Z,A,entity-01-normal,normal,26,2026-07-13T09:25:02.741Z,2026-07-13T09:25:02.741Z,2026-07-13T09:25:02.741Z,0,2026-07-13T09:25:02.861Z,0x19b9068f2d4ce8f05a91fe021ff832a8abf1d091d5910fec867a1ab24d56bee0,2026-07-13T09:25:07.146Z,success,37775,1000,6377132,0x6a7403ab1db14be8444dacb55d6bebe4406cd6421fe6c86514cbbb76a2987b8c,2026-07-13T09:25:07.146Z,4285,4285,4405,92,Trusted,2026-07-13T09:25:02.232Z,0x6f2ae0aa4bf92ce78d7dbe67e380e2f95527ea739f7e4083b3b53b0ed7a7725d,,variant-batch live execution
datm-live-2026-07-13T09-20-52-051Z,A,entity-02-normal,normal,26,2026-07-13T09:25:02.742Z,2026-07-13T09:25:02.742Z,2026-07-13T09:25:02.742Z,0,2026-07-13T09:25:02.861Z,0xe6391f65349287985eb80d508c50c1406e3c21d3e1abe1dd7cdef58186c12cda,2026-07-13T09:25:07.168Z,success,37775,1000,6377132,0x6a7403ab1db14be8444dacb55d6bebe4406cd6421fe6c86514cbbb76a2987b8c,2026-07-13T09:25:07.168Z,4307,4307,4426,92,Trusted,2026-07-13T09:25:02.232Z,0x3416e7031014b7493eafb487e0ccdb05b339121fbd32e8874d8d3a600c09d05e,,variant-batch live execution
datm-live-2026-07-13T09-20-52-051Z,A,entity-03-normal,normal,26,2026-07-13T09:25:02.743Z,2026-07-13T09:25:02.743Z,2026-07-13T09:25:02.743Z,0,2026-07-13T09:25:02.861Z,0x73f1f3a385c4cc19f43ca1dfc1723cdb5bbc8dcb821394a4924b124b8637814c,2026-07-13T09:25:07.145Z,success,37775,1000,6377132,0x6a7403ab1db14be8444dacb55d6bebe4406cd6421fe6c86514cbbb76a2987b8c,2026-07-13T09:25:07.145Z,4284,4284,4402,91,Trusted,2026-07-13T09:25:02.232Z,0xbfdfe247d6b1688e5f113fb015ca7d9f0556bf0e5ba3bdffb3632d3e27533e0e,,variant-batch live execution
datm-live-2026-07-13T09-20-52-051Z,A,entity-04-normal,normal,26,2026-07-13T09:25:02.743Z,2026-07-13T09:25:02.743Z,2026-07-13T09:25:02.743Z,0,2026-07-13T09:25:02.862Z,0x866576960e460fae98b9b2813fb7d408388226a2c60ea7ef5308323137f5892f,2026-07-13T09:25:07.145Z,success,37775,1000,6377132,0x6a7403ab1db14be8444dacb55d6bebe4406cd6421fe6c86514cbbb76a2987b8c,2026-07-13T09:25:07.145Z,4283,4283,4402,92,Trusted,2026-07-13T09:25:02.232Z,0x442ae89bc332ace358d70ea35cd3ea1b2614a357672f159edf62d7fecf6e2b80,,variant-batch live execution
datm-live-2026-07-13T09-20-52-051Z,A,entity-05-suspicious,suspicious,26,2026-07-13T09:25:02.744Z,2026-07-13T09:25:02.744Z,2026-07-13T09:25:02.744Z,0,2026-07-13T09:25:02.862Z,0xf12e8a322603480e2ef123d1d021f7ce39de7cdede8e46dff6d99d7ea3b9200a,2026-07-13T09:25:07.145Z,success,37775,1000,6377132,0x6a7403ab1db14be8444dacb55d6bebe4406cd6421fe6c86514cbbb76a2987b8c,2026-07-13T09:25:07.145Z,4283,4283,4401,61,Suspicious,2026-07-13T09:25:02.232Z,0x9b2c6295699901065c6f45b85d61f51e747e6475ecd264b89470d24991c63d2d,,variant-batch live execution
datm-live-2026-07-13T09-20-52-051Z,A,entity-06-suspicious,suspicious,26,2026-07-13T09:25:02.744Z,2026-07-13T09:25:02.744Z,2026-07-13T09:25:02.744Z,0,2026-07-13T09:25:02.862Z,0x8bba068aa6d100d6663597ef9b18c2d4c99a482420a08f809e47b84e92757a41,2026-07-13T09:25:07.147Z,success,37775,1000,6377132,0x6a7403ab1db14be8444dacb55d6bebe4406cd6421fe6c86514cbbb76a2987b8c,2026-07-13T09:25:07.147Z,4285,4285,4403,60,Suspicious,2026-07-13T09:25:02.232Z,0x80378d15383b2f6883889e5281c744fcf6fb47378785a7ecb1cec28407c6c520,,variant-batch live execution
datm-live-2026-07-13T09-20-52-051Z,A,entity-07-suspicious,suspicious,26,2026-07-13T09:25:02.744Z,2026-07-13T09:25:02.744Z,2026-07-13T09:25:02.744Z,0,2026-07-13T09:25:02.906Z,0x97cb78cdbc85e8b135d442449c10d9c763ce7baddae93022f91c74ac693abbe2,2026-07-13T09:25:07.327Z,success,37775,1000,6377132,0x6a7403ab1db14be8444dacb55d6bebe4406cd6421fe6c86514cbbb76a2987b8c,2026-07-13T09:25:07.327Z,4421,4421,4583,61,Suspicious,2026-07-13T09:25:02.232Z,0xca79d1c74ffe9eb03bf0ef3b12e122c564ced93857633aa4318ffdf3c89fde45,,variant-batch live execution
datm-live-2026-07-13T09-20-52-051Z,A,entity-08-malicious,malicious,26,2026-07-13T09:25:02.745Z,2026-07-13T09:25:02.745Z,2026-07-13T09:25:02.745Z,0,2026-07-13T09:25:02.906Z,0xe5bf33809eb3c3311785724c062fe485987536801e3b562ea267f07e359f26f2,2026-07-13T09:25:07.351Z,success,37775,1000,6377132,0x6a7403ab1db14be8444dacb55d6bebe4406cd6421fe6c86514cbbb76a2987b8c,2026-07-13T09:25:07.351Z,4445,4445,4606,25,Untrusted,2026-07-13T09:25:02.232Z,0xef4a5baf109d209946fefdc6ad8cd8cc7c0cefd9739a1ecce3f2dd50d7145443,,variant-batch live execution
datm-live-2026-07-13T09-20-52-051Z,A,entity-09-malicious,malicious,26,2026-07-13T09:25:02.745Z,2026-07-13T09:25:02.745Z,2026-07-13T09:25:02.745Z,0,2026-07-13T09:25:02.906Z,0x1d3b63224cc4638bd315b7a06d30894236c01768511508eaccc4c9099575d9aa,2026-07-13T09:25:07.359Z,success,37775,1000,6377132,0x6a7403ab1db14be8444dacb55d6bebe4406cd6421fe6c86514cbbb76a2987b8c,2026-07-13T09:25:07.359Z,4453,4453,4614,24,Untrusted,2026-07-13T09:25:02.232Z,0x495037853a9df1eb63428d0959d6306b4b73e7add57e20b7bd4416ca0d965c8e,,variant-batch live execution
datm-live-2026-07-13T09-20-52-051Z,A,entity-10-malicious,malicious,26,2026-07-13T09:25:02.745Z,2026-07-13T09:25:02.745Z,2026-07-13T09:25:02.745Z,0,2026-07-13T09:25:02.906Z,0xd7d076453bf3a9b351776ec1bc67808e4624426ba4c74eb14d32db6085660fe9,2026-07-13T09:25:07.364Z,success,37763,1000,6377132,0x6a7403ab1db14be8444dacb55d6bebe4406cd6421fe6c86514cbbb76a2987b8c,2026-07-13T09:25:07.364Z,4458,4458,4619,28,Untrusted,2026-07-13T09:25:02.232Z,0x658e762f3970450a1c613ecc776f69e72908c9f87e84d90d23de19b7cb40235b,,variant-batch live execution
datm-live-2026-07-13T09-20-52-051Z,A,entity-01-normal,normal,27,2026-07-13T09:25:12.490Z,2026-07-13T09:25:12.490Z,2026-07-13T09:25:12.490Z,0,2026-07-13T09:25:12.599Z,0x168416363d287d693c29c228ea02856765f16690835c79409476ab621300eb51,2026-07-13T09:25:16.889Z,success,37775,1000,6377134,0x5e2e8ccf3255fc1f39f6ee2ef686d094e0cc35e6b9ab01ccd9c5059ced75448e,2026-07-13T09:25:16.889Z,4290,4290,4399,93,Trusted,2026-07-13T09:25:12.232Z,0x06946abf57854182363f7a21c2719304090decc21354bd362d265057165cccdb,,variant-batch live execution
datm-live-2026-07-13T09-20-52-051Z,A,entity-02-normal,normal,27,2026-07-13T09:25:12.491Z,2026-07-13T09:25:12.491Z,2026-07-13T09:25:12.491Z,0,2026-07-13T09:25:12.600Z,0x91274b3b3ba859abb0af8b6b70ab036996df3bd00b7224a2fcae654affba7020,2026-07-13T09:25:16.863Z,success,37763,1000,6377134,0x5e2e8ccf3255fc1f39f6ee2ef686d094e0cc35e6b9ab01ccd9c5059ced75448e,2026-07-13T09:25:16.863Z,4263,4263,4372,91,Trusted,2026-07-13T09:25:12.232Z,0xdf570fc54eb41900680629163f5c701b83fe86abeb19d2fbe4f31240e60997f3,,variant-batch live execution
datm-live-2026-07-13T09-20-52-051Z,A,entity-03-normal,normal,27,2026-07-13T09:25:12.491Z,2026-07-13T09:25:12.491Z,2026-07-13T09:25:12.491Z,0,2026-07-13T09:25:12.637Z,0x8d1331b5d81984cbd71162886f3f17c8b9cd1dceec9f7143927a7da8e1ddb9d6,2026-07-13T09:25:16.874Z,success,37775,1000,6377134,0x5e2e8ccf3255fc1f39f6ee2ef686d094e0cc35e6b9ab01ccd9c5059ced75448e,2026-07-13T09:25:16.874Z,4237,4237,4383,93,Trusted,2026-07-13T09:25:12.232Z,0xea91bf43dfde36806cc070afb9b6ad0825c5d8adc3b2e01e37a661ed53fddb72,,variant-batch live execution
datm-live-2026-07-13T09-20-52-051Z,A,entity-04-normal,normal,27,2026-07-13T09:25:12.491Z,2026-07-13T09:25:12.491Z,2026-07-13T09:25:12.491Z,0,2026-07-13T09:25:12.637Z,0x0c8dfffebbe67d94abebf4cce1e743d696d59ccce687f8707b47f91162fd2e16,2026-07-13T09:25:16.868Z,success,37775,1000,6377134,0x5e2e8ccf3255fc1f39f6ee2ef686d094e0cc35e6b9ab01ccd9c5059ced75448e,2026-07-13T09:25:16.868Z,4231,4231,4377,93,Trusted,2026-07-13T09:25:12.232Z,0xb28ec7b49e9a56af616337ecc3a107153fc1e491fd52aef0f2dc515c035d424e,,variant-batch live execution
datm-live-2026-07-13T09-20-52-051Z,A,entity-05-suspicious,suspicious,27,2026-07-13T09:25:12.492Z,2026-07-13T09:25:12.492Z,2026-07-13T09:25:12.492Z,0,2026-07-13T09:25:12.638Z,0x4e6d27384f67680cba9054c2a1553c2152ee09de8d00e3eb401cbd3b9aa614e1,2026-07-13T09:25:16.871Z,success,37763,1000,6377134,0x5e2e8ccf3255fc1f39f6ee2ef686d094e0cc35e6b9ab01ccd9c5059ced75448e,2026-07-13T09:25:16.871Z,4233,4233,4379,60,Suspicious,2026-07-13T09:25:12.232Z,0xbffe0316fa8419e87222f6120a9600fbab4ec9cab26b7877c7d0abb71537b470,,variant-batch live execution
datm-live-2026-07-13T09-20-52-051Z,A,entity-06-suspicious,suspicious,27,2026-07-13T09:25:12.492Z,2026-07-13T09:25:12.492Z,2026-07-13T09:25:12.492Z,0,2026-07-13T09:25:12.638Z,0x8d20139de7767bd145d678c9ac1cd25174844f6d8733fc682bceea0989ec7d14,2026-07-13T09:25:16.873Z,success,37763,1000,6377134,0x5e2e8ccf3255fc1f39f6ee2ef686d094e0cc35e6b9ab01ccd9c5059ced75448e,2026-07-13T09:25:16.873Z,4235,4235,4381,63,Suspicious,2026-07-13T09:25:12.232Z,0xd000a284fce40f74d36ec82d461307ee4bbd0f35ec820dced29996cbffe63539,,variant-batch live execution
datm-live-2026-07-13T09-20-52-051Z,A,entity-07-suspicious,suspicious,27,2026-07-13T09:25:12.492Z,2026-07-13T09:25:12.492Z,2026-07-13T09:25:12.492Z,0,2026-07-13T09:25:12.638Z,0x2d78bbb820d9f9540eca0a3529963e05811c07756cb410603e442555568ce3ac,2026-07-13T09:25:17.083Z,success,37775,1000,6377134,0x5e2e8ccf3255fc1f39f6ee2ef686d094e0cc35e6b9ab01ccd9c5059ced75448e,2026-07-13T09:25:17.083Z,4445,4445,4591,61,Suspicious,2026-07-13T09:25:12.232Z,0x0cac673a3f6422187c37ec935e1e04d533b986fdb352285a29f50d0796f89082,,variant-batch live execution
datm-live-2026-07-13T09-20-52-051Z,A,entity-08-malicious,malicious,27,2026-07-13T09:25:12.493Z,2026-07-13T09:25:12.493Z,2026-07-13T09:25:12.493Z,0,2026-07-13T09:25:12.638Z,0xb6886bb58a4254382673e550e4418403f75c6f16e5aaed6f19f7aae1204fa544,2026-07-13T09:25:17.082Z,success,37775,1000,6377134,0x5e2e8ccf3255fc1f39f6ee2ef686d094e0cc35e6b9ab01ccd9c5059ced75448e,2026-07-13T09:25:17.082Z,4444,4444,4589,24,Untrusted,2026-07-13T09:25:12.232Z,0xe443edfc4bf6825246c05b25c76b5e0b13e63373c22ff73558d9821107e8f7c4,,variant-batch live execution
datm-live-2026-07-13T09-20-52-051Z,A,entity-09-malicious,malicious,27,2026-07-13T09:25:12.493Z,2026-07-13T09:25:12.493Z,2026-07-13T09:25:12.493Z,0,2026-07-13T09:25:12.639Z,0x334be859969efea6aa0fe7d822787c46572f75af9547f6409b79687702cc6637,2026-07-13T09:25:17.108Z,success,37775,1000,6377134,0x5e2e8ccf3255fc1f39f6ee2ef686d094e0cc35e6b9ab01ccd9c5059ced75448e,2026-07-13T09:25:17.108Z,4469,4469,4615,26,Untrusted,2026-07-13T09:25:12.232Z,0x8eb2941c8059494db9b3673d93bae5fe49f4f5d2b30f80418e852660e9f8e543,,variant-batch live execution
datm-live-2026-07-13T09-20-52-051Z,A,entity-10-malicious,malicious,27,2026-07-13T09:25:12.495Z,2026-07-13T09:25:12.495Z,2026-07-13T09:25:12.495Z,0,2026-07-13T09:25:12.639Z,0x1567a653eec6dbf80bfaaf0f435f3386b4ca369eb9d8573f13a0868d65b8738c,2026-07-13T09:25:17.079Z,success,37763,1000,6377134,0x5e2e8ccf3255fc1f39f6ee2ef686d094e0cc35e6b9ab01ccd9c5059ced75448e,2026-07-13T09:25:17.079Z,4440,4440,4584,26,Untrusted,2026-07-13T09:25:12.232Z,0x3dcae5494cd78fc3b4cdb602206ac809ef6dddcd782c82a9c68338903e28f5c9,,variant-batch live execution
datm-live-2026-07-13T09-20-52-051Z,A,entity-01-normal,normal,28,2026-07-13T09:25:22.220Z,2026-07-13T09:25:22.220Z,2026-07-13T09:25:22.220Z,0,2026-07-13T09:25:22.348Z,0xd6b92697748cc082be9024ad63d72172c3dbc8e6b0ec8a461108e33f4ac14d79,2026-07-13T09:25:26.648Z,success,37775,1000,6377136,0xf9f5a841a2cd99ad9701a613504fba76c26c5a660968d39ede9ef2e09c4373e5,2026-07-13T09:25:26.648Z,4300,4300,4428,91,Trusted,2026-07-13T09:25:22.232Z,0xfc966108c45a0624bbdc5c327f1215de3476e23773880a3f8ff048efabbeab46,,variant-batch live execution
datm-live-2026-07-13T09-20-52-051Z,A,entity-02-normal,normal,28,2026-07-13T09:25:22.221Z,2026-07-13T09:25:22.221Z,2026-07-13T09:25:22.221Z,0,2026-07-13T09:25:22.348Z,0x3960212c38c8525dcf419b3ab8dbd21f707f692a65ef724fde412c0c4eaa95b8,2026-07-13T09:25:26.649Z,success,37775,1000,6377136,0xf9f5a841a2cd99ad9701a613504fba76c26c5a660968d39ede9ef2e09c4373e5,2026-07-13T09:25:26.649Z,4301,4301,4428,92,Trusted,2026-07-13T09:25:22.232Z,0xd6c9fedf06ae994c8f0dddc94b9e7b9b9301b60ffb15fd6d7e07c0ccda3411ad,,variant-batch live execution
datm-live-2026-07-13T09-20-52-051Z,A,entity-03-normal,normal,28,2026-07-13T09:25:22.221Z,2026-07-13T09:25:22.221Z,2026-07-13T09:25:22.221Z,0,2026-07-13T09:25:22.363Z,0x49d2774d46c2fea825331f36e9b6454d1cf777ad6f5983052d2b6d2e2662b56e,2026-07-13T09:25:26.644Z,success,37775,1000,6377136,0xf9f5a841a2cd99ad9701a613504fba76c26c5a660968d39ede9ef2e09c4373e5,2026-07-13T09:25:26.644Z,4281,4281,4423,92,Trusted,2026-07-13T09:25:22.232Z,0xaa133fa1078ed516f2a72da9dd7ba1ef5da4c215a5586a94605aa8586f9d2db3,,variant-batch live execution
datm-live-2026-07-13T09-20-52-051Z,A,entity-04-normal,normal,28,2026-07-13T09:25:22.221Z,2026-07-13T09:25:22.221Z,2026-07-13T09:25:22.221Z,0,2026-07-13T09:25:22.364Z,0xf502198cdbcea3d44c24a036f545454f03ab1cd136d35c4f66613e560950b417,2026-07-13T09:25:26.645Z,success,37775,1000,6377136,0xf9f5a841a2cd99ad9701a613504fba76c26c5a660968d39ede9ef2e09c4373e5,2026-07-13T09:25:26.645Z,4281,4281,4424,91,Trusted,2026-07-13T09:25:22.232Z,0x0ea423ba59dc7c4fc6aeb2cb6642faaae684cede5676ac384f608ac48657a226,,variant-batch live execution
datm-live-2026-07-13T09-20-52-051Z,A,entity-05-suspicious,suspicious,28,2026-07-13T09:25:22.222Z,2026-07-13T09:25:22.222Z,2026-07-13T09:25:22.222Z,0,2026-07-13T09:25:22.379Z,0xdbaf3f0fc47ed00ab584a61b90285383e119925573a2ece79f54729e52f6ab44,2026-07-13T09:25:26.649Z,success,37775,1000,6377136,0xf9f5a841a2cd99ad9701a613504fba76c26c5a660968d39ede9ef2e09c4373e5,2026-07-13T09:25:26.649Z,4270,4270,4427,63,Suspicious,2026-07-13T09:25:22.232Z,0xe62da7cff8a047095937101af95824a2c21df2c48c4bb6e6c5533eb8f418c01d,,variant-batch live execution
datm-live-2026-07-13T09-20-52-051Z,A,entity-06-suspicious,suspicious,28,2026-07-13T09:25:22.222Z,2026-07-13T09:25:22.222Z,2026-07-13T09:25:22.222Z,0,2026-07-13T09:25:22.380Z,0x1de64f569ddc73228659c474ffa4165dc7ea0c47bd5b8ae6e5ba50fcf6d519dc,2026-07-13T09:25:26.670Z,success,37775,1000,6377136,0xf9f5a841a2cd99ad9701a613504fba76c26c5a660968d39ede9ef2e09c4373e5,2026-07-13T09:25:26.670Z,4290,4290,4448,62,Suspicious,2026-07-13T09:25:22.232Z,0x98a0b2f2d381edd09e5c53541796fc350824923e29fc6340dd13b617a393c351,,variant-batch live execution
datm-live-2026-07-13T09-20-52-051Z,A,entity-07-suspicious,suspicious,28,2026-07-13T09:25:22.222Z,2026-07-13T09:25:22.222Z,2026-07-13T09:25:22.222Z,0,2026-07-13T09:25:22.364Z,0x8b2f025349844e2bfe5ba79bebb1ac32ebbcff29f566f3d7d0c9b1786c89e8b9,2026-07-13T09:25:26.846Z,success,37775,1000,6377136,0xf9f5a841a2cd99ad9701a613504fba76c26c5a660968d39ede9ef2e09c4373e5,2026-07-13T09:25:26.846Z,4482,4482,4624,60,Suspicious,2026-07-13T09:25:22.232Z,0x2c9a6dbcb3bc0bc5a5592bb47dcc8aaa7c493bd92a0ce4afdfd6fa6b8fade3a7,,variant-batch live execution
datm-live-2026-07-13T09-20-52-051Z,A,entity-08-malicious,malicious,28,2026-07-13T09:25:22.222Z,2026-07-13T09:25:22.222Z,2026-07-13T09:25:22.222Z,0,2026-07-13T09:25:22.364Z,0xc5a1ae42a9aa2494d8335521248562987e270f3d1d66d78ce2a1f558184b27d6,2026-07-13T09:25:26.862Z,success,37775,1000,6377136,0xf9f5a841a2cd99ad9701a613504fba76c26c5a660968d39ede9ef2e09c4373e5,2026-07-13T09:25:26.862Z,4498,4498,4640,26,Untrusted,2026-07-13T09:25:22.232Z,0xf33c3fd3d24d9de4c36ccb0795ecc3b2877bb06362ea7b07bde6ffb3bf784174,,variant-batch live execution
datm-live-2026-07-13T09-20-52-051Z,A,entity-09-malicious,malicious,28,2026-07-13T09:25:22.223Z,2026-07-13T09:25:22.223Z,2026-07-13T09:25:22.223Z,0,2026-07-13T09:25:22.364Z,0x8813a988c788a631f2ac274f0ac8cabc03213cd34aed74d4ff2f3abdcaba6bfa,2026-07-13T09:25:26.868Z,success,37775,1000,6377136,0xf9f5a841a2cd99ad9701a613504fba76c26c5a660968d39ede9ef2e09c4373e5,2026-07-13T09:25:26.868Z,4504,4504,4645,25,Untrusted,2026-07-13T09:25:22.232Z,0x74f0aaf0b4cbbc3e984bd2f0421b55cb7402f68c79119fcadcd3c9c1ef0bde7e,,variant-batch live execution
datm-live-2026-07-13T09-20-52-051Z,A,entity-10-malicious,malicious,28,2026-07-13T09:25:22.223Z,2026-07-13T09:25:22.223Z,2026-07-13T09:25:22.223Z,0,2026-07-13T09:25:22.380Z,0x13dbc3a1eb5a8cf3bb64cd7646128e5d8a496302549a120c22e8433e264f4f19,2026-07-13T09:25:26.885Z,success,37763,1000,6377136,0xf9f5a841a2cd99ad9701a613504fba76c26c5a660968d39ede9ef2e09c4373e5,2026-07-13T09:25:26.885Z,4505,4505,4662,24,Untrusted,2026-07-13T09:25:22.232Z,0x3f38a4a15ff2e56c40c3660792223bf23b1d25efee6b30c1556847ad6cd242bb,,variant-batch live execution
datm-live-2026-07-13T09-20-52-051Z,A,entity-01-normal,normal,29,2026-07-13T09:25:32.023Z,2026-07-13T09:25:32.023Z,2026-07-13T09:25:32.023Z,0,2026-07-13T09:25:32.149Z,0x8dfb7efd5a5bdf09a939a8ce0c385a69eff12bf218396d05fef1fe37e819eeff,2026-07-13T09:25:36.434Z,success,37775,1000,6377138,0x0b90764a6f71b3418412881a4b90d5995dabf512708f3ee68f6cc171a922effb,2026-07-13T09:25:36.434Z,4285,4285,4411,93,Trusted,2026-07-13T09:25:32.232Z,0xdbf502e65b251a881abb1730066ad01bbd371932f0ae337be561a7424a0e1c4c,,variant-batch live execution
datm-live-2026-07-13T09-20-52-051Z,A,entity-02-normal,normal,29,2026-07-13T09:25:32.024Z,2026-07-13T09:25:32.024Z,2026-07-13T09:25:32.024Z,0,2026-07-13T09:25:32.148Z,0xd75aff7c7de0ed4a1035afe5aa4f8bc20bd67c8ddec08f4b4e1f4f17cb12c39c,2026-07-13T09:25:36.431Z,success,37775,1000,6377138,0x0b90764a6f71b3418412881a4b90d5995dabf512708f3ee68f6cc171a922effb,2026-07-13T09:25:36.431Z,4283,4283,4407,92,Trusted,2026-07-13T09:25:32.232Z,0xa7aa7414adc037211bdb1b4611ef607f3791622b347240564da5c1832f19b992,,variant-batch live execution
datm-live-2026-07-13T09-20-52-051Z,A,entity-03-normal,normal,29,2026-07-13T09:25:32.024Z,2026-07-13T09:25:32.024Z,2026-07-13T09:25:32.024Z,0,2026-07-13T09:25:32.149Z,0x470a01e41a18f51cfb5953fc42010378da5d5cb2c8a53dab7f8fc9e24e5662d5,2026-07-13T09:25:36.436Z,success,37775,1000,6377138,0x0b90764a6f71b3418412881a4b90d5995dabf512708f3ee68f6cc171a922effb,2026-07-13T09:25:36.436Z,4287,4287,4412,92,Trusted,2026-07-13T09:25:32.232Z,0x0f9125cc3434bdb85219e3e8897b972146c25d1a5812500c2543791a520e3e2d,,variant-batch live execution
datm-live-2026-07-13T09-20-52-051Z,A,entity-04-normal,normal,29,2026-07-13T09:25:32.025Z,2026-07-13T09:25:32.025Z,2026-07-13T09:25:32.025Z,0,2026-07-13T09:25:32.149Z,0xe1fbe62ba903e52a88fef3e906dd54cb6ad1b47645895bd420d732ed79bfee8a,2026-07-13T09:25:36.417Z,success,37775,1000,6377138,0x0b90764a6f71b3418412881a4b90d5995dabf512708f3ee68f6cc171a922effb,2026-07-13T09:25:36.417Z,4268,4268,4392,93,Trusted,2026-07-13T09:25:32.232Z,0xb67377a8a86cb414898024f78711940aceb7575bd1e6c04230815ee1327aa9c1,,variant-batch live execution
datm-live-2026-07-13T09-20-52-051Z,A,entity-05-suspicious,suspicious,29,2026-07-13T09:25:32.025Z,2026-07-13T09:25:32.025Z,2026-07-13T09:25:32.025Z,0,2026-07-13T09:25:32.149Z,0x947d200f6fd9e3e7905fad8fc298f4a151edcb7088a4b4545c4815c0f8655748,2026-07-13T09:25:36.436Z,success,37775,1000,6377138,0x0b90764a6f71b3418412881a4b90d5995dabf512708f3ee68f6cc171a922effb,2026-07-13T09:25:36.436Z,4287,4287,4411,62,Suspicious,2026-07-13T09:25:32.232Z,0x89bb531ac081a28e3fa3cec3785a45c3c03d8cd47cb78a41bbdfac9a9f055201,,variant-batch live execution
datm-live-2026-07-13T09-20-52-051Z,A,entity-06-suspicious,suspicious,29,2026-07-13T09:25:32.025Z,2026-07-13T09:25:32.025Z,2026-07-13T09:25:32.025Z,0,2026-07-13T09:25:32.149Z,0x0cd793a06ae45ec7c0a3a2329845ea78127c3a53c8ad6526624da80f4e28828d,2026-07-13T09:25:36.456Z,success,37763,1000,6377138,0x0b90764a6f71b3418412881a4b90d5995dabf512708f3ee68f6cc171a922effb,2026-07-13T09:25:36.456Z,4307,4307,4431,58,Suspicious,2026-07-13T09:25:32.232Z,0x690adb07f4c4fffa74007b58e4b7204b2369685cecccdbf696cd38edbec85dd8,,variant-batch live execution
datm-live-2026-07-13T09-20-52-051Z,A,entity-07-suspicious,suspicious,29,2026-07-13T09:25:32.026Z,2026-07-13T09:25:32.026Z,2026-07-13T09:25:32.026Z,0,2026-07-13T09:25:32.178Z,0x52c336a7b8a067dbbeca0c1d47de10d50e854697995f7c6d52bf3ffefed552e3,2026-07-13T09:25:36.630Z,success,37775,1000,6377138,0x0b90764a6f71b3418412881a4b90d5995dabf512708f3ee68f6cc171a922effb,2026-07-13T09:25:36.630Z,4452,4452,4604,63,Suspicious,2026-07-13T09:25:32.232Z,0xfab5ae5ed8039d36db97d25b98c0303008b7970b387b588e552c8482b15205e4,,variant-batch live execution
datm-live-2026-07-13T09-20-52-051Z,A,entity-08-malicious,malicious,29,2026-07-13T09:25:32.026Z,2026-07-13T09:25:32.026Z,2026-07-13T09:25:32.026Z,0,2026-07-13T09:25:32.179Z,0x1600e63dad73a383e7dc9a44edf54522b6a62cb9bb73c8b6309c6e14666b49de,2026-07-13T09:25:36.643Z,success,37775,1000,6377138,0x0b90764a6f71b3418412881a4b90d5995dabf512708f3ee68f6cc171a922effb,2026-07-13T09:25:36.643Z,4464,4464,4617,25,Untrusted,2026-07-13T09:25:32.232Z,0x9e44ee6d3124f67e800501bf51e334d79b0ad589e034a85b6ba9fca7843d8dc5,,variant-batch live execution
datm-live-2026-07-13T09-20-52-051Z,A,entity-09-malicious,malicious,29,2026-07-13T09:25:32.028Z,2026-07-13T09:25:32.028Z,2026-07-13T09:25:32.028Z,0,2026-07-13T09:25:32.179Z,0x6249ed8b5b14aaca2deb440bd7b098b0c68725f434a7c26d149e000ce2d6fc1e,2026-07-13T09:25:36.656Z,success,37775,1000,6377138,0x0b90764a6f71b3418412881a4b90d5995dabf512708f3ee68f6cc171a922effb,2026-07-13T09:25:36.656Z,4477,4477,4628,24,Untrusted,2026-07-13T09:25:32.232Z,0xa2a4203d61acba2e70c42c53d0d72581b84c3d09148a9a8d5bb35fa21c0a7c06,,variant-batch live execution
datm-live-2026-07-13T09-20-52-051Z,A,entity-10-malicious,malicious,29,2026-07-13T09:25:32.028Z,2026-07-13T09:25:32.028Z,2026-07-13T09:25:32.028Z,0,2026-07-13T09:25:32.179Z,0xe38682e242a55308288c13417062144dbc4b62a564119aa99f84a8a7f7b1c3bc,2026-07-13T09:25:36.669Z,success,37751,1000,6377138,0x0b90764a6f71b3418412881a4b90d5995dabf512708f3ee68f6cc171a922effb,2026-07-13T09:25:36.669Z,4490,4490,4641,26,Untrusted,2026-07-13T09:25:32.232Z,0xd0c4cb1661c6049c73fca8195ce96fb000c492c863dc9781d3d7cfbbbdd03593,,variant-batch live execution
datm-live-2026-07-13T09-20-52-051Z,A,entity-01-normal,normal,30,2026-07-13T09:25:41.795Z,2026-07-13T09:25:41.795Z,2026-07-13T09:25:41.795Z,0,2026-07-13T09:25:41.969Z,0xd2fb38bdcf954e82b7cd76b646e4caf1454c8686abccf1492fb835e5271d64e8,2026-07-13T09:25:46.186Z,success,37775,1000,6377140,0x6d709eccbce443caf8d717f0995abc0bff0d44a0c0a07e51f46175c4f0b361e8,2026-07-13T09:25:46.186Z,4217,4217,4391,92,Trusted,2026-07-13T09:25:42.232Z,0x2331bf4d8f7ed35c6be5ef8c716e4106f1a7588f12c5f0f2a6f8d1c45a785294,,variant-batch live execution
datm-live-2026-07-13T09-20-52-051Z,A,entity-02-normal,normal,30,2026-07-13T09:25:41.795Z,2026-07-13T09:25:41.795Z,2026-07-13T09:25:41.795Z,0,2026-07-13T09:25:41.969Z,0x2347996525d8977e9967bd3fb8c7fb6a1e0dc266f2944f943d71ea56e2e0f9de,2026-07-13T09:25:46.201Z,success,37775,1000,6377140,0x6d709eccbce443caf8d717f0995abc0bff0d44a0c0a07e51f46175c4f0b361e8,2026-07-13T09:25:46.201Z,4232,4232,4406,91,Trusted,2026-07-13T09:25:42.232Z,0xeed55865a8775a9025907c7e5455f113c1fe3a49ef71362cf7cbb790afb38d15,,variant-batch live execution
datm-live-2026-07-13T09-20-52-051Z,A,entity-03-normal,normal,30,2026-07-13T09:25:41.796Z,2026-07-13T09:25:41.796Z,2026-07-13T09:25:41.796Z,0,2026-07-13T09:25:41.969Z,0x82f305dd54a550650a1caa8ddfe5fef9d5d1a70ed64d57b7500f9f2b2223162b,2026-07-13T09:25:46.185Z,success,37763,1000,6377140,0x6d709eccbce443caf8d717f0995abc0bff0d44a0c0a07e51f46175c4f0b361e8,2026-07-13T09:25:46.185Z,4216,4216,4389,92,Trusted,2026-07-13T09:25:42.232Z,0x27a36bc7b2a5b0a4d139056ad7bf483c5e7664e664f400f644e4025f4b1e6002,,variant-batch live execution
datm-live-2026-07-13T09-20-52-051Z,A,entity-04-normal,normal,30,2026-07-13T09:25:41.796Z,2026-07-13T09:25:41.796Z,2026-07-13T09:25:41.796Z,0,2026-07-13T09:25:41.932Z,0xedfde9845ec5883d71980c108a53c4e30bee51a545c838c80b79e8a40f44d8c6,2026-07-13T09:25:46.202Z,success,37775,1000,6377140,0x6d709eccbce443caf8d717f0995abc0bff0d44a0c0a07e51f46175c4f0b361e8,2026-07-13T09:25:46.202Z,4270,4270,4406,92,Trusted,2026-07-13T09:25:42.232Z,0xd7de401d10a9ba194b7ef52d17aa39d00a5ba34b57c7caaa0b8045f09ca9f837,,variant-batch live execution
datm-live-2026-07-13T09-20-52-051Z,A,entity-05-suspicious,suspicious,30,2026-07-13T09:25:41.796Z,2026-07-13T09:25:41.796Z,2026-07-13T09:25:41.796Z,0,2026-07-13T09:25:41.932Z,0x2238747e91cf74a9065168fa7a2e4568b9cc68f2348a7a1686b2024cc600ff5e,2026-07-13T09:25:46.216Z,success,37775,1000,6377140,0x6d709eccbce443caf8d717f0995abc0bff0d44a0c0a07e51f46175c4f0b361e8,2026-07-13T09:25:46.216Z,4284,4284,4420,58,Suspicious,2026-07-13T09:25:42.232Z,0x1d2238f767c4a8fd727dae4bca050940aeb725c3f8b61d662093d853d6651754,,variant-batch live execution
datm-live-2026-07-13T09-20-52-051Z,A,entity-06-suspicious,suspicious,30,2026-07-13T09:25:41.797Z,2026-07-13T09:25:41.797Z,2026-07-13T09:25:41.797Z,0,2026-07-13T09:25:41.932Z,0x831d4cc9c6d5047d9055a4e542729b47f68e87cc8a5c5bfd98b7f024f2c573dc,2026-07-13T09:25:46.200Z,success,37775,1000,6377140,0x6d709eccbce443caf8d717f0995abc0bff0d44a0c0a07e51f46175c4f0b361e8,2026-07-13T09:25:46.200Z,4268,4268,4403,60,Suspicious,2026-07-13T09:25:42.232Z,0xbd4f74b03a63c84c0c9497d9e5fbbafe81e7f0f2473fb5dc337bee89192e05c7,,variant-batch live execution
datm-live-2026-07-13T09-20-52-051Z,A,entity-07-suspicious,suspicious,30,2026-07-13T09:25:41.797Z,2026-07-13T09:25:41.797Z,2026-07-13T09:25:41.797Z,0,2026-07-13T09:25:41.932Z,0x938d67352e99fdf7c5d50914fa2902524783c35ac0b941051b429c7b4f608589,2026-07-13T09:25:46.393Z,success,37775,1000,6377140,0x6d709eccbce443caf8d717f0995abc0bff0d44a0c0a07e51f46175c4f0b361e8,2026-07-13T09:25:46.393Z,4461,4461,4596,62,Suspicious,2026-07-13T09:25:42.232Z,0x1c0e7b5552a4c393c17f80c28be195beace970fdbeb77df2687e7cc2f3205db7,,variant-batch live execution
datm-live-2026-07-13T09-20-52-051Z,A,entity-08-malicious,malicious,30,2026-07-13T09:25:41.797Z,2026-07-13T09:25:41.797Z,2026-07-13T09:25:41.797Z,0,2026-07-13T09:25:41.932Z,0x3790e23dd14b8fdf9eaef883e977923c87eb5dcaf1ba8023556bb4556fa73db6,2026-07-13T09:25:46.373Z,success,37775,1000,6377140,0x6d709eccbce443caf8d717f0995abc0bff0d44a0c0a07e51f46175c4f0b361e8,2026-07-13T09:25:46.373Z,4441,4441,4576,24,Untrusted,2026-07-13T09:25:42.232Z,0xb818dfaf65bde1904a4c34f07db6f0735e1990cd1ffb99cfe90cba8be6b9cc1a,,variant-batch live execution
datm-live-2026-07-13T09-20-52-051Z,A,entity-09-malicious,malicious,30,2026-07-13T09:25:41.798Z,2026-07-13T09:25:41.798Z,2026-07-13T09:25:41.798Z,0,2026-07-13T09:25:41.933Z,0xd1e7cd59b155c10a4a9ae8d4140b08862b62265c9955661162f44a7e9205c88d,2026-07-13T09:25:46.409Z,success,37775,1000,6377140,0x6d709eccbce443caf8d717f0995abc0bff0d44a0c0a07e51f46175c4f0b361e8,2026-07-13T09:25:46.409Z,4476,4476,4611,25,Untrusted,2026-07-13T09:25:42.232Z,0x0b6117ecad66220ebdf744c7ee1ccfa72eb85d96148e1352cc10fe0d89626de1,,variant-batch live execution
datm-live-2026-07-13T09-20-52-051Z,A,entity-10-malicious,malicious,30,2026-07-13T09:25:41.798Z,2026-07-13T09:25:41.798Z,2026-07-13T09:25:41.798Z,0,2026-07-13T09:25:41.969Z,0xf0fd88d001b7b13f6bc0ed07652cde7d411fbdb772995851d90b5d8489a78ec0,2026-07-13T09:25:46.403Z,success,37763,1000,6377140,0x6d709eccbce443caf8d717f0995abc0bff0d44a0c0a07e51f46175c4f0b361e8,2026-07-13T09:25:46.403Z,4434,4434,4605,26,Untrusted,2026-07-13T09:25:42.232Z,0xb2ecd3875127d5ee4cb34f29cc837e5c1527999fb1084e9ad29152a778084c09,,variant-batch live execution
